<COLLADA xmlns="http://www.collada.org/2005/11/COLLADASchema" version="1.4.1">
  <asset>
    <created>2026-10-05T22:47:04.795121</created>
    <modified>2026-10-05T22:47:04.795121</modified>
    <up_axis>Y_UP</up_axis>
  </asset>
  <library_effects>
    <effect id="cf3de888bc1f4966a1409080ca6997e7" name="cf3de888bc1f4966a1409080ca6997e7">
      <profile_COMMON>
        <technique sid="common">
          <phong>
            <emission>
              <color>0.0 0.0 0.0 1.0</color>
            </emission>
            <ambient>
              <color>0.0 0.0 0.0 1.0</color>
            </ambient>
            <diffuse>
              <color>0.9490196078431372 0.9490196078431372 0.9490196078431372 1.0</color>
            </diffuse>
            <specular>
              <color>0.0 0.0 0.0 1.0</color>
            </specular>
            <shininess>
              <float>0.0</float>
            </shininess>
            <reflective>
              <color>0.0 0.0 0.0 1.0</color>
            </reflective>
            <reflectivity>
              <float>0.0</float>
            </reflectivity>
            <transparent>
              <color>0.0 0.0 0.0 1.0</color>
            </transparent>
            <transparency>
              <float>1.0</float>
            </transparency>
          </phong>
        </technique>
        <extra>
          <technique profile="GOOGLEEARTH">
            <double_sided>0</double_sided>
          </technique>
        </extra>
      </profile_COMMON>
    </effect>
  </library_effects>
  <library_geometries>
    <geometry id="6fd4df6004c94f09b5332bd8a5991ba0" name="dc6414d1e4414eeca966ac102cf63720">
      <mesh>
        <source id="verts-array">
          <float_array count="9651" id="verts-array-array">-0.009999039 0.009419216 -0.02501441 -0.009999039 0.009419216 -0.02060191 -0.009549039 0.009419216 -0.02510191 0.01000096 0.009419216 -0.02060191 0.009550961 0.009419216 -0.02510191 0.01000096 0.009419216 -0.02501441 -0.009999039 0.01121922 -0.02510191 -0.009999039 0.01221922 -0.02510191 -0.009999039 0.01121922 -0.02501441 -0.009999039 0.01221922 -0.02060191 -0.009999039 0.009419216 -0.02501441 -0.009999039 0.009419216 -0.02060191 -0.009999039 0.009419216 0.006848086 -0.003137109 0.009419216 0.006848086 -0.003499039 0.009419216 0.005298086 -0.009999039 0.009419216 -0.000601914 -0.002473909 0.009419216 0.002823186 9.606661e-07 0.009419216 0.001798086 0.01000096 0.009419216 -0.000601914 0.002475831 0.009419216 0.002823186 0.01000096 0.009419216 0.006848086 0.003500961 0.009419216 0.005298086 0.003139031 0.009419216 0.006848086 -0.009999039 0.01221922 0.006848086 -0.009999039 0.009419216 0.006848086 -0.009999039 0.01221922 -0.000601914 -0.009999039 0.009419216 -0.000601914 -0.01029194 0.01292632 0.006848086 -0.01099904 0.01321922 0.006848086 -0.003799039 0.01321922 0.006848086 -0.003137109 0.01051922 0.006848086 -0.003137109 0.009419216 0.006848086 -0.003799039 0.01051922 0.006848086 -0.009999039 0.009419216 0.006848086 -0.009999039 0.01221922 0.006848086 0.01000096 0.01221922 -0.02510191 0.01000096 0.01121922 -0.02510191 0.01000096 0.01121922 -0.02501441 0.01000096 0.009419216 -0.02501441 0.01000096 0.009419216 -0.02060191 0.01000096 0.01221922 -0.02060191 0.01000096 0.01221922 -0.000601914 0.01000096 0.009419216 -0.000601914 0.01000096 0.01221922 0.006848086 0.01000096 0.009419216 0.006848086 0.003139031 0.009419216 0.006848086 0.003139031 0.01051922 0.006848086 0.003800961 0.01051922 0.006848086 0.01100096 0.01321922 0.006848086 0.01029386 0.01292632 0.006848086 0.003800961 0.01321922 0.006848086 0.01000096 0.01221922 0.006848086 0.01000096 0.009419216 0.006848086 0.01280096 0.01339192 -0.03012111 0.01280096 0.01321922 -0.03029861 0.01280096 0.01351212 0.01579098 0.01280096 0.01321922 0.01649809 0.01280096 0.04721922 0.01549809 0.01280096 0.04721922 -0.01660191 0.01280096 0.04631922 -0.01660191 0.01280096 0.01421922 0.01549809 0.01280096 0.04490522 -0.01718771 0.01280096 0.04431922 -0.01860191 0.01280096 0.01401692 -0.02990191 0.01280096 0.04431922 -0.02890191 0.01280096 0.04458722 -0.02990191 -0.01299904 0.007219216 -0.03030191 -0.01299904 0.01321922 -0.03030191 -0.01274354 0.007219216 -0.03030191 0.01300096 0.01321922 -0.03030191 0.01274546 0.007219216 -0.03030191 0.01300096 0.007219216 -0.03030191 0.01900096 0.01221922 0.01779809 0.01900096 0.007219216 0.01779809 0.01900096 0.01221922 0.01649809 0.01900096 0.007219216 0.01703559 0.01900096 0.01244532 0.01557438 0.01900096 0.007219216 0.01027309 0.01900096 0.01307242 0.01485952 0.01900096 0.007219216 -0.01001441 0.01900096 0.01307242 -0.02430191 0.01900096 0.007219216 -0.003251914 0.01900096 0.007219216 0.003510586 0.01900096 0.007219216 -0.01677691 0.01900096 0.007219216 -0.02353941 0.01900096 0.007219216 -0.02430191 -0.01299904 0.007219216 0.02379809 -0.009499039 0.007219216 0.02379809 -0.01299904 0.01221922 0.02379809 9.60666e-07 0.007219216 0.02379809 0.01300096 0.01221922 0.02379809 0.009500961 0.007219216 0.02379809 0.01300096 0.007219216 0.02379809 0.01800096 0.01321922 0.01779809 0.01800096 0.01321922 0.01649809 0.01280096 0.01321922 0.01649809 0.01783056 0.01321922 0.01909219 -0.01279904 0.01321922 0.01649809 -0.002898789 0.01321922 0.02279809 -0.003456559 0.01321922 0.02215383 0.01300096 0.01321922 0.02279809 0.01429506 0.01321922 0.02262772 0.01550096 0.01321922 0.02212821 -0.003799039 0.01321922 0.006848086 -0.01099904 0.01321922 0.006848086 -0.003799039 0.01321922 0.02116604 -0.003769729 0.01321922 0.02145017 0.003702311 0.01321922 0.02169176 0.003614721 0.01321922 0.02189162 -0.01653454 0.01321922 0.02133362 -0.01549904 0.01321922 0.02212821 0.01653646 0.01321922 0.02133362 0.01733106 0.01321922 0.02029809 0.01100096 0.01321922 0.006848086 0.003800961 0.01321922 0.006848086 0.003800961 0.01321922 0.02116604 0.003230961 0.01321922 0.02244666 0.002900711 0.01321922 0.02279809 -0.01799904 0.01321922 0.01647076 -0.01799904 0.01321922 0.01779809 -0.01765504 0.01321922 0.01649809 -0.01782864 0.01321922 0.01909219 -0.01732914 0.01321922 0.02029809 -0.01429314 0.01321922 0.02262772 -0.01299904 0.01321922 0.02279809 -0.01199904 0.01321922 -0.01886991 -0.01279904 0.01321922 -0.03029861 -0.01199904 0.01321922 -0.002334014 -0.01173114 0.01321922 -0.001334014 -0.01099904 0.01321922 -0.000601914 -0.01173114 0.01321922 -0.01986981 -0.01099904 0.01321922 -0.02060191 -0.01099904 0.01321922 -0.02510191 -0.01024904 0.01321922 -0.02630191 -0.01109754 0.01321922 -0.02665341 -0.01144904 0.01321922 -0.02750191 -0.01109754 0.01321922 -0.02835041 0.01300096 0.01321922 -0.03030191 -0.01299904 0.01321922 -0.03030191 0.01280096 0.01321922 -0.03029861 -0.01024904 0.01321922 -0.02870191 -0.009400509 0.01321922 -0.02835041 -0.009049039 0.01321922 -0.02750191 -0.009400509 0.01321922 -0.02665341 0.009402431 0.01321922 -0.02665341 0.009050961 0.01321922 -0.02750191 0.009402431 0.01321922 -0.02835041 0.01025096 0.01321922 -0.02870191 0.01109946 0.01321922 -0.02835041 0.01145096 0.01321922 -0.02750191 0.01100096 0.01321922 -0.02510191 0.01100096 0.01321922 -0.02060191 0.01173306 0.01321922 -0.01986981 0.01025096 0.01321922 -0.02630191 0.01109946 0.01321922 -0.02665341 0.01200096 0.01321922 -0.01886991 0.01100096 0.01321922 -0.000601914 0.01173306 0.01321922 -0.001334014 0.01200096 0.01321922 -0.002334014 -0.01899904 0.01309732 0.01429242 -0.01899904 0.01307242 0.01426814 -0.01899904 0.01313272 0.01466833 -0.01899904 0.01307242 -0.02430191 -0.01899904 0.007219216 -0.02430191 -0.01899904 0.007219216 -0.02353941 -0.01899904 0.007219216 0.01779809 -0.01899904 0.01221922 0.01779809 -0.01899904 0.007219216 0.01703559 -0.01899904 0.01221922 0.01647076 -0.01899904 0.01234112 0.01577018 -0.01899904 0.01268312 0.01514828 -0.01899904 0.007219216 -0.01677691 -0.01899904 0.007219216 -0.01001441 -0.01899904 0.007219216 -0.003251914 -0.01899904 0.007219216 0.003510586 -0.01899904 0.007219216 0.01027309 -0.01899904 0.01322892 0.0145459 -0.01899904 0.01323952 0.01450987 -0.01899904 0.01323682 0.01447206 -0.01899904 0.01319802 0.01459507 -0.01899904 0.01321642 0.01442741 -0.01279904 0.04631922 -0.01660191 -0.01279904 0.04721922 -0.01660191 -0.01279904 0.04721922 0.01549809 -0.01279904 0.04431922 -0.01860191 -0.01279904 0.04490522 -0.01718771 -0.01279904 0.01351212 0.01579098 -0.01279904 0.01421922 0.01549809 -0.01279904 0.01321922 0.01649809 -0.01279904 0.01321922 -0.03029861 -0.01279904 0.01377102 -0.02993261 -0.01279904 0.01401692 -0.02990191 -0.01279904 0.04431922 -0.02890191 -0.01279904 0.04458722 -0.02990191 -0.01099904 0.002723716 -0.02382771 -0.01121794 0.001938716 -0.02387921 -0.01156204 0.001669716 -0.02398931 -0.01168024 0.007219216 -0.02403571 -0.01070984 0.004873216 -0.02378031 -0.01099904 0.003419216 -0.02382771 -0.007199039 0.007219216 -0.02532021 -0.008105319 0.007109516 -0.02442511 -0.009179489 0.007219216 -0.02390771 -0.009179489 0.006662316 -0.02390771 -0.009886049 0.006106216 -0.02376951 -0.01274354 0.007219216 -0.03030191 -0.01393684 0.007219216 -0.02818211 -0.01360284 0.006208616 -0.02917961 -0.01397864 0.005073916 -0.02789281 -0.01384054 0.003783116 -0.02642331 -0.01354284 0.007219216 -0.02570931 -0.01378534 0.003633216 -0.02625401 -0.01206284 0.001740316 -0.02421971 -0.01212934 0.001778916 -0.02425741 -0.01311984 0.002580716 -0.02508931 -0.01354764 0.003154616 -0.02571821 0.002475831 0.007219216 0.002823186 9.606661e-07 0.007219216 0.001798086 0.01510706 0.007219216 0.001825786 0.003500961 0.007219216 0.005298086 0.01200096 0.007219216 -0.002601914 0.01256896 0.007219216 -0.003773514 0.01200096 0.007219216 -0.004512614 0.002475831 0.007219216 0.007772986 0.003074821 0.007219216 0.02049024 9.606661e-07 0.007219216 0.008798086 -0.003072899 0.007219216 0.02049024 -0.002473909 0.007219216 0.007772986 0.01526866 0.007219216 0.007971386 0.01302856 0.007219216 0.01369645 0.008738971 0.007219216 0.01810032 -0.002473909 0.007219216 0.002823186 -0.009999039 0.007219216 -0.000601914 0.01000096 0.007219216 -0.000601914 0.01141516 0.007219216 -0.001187714 -0.008737049 0.007219216 0.01810032 -0.01302664 0.007219216 0.01369645 -0.003499039 0.007219216 0.005298086 -0.01141324 0.007219216 -0.001187714 -0.01510514 0.007219216 0.001825786 -0.01199904 0.007219216 -0.002601914 -0.01256704 0.007219216 -0.003773514 -0.01199904 0.007219216 -0.004512614 -0.01526674 0.007219216 0.007971386 -0.008481269 0.007219216 -0.02573411 -0.007749039 0.007219216 -0.02750191 -0.007199039 0.007219216 -0.02532021 0.008483191 0.007219216 -0.02926971 -0.01274354 0.007219216 -0.03030191 0.01025096 0.007219216 -0.03000191 0.01274546 0.007219216 -0.03030191 0.01201876 0.007219216 -0.02926971 -0.01024904 0.007219216 -0.02500191 0.01025096 0.007219216 -0.02500191 0.009181411 0.007219216 -0.02390771 0.008483191 0.007219216 -0.02573411 0.007200961 0.007219216 -0.02532021 0.007750961 0.007219216 -0.02750191 0.007200961 0.007219216 -0.02060191 -0.007199039 0.007219216 -0.02060191 0.01275096 0.007219216 -0.02750191 0.01393876 0.007219216 -0.02818211 0.01201876 0.007219216 -0.02573411 0.01354476 0.007219216 -0.02570931 0.01168216 0.007219216 -0.02403571 -0.008481269 0.007219216 -0.02926971 -0.01024904 0.007219216 -0.03000191 -0.01201684 0.007219216 -0.02926971 -0.01393684 0.007219216 -0.02818211 -0.01274904 0.007219216 -0.02750191 -0.01354284 0.007219216 -0.02570931 -0.01201684 0.007219216 -0.02573411 -0.01168024 0.007219216 -0.02403571 -0.009179489 0.007219216 -0.02390771 0.008108391 0.007109316 -0.02442431 0.007200961 0.007219216 -0.02532021 0.009181411 0.007219216 -0.02390771 0.01161266 0.001656616 -0.02400791 0.01127026 0.001873516 -0.02389311 0.01206476 0.001740316 -0.02421971 0.01100096 0.002723716 -0.02382771 0.01100096 0.003419216 -0.02382771 0.01071136 0.004874216 -0.02378031 0.01168216 0.007219216 -0.02403571 0.009887971 0.006106216 -0.02376951 0.009181411 0.006662316 -0.02390771 0.01354476 0.007219216 -0.02570931 0.01375306 0.003550716 -0.02616111 0.01308306 0.002538616 -0.02504391 0.01393876 0.007219216 -0.02818211 0.01274546 0.007219216 -0.03030191 0.01355696 0.006290716 -0.02927181 0.01366336 0.006099616 -0.02905691 0.01399226 0.004954716 -0.02775671 0.01383476 0.003760616 -0.02639781 -0.009412959 -0.009880784 0.02122379 -0.005704509 -0.009880784 0.02289631 -0.006653139 -0.005605784 0.02312176 0.009792351 -0.005605784 0.02232134 0.009414831 -0.009880784 0.02122382 0.01063536 -0.009880784 0.02043815 -0.009790429 -0.005605784 0.02232134 -0.01272414 -0.005605784 0.02127709 -0.01268564 -0.005684484 0.02126163 -0.008550409 0.002944216 0.02357265 -0.01563944 0.003504016 0.02318586 -0.01127664 -0.001330784 0.02281359 -0.01638824 0.001883116 0.02274918 -0.01479014 -0.001383284 0.02210712 -0.01325624 0.007164416 0.02379257 -0.01356134 0.006970216 0.02377168 -0.01423454 0.006154816 0.0236695 0.01639016 0.001883116 0.02274918 0.01392906 0.006583416 0.02372588 0.01321766 0.007180016 0.02379418 0.01300096 0.007219216 0.02379809 0.008552331 0.002944216 0.02357265 0.007603691 -0.001330784 0.0233472 9.606661e-07 -0.001330784 0.02379809 0.005706431 -0.009880784 0.02289631 0.006655061 -0.005605784 0.02312176 0.003275721 -0.009880784 0.02350594 9.606661e-07 -0.005605784 0.02379809 9.606661e-07 -0.009880784 0.02379809 0.01127856 -0.001330784 0.02281359 -0.003273849 -0.009880784 0.02350593 -0.009499039 0.007219216 0.02379809 -0.01299904 0.007219216 0.02379809 0.009500961 0.007219216 0.02379809 -0.007601769 -0.001330784 0.0233472 0.01268756 -0.005684484 0.02126163 -0.01063344 -0.009880784 0.02043816 -0.01828474 0.002918016 0.01128689 -0.01899904 0.007219216 0.01027309 -0.01899904 0.007219216 0.003510586 -0.01560684 0.0002860164 -0.02200591 -0.01479014 -0.001383284 -0.02000851 -0.01629314 -0.001383284 -0.01532981 -0.01752984 -0.009880784 0.01120749 -0.01615934 -0.009880784 0.01430339 -0.01685614 -0.005684484 0.01331436 -0.01868414 0.006438716 -0.02622031 -0.01793844 0.005051516 -0.02770811 -0.01689454 0.002918016 -0.02515521 -0.01893934 0.007052716 -0.02514651 -0.01638824 0.001883116 0.02274918 -0.01754644 0.003956616 0.02171229 -0.01764614 0.002918016 0.01723202 -0.01818034 0.005247016 0.0208237 -0.01862084 0.006243816 0.01989454 -0.01595784 -0.005684484 0.01555082 -0.01437214 -0.009880784 0.01694556 -0.01494024 -0.005684484 0.01762488 -0.01216074 -0.009880784 0.0192388 -0.01383874 -0.005684484 0.01952787 -0.01268564 -0.005684484 0.02126163 -0.01788494 -0.009880784 0.01002489 -0.01815834 -0.005684484 0.008426286 -0.01849024 -0.009880784 0.004728686 -0.01615934 -0.009880784 -0.003707214 -0.01713304 -0.009880784 -0.001678714 -0.01815834 -0.005684484 -0.002026414 -0.01180584 -0.009880784 -0.008944414 -0.01362824 -0.009880784 -0.007211614 -0.01494024 -0.005684484 -0.01122501 -0.01685614 -0.005684484 -0.006914514 -0.01193824 -0.007659484 -0.01227061 -0.01225514 -0.006564384 -0.01380891 -0.01268564 -0.005684484 -0.01486181 -0.01172354 -0.009883084 -0.009008714 -0.01183164 -0.008666084 -0.01074761 -0.01189344 -0.008011084 -0.01173491 -0.01764614 0.002918016 -0.01943461 -0.01828474 0.002918016 -0.01348941 -0.01757044 -0.001383284 -0.01020201 -0.01843864 -0.001383284 -0.004689114 -0.01899904 0.007219216 0.01703559 -0.01899904 0.007219216 0.01779809 -0.01892824 0.007020616 0.01871695 -0.01788494 -0.009880784 0.000571286 -0.01874754 -0.001383284 0.001049286 -0.01843864 -0.001383284 0.006787686 -0.01757044 -0.001383284 0.01230059 -0.01629314 -0.001383284 0.01742845 -0.01479014 -0.001383284 0.02210712 -0.01899904 0.007219216 -0.003251914 -0.01899904 0.007219216 -0.01001441 -0.01899904 0.007219216 -0.01677691 -0.01899904 0.007219216 -0.02353941 -0.01899904 0.007219216 -0.02430191 -0.01272414 -0.005605784 0.02127709 -0.01360284 0.006208616 -0.02917961 -0.01511714 0.006877616 -0.02991561 -0.01494064 0.006932916 -0.02997911 -0.01341654 0.007206016 -0.03028741 -0.01299904 0.007219216 -0.03030191 -0.01274354 0.007219216 -0.03030191 -0.01649814 0.006247516 -0.02917601 -0.01397864 0.005073916 -0.02789281 -0.01683524 0.006030616 -0.02891531 -0.01384054 0.003783116 -0.02642331 -0.01689454 0.002918016 -0.02515521 -0.01793844 0.005051516 -0.02770811 -0.01311984 0.002580716 -0.02508931 -0.01560684 0.0002860164 -0.02200591 -0.01354764 0.003154616 -0.02571821 -0.01378534 0.003633216 -0.02625401 -0.01225514 -0.006564384 -0.01380891 -0.01268564 -0.005684484 -0.01486181 -0.01218114 -0.004145184 -0.01710391 -0.01479014 -0.001383284 -0.02000851 -0.01212934 0.001778916 -0.02425741 -0.01206284 0.001740316 -0.02421971 -0.01215074 -0.002934584 -0.01864781 0.01399226 0.004954716 -0.02775671 0.01794036 0.005051516 -0.02770811 0.01383476 0.003760616 -0.02639781 0.01689646 0.002918016 -0.02515521 0.01375306 0.003550716 -0.02616111 0.01274546 0.007219216 -0.03030191 0.01300096 0.007219216 -0.03030191 0.01355696 0.006290716 -0.02927181 0.01464546 0.007014516 -0.03007211 0.01366336 0.006099616 -0.02905691 0.01609046 0.006474316 -0.02944541 0.01736696 0.005622216 -0.02841751 0.01308306 0.002538616 -0.02504391 0.01560876 0.0002860164 -0.02200591 0.01206476 0.001740316 -0.02421971 0.01479206 -0.001383284 -0.02000851 0.01215266 -0.002934484 -0.01864791 0.01218306 -0.004145184 -0.01710391 0.01268756 -0.005684484 -0.01486181 0.01225706 -0.006564384 -0.01380891 0.01844056 -0.001383284 0.006787686 0.01874946 -0.001383284 0.001049286 0.01900096 0.007219216 -0.003251914 0.01556076 -0.001383284 0.01982419 0.01639016 0.001883116 0.02274918 0.01268756 -0.005684484 0.02126163 0.01828666 0.002918016 -0.01348941 0.01900096 0.007219216 -0.01677691 0.01900096 0.007219216 -0.01001441 0.01900096 0.007219216 -0.02353941 0.01816026 -0.005684484 0.008426286 0.01788686 -0.009880784 0.01002489 0.01849216 -0.009880784 0.004728786 0.01180776 -0.009880784 -0.008944414 0.01172546 -0.009883084 -0.009008714 0.01494216 -0.005684484 -0.01122501 0.01182086 -0.008797884 -0.01055411 0.01189536 -0.008011084 -0.01173491 0.01225706 -0.006564384 -0.01380891 0.01268756 -0.005684484 -0.01486181 0.01363026 -0.009880784 -0.007211614 0.01685806 -0.005684484 -0.006914514 0.01616126 -0.009880784 -0.003707214 0.01713496 -0.009880784 -0.001678614 0.01816026 -0.005684484 -0.002026414 0.01788686 -0.009880784 0.000571286 0.01757236 -0.001383284 0.01230059 0.01828666 0.002918016 0.01128689 0.01629506 -0.001383284 0.01742845 0.01494216 -0.005684484 0.01762488 0.01437406 -0.009880784 0.01694561 0.01595976 -0.005684484 0.01555082 0.01616126 -0.009880784 0.01430339 0.01685806 -0.005684484 0.01331436 0.01753176 -0.009880784 0.01120749 0.01702976 0.002990316 0.02224434 0.01764806 0.002918016 0.01723202 0.01808776 0.005045416 0.02098003 0.01894706 0.007066816 0.01860029 0.01873736 0.006522616 0.01955706 0.01819556 0.005275816 0.02080077 0.01689646 0.002918016 -0.02515521 0.01794036 0.005051516 -0.02770811 0.01764806 0.002918016 -0.01943461 0.01862966 0.006316516 -0.02637991 0.01873836 0.006555916 -0.02605741 0.01893426 0.007034116 -0.02519431 0.01900096 0.007219216 -0.02430191 0.01900096 0.007219216 0.01027309 0.01900096 0.007219216 0.01703559 0.01900096 0.007219216 0.01779809 0.01757236 -0.001383284 -0.01020201 0.01629506 -0.001383284 -0.01532981 0.01479206 -0.001383284 -0.02000851 0.01560876 0.0002860164 -0.02200591 0.01844056 -0.001383284 -0.004689114 0.01216266 -0.009880784 0.0192388 0.01384066 -0.005684484 0.01952787 0.01900096 0.007219216 0.003510586 -0.005266869 -0.02019238 -0.003201914 -0.005051789 -0.01960078 -0.003331514 -0.006630269 -0.01198078 -0.002187014 -0.004730889 -0.02666388 -0.003511514 -0.005049999 -0.02636318 -0.003332514 -0.006630269 -0.02998078 -0.002187014 -0.005266869 -0.02576918 -0.003201914 -0.004730659 -0.01929758 -0.003511714 -0.004199039 -0.01907548 -0.003777114 -0.002392199 -0.01198078 -0.004411314 0.005268791 -0.02576918 -0.003201914 0.005053711 -0.02636078 -0.003331514 0.006632191 -0.02998078 -0.002187014 0.004732811 -0.01929768 -0.003511514 0.005051921 -0.01959838 -0.003332514 0.006632191 -0.01198078 -0.002187014 0.002394121 -0.01198078 -0.004411314 0.003123461 -0.01898078 -0.004201914 0.004200961 -0.01907548 -0.003777114 0.005268791 -0.02019238 -0.003201914 0.004732581 -0.02666398 -0.003511714 0.004200961 -0.02688608 -0.003777114 0.002394121 -0.02998078 -0.004411314 0.003123461 -0.02698078 -0.004201914 0.002394121 -0.02698078 -0.004411314 9.606661e-07 -0.02998078 -0.004701914 -0.002392199 -0.02698078 -0.004411314 -0.002392199 -0.02998078 -0.004411314 -0.003121539 -0.02698078 -0.004201914 -0.004199039 -0.02688608 -0.003777114 -0.003121539 -0.01898078 -0.004201914 -0.002392199 -0.01898078 -0.004411314 0.002394121 -0.01898078 -0.004411314 -0.009349199 -0.02998078 0.001752086 -0.009349199 -0.01198078 0.001752086 -0.009926129 -0.02998078 0.006503486 -0.009926129 -0.01198078 0.006503486 -0.008228879 -0.02998078 0.01097869 -0.008228879 -0.01198078 0.01097869 -0.004646269 -0.02998078 0.01415265 -0.004646269 -0.01198078 0.01415265 9.606661e-07 -0.02998078 0.01529809 9.606661e-07 -0.01198078 0.01529809 0.004648191 -0.02998078 0.01415265 0.004648191 -0.01198078 0.01415265 0.008230801 -0.02998078 0.01097869 0.008230801 -0.01198078 0.01097869 0.009928051 -0.02998078 0.006503486 0.009928051 -0.01198078 0.006503486 0.009351121 -0.02998078 0.001752086 0.009351121 -0.01198078 0.001752086 -0.003499039 -0.05297418 -0.01120191 -0.003499039 -0.05955288 -0.01120191 -0.003499039 -0.05297418 -0.01230191 -0.003499039 -0.05955288 -0.01230191 0.003500961 -0.05119938 -0.01120191 0.003500961 -0.04713678 -0.01120191 0.003500961 -0.05119938 -0.01230191 0.003500961 -0.04713678 -0.01230191 0.003500961 -0.05297418 -0.01230191 0.003500961 -0.05955288 -0.01230191 0.003500961 -0.05297418 -0.01120191 0.003500961 -0.05955288 -0.01120191 -0.003499039 -0.05119938 -0.01230191 -0.003499039 -0.04713678 -0.01230191 -0.003499039 -0.05119938 -0.01120191 -0.003499039 -0.04713678 -0.01120191 -0.004999039 -0.05378608 0.02719909 -0.004999039 -0.05902838 0.02719909 -0.004999039 -0.05378608 0.02519809 -0.004999039 -0.05902838 0.02519809 -0.004999039 -0.05038748 0.02519809 -0.004999039 -0.04713678 0.02519809 -0.004999039 -0.05038748 0.02719909 -0.004999039 -0.04713678 0.02719909 0.005000961 -0.05038748 0.02719909 0.005000961 -0.04713678 0.02719909 0.005000961 -0.05038748 0.02519809 0.005000961 -0.04713678 0.02519809 0.005000961 -0.05378608 0.02519809 0.005000961 -0.05902838 0.02519809 0.005000961 -0.05378608 0.02719909 0.005000961 -0.05902838 0.02719909 0.005000961 -0.05902838 0.02719909 0.005000961 -0.05902838 0.02519809 0.005333241 -0.05888318 0.02519809 0.01278576 -0.04541658 0.02379809 0.01110096 -0.04056408 0.02379809 0.01160096 -0.04149318 0.02393206 0.01196696 -0.04231758 0.02429809 0.01205716 -0.04254798 0.02450548 0.01210096 -0.04266468 0.02479809 0.01235346 -0.05085508 0.02379809 0.01235346 -0.05085508 0.02769909 0.01128786 -0.05338308 0.02769909 0.01040096 -0.05476898 0.02379809 0.01040096 -0.05476898 0.02519809 0.009711781 -0.05562858 0.02519809 0.009711781 -0.05562858 0.02769909 9.606661e-07 -0.06003678 0.02719909 -0.002726859 -0.05974508 0.02769909 -0.004999039 -0.05902838 0.02719909 -0.005331319 -0.05888318 0.02769909 -0.004999039 -0.05902838 0.02519809 0.007696531 -0.05748998 0.02769909 0.005333241 -0.05888318 0.02769909 0.002728781 -0.05974508 0.02769909 9.606661e-07 -0.06003678 0.02769909 -0.005331319 -0.05888318 0.02519809 -0.007694609 -0.05748998 0.02769909 -0.009709859 -0.05562858 0.02519809 -0.009709859 -0.05562858 0.02769909 -0.01039904 -0.05476898 0.02519809 -0.01128594 -0.05338308 0.02769909 -0.01235154 -0.05085508 0.02769909 -0.01278384 -0.04541658 0.02769909 -0.01209904 -0.04266468 0.02769909 -0.01278384 -0.04541658 0.02379809 -0.01209904 -0.04266468 0.02479809 -0.01206564 -0.04257518 0.02454167 -0.01180614 -0.04194038 0.02409098 -0.01109904 -0.04056408 0.02379809 -0.01039904 -0.05476898 0.02379809 -0.01235154 -0.05085508 0.02379809 -0.01285844 -0.04815898 0.02769909 0.01286036 -0.04815898 0.02769909 0.01278576 -0.04541658 0.02769909 0.01210096 -0.04266468 0.02769909 0.01235346 -0.05085508 0.02379809 0.01040096 -0.05476898 0.02379809 0.01278576 -0.04541658 0.02379809 0.01040096 -0.04713678 0.02379809 0.01110096 -0.04056408 0.02379809 0.009371041 -0.04262438 0.02379809 0.01110096 -0.03398078 0.02379809 0.006485251 -0.03900578 0.02379809 0.002315181 -0.03699758 0.02379809 -0.01109904 -0.03398078 0.02379809 -0.01039904 -0.05476898 0.02379809 -0.01235154 -0.05085508 0.02379809 -0.01039904 -0.04713678 0.02379809 -0.01278384 -0.04541658 0.02379809 -0.009369119 -0.04262438 0.02379809 -0.01109904 -0.04056408 0.02379809 -0.006483329 -0.03900578 0.02379809 -0.002313259 -0.03699758 0.02379809 0.01136516 -0.04804008 0.02919909 0.01129916 -0.04561668 0.02919909 0.006153041 -0.05088468 0.02919909 -0.006799779 -0.05628608 0.02919909 -0.004711279 -0.05751728 0.02919909 -0.004949039 -0.05378678 0.02919909 0.003748881 -0.05088468 0.02919909 0.004950961 -0.05038678 0.02919909 0.004950961 -0.04388678 0.02919909 0.004950961 -0.05378678 0.02919909 0.003748881 -0.05328888 0.02919909 0.002411591 -0.05827898 0.02919909 -0.003746959 -0.05328888 0.02919909 -0.002409669 -0.05827898 0.02919909 9.606661e-07 -0.05853678 0.02919909 0.006153041 -0.04338888 0.02919909 0.004713201 -0.05751728 0.02919909 0.006801701 -0.05628608 0.02919909 0.006153041 -0.05328888 0.02919909 0.008582621 -0.05464108 0.02919909 0.006650961 -0.05208678 0.02919909 0.009975421 -0.05265678 0.02919909 0.01091716 -0.05042278 0.02919909 -0.01129724 -0.04561668 0.02919909 -0.006151119 -0.04338888 0.02919909 -0.006649039 -0.04218678 0.02919909 -0.006151119 -0.04098468 0.02919909 -0.01059904 -0.03026888 0.02919909 -0.01059904 -0.04294158 0.02919909 -0.003249039 -0.05208678 0.02919909 0.003250961 -0.05208678 0.02919909 -0.003746959 -0.05088468 0.02919909 0.003748881 -0.04338888 0.02919909 -0.008580699 -0.05464108 0.02919909 -0.006151119 -0.05328888 0.02919909 -0.009973499 -0.05265678 0.02919909 -0.006649039 -0.05208678 0.02919909 -0.01091524 -0.05042278 0.02919909 -0.006151119 -0.05088468 0.02919909 -0.01136324 -0.04804008 0.02919909 -0.004949039 -0.04388678 0.02919909 -0.004949039 -0.05038678 0.02919909 -0.003746959 -0.04338888 0.02919909 -0.003746959 -0.04098468 0.02919909 0.01055686 -0.03026828 0.02919909 -0.004949039 -0.04048678 0.02919909 9.606661e-07 -0.03020098 0.02919909 -0.01055494 -0.03026828 0.02919909 0.006650961 -0.04218678 0.02919909 0.01060096 -0.04294158 0.02919909 0.006153041 -0.04098468 0.02919909 0.01060096 -0.03026888 0.02919909 0.004950961 -0.04048678 0.02919909 0.003748881 -0.04098468 0.02919909 0.003250961 -0.04218678 0.02919909 -0.003249039 -0.04218678 0.02919909 -0.006151119 -0.04338888 0.02519809 -0.004949039 -0.04388678 0.02519809 -0.01039904 -0.04713678 0.02519809 -0.006151119 -0.05088468 0.02519809 -0.01039904 -0.05476898 0.02519809 -0.006649039 -0.05208678 0.02519809 -0.009709859 -0.05562858 0.02519809 -0.006151119 -0.05328888 0.02519809 -0.005331319 -0.05888318 0.02519809 -0.004999039 -0.05378608 0.02519809 -0.004999039 -0.05902838 0.02519809 0.005333241 -0.05888318 0.02519809 0.005000961 -0.05902838 0.02519809 0.005000961 -0.05378608 0.02519809 -0.006649039 -0.04218678 0.02519809 -0.009369119 -0.04262438 0.02519809 -0.006151119 -0.04098468 0.02519809 -0.006483329 -0.03900578 0.02519809 -0.004949039 -0.04048678 0.02519809 -0.002313259 -0.03699758 0.02519809 -0.003746959 -0.04098468 0.02519809 0.006153041 -0.04338888 0.02519809 0.006650961 -0.05208678 0.02519809 0.004950961 -0.04388678 0.02519809 0.006153041 -0.05088468 0.02519809 0.009711781 -0.05562858 0.02519809 0.006153041 -0.05328888 0.02519809 0.01040096 -0.05476898 0.02519809 0.01040096 -0.04713678 0.02519809 0.009371041 -0.04262438 0.02519809 0.006650961 -0.04218678 0.02519809 0.006485251 -0.03900578 0.02519809 0.006153041 -0.04098468 0.02519809 0.002315181 -0.03699758 0.02519809 0.004950961 -0.04048678 0.02519809 0.003748881 -0.04098468 0.02519809 -0.004999039 -0.05038748 0.02519809 -0.004999039 -0.04713678 0.02519809 -0.004044119 -0.04419788 0.02519809 -0.003746959 -0.04338888 0.02519809 -0.001544119 -0.04238148 0.02519809 -0.003249039 -0.04218678 0.02519809 0.001546041 -0.04238148 0.02519809 0.003250961 -0.04218678 0.02519809 0.003748881 -0.04338888 0.02519809 0.004046041 -0.04419788 0.02519809 0.005000961 -0.04713678 0.02519809 0.005000961 -0.05038748 0.02519809 -0.01039904 -0.04713678 0.02519809 -0.01039904 -0.04713678 0.02379809 -0.009369119 -0.04262438 0.02519809 -0.009369119 -0.04262438 0.02379809 -0.006483329 -0.03900578 0.02519809 -0.006483329 -0.03900578 0.02379809 -0.002313259 -0.03699758 0.02519809 -0.002313259 -0.03699758 0.02379809 0.002315181 -0.03699758 0.02519809 0.002315181 -0.03699758 0.02379809 0.006485251 -0.03900578 0.02519809 0.006485251 -0.03900578 0.02379809 0.009371041 -0.04262438 0.02519809 0.009371041 -0.04262438 0.02379809 0.01040096 -0.04713678 0.02519809 0.01040096 -0.04713678 0.02379809 -0.004044119 -0.04419788 0.02719909 -0.004044119 -0.04419788 0.02519809 -0.001544119 -0.04238148 0.02719909 -0.001544119 -0.04238148 0.02519809 0.001546041 -0.04238148 0.02719909 0.001546041 -0.04238148 0.02519809 0.004046041 -0.04419788 0.02719909 0.004046041 -0.04419788 0.02519809 -0.004999039 -0.05902838 0.02719909 -0.004999039 -0.05378608 0.02719909 -0.004949039 -0.05378678 0.02719909 0.005000961 -0.05038748 0.02719909 0.004950961 -0.05038678 0.02719909 0.005000961 -0.04713678 0.02719909 0.004046041 -0.04419788 0.02719909 0.001546041 -0.04238148 0.02719909 -0.001544119 -0.04238148 0.02719909 -0.003746959 -0.05088468 0.02719909 -0.004044119 -0.04419788 0.02719909 -0.004949039 -0.05038678 0.02719909 -0.004999039 -0.04713678 0.02719909 -0.004999039 -0.05038748 0.02719909 9.606661e-07 -0.06003678 0.02719909 -0.003746959 -0.05328888 0.02719909 0.005000961 -0.05902838 0.02719909 0.003748881 -0.05088468 0.02719909 -0.003249039 -0.05208678 0.02719909 0.003250961 -0.05208678 0.02719909 0.003748881 -0.05328888 0.02719909 0.004950961 -0.05378678 0.02719909 0.005000961 -0.05378608 0.02719909 0.01210096 -0.02998078 0.02769909 0.01210096 -0.04266468 0.02769909 0.01210096 -0.04266468 0.02479809 0.01210096 -0.02998078 0.02279809 0.01210096 -0.02998078 0.02379809 0.01210096 -0.03171488 0.02425518 0.01210096 -0.03398078 0.02479809 -0.01209904 -0.02998078 0.02379809 -0.01209904 -0.02998078 0.02279809 -0.01209904 -0.03044528 0.02333362 -0.01209904 -0.02998078 0.02769909 -0.01209904 -0.04266468 0.02479809 -0.01209904 -0.04266468 0.02769909 -0.01209904 -0.03398078 0.02479809 -0.01209904 -0.03206738 0.02441749 0.004331541 -0.01784538 -0.01353321 0.0002339317 -0.01787568 -0.01382331 0.004999291 -0.01648078 -0.01323191 0.009262891 -0.02984758 -0.01507771 0.006890281 -0.02702908 -0.01465461 0.01090906 -0.02982808 -0.01506991 0.007961121 -0.02606548 -0.01444311 0.01171576 -0.02783508 -0.01460551 0.008110791 -0.02587718 -0.01440051 0.01130976 -0.02557338 -0.01408221 0.008812211 -0.02460788 -0.01410621 0.008886251 -0.02439808 -0.01405721 0.009132401 -0.02297268 -0.01373251 0.01049646 -0.02104248 -0.01303401 0.009141791 -0.02257018 -0.01364421 0.01048536 -0.02098078 -0.01301971 0.009022641 -0.02139318 -0.01340391 0.009683161 -0.01651168 -0.01198571 0.008449141 -0.02000708 -0.01320561 0.008339471 -0.01984028 -0.01319151 0.009677621 -0.01648078 -0.01197861 0.007399631 -0.01884668 -0.01317701 0.004276371 -0.01198078 -0.01270111 0.007612321 -0.01198078 -0.01156341 0.008417231 -0.01198078 -0.01117661 0.008870371 -0.01198078 -0.01093841 -0.009675699 -0.01648078 -0.01197861 -0.008868429 -0.01198078 -0.01093841 -0.008415269 -0.01198078 -0.01117661 -0.01048344 -0.02098078 -0.01301971 -0.008964089 -0.02117298 -0.01336481 -0.01049454 -0.02104248 -0.01303401 -0.009139869 -0.02257018 -0.01364421 -0.01130784 -0.02557338 -0.01408221 -0.009130479 -0.02297268 -0.01373251 -0.008964779 -0.02412738 -0.01399411 -0.008916299 -0.02429698 -0.01403361 -0.01171384 -0.02783508 -0.01460551 -0.008298199 -0.02560958 -0.01433931 -0.008200779 -0.02575188 -0.01437191 -0.01090714 -0.02982808 -0.01506991 -0.007207559 -0.02679708 -0.01460481 -0.009261029 -0.02984758 -0.01507771 -0.007062939 -0.02690688 -0.01462851 -0.005797229 -0.02757758 -0.01477071 0.005167271 -0.02775548 -0.01481011 0.005366061 -0.02770938 -0.01479951 0.006686381 -0.02715828 -0.01468211 -0.005623629 -0.02763568 -0.01478331 -0.004215909 -0.02785818 -0.01484161 9.606661e-07 -0.02990228 -0.01509361 9.606661e-07 -0.02787578 -0.01487971 0.004217831 -0.02785818 -0.01484161 -0.007610349 -0.01198078 -0.01156341 -0.004997369 -0.01648078 -0.01323191 -0.005597969 -0.01798638 -0.01336181 -0.007018719 -0.01858158 -0.01320221 -0.007160219 -0.01867398 -0.01319151 -0.009681239 -0.01651168 -0.01198571 -0.008163969 -0.01960568 -0.01317641 -0.008298159 -0.01978418 -0.01318741 -0.008913079 -0.02100538 -0.01333661 -0.003849119 -0.01785178 -0.01359441 -0.004329619 -0.01784538 -0.01353321 9.606661e-07 -0.01198078 -0.01320191 -0.004274449 -0.01198078 -0.01270111 0.007222901 -0.01871598 -0.01318731 0.005962021 -0.01808868 -0.01331531 0.005779071 -0.01803318 -0.01333851 -0.01849024 -0.01198078 0.004728686 -0.01770274 -0.01198078 -7.101398e-05 -0.01488164 -0.02104248 0.000725386 -0.01354224 -0.01651168 0.01824736 -0.01231324 -0.01651168 0.02020304 -0.01238534 -0.01198078 0.01903966 -0.01064664 -0.01198078 0.02042683 -0.01770274 -0.01198078 0.01066719 -0.01849904 -0.01198078 0.005298086 -0.01527704 -0.02104248 0.006179386 -0.01048344 -0.02098078 -0.01301971 -0.01049454 -0.02104248 -0.01303401 -0.01137774 -0.02104248 -0.01109041 -0.01064664 -0.01198078 -0.009830614 -0.01101214 -0.01651168 -0.01046051 -0.01231324 -0.01651168 -0.008725614 -0.01171384 -0.02783508 -0.01460551 -0.01209334 -0.02993758 -0.01373201 -0.01209904 -0.02998078 -0.01360191 -0.01215914 -0.02927748 -0.007465314 -0.01221324 -0.02911128 -0.006028714 -0.01293354 -0.02557338 -0.004213314 -0.01209884 -0.02998668 -0.008975414 -0.01209904 -0.02998078 -0.009001914 -0.01216914 -0.02557338 -0.009289814 -0.01209864 -0.02999268 -0.008968914 -0.01209904 -0.02998078 -0.008952414 -0.01214934 -0.02934028 -0.007677514 -0.01130784 -0.02557338 -0.01408221 -0.01174344 -0.02557338 -0.01172031 -0.01209904 -0.02998078 -0.01000191 -0.009675699 -0.01648078 -0.01197861 -0.009681239 -0.01651168 -0.01198571 -0.01354224 -0.01651168 -0.006769914 -0.01362824 -0.01198078 -0.007211614 -0.01238524 -0.01198078 -0.008443514 -0.008868449 -0.01198078 0.02153461 -0.009412959 -0.01198078 0.02122379 -0.009671029 -0.01645478 0.02343891 -0.009681239 -0.01651168 0.02346315 -0.01209014 -0.02991348 0.02786246 -0.01182884 -0.02847528 0.02855798 -0.01209904 -0.02998078 0.02769909 -0.01130784 -0.02557338 0.02732217 -0.01209904 -0.02998078 0.02273412 -0.01209834 -0.02999618 0.02275535 -0.01209894 -0.02998328 0.02277631 -0.01221694 -0.02911018 0.01982472 -0.01216284 -0.02927848 0.02126135 -0.01216914 -0.02557338 0.02252979 -0.01215284 -0.02934218 0.02147366 -0.01209904 -0.02998078 0.02279809 -0.01209904 -0.02998078 0.02379809 -0.01225384 -0.02916358 0.01799618 -0.01293354 -0.02557338 0.01745325 -0.01231814 -0.02927708 0.01250651 -0.01233544 -0.02931578 0.006983786 -0.01379144 -0.02104248 -0.004405214 -0.01464934 -0.01651168 -0.004597014 -0.01305684 -0.02104248 -0.006778514 -0.01224114 -0.02104248 -0.009007714 -0.01713304 -0.01198078 -0.001678714 -0.01675464 -0.01198078 -0.002544214 -0.01441054 -0.02104248 -0.001896414 -0.01550714 -0.01198078 -0.004788914 -0.01488164 -0.02104248 0.01163329 -0.01752984 -0.01198078 0.01120749 -0.01441054 -0.02104248 0.01425508 -0.01402804 -0.01198078 0.01735782 -0.01437214 -0.01198078 0.01694556 -0.01464934 -0.01651168 0.01607449 -0.01550714 -0.01198078 0.01538511 -0.01675464 -0.01198078 0.01314031 -0.01101214 -0.01651168 0.02193794 -0.01224114 -0.02104248 0.02136642 -0.01379144 -0.02104248 0.01676387 -0.01137774 -0.02104248 0.02344912 -0.01347114 -0.02557338 0.001123586 -0.01231754 -0.02927878 0.001444286 -0.01402814 -0.01198078 -0.006761514 -0.01233544 -0.02931578 0.006897986 -0.01049454 -0.02104248 0.02539266 0.01293546 -0.02557338 0.01745325 0.01232006 -0.02927708 0.01250651 0.01347306 -0.02557338 0.01211629 0.01233736 -0.02931578 0.006983786 0.01047606 -0.02092868 0.02534418 0.01049646 -0.02104248 0.02539266 0.01137966 -0.02104248 0.02344912 0.01101406 -0.01651168 -0.01046051 0.01064856 -0.01198078 -0.009830614 0.01238716 -0.01198078 -0.008443514 0.009677621 -0.01648078 -0.01197861 0.009683161 -0.01651168 -0.01198571 0.01209216 -0.02991438 -0.01376391 0.01171576 -0.02783508 -0.01460551 0.01210096 -0.02998078 -0.01360191 0.01130976 -0.02557338 -0.01408221 0.01210096 -0.02998078 -0.008952414 0.01210056 -0.02999268 -0.008968914 0.01210086 -0.02998268 -0.008985114 0.01221516 -0.02911128 -0.006028714 0.01216106 -0.02927748 -0.007465314 0.01217106 -0.02557338 -0.009289814 0.01215126 -0.02934028 -0.007677514 0.01210096 -0.02998078 -0.009001914 0.01210096 -0.02998078 -0.01000191 0.01225486 -0.02916768 -0.004062514 0.01293546 -0.02557338 -0.004213314 0.01231946 -0.02927878 0.001444286 0.01379336 -0.02104248 -0.004405214 0.01210056 -0.02998848 0.02276379 0.01210096 -0.02998078 0.02279809 0.01217106 -0.02557338 0.02252979 0.01210096 -0.02998078 0.02379809 0.01174536 -0.02557338 0.02496029 0.01210096 -0.02998078 0.02769909 0.01130976 -0.02557338 0.02732217 0.01209276 -0.02991898 0.02785547 0.01183076 -0.02847528 0.02855798 0.01210026 -0.02999618 0.02275535 0.01210096 -0.02998078 0.02273412 0.01215476 -0.02934218 0.02147366 0.01216476 -0.02927848 0.02126135 0.01221886 -0.02911018 0.01982472 0.01225576 -0.02916358 0.01799618 0.01379336 -0.02104248 0.01676387 0.01465126 -0.01651168 0.01607449 0.01305876 -0.02104248 0.01913721 0.01354416 -0.01651168 0.01824736 0.01224306 -0.02104248 0.02136642 0.01231516 -0.01651168 0.02020304 0.01101406 -0.01651168 0.02193794 0.009683161 -0.01651168 0.02346315 0.01488356 -0.02104248 0.01163329 0.01753176 -0.01198078 0.01120749 0.01441246 -0.02104248 0.01425508 0.01675656 -0.01198078 0.01314031 0.01550906 -0.01198078 0.01538511 0.008870351 -0.01198078 0.02153458 0.009672951 -0.01645478 0.02343891 0.009414831 -0.01198078 0.02122382 0.01064856 -0.01198078 0.02042683 0.01238726 -0.01198078 0.01903966 0.01402996 -0.01198078 0.01735782 0.01437406 -0.01198078 0.01694561 0.01137966 -0.02104248 -0.01109041 0.01224306 -0.02104248 -0.009007714 0.01231516 -0.01651168 -0.008725614 0.01403006 -0.01198078 -0.006761514 0.01550906 -0.01198078 -0.004788914 0.01465126 -0.01651168 -0.004597014 0.01675656 -0.01198078 -0.002544214 0.01441246 -0.02104248 -0.001896414 0.01713496 -0.01198078 -0.001678614 0.01488356 -0.02104248 0.000725386 0.01363026 -0.01198078 -0.007211614 0.01354416 -0.01651168 -0.006769914 0.01233736 -0.02931578 0.006897986 0.01527896 -0.02104248 0.006179386 0.01770466 -0.01198078 -7.101398e-05 0.01849216 -0.01198078 0.004728786 0.01850096 -0.01198078 0.005298086 0.01770466 -0.01198078 0.01066719 0.01048536 -0.02098078 -0.01301971 0.01049646 -0.02104248 -0.01303401 -0.004995339 -0.01645478 0.02469466 -0.004646809 -0.01198078 0.02320474 0.003275721 -0.01198078 0.02350594 0.004997261 -0.01645478 0.02469466 0.004648731 -0.01198078 0.02320474 0.009672951 -0.01645478 0.02343891 0.01130976 -0.02557338 0.02732217 0.006032071 -0.02974978 0.02912217 0.01056346 -0.02971268 0.02909238 0.01116986 -0.02970678 0.02908702 0.01168656 -0.02887798 0.02873418 0.01183076 -0.02847528 0.02855798 0.005345791 -0.02092868 0.02618457 9.606661e-07 -0.02092868 0.02648296 9.606661e-07 -0.02976988 0.02913581 -0.005343869 -0.02092868 0.02618457 -0.006030149 -0.02974978 0.02912217 -0.01130784 -0.02557338 0.02732217 -0.01182884 -0.02847528 0.02855798 -0.01168464 -0.02887798 0.02873418 -0.009671029 -0.01645478 0.02343891 -0.009681239 -0.01651168 0.02346315 -0.01049454 -0.02104248 0.02539266 -0.01056154 -0.02971268 0.02909238 -0.01116794 -0.02970678 0.02908702 0.01049646 -0.02104248 0.02539266 0.01047606 -0.02092868 0.02534418 0.009683161 -0.01651168 0.02346315 -0.003273849 -0.01198078 0.02350593 9.606661e-07 -0.01198078 0.02379809 -0.002392199 -0.02998078 -0.004411314 -0.01122214 -0.02998078 -0.006001914 9.606661e-07 -0.02998078 -0.004701914 0.01122406 -0.02998078 -0.006001914 0.002394121 -0.02998078 -0.004411314 0.006632191 -0.02998078 -0.002187014 -0.006630269 -0.02998078 -0.002187014 -0.009349199 -0.02998078 0.001752086 -0.01139324 -0.02998078 0.006898086 -0.009926129 -0.02998078 0.006503486 -0.01122564 -0.02998078 0.01979809 -0.008228879 -0.02998078 0.01097869 -0.004646269 -0.02998078 0.01415265 9.606661e-07 -0.02998078 0.01529809 0.01122756 -0.02998078 0.01979809 0.004648191 -0.02998078 0.01415265 0.008230801 -0.02998078 0.01097869 0.01139516 -0.02998078 0.006898086 0.009928051 -0.02998078 0.006503486 0.009351121 -0.02998078 0.001752086 -0.01235154 -0.05085508 -0.01000191 -0.01039904 -0.05476898 -0.01000191 -0.01278384 -0.04541658 -0.01000191 -0.01039904 -0.04713678 -0.01000191 -0.01109904 -0.04056408 -0.01000191 -0.009369119 -0.04262438 -0.01000191 -0.01109904 -0.03398078 -0.01000191 -0.006483329 -0.03900578 -0.01000191 -0.002313259 -0.03699758 -0.01000191 0.01110096 -0.03398078 -0.01000191 0.01040096 -0.05476898 -0.01000191 0.01235346 -0.05085508 -0.01000191 0.01040096 -0.04713678 -0.01000191 0.01278576 -0.04541658 -0.01000191 0.009371041 -0.04262438 -0.01000191 0.01110096 -0.04056408 -0.01000191 0.006485251 -0.03900578 -0.01000191 0.002315181 -0.03699758 -0.01000191 -0.01136324 -0.04804008 -0.01510191 -0.01129724 -0.04561668 -0.01510191 -0.006151119 -0.05088468 -0.01510191 -0.006151119 -0.04338888 -0.01510191 -0.004949039 -0.04388678 -0.01510191 -0.004949039 -0.05038678 -0.01510191 -0.003746959 -0.05088468 -0.01510191 0.004950961 -0.04388678 -0.01510191 0.006650961 -0.05208678 -0.01510191 0.003748881 -0.04338888 -0.01510191 0.006153041 -0.05088468 -0.01510191 0.004950961 -0.05038678 -0.01510191 0.006650961 -0.04218678 -0.01510191 0.006153041 -0.04098468 -0.01510191 0.01060096 -0.03013218 -0.01510191 0.009259791 -0.03011578 -0.01510191 0.004950961 -0.04048678 -0.01510191 9.606661e-07 -0.03005968 -0.01510191 0.003748881 -0.04098468 -0.01510191 -0.009257919 -0.03011578 -0.01510191 -0.004949039 -0.05378678 -0.01510191 -0.006799779 -0.05628608 -0.01510191 -0.006151119 -0.05328888 -0.01510191 -0.008580699 -0.05464108 -0.01510191 -0.006649039 -0.05208678 -0.01510191 -0.009973499 -0.05265678 -0.01510191 -0.01091524 -0.05042278 -0.01510191 -0.003746959 -0.05328888 -0.01510191 -0.002409669 -0.05827898 -0.01510191 -0.004711279 -0.05751728 -0.01510191 0.004950961 -0.05378678 -0.01510191 0.004713201 -0.05751728 -0.01510191 0.003748881 -0.05328888 -0.01510191 0.002411591 -0.05827898 -0.01510191 9.606661e-07 -0.05853678 -0.01510191 -0.006649039 -0.04218678 -0.01510191 -0.01059904 -0.04294158 -0.01510191 -0.006151119 -0.04098468 -0.01510191 -0.01059904 -0.03013218 -0.01510191 -0.004949039 -0.04048678 -0.01510191 -0.003746959 -0.04098468 -0.01510191 -0.003249039 -0.04218678 -0.01510191 0.003250961 -0.04218678 -0.01510191 -0.003746959 -0.04338888 -0.01510191 0.003748881 -0.05088468 -0.01510191 -0.003249039 -0.05208678 -0.01510191 0.003250961 -0.05208678 -0.01510191 0.01060096 -0.04294158 -0.01510191 0.01129916 -0.04561668 -0.01510191 0.006153041 -0.04338888 -0.01510191 0.01136516 -0.04804008 -0.01510191 0.01091716 -0.05042278 -0.01510191 0.009975421 -0.05265678 -0.01510191 0.006153041 -0.05328888 -0.01510191 0.008582621 -0.05464108 -0.01510191 0.006801701 -0.05628608 -0.01510191 0.01040096 -0.05476898 -0.01120191 0.009711781 -0.05562858 -0.01120191 0.009711781 -0.05562858 -0.01360191 -0.003499039 -0.05955288 -0.01230191 -0.003499039 -0.05955288 -0.01120191 -0.005331319 -0.05888318 -0.01120191 -0.01278384 -0.04541658 -0.01000191 -0.01109904 -0.04056408 -0.01000191 -0.01159904 -0.04149318 -0.01013591 -0.01196504 -0.04231758 -0.01050191 -0.01205524 -0.04254798 -0.01070931 -0.01209904 -0.04266468 -0.01100191 -0.01235154 -0.05085508 -0.01000191 -0.01235154 -0.05085508 -0.01360191 -0.01128594 -0.05338308 -0.01360191 -0.01039904 -0.05476898 -0.01000191 -0.01039904 -0.05476898 -0.01120191 -0.009709859 -0.05562858 -0.01120191 -0.009709859 -0.05562858 -0.01360191 -0.007694609 -0.05748998 -0.01360191 -0.005331319 -0.05888318 -0.01360191 -0.002726859 -0.05974508 -0.01360191 9.606661e-07 -0.06003678 -0.01230191 9.606661e-07 -0.06003678 -0.01360191 0.003500961 -0.05955288 -0.01230191 0.002728781 -0.05974508 -0.01360191 0.005333241 -0.05888318 -0.01360191 0.007696531 -0.05748998 -0.01360191 0.005333241 -0.05888318 -0.01120191 0.003500961 -0.05955288 -0.01120191 0.01235346 -0.05085508 -0.01000191 0.01040096 -0.05476898 -0.01000191 0.01210096 -0.04266468 -0.01360191 0.01210096 -0.04266468 -0.01100191 0.01278576 -0.04541658 -0.01000191 0.01206756 -0.04257518 -0.01074551 0.01180806 -0.04194038 -0.01029481 0.01110096 -0.04056408 -0.01000191 0.01128786 -0.05338308 -0.01360191 0.01235346 -0.05085508 -0.01360191 0.01286036 -0.04815898 -0.01360191 0.01278576 -0.04541658 -0.01360191 -0.01285844 -0.04815898 -0.01360191 -0.01278384 -0.04541658 -0.01360191 -0.01209904 -0.04266468 -0.01360191 0.01210096 -0.02998078 -0.009001914 0.01210096 -0.03044528 -0.009537414 0.01210096 -0.02998078 -0.01360191 0.01210096 -0.04266468 -0.01100191 0.01210096 -0.04266468 -0.01360191 0.01210096 -0.03398078 -0.01100191 0.01210096 -0.03206738 -0.01062131 -0.01209904 -0.02998078 -0.01360191 -0.01209904 -0.04266468 -0.01360191 -0.01209904 -0.04266468 -0.01100191 -0.01209904 -0.02998078 -0.009001914 -0.01209904 -0.03171878 -0.01046101 -0.01209904 -0.03398078 -0.01100191 -0.007610349 -0.01198078 -0.01156341 -0.008415269 -0.01198078 -0.01117661 -0.008415269 -0.01191998 -0.01117661 -0.009924899 -0.01145238 -0.01031371 0.01238716 -0.01198078 -0.008443514 0.01064856 -0.01198078 -0.009830614 0.009926841 -0.01145238 -0.01031371 0.008870371 -0.01198078 -0.01093841 0.008417231 -0.01191998 -0.01117661 0.008417231 -0.01198078 -0.01117661 0.007612321 -0.01198078 -0.01156341 0.01363026 -0.009880784 -0.007211614 0.01363026 -0.01198078 -0.007211614 0.01180776 -0.009880784 -0.008944414 0.01120046 -0.01057488 -0.009426814 -0.008868429 -0.01198078 -0.01093841 -0.01064664 -0.01198078 -0.009830614 -0.01119854 -0.01057488 -0.009426814 -0.01238524 -0.01198078 -0.008443514 -0.01180584 -0.009880784 -0.008944414 -0.01362824 -0.01198078 -0.007211614 -0.01362824 -0.009880784 -0.007211614 -0.01402814 -0.01198078 -0.006761514 -0.01615934 -0.009880784 -0.003707214 -0.01550714 -0.01198078 -0.004788914 -0.01713304 -0.009880784 -0.001678714 -0.01675464 -0.01198078 -0.002544214 -0.01713304 -0.01198078 -0.001678714 -0.01788494 -0.009880784 0.000571286 -0.01770274 -0.01198078 -7.101398e-05 -0.01849024 -0.009880784 0.004728686 -0.01437214 -0.009880784 0.01694556 -0.01615934 -0.009880784 0.01430339 -0.01550714 -0.01198078 0.01538511 -0.01849024 -0.01198078 0.004728686 -0.01849904 -0.01198078 0.005298086 -0.01788494 -0.009880784 0.01002489 -0.01770274 -0.01198078 0.01066719 -0.01752984 -0.009880784 0.01120749 -0.01752984 -0.01198078 0.01120749 -0.01675464 -0.01198078 0.01314031 -0.01437214 -0.01198078 0.01694556 -0.01402804 -0.01198078 0.01735782 -0.01216074 -0.009880784 0.0192388 -0.01238534 -0.01198078 0.01903966 -0.01063344 -0.009880784 0.02043816 -0.01064664 -0.01198078 0.02042683 -0.009412959 -0.009880784 0.02122379 -0.009412959 -0.01198078 0.02122379 -0.008868449 -0.01198078 0.02153461 -0.005704509 -0.009880784 0.02289631 -0.004646809 -0.01198078 0.02320474 -0.003273849 -0.009880784 0.02350593 -0.003273849 -0.01198078 0.02350593 9.606661e-07 -0.01198078 0.02379809 0.003275721 -0.009880784 0.02350594 0.003275721 -0.01198078 0.02350594 0.005706431 -0.009880784 0.02289631 0.004648731 -0.01198078 0.02320474 0.008870351 -0.01198078 0.02153458 0.009414831 -0.009880784 0.02122382 0.009414831 -0.01198078 0.02122382 0.01063536 -0.009880784 0.02043815 0.01064856 -0.01198078 0.02042683 0.01216266 -0.009880784 0.0192388 0.01616126 -0.009880784 0.01430339 0.01675656 -0.01198078 0.01314031 0.01753176 -0.009880784 0.01120749 0.01753176 -0.01198078 0.01120749 0.01788686 -0.009880784 0.01002489 0.01238726 -0.01198078 0.01903966 0.01402996 -0.01198078 0.01735782 0.01437406 -0.009880784 0.01694561 0.01437406 -0.01198078 0.01694561 0.01550906 -0.01198078 0.01538511 0.01770466 -0.01198078 0.01066719 0.01850096 -0.01198078 0.005298086 0.01849216 -0.009880784 0.004728786 0.01849216 -0.01198078 0.004728786 0.01788686 -0.009880784 0.000571286 0.01770466 -0.01198078 -7.101398e-05 0.01713496 -0.009880784 -0.001678614 0.01713496 -0.01198078 -0.001678614 0.01675656 -0.01198078 -0.002544214 0.01616126 -0.009880784 -0.003707214 0.01550906 -0.01198078 -0.004788914 0.01403006 -0.01198078 -0.006761514 -0.008051929 -0.01178038 -0.007945814 -0.008051929 -0.01198078 -0.007945814 -0.006762679 -0.01198078 -0.008648314 0.01124066 0.005956416 -0.005375214 0.01115126 0.005725616 -0.005468614 0.01256896 -0.01198078 -0.003773514 0.01117506 -0.008179484 -0.005443914 0.01089846 -0.009097884 -0.005724414 0.01087216 0.005399316 -0.005750314 0.01116836 0.004450416 -0.005450814 0.01127366 0.003419216 -0.005340314 0.01127366 -0.007180784 -0.005340314 0.009953011 -0.01057488 -0.006584914 0.009075581 -0.01130248 -0.007267814 0.008053851 -0.01198078 -0.007945814 0.008053851 -0.01178038 -0.007945814 0.006764601 -0.01198078 -0.008648314 0.01127366 0.007532916 -0.005340314 0.01127366 0.006219216 -0.005340314 0.01200096 0.007219216 -0.004512614 0.01256896 0.007219216 -0.003773514 0.01510706 0.007219216 0.001825786 0.01510706 -0.01198078 0.001825786 0.01526866 0.007219216 0.007971386 0.01526866 -0.01198078 0.007971386 0.01302856 0.007219216 0.01369645 0.01302856 -0.01198078 0.01369645 0.008738971 0.007219216 0.01810032 0.008738971 -0.01198078 0.01810032 0.003074821 0.007219216 0.02049024 0.003074821 -0.01198078 0.02049024 -0.003072899 0.007219216 0.02049024 -0.003072899 -0.01198078 0.02049024 -0.008737049 0.007219216 0.01810032 -0.008737049 -0.01198078 0.01810032 -0.01302664 0.007219216 0.01369645 -0.01302664 -0.01198078 0.01369645 -0.01526674 0.007219216 0.007971386 -0.01526674 -0.01198078 0.007971386 -0.01510514 0.007219216 0.001825786 -0.01510514 -0.01198078 0.001825786 -0.01256704 0.007219216 -0.003773514 -0.01256704 -0.01198078 -0.003773514 -0.009073159 -0.01130278 -0.007268114 -0.009951089 -0.01057488 -0.006584914 -0.01089704 -0.009096684 -0.005723914 -0.01117384 -0.008175784 -0.005443114 -0.01127174 -0.007180784 -0.005340314 -0.01087024 0.005399316 -0.005750314 -0.01096534 0.005480316 -0.005655914 -0.01116544 0.004455316 -0.005451814 -0.01115374 0.005733916 -0.005464014 -0.01127174 0.003419216 -0.005340314 -0.01123974 0.005960216 -0.005374214 -0.01199904 0.007219216 -0.004512614 -0.01127174 0.006219216 -0.005340314 -0.01127174 0.007532916 -0.005340314 0.003470841 -0.01198078 -0.009808514 9.606661e-07 -0.01198078 -0.01020191 0.002394121 -0.01198078 -0.004411314 -0.002392199 -0.01198078 -0.004411314 0.006764601 -0.01198078 -0.008648314 0.006632191 -0.01198078 -0.002187014 0.008053851 -0.01198078 -0.007945814 -0.006630269 -0.01198078 -0.002187014 -0.01256704 -0.01198078 -0.003773514 -0.009349199 -0.01198078 0.001752086 -0.01510514 -0.01198078 0.001825786 -0.009926129 -0.01198078 0.006503486 -0.01526674 -0.01198078 0.007971386 -0.008228879 -0.01198078 0.01097869 -0.01302664 -0.01198078 0.01369645 -0.004646269 -0.01198078 0.01415265 -0.008737049 -0.01198078 0.01810032 9.606661e-07 -0.01198078 0.01529809 -0.003468919 -0.01198078 -0.009808514 -0.006762679 -0.01198078 -0.008648314 -0.008051929 -0.01198078 -0.007945814 -0.003072899 -0.01198078 0.02049024 0.003074821 -0.01198078 0.02049024 0.004648191 -0.01198078 0.01415265 0.008738971 -0.01198078 0.01810032 0.008230801 -0.01198078 0.01097869 0.01302856 -0.01198078 0.01369645 0.009928051 -0.01198078 0.006503486 0.01526866 -0.01198078 0.007971386 0.009351121 -0.01198078 0.001752086 0.01510706 -0.01198078 0.001825786 0.01256896 -0.01198078 -0.003773514 0.01040096 -0.05476898 0.02519809 0.01040096 -0.05476898 0.02379809 -0.01039904 -0.05476898 0.02379809 -0.01039904 -0.05476898 0.02519809 -0.006649039 -0.04218678 0.02919909 -0.006649039 -0.04218678 0.02519809 -0.006151119 -0.04098468 0.02919909 -0.006151119 -0.04098468 0.02519809 -0.004949039 -0.04048678 0.02919909 -0.004949039 -0.04048678 0.02519809 -0.003746959 -0.04098468 0.02919909 -0.003746959 -0.04098468 0.02519809 -0.003249039 -0.04218678 0.02919909 -0.003249039 -0.04218678 0.02519809 -0.003746959 -0.04338888 0.02919909 -0.003746959 -0.04338888 0.02519809 -0.004949039 -0.04388678 0.02919909 -0.004949039 -0.04388678 0.02519809 -0.006151119 -0.04338888 0.02919909 -0.006151119 -0.04338888 0.02519809 0.003250961 -0.04218678 0.02919909 0.003250961 -0.04218678 0.02519809 0.003748881 -0.04098468 0.02919909 0.003748881 -0.04098468 0.02519809 0.004950961 -0.04048678 0.02919909 0.004950961 -0.04048678 0.02519809 0.006153041 -0.04098468 0.02919909 0.006153041 -0.04098468 0.02519809 0.006650961 -0.04218678 0.02919909 0.006650961 -0.04218678 0.02519809 0.006153041 -0.04338888 0.02919909 0.006153041 -0.04338888 0.02519809 0.004950961 -0.04388678 0.02919909 0.004950961 -0.04388678 0.02519809 0.003748881 -0.04338888 0.02919909 0.003748881 -0.04338888 0.02519809 -0.004999039 -0.05378608 0.02719909 -0.004999039 -0.05378608 0.02519809 -0.006151119 -0.05328888 0.02519809 -0.006151119 -0.05328888 0.02919909 -0.004949039 -0.05378678 0.02919909 -0.004949039 -0.05378678 0.02719909 -0.003746959 -0.05328888 0.02719909 -0.003746959 -0.05328888 0.02919909 -0.003249039 -0.05208678 0.02719909 -0.003249039 -0.05208678 0.02919909 -0.003746959 -0.05088468 0.02719909 -0.003746959 -0.05088468 0.02919909 -0.004949039 -0.05038678 0.02719909 -0.004949039 -0.05038678 0.02919909 -0.004999039 -0.05038748 0.02719909 -0.006151119 -0.05088468 0.02919909 -0.004999039 -0.05038748 0.02519809 -0.006649039 -0.05208678 0.02919909 -0.006649039 -0.05208678 0.02519809 -0.006151119 -0.05088468 0.02519809 0.005000961 -0.05038748 0.02719909 0.005000961 -0.05038748 0.02519809 0.006153041 -0.05088468 0.02519809 0.006153041 -0.05088468 0.02919909 0.004950961 -0.05038678 0.02919909 0.004950961 -0.05038678 0.02719909 0.003748881 -0.05088468 0.02719909 0.003748881 -0.05088468 0.02919909 0.003250961 -0.05208678 0.02719909 0.003250961 -0.05208678 0.02919909 0.003748881 -0.05328888 0.02719909 0.003748881 -0.05328888 0.02919909 0.004950961 -0.05378678 0.02719909 0.004950961 -0.05378678 0.02919909 0.005000961 -0.05378608 0.02719909 0.006153041 -0.05328888 0.02919909 0.005000961 -0.05378608 0.02519809 0.006650961 -0.05208678 0.02919909 0.006650961 -0.05208678 0.02519809 0.006153041 -0.05328888 0.02519809 0.003500961 -0.04713678 -0.01120191 0.003500961 -0.05119938 -0.01120191 0.003748881 -0.05088468 -0.01120191 0.006153041 -0.04338888 -0.01120191 0.004950961 -0.04388678 -0.01120191 0.004950961 -0.05038678 -0.01120191 -0.01039904 -0.04713678 -0.01120191 -0.006151119 -0.04338888 -0.01120191 -0.009369119 -0.04262438 -0.01120191 -0.006649039 -0.04218678 -0.01120191 -0.006483329 -0.03900578 -0.01120191 -0.006151119 -0.04098468 -0.01120191 -0.002313259 -0.03699758 -0.01120191 -0.004949039 -0.04048678 -0.01120191 -0.003746959 -0.04098468 -0.01120191 0.01040096 -0.04713678 -0.01120191 0.006153041 -0.05088468 -0.01120191 0.01040096 -0.05476898 -0.01120191 0.006650961 -0.05208678 -0.01120191 0.009711781 -0.05562858 -0.01120191 0.006153041 -0.05328888 -0.01120191 0.005333241 -0.05888318 -0.01120191 0.004950961 -0.05378678 -0.01120191 0.003500961 -0.05955288 -0.01120191 0.003748881 -0.05328888 -0.01120191 0.003500961 -0.05297418 -0.01120191 -0.004949039 -0.05038678 -0.01120191 -0.006151119 -0.05088468 -0.01120191 -0.006649039 -0.05208678 -0.01120191 -0.01039904 -0.05476898 -0.01120191 -0.006151119 -0.05328888 -0.01120191 -0.009709859 -0.05562858 -0.01120191 -0.004949039 -0.05378678 -0.01120191 -0.005331319 -0.05888318 -0.01120191 -0.003746959 -0.05328888 -0.01120191 -0.003499039 -0.05955288 -0.01120191 -0.003499039 -0.05297418 -0.01120191 0.002475831 -0.04466188 -0.01120191 0.003748881 -0.04338888 -0.01120191 9.606661e-07 -0.04363678 -0.01120191 0.006650961 -0.04218678 -0.01120191 0.009371041 -0.04262438 -0.01120191 0.006153041 -0.04098468 -0.01120191 0.006485251 -0.03900578 -0.01120191 0.004950961 -0.04048678 -0.01120191 0.002315181 -0.03699758 -0.01120191 0.003748881 -0.04098468 -0.01120191 -0.003746959 -0.05088468 -0.01120191 -0.003746959 -0.04338888 -0.01120191 -0.004949039 -0.04388678 -0.01120191 -0.003249039 -0.04218678 -0.01120191 0.003250961 -0.04218678 -0.01120191 -0.002473909 -0.04466188 -0.01120191 -0.003499039 -0.04713678 -0.01120191 -0.003499039 -0.05119938 -0.01120191 0.01040096 -0.04713678 -0.01120191 0.01040096 -0.04713678 -0.01000191 0.009371041 -0.04262438 -0.01120191 0.009371041 -0.04262438 -0.01000191 0.006485251 -0.03900578 -0.01120191 0.006485251 -0.03900578 -0.01000191 0.002315181 -0.03699758 -0.01120191 0.002315181 -0.03699758 -0.01000191 -0.002313259 -0.03699758 -0.01120191 -0.002313259 -0.03699758 -0.01000191 -0.006483329 -0.03900578 -0.01120191 -0.006483329 -0.03900578 -0.01000191 -0.009369119 -0.04262438 -0.01120191 -0.009369119 -0.04262438 -0.01000191 -0.01039904 -0.04713678 -0.01120191 -0.01039904 -0.04713678 -0.01000191 0.01040096 -0.05476898 -0.01000191 0.01040096 -0.05476898 -0.01120191 -0.01039904 -0.05476898 -0.01120191 -0.01039904 -0.05476898 -0.01000191 9.606661e-07 -0.06003678 -0.01230191 0.003500961 -0.05955288 -0.01230191 0.003500961 -0.05297418 -0.01230191 -0.003499039 -0.05955288 -0.01230191 -0.003499039 -0.05297418 -0.01230191 -0.003249039 -0.05208678 -0.01230191 0.003250961 -0.05208678 -0.01230191 -0.003499039 -0.05119938 -0.01230191 0.003500961 -0.05119938 -0.01230191 -0.003499039 -0.04713678 -0.01230191 9.606661e-07 -0.04363678 -0.01230191 -0.002473909 -0.04466188 -0.01230191 0.002475831 -0.04466188 -0.01230191 0.003500961 -0.04713678 -0.01230191 0.002475831 -0.04466188 -0.01230191 0.002475831 -0.04466188 -0.01120191 9.606661e-07 -0.04363678 -0.01230191 9.606661e-07 -0.04363678 -0.01120191 -0.002473909 -0.04466188 -0.01230191 -0.002473909 -0.04466188 -0.01120191 -0.003249039 -0.04218678 -0.01510191 -0.003249039 -0.04218678 -0.01120191 -0.003746959 -0.04098468 -0.01510191 -0.003746959 -0.04098468 -0.01120191 -0.004949039 -0.04048678 -0.01510191 -0.004949039 -0.04048678 -0.01120191 -0.006151119 -0.04098468 -0.01510191 -0.006151119 -0.04098468 -0.01120191 -0.006649039 -0.04218678 -0.01510191 -0.006649039 -0.04218678 -0.01120191 -0.006151119 -0.04338888 -0.01510191 -0.006151119 -0.04338888 -0.01120191 -0.004949039 -0.04388678 -0.01510191 -0.004949039 -0.04388678 -0.01120191 -0.003746959 -0.04338888 -0.01510191 -0.003746959 -0.04338888 -0.01120191 0.006650961 -0.04218678 -0.01510191 0.006650961 -0.04218678 -0.01120191 0.006153041 -0.04098468 -0.01510191 0.006153041 -0.04098468 -0.01120191 0.004950961 -0.04048678 -0.01510191 0.004950961 -0.04048678 -0.01120191 0.003748881 -0.04098468 -0.01510191 0.003748881 -0.04098468 -0.01120191 0.003250961 -0.04218678 -0.01510191 0.003250961 -0.04218678 -0.01120191 0.003748881 -0.04338888 -0.01510191 0.003748881 -0.04338888 -0.01120191 0.004950961 -0.04388678 -0.01510191 0.004950961 -0.04388678 -0.01120191 0.006153041 -0.04338888 -0.01510191 0.006153041 -0.04338888 -0.01120191 -0.003499039 -0.05119938 -0.01230191 -0.003499039 -0.05119938 -0.01120191 -0.003746959 -0.05088468 -0.01120191 -0.003746959 -0.05328888 -0.01510191 -0.003499039 -0.05297418 -0.01230191 -0.003249039 -0.05208678 -0.01510191 -0.003249039 -0.05208678 -0.01230191 -0.003746959 -0.05088468 -0.01510191 -0.004949039 -0.05038678 -0.01510191 -0.004949039 -0.05038678 -0.01120191 -0.006151119 -0.05088468 -0.01510191 -0.006151119 -0.05088468 -0.01120191 -0.006649039 -0.05208678 -0.01510191 -0.006649039 -0.05208678 -0.01120191 -0.006151119 -0.05328888 -0.01510191 -0.006151119 -0.05328888 -0.01120191 -0.004949039 -0.05378678 -0.01510191 -0.004949039 -0.05378678 -0.01120191 -0.003746959 -0.05328888 -0.01120191 -0.003499039 -0.05297418 -0.01120191 0.003500961 -0.05297418 -0.01230191 0.003500961 -0.05297418 -0.01120191 0.003748881 -0.05328888 -0.01120191 0.003748881 -0.05088468 -0.01510191 0.003500961 -0.05119938 -0.01230191 0.003250961 -0.05208678 -0.01510191 0.003250961 -0.05208678 -0.01230191 0.003748881 -0.05328888 -0.01510191 0.004950961 -0.05378678 -0.01510191 0.004950961 -0.05378678 -0.01120191 0.006153041 -0.05328888 -0.01510191 0.006153041 -0.05328888 -0.01120191 0.006650961 -0.05208678 -0.01510191 0.006650961 -0.05208678 -0.01120191 0.006153041 -0.05088468 -0.01510191 0.006153041 -0.05088468 -0.01120191 0.004950961 -0.05038678 -0.01510191 0.004950961 -0.05038678 -0.01120191 0.003748881 -0.05088468 -0.01120191 0.003500961 -0.05119938 -0.01120191 0.01029386 0.01292632 -0.02510191 0.01100096 0.01321922 -0.02510191 -0.009549039 0.01121922 -0.02510191 0.01000096 0.01221922 -0.02510191 -0.01099904 0.01321922 -0.02510191 -0.01029194 0.01292632 -0.02510191 -0.009999039 0.01221922 -0.02510191 -0.009999039 0.01121922 -0.02510191 0.01000096 0.01121922 -0.02510191 0.009550961 0.01121922 -0.02510191 0.009550961 0.009419216 -0.02510191 -0.009549039 0.009419216 -0.02510191 -0.003137109 0.009419216 0.006848086 -0.003137109 0.01051922 0.006848086 -0.002473909 0.01051922 0.007772986 -0.002473909 0.007219216 0.007772986 -0.003499039 0.007219216 0.005298086 -0.003499039 0.009419216 0.005298086 -0.002473909 0.009419216 0.002823186 -0.002473909 0.007219216 0.002823186 9.606661e-07 0.009419216 0.001798086 9.606661e-07 0.007219216 0.001798086 0.002475831 0.009419216 0.002823186 0.002475831 0.007219216 0.002823186 0.003500961 0.009419216 0.005298086 0.003500961 0.007219216 0.005298086 0.003139031 0.009419216 0.006848086 0.002475831 0.007219216 0.007772986 0.003139031 0.01051922 0.006848086 9.606661e-07 0.007219216 0.008798086 9.606661e-07 0.01051922 0.008798086 0.002475831 0.01051922 0.007772986 -0.01895684 0.01335982 -0.02430191 -0.01895684 0.01335982 0.01414945 -0.01889694 0.01355972 0.01414957 -0.01604124 0.02307822 -0.02884671 -0.01645684 0.02169322 -0.02863201 -0.01878654 0.01392762 0.01449361 -0.01878524 0.01393192 0.01449809 -0.01604124 0.02307822 0.01449809 -0.01884714 0.01372572 0.01426508 -0.01878654 0.01392772 -0.02559601 -0.01828704 0.01559272 -0.02680191 -0.01749244 0.01824122 -0.02783741 -0.008999039 0.04721922 -0.02990191 -0.008999039 0.04631922 -0.02990191 -0.01179904 0.04631922 -0.02990191 -0.01279904 0.04458722 -0.02990191 -0.01279904 0.01401692 -0.02990191 -0.01349504 0.01400492 -0.02990191 -0.01221624 0.04588222 -0.02990191 -0.01241434 0.04563522 -0.02990191 -0.01499904 0.04721922 -0.02990191 -0.01260824 0.04532122 -0.02990191 -0.01279904 0.04459422 -0.02990191 -0.01411544 0.01393942 -0.02990191 -0.01495864 0.02321922 -0.02990191 -0.01476544 0.01377362 -0.02990191 -0.01495864 0.01368522 -0.02990191 -0.01180354 0.04631522 -0.02990191 -0.01496594 0.02321922 -0.02990191 -0.01499904 0.02321922 -0.02990191 -0.01765504 0.01421922 0.01549809 -0.01279904 0.01421922 0.01549809 -0.01499904 0.02307222 0.01549809 -0.01279904 0.04721922 0.01549809 -0.01499904 0.04721922 0.01549809 0.01500096 0.04721922 0.01549809 0.01280096 0.04721922 0.01549809 0.01500096 0.02336622 0.01549809 0.01280096 0.01421922 0.01549809 0.01508526 0.02279122 0.01549809 0.01765696 0.01421922 0.01549809 0.01879516 0.01390542 0.01459059 0.01895876 0.01335982 0.01485952 0.01895876 0.01335982 -0.02430191 0.01645876 0.02169322 -0.02863201 0.01604316 0.02307822 -0.02884671 0.01604316 0.02307822 0.01449809 0.01878846 0.01392772 -0.02559601 0.01828896 0.01559272 -0.02680191 0.01861476 0.01450652 0.01449809 0.01749436 0.01824122 -0.02783741 0.01496056 0.02321922 -0.02990191 0.01496056 0.01368522 -0.02990191 0.01471296 0.01379382 -0.02990191 0.009000961 0.04631922 -0.02990191 0.009000961 0.04721922 -0.02990191 0.01180096 0.04631922 -0.02990191 0.01500096 0.04721922 -0.02990191 0.01180546 0.04631522 -0.02990191 0.01242436 0.04562322 -0.02990191 0.01280096 0.01401692 -0.02990191 0.01280096 0.04458722 -0.02990191 0.01339716 0.01401012 -0.02990191 0.01362856 0.01399602 -0.02990191 0.01500636 0.02321922 -0.02990191 0.01500096 0.02336622 -0.02990191 0.01268656 0.04515422 -0.02990191 -0.007999039 -0.02278078 -0.01267681 -0.007999039 -0.02278078 -0.004201914 -0.007999039 -0.02318078 -0.01276331 -0.007999039 -0.02318078 -0.004201914 0.008000961 -0.02278078 -0.004201914 0.008000961 -0.02278078 -0.01267681 0.008000961 -0.02318078 -0.004201914 0.008000961 -0.02318078 -0.01276331 0.005272471 -0.02576768 -0.003201914 0.005268791 -0.02576918 -0.003201914 0.005268791 -0.02019238 -0.003201914 0.006180861 -0.02080088 -0.003201914 0.006787821 -0.02170928 -0.003201914 0.005272471 -0.02019388 -0.003201914 0.007000961 -0.02278078 -0.003201914 0.006180861 -0.02516068 -0.003201914 0.006787821 -0.02425228 -0.003201914 0.007000961 -0.02318078 -0.003201914 -0.005270549 -0.02019388 -0.003201914 -0.005266869 -0.02019238 -0.003201914 -0.005266869 -0.02576918 -0.003201914 -0.006178939 -0.02516068 -0.003201914 -0.006785899 -0.02425228 -0.003201914 -0.005270549 -0.02576768 -0.003201914 -0.006999039 -0.02318078 -0.003201914 -0.006178939 -0.02080088 -0.003201914 -0.006785899 -0.02170928 -0.003201914 -0.006999039 -0.02278078 -0.003201914 -0.004199039 -0.02698078 -0.004201914 -0.003121539 -0.02698078 -0.004201914 -0.004199039 -0.02698078 -0.01384931 -0.002392199 -0.02698078 -0.004411314 9.606661e-07 -0.02698078 -0.01388521 0.002394121 -0.02698078 -0.004411314 0.004200961 -0.02698078 -0.01384931 0.003123461 -0.02698078 -0.004201914 0.004200961 -0.02698078 -0.004201914 0.004200961 -0.01898078 -0.004201914 0.003123461 -0.01898078 -0.004201914 0.004200961 -0.01898078 -0.01255111 0.002394121 -0.01898078 -0.004411314 0.0002267737 -0.01898078 -0.01282891 -0.002392199 -0.01898078 -0.004411314 -0.003732959 -0.01898078 -0.01260951 -0.003121539 -0.01898078 -0.004201914 -0.004199039 -0.01898078 -0.01255111 -0.004199039 -0.01898078 -0.004201914 -0.007889299 -0.02408738 -0.01301961 -0.007709779 -0.02463498 -0.004201914 -0.007854089 -0.02422028 -0.01305831 -0.007388989 -0.02524578 -0.01335801 -0.006886049 -0.02586778 -0.004201914 -0.007314429 -0.02535668 -0.01339001 -0.005443579 -0.02677118 -0.01378071 -0.006433889 -0.02625408 -0.01364161 -0.005653239 -0.02669148 -0.004201914 -0.006546499 -0.02616898 -0.01361841 -0.006887319 -0.02586648 -0.01353481 -0.005307259 -0.02681558 -0.01379291 -0.005653239 -0.01927008 -0.004201914 -0.006279159 -0.01960068 -0.01223791 -0.005175369 -0.01910838 -0.01238801 -0.007835409 -0.02167768 -0.01240331 -0.007792439 -0.02154488 -0.01237561 -0.007709779 -0.02132658 -0.004201914 -0.007290939 -0.02057168 -0.01222821 -0.007183479 -0.02042848 -0.01221701 -0.006886049 -0.02009378 -0.004201914 -0.006885929 -0.02009368 -0.01220551 -0.006389969 -0.01967598 -0.01222801 0.005655161 -0.02669148 -0.004201914 0.005105241 -0.02687158 -0.01380871 0.004948881 -0.02690648 -0.01381901 0.007130711 -0.02560078 -0.01345991 0.006889051 -0.02586668 -0.01353481 0.006887971 -0.02586778 -0.004201914 0.006299701 -0.02634868 -0.01366721 0.006140501 -0.02644858 -0.01369411 0.007245841 -0.02545428 -0.01341801 0.007711701 -0.02463498 -0.004201914 0.007777891 -0.02446358 -0.01312951 0.007832591 -0.02429938 -0.01308141 0.007711701 -0.02132658 -0.004201914 0.006887971 -0.02009378 -0.004201914 0.006888151 -0.02009398 -0.01220551 0.007324501 -0.02061668 -0.01223231 0.007412811 -0.02074998 -0.01224651 0.007885731 -0.02185208 -0.01244161 0.005315771 -0.01914798 -0.01236591 0.005457351 -0.01919448 -0.01234401 0.005655161 -0.01927008 -0.004201914 0.006439551 -0.01971018 -0.01222421 0.006578371 -0.01981638 -0.01221481 0.01100096 0.003419216 -0.006026714 0.01100096 0.003419216 -0.02382771 0.01100096 0.002723716 -0.02382771 0.01100096 -0.007180784 -0.01118771 0.01100096 -0.007180784 -0.006026714 0.01100096 -0.003367784 -0.01650191 0.01100096 -0.002163284 -0.01802971 -0.01099904 0.003419216 -0.006026714 -0.01099904 -0.007180784 -0.006026714 -0.01099904 -0.007180784 -0.01118771 -0.01099904 0.002723716 -0.02382771 -0.01099904 0.003419216 -0.02382771 -0.01099904 -0.002163384 -0.01802951 -0.01099904 -0.003367784 -0.01650191 0.007200961 -0.01098078 -0.009548114 0.007200961 -0.01098078 -0.01065211 0.003694711 -0.01098078 -0.01078311 0.004045271 -0.01098078 -0.01172821 9.606661e-07 -0.01098078 -0.01120191 9.606661e-07 -0.01098078 -0.01220191 -0.003692789 -0.01098078 -0.01078311 -0.004043349 -0.01098078 -0.01172821 -0.007199039 -0.01098078 -0.009548114 -0.007199039 -0.01098078 -0.01065211 0.01063606 -0.008805584 -0.008218214 0.01094796 -0.007812984 -0.009991014 0.007803691 -0.01093268 -0.01028611 0.008287471 -0.01082218 -0.008800214 0.008934191 -0.01056248 -0.009469814 0.009887971 -0.009867784 -0.008630814 0.009148531 -0.01044378 -0.008078514 0.009887971 -0.009867784 -0.007351614 0.01055426 -0.008968384 -0.007948614 0.01068476 -0.008698484 -0.006435514 0.01091776 -0.007971384 -0.006136914 -0.01090944 0.004239416 -0.006145414 -0.008105319 0.007109516 -0.02442511 -0.009179489 0.006662316 -0.02390771 -0.008653239 0.006929916 -0.02060191 -0.009886049 0.006106216 -0.02376951 -0.009886049 0.006106216 -0.02060191 -0.01070984 0.004873216 -0.02378031 -0.01066064 0.004986816 -0.02060191 -0.01066064 0.004986816 -0.006463114 -0.009886049 -0.009867784 -0.008630814 -0.009886049 -0.009867784 -0.007351614 -0.009146179 -0.01044398 -0.008078914 -0.008932259 -0.01056248 -0.009469814 -0.008285549 -0.01082218 -0.008800214 -0.007801729 -0.01093268 -0.01028611 -0.01068324 -0.008697484 -0.006435014 -0.01055234 -0.008968384 -0.007948614 -0.01091654 -0.007968484 -0.006136114 -0.01067974 -0.008705584 -0.008387614 -0.01096224 -0.007708084 -0.01018701 0.01071136 0.004874216 -0.02378031 0.01066256 0.004986816 -0.02060191 0.01066256 0.004986816 -0.006463114 0.01091226 0.004235616 -0.006144214 0.009887971 0.006106216 -0.02376951 0.009887971 0.006106216 -0.02060191 0.009181411 0.006662316 -0.02390771 0.008655161 0.006929916 -0.02060191 0.008108391 0.007109316 -0.02442431 -0.01754644 0.003956616 0.02171229 -0.01638824 0.001883116 0.02274918 -0.01563944 0.003504016 0.02318586 -0.01423454 0.006154816 0.0236695 -0.01356134 0.006970216 0.02377168 -0.01599904 0.01221922 0.02299424 -0.01325624 0.007164416 0.02379257 -0.01455194 0.01221922 0.02359364 -0.01879464 0.01221922 0.019351 -0.01892824 0.007020616 0.01871695 -0.01819524 0.01221922 0.02079809 -0.01862084 0.006243816 0.01989454 -0.01818034 0.005247016 0.0208237 -0.01724164 0.01221922 0.02204073 -0.01893934 0.007052716 -0.02514651 -0.01879464 0.01364032 -0.02585481 -0.01819524 0.01530532 -0.02730191 -0.01724164 0.01795422 -0.02854451 -0.01649814 0.006247516 -0.02917601 -0.01683524 0.006030616 -0.02891531 -0.01793844 0.005051516 -0.02770811 -0.01868414 0.006438716 -0.02622031 -0.01535054 0.02304422 -0.02982191 -0.01535054 0.01321922 -0.02982191 -0.01539714 0.02304122 -0.02980181 -0.01599904 0.02140622 -0.02949811 -0.01541004 0.02304222 -0.02979621 -0.01344864 0.01321922 -0.03028501 -0.01341654 0.007206016 -0.03028741 -0.01494064 0.006932916 -0.02997911 -0.01534334 0.01321922 -0.02982491 -0.01470684 0.01321922 -0.03005371 -0.01455024 0.01321922 -0.03009791 -0.01399974 0.01321922 -0.03021791 -0.01511714 0.006877616 -0.02991561 0.01336056 0.01321922 -0.03029111 0.01356896 0.01321922 -0.03027501 0.01464546 0.007014516 -0.03007211 0.01450746 0.01321922 -0.03010971 0.01470876 0.01321922 -0.03005371 0.01534526 0.01321922 -0.02982491 0.01535246 0.01321922 -0.02982191 0.01609046 0.006474316 -0.02944541 0.01879656 0.01364032 -0.02585481 0.01893426 0.007034116 -0.02519431 0.01873836 0.006555916 -0.02605741 0.01862966 0.006316516 -0.02637991 0.01794036 0.005051516 -0.02770811 0.01819716 0.01530532 -0.02730191 0.01736696 0.005622216 -0.02841751 0.01724356 0.01795422 -0.02854451 0.01600096 0.02140622 -0.02949811 0.01550216 0.02279122 -0.02975571 0.01535246 0.02321922 -0.02982191 0.01540746 0.02321922 -0.02979821 0.01819556 0.005275816 0.02080077 0.01873736 0.006522616 0.01955706 0.01819716 0.01221922 0.02079809 0.01894706 0.007066816 0.01860029 0.01879656 0.01221922 0.019351 0.01808776 0.005045416 0.02098003 0.01600096 0.01221922 0.02299424 0.01702976 0.002990316 0.02224434 0.01639016 0.001883116 0.02274918 0.01724356 0.01221922 0.02204073 0.01455386 0.01221922 0.02359364 0.01321766 0.007180016 0.02379418 0.01392906 0.006583416 0.02372588 -0.01443334 0.04781922 0.01466378 -0.01499904 0.04781922 0.01489809 -0.01339904 0.04781922 0.01489809 -0.008599039 0.04781922 -0.02890191 -0.008716199 0.04781922 -0.02918471 -0.008999039 0.04781922 -0.02930191 -0.01539904 0.04781922 0.01340527 -0.01339904 0.04781922 -0.01820191 -0.01539904 0.04781922 -0.02890191 -0.01144904 0.04781922 -0.02370191 -0.01109754 0.04781922 -0.02455041 -0.01499904 0.04781922 0.01329809 -0.01443334 0.04781922 0.0135324 -0.01419904 0.04781922 0.01409809 -0.01024904 0.04781922 -0.02490191 -0.009400509 0.04781922 -0.02455041 -0.009049039 0.04781922 -0.02370191 -0.008599039 0.04781922 -0.01860191 -0.009400509 0.04781922 -0.02285341 -0.01024904 0.04781922 -0.02250191 -0.01534544 0.04781922 -0.02910191 -0.01519904 0.04781922 -0.02924831 -0.01499904 0.04781922 -0.02930191 -0.008716199 0.04781922 -0.01831911 -0.008999039 0.04781922 -0.01820191 -0.01109754 0.04781922 -0.02285341 -0.01599904 0.04721922 -0.02890191 -0.01599904 0.02336322 -0.02890191 -0.01599904 0.04721922 0.01449809 -0.01599904 0.02336622 -0.02884671 -0.01599904 0.02336622 0.01449809 -0.009400509 0.04531922 -0.02455041 -0.01024904 0.04531922 -0.02490191 -0.008999039 0.04531922 -0.02890191 -0.01179904 0.04531922 -0.02890191 -0.009049039 0.04531922 -0.02370191 -0.008999039 0.04531922 -0.01860191 -0.009400509 0.04531922 -0.02285341 -0.01109754 0.04531922 -0.02455041 -0.01144904 0.04531922 -0.02370191 -0.01179904 0.04531922 -0.01860191 -0.01109754 0.04531922 -0.02285341 -0.01024904 0.04531922 -0.02250191 -0.007999039 0.04721922 -0.01860191 -0.007999039 0.04631922 -0.01860191 -0.007999039 0.04721922 -0.02890191 -0.007999039 0.04631922 -0.02890191 -0.01179904 0.04631922 -0.01760191 -0.008999039 0.04631922 -0.01760191 -0.01179904 0.04721922 -0.01760191 -0.008999039 0.04721922 -0.01760191 0.01500096 0.04781922 0.01489809 0.01443526 0.04781922 0.01466378 0.01340096 0.04781922 0.01489809 0.01420096 0.04781922 0.01409809 0.01340096 0.04781922 -0.01820191 0.01443526 0.04781922 0.0135324 0.01025096 0.04781922 -0.02250191 0.009402431 0.04781922 -0.02285341 0.008600961 0.04781922 -0.01860191 0.009050961 0.04781922 -0.02370191 0.008600961 0.04781922 -0.02890191 0.009402431 0.04781922 -0.02455041 0.01025096 0.04781922 -0.02490191 0.01500096 0.04781922 0.01329809 0.01540096 0.04781922 0.01340527 0.01540096 0.04781922 -0.02890191 0.008718121 0.04781922 -0.02918471 0.009000961 0.04781922 -0.02930191 0.01500096 0.04781922 -0.02930191 0.01109946 0.04781922 -0.02455041 0.01520196 0.04781922 -0.02924771 0.01534856 0.04781922 -0.02909991 0.01145096 0.04781922 -0.02370191 0.01109946 0.04781922 -0.02285341 0.009000961 0.04781922 -0.01820191 0.008718121 0.04781922 -0.01831911 0.01597536 0.02321922 -0.02916781 0.01601166 0.02321922 -0.02888851 0.01595026 0.02321922 -0.02922081 0.01583116 0.02321922 -0.02947281 0.01578246 0.02321922 -0.02951411 0.01559396 0.02321922 -0.02971271 0.01561236 0.02321922 -0.02967781 0.01540746 0.02321922 -0.02979821 0.01533976 0.02321922 -0.02984511 0.01535246 0.02321922 -0.02982191 0.01500636 0.02321922 -0.02990191 0.01496056 0.02321922 -0.02990191 0.01600096 0.04721922 -0.02888451 0.01600096 0.04721922 0.01449809 0.01600096 0.02336622 -0.02888451 0.01600096 0.02336622 0.01449809 0.009000961 0.04531922 -0.01860191 0.009000961 0.04531922 -0.02890191 0.009050961 0.04531922 -0.02370191 0.009402431 0.04531922 -0.02455041 0.01180096 0.04531922 -0.01860191 0.01145096 0.04531922 -0.02370191 0.01180096 0.04531922 -0.02890191 0.01109946 0.04531922 -0.02455041 0.01025096 0.04531922 -0.02490191 0.009402431 0.04531922 -0.02285341 0.01025096 0.04531922 -0.02250191 0.01109946 0.04531922 -0.02285341 0.01180096 0.04721922 -0.01760191 0.009000961 0.04721922 -0.01760191 0.01180096 0.04631922 -0.01760191 0.009000961 0.04631922 -0.01760191 0.008000961 0.04721922 -0.02890191 0.008000961 0.04631922 -0.02890191 0.008000961 0.04721922 -0.01860191 0.008000961 0.04631922 -0.01860191 -0.01024904 0.04781922 -0.02490191 -0.01024904 0.04531922 -0.02490191 -0.009400509 0.04781922 -0.02455041 -0.009400509 0.04531922 -0.02455041 -0.009049039 0.04781922 -0.02370191 -0.009049039 0.04531922 -0.02370191 -0.009400509 0.04781922 -0.02285341 -0.009400509 0.04531922 -0.02285341 -0.01024904 0.04781922 -0.02250191 -0.01024904 0.04531922 -0.02250191 -0.01109754 0.04781922 -0.02285341 -0.01109754 0.04531922 -0.02285341 -0.01144904 0.04781922 -0.02370191 -0.01144904 0.04531922 -0.02370191 -0.01109754 0.04781922 -0.02455041 -0.01109754 0.04531922 -0.02455041 0.01025096 0.04781922 -0.02490191 0.01025096 0.04531922 -0.02490191 0.01109946 0.04781922 -0.02455041 0.01109946 0.04531922 -0.02455041 0.01145096 0.04781922 -0.02370191 0.01145096 0.04531922 -0.02370191 0.01109946 0.04781922 -0.02285341 0.01109946 0.04531922 -0.02285341 0.01025096 0.04781922 -0.02250191 0.01025096 0.04531922 -0.02250191 0.009402431 0.04781922 -0.02285341 0.009402431 0.04531922 -0.02285341 0.009050961 0.04781922 -0.02370191 0.009050961 0.04531922 -0.02370191 0.009402431 0.04781922 -0.02455041 0.009402431 0.04531922 -0.02455041 0.01573886 0.04771522 0.01378909 0.01556666 0.04281922 0.0135324 0.01580096 0.04766622 0.01409809 0.01580096 0.04281922 0.01409809 0.01569376 0.04774322 0.01449809 0.01556666 0.04281922 0.01466378 0.01500096 0.04281922 0.01489809 0.01530796 0.04781622 0.01483685 0.01556826 0.04778822 0.01466217 0.01556926 0.04779522 0.01353499 0.01540096 0.04781922 0.01340527 0.01500096 0.04281922 0.01329809 0.01500096 0.04781922 0.01329809 0.01443526 0.04281922 0.0135324 0.01443526 0.04781922 0.0135324 0.01420096 0.04281922 0.01409809 0.01420096 0.04781922 0.01409809 0.01443526 0.04281922 0.01466378 0.01443526 0.04781922 0.01466378 0.01500096 0.04781922 0.01489809 0.01500096 0.04281922 0.01489809 0.01556666 0.04281922 0.01466378 0.01500096 0.04281922 0.01409809 0.01443526 0.04281922 0.01466378 0.01500096 0.04281922 0.01329809 0.01443526 0.04281922 0.0135324 0.01420096 0.04281922 0.01409809 0.01580096 0.04281922 0.01409809 0.01556666 0.04281922 0.0135324 -0.01499904 0.04281922 0.01489809 -0.01443334 0.04281922 0.01466378 -0.01499904 0.04281922 0.01409809 -0.01556474 0.04281922 0.01466378 -0.01499904 0.04281922 0.01329809 -0.01556474 0.04281922 0.0135324 -0.01579904 0.04281922 0.01409809 -0.01419904 0.04281922 0.01409809 -0.01443334 0.04281922 0.0135324 -0.01499904 0.04281922 0.01329809 -0.01499904 0.04781922 0.01329809 -0.01539904 0.04781922 0.01340527 -0.01556474 0.04281922 0.0135324 -0.01443334 0.04781922 0.0135324 -0.01443334 0.04281922 0.0135324 -0.01419904 0.04781922 0.01409809 -0.01419904 0.04281922 0.01409809 -0.01443334 0.04781922 0.01466378 -0.01443334 0.04281922 0.01466378 -0.01499904 0.04781922 0.01489809 -0.01499904 0.04281922 0.01489809 -0.01530604 0.04781622 0.01483685 -0.01556474 0.04281922 0.01466378 -0.01556474 0.04778822 0.01466378 -0.01556474 0.04779622 0.0135324 -0.01573694 0.04771522 0.01378909 -0.01579904 0.04281922 0.01409809 -0.01579904 0.04766622 0.01409809 -0.01569184 0.04774322 0.01449809 -0.002799039 0.01221922 0.02189809 0.002800961 0.01221922 0.02189809 -0.002799039 0.01151922 0.02189809 0.002800961 0.01151922 0.02189809 0.003800961 0.01051922 0.006848086 0.003139031 0.01051922 0.006848086 0.003800961 0.01051922 0.02089809 0.002475831 0.01051922 0.007772986 -0.003799039 0.01051922 0.02089809 -0.003137109 0.01051922 0.006848086 -0.003799039 0.01051922 0.006848086 -0.002473909 0.01051922 0.007772986 9.606661e-07 0.01051922 0.008798086 -0.003799039 0.01051922 0.02089809 -0.003799039 0.01051922 0.006848086 -0.003799039 0.01221922 0.02089809 -0.003799039 0.01321922 0.006848086 -0.003799039 0.01321922 0.02116604 0.003800961 0.01051922 0.006848086 0.003800961 0.01051922 0.02089809 0.003800961 0.01321922 0.006848086 0.003800961 0.01221922 0.02089809 0.003800961 0.01321922 0.02116604 -0.01024904 0.01121922 -0.02630191 -0.01024904 0.01321922 -0.02630191 -0.009400509 0.01121922 -0.02665341 -0.009400509 0.01321922 -0.02665341 -0.009049039 0.01121922 -0.02750191 -0.009049039 0.01321922 -0.02750191 -0.009400509 0.01121922 -0.02835041 -0.009400509 0.01321922 -0.02835041 -0.01024904 0.01121922 -0.02870191 -0.01024904 0.01321922 -0.02870191 -0.01109754 0.01121922 -0.02835041 -0.01109754 0.01321922 -0.02835041 -0.01144904 0.01121922 -0.02750191 -0.01144904 0.01321922 -0.02750191 -0.01109754 0.01121922 -0.02665341 -0.01109754 0.01321922 -0.02665341 0.01025096 0.01121922 -0.02630191 0.01025096 0.01321922 -0.02630191 0.01109946 0.01121922 -0.02665341 0.01109946 0.01321922 -0.02665341 0.01145096 0.01121922 -0.02750191 0.01145096 0.01321922 -0.02750191 0.01109946 0.01121922 -0.02835041 0.01109946 0.01321922 -0.02835041 0.01025096 0.01121922 -0.02870191 0.01025096 0.01321922 -0.02870191 0.009402431 0.01121922 -0.02835041 0.009402431 0.01321922 -0.02835041 0.009050961 0.01121922 -0.02750191 0.009050961 0.01321922 -0.02750191 0.009402431 0.01121922 -0.02665341 0.009402431 0.01321922 -0.02665341 0.01000096 0.01121922 -0.02501441 0.01000096 0.01121922 -0.02510191 0.01025096 0.01121922 -0.02500191 0.01275096 0.01121922 -0.02750191 0.01201876 0.01121922 -0.02573411 0.01145096 0.01121922 -0.02750191 0.01109946 0.01121922 -0.02665341 0.01025096 0.01121922 -0.02630191 0.009550961 0.01121922 -0.02510191 0.009402431 0.01121922 -0.02665341 0.008483191 0.01121922 -0.02573411 0.009050961 0.01121922 -0.02750191 0.007750961 0.01121922 -0.02750191 0.009402431 0.01121922 -0.02835041 0.008483191 0.01121922 -0.02926971 0.01025096 0.01121922 -0.02870191 0.01025096 0.01121922 -0.03000191 0.01109946 0.01121922 -0.02835041 0.01201876 0.01121922 -0.02926971 0.01000096 0.009419216 -0.02501441 0.01000096 0.01121922 -0.02501441 0.01025096 0.01121922 -0.02500191 0.009550961 0.01121922 -0.02510191 0.009550961 0.009419216 -0.02510191 0.008483191 0.007219216 -0.02573411 0.01025096 0.007219216 -0.02500191 0.01201876 0.007219216 -0.02573411 0.01201876 0.01121922 -0.02573411 0.01275096 0.007219216 -0.02750191 0.01275096 0.01121922 -0.02750191 0.01201876 0.007219216 -0.02926971 0.01201876 0.01121922 -0.02926971 0.01025096 0.007219216 -0.03000191 0.01025096 0.01121922 -0.03000191 0.008483191 0.007219216 -0.02926971 0.008483191 0.01121922 -0.02926971 0.007750961 0.007219216 -0.02750191 0.007750961 0.01121922 -0.02750191 0.008483191 0.01121922 -0.02573411 -0.009999039 0.01121922 -0.02510191 -0.009999039 0.01121922 -0.02501441 -0.01274904 0.01121922 -0.02750191 -0.01024904 0.01121922 -0.02500191 -0.01201684 0.01121922 -0.02573411 -0.009400509 0.01121922 -0.02665341 -0.009549039 0.01121922 -0.02510191 -0.01024904 0.01121922 -0.02630191 -0.01109754 0.01121922 -0.02665341 -0.01144904 0.01121922 -0.02750191 -0.01109754 0.01121922 -0.02835041 -0.01201684 0.01121922 -0.02926971 -0.01024904 0.01121922 -0.02870191 -0.01024904 0.01121922 -0.03000191 -0.009400509 0.01121922 -0.02835041 -0.008481269 0.01121922 -0.02926971 -0.009049039 0.01121922 -0.02750191 -0.007749039 0.01121922 -0.02750191 -0.008481269 0.01121922 -0.02573411 -0.009549039 0.009419216 -0.02510191 -0.009549039 0.01121922 -0.02510191 -0.008481269 0.01121922 -0.02573411 -0.008481269 0.007219216 -0.02573411 -0.01024904 0.007219216 -0.02500191 -0.009999039 0.009419216 -0.02501441 -0.007749039 0.007219216 -0.02750191 -0.007749039 0.01121922 -0.02750191 -0.008481269 0.007219216 -0.02926971 -0.008481269 0.01121922 -0.02926971 -0.01024904 0.007219216 -0.03000191 -0.01024904 0.01121922 -0.03000191 -0.01201684 0.007219216 -0.02926971 -0.01201684 0.01121922 -0.02926971 -0.01274904 0.007219216 -0.02750191 -0.01274904 0.01121922 -0.02750191 -0.01201684 0.007219216 -0.02573411 -0.01201684 0.01121922 -0.02573411 -0.01024904 0.01121922 -0.02500191 -0.009999039 0.01121922 -0.02501441 -0.009999039 0.008219216 -0.001601914 -0.009999039 0.008419216 -0.001601914 0.01000096 0.008219216 -0.001601914 0.01000096 0.008419216 -0.001601914 0.009037841 0.007853816 -0.01960191 0.01000096 0.007317916 -0.01960191 0.01000096 0.008419216 -0.01960191 -0.009999039 0.007317916 -0.01960191 -0.009035919 0.007853816 -0.01960191 -0.009999039 0.008419216 -0.01960191 -0.007199039 0.008219216 -0.01960191 0.007200961 0.008219216 -0.01960191 0.01100096 0.006635116 -0.006463114 0.01100096 0.006555416 -0.006026714 0.01100096 0.008219216 -0.006026714 0.01100096 0.008219216 -0.002601914 0.01100096 0.008419216 -0.002601914 0.01100096 0.006973816 -0.01862091 0.01100096 0.006635116 -0.01867511 0.01100096 0.01221922 -0.01886991 0.01100096 0.009419216 -0.002334014 0.01100096 0.01221922 -0.002334014 0.01100096 0.009419216 -0.01886991 0.01100096 0.008419216 -0.01860191 0.01100096 0.007317916 -0.01860191 -0.01099904 0.009419216 -0.01886991 -0.01099904 0.01221922 -0.01886991 -0.01099904 0.008219216 -0.006026714 -0.01099904 0.01221922 -0.002334014 -0.01099904 0.009419216 -0.002334014 -0.01099904 0.008419216 -0.002601914 -0.01099904 0.008219216 -0.002601914 -0.01099904 0.006555416 -0.006026714 -0.01099904 0.006635116 -0.006463114 -0.01099904 0.006635116 -0.01867511 -0.01099904 0.006973816 -0.01862091 -0.01099904 0.007317916 -0.01860191 -0.01099904 0.008419216 -0.01860191 0.01110096 -0.03216808 0.02336376 -0.01109904 -0.03245008 0.02349361 0.01110096 -0.03115238 0.02262651 -0.01109904 -0.03115238 0.02262651 0.01110096 -0.03076228 0.02217319 -0.01109904 -0.03076228 0.02217319 0.01115816 -0.03020618 0.02112186 -0.01115624 -0.03020618 0.02112186 0.01116866 -0.03015038 0.02095046 -0.01116674 -0.03015038 0.02095046 0.01116486 -0.03015038 -0.007154314 0.01115446 -0.03020618 -0.007325514 -0.01109904 -0.03217118 -0.009569214 0.01110096 -0.03245008 -0.009697414 -0.01109904 -0.03115238 -0.008830314 0.01110096 -0.03115238 -0.008830314 -0.01109904 -0.03076648 -0.008382714 0.01110096 -0.03076648 -0.008382714 -0.01115254 -0.03020618 -0.007325514 -0.01116294 -0.03015038 -0.007154314 -0.01182884 -0.02847528 0.02855798 -0.01209014 -0.02991348 0.02786246 -0.01165904 -0.04274408 0.02876038 -0.01177924 -0.04272218 0.02862495 -0.01061154 -0.04293918 0.02919904 -0.01060454 -0.03026338 0.02919908 -0.01116794 -0.02970678 0.02908702 -0.01168464 -0.02887798 0.02873418 -0.01095174 -0.04287478 0.02915702 0.01178116 -0.04272218 0.02862495 0.01166096 -0.04274408 0.02876038 0.01235036 -0.04547518 0.02875975 -0.01177924 -0.04272218 0.02862495 -0.01095174 -0.04287478 0.02915702 -0.01165904 -0.04274408 0.02876038 -0.01234844 -0.04547518 0.02875975 0.01061346 -0.04293918 0.02919904 0.01095366 -0.04287478 0.02915702 -0.01242054 -0.04812418 0.02875975 -0.01193084 -0.05072848 0.02875975 -0.01090154 -0.05317038 0.02875975 -0.009379139 -0.05533938 0.02875975 -0.007432519 -0.05713738 0.02875975 -0.005149709 -0.05848308 0.02875975 -0.002633959 -0.05931568 0.02875975 9.606661e-07 -0.05959748 0.02875975 0.002635881 -0.05931568 0.02875975 0.005151631 -0.05848308 0.02875975 0.007434441 -0.05713738 0.02875975 0.009381061 -0.05533938 0.02875975 0.01090346 -0.05317038 0.02875975 0.01193276 -0.05072848 0.02875975 0.01242246 -0.04812418 0.02875975 0.01060646 -0.03026338 0.02919908 0.01209276 -0.02991898 0.02785547 0.01183076 -0.02847528 0.02855798 0.01168656 -0.02887798 0.02873418 0.01178116 -0.04272218 0.02862495 0.01166096 -0.04274408 0.02876038 0.01095366 -0.04287478 0.02915702 0.01116986 -0.02970678 0.02908702 -0.01061154 -0.04293918 -0.01510191 -0.01141234 -0.04278918 -0.01486231 -0.01060454 -0.03012678 -0.01510191 -0.01165894 -0.04274408 -0.01466341 -0.01090714 -0.02982808 -0.01506991 -0.01201654 -0.04267938 -0.01409251 -0.01209334 -0.02993758 -0.01373201 -0.01171384 -0.02783508 -0.01460551 0.01141426 -0.04278918 -0.01486231 0.01166086 -0.04274408 -0.01466341 0.01235036 -0.04547518 -0.01466261 0.01201846 -0.04267938 -0.01409251 -0.01201654 -0.04267938 -0.01409251 -0.01165894 -0.04274408 -0.01466341 -0.01234844 -0.04547518 -0.01466261 -0.01141234 -0.04278918 -0.01486231 0.01061346 -0.04293918 -0.01510191 -0.01242054 -0.04812418 -0.01466261 -0.01193084 -0.05072848 -0.01466261 -0.01090154 -0.05317038 -0.01466261 -0.009379139 -0.05533938 -0.01466261 -0.007432519 -0.05713738 -0.01466261 -0.005149709 -0.05848308 -0.01466261 -0.002633959 -0.05931568 -0.01466261 9.606661e-07 -0.05959748 -0.01466261 0.002635881 -0.05931568 -0.01466261 0.005151631 -0.05848308 -0.01466261 0.007434441 -0.05713738 -0.01466261 0.009381061 -0.05533938 -0.01466261 0.01090346 -0.05317038 -0.01466261 0.01193276 -0.05072848 -0.01466261 0.01242246 -0.04812418 -0.01466261 0.01060646 -0.03012678 -0.01510191 0.01209216 -0.02991438 -0.01376391 0.01201846 -0.04267938 -0.01409251 0.01166086 -0.04274408 -0.01466341 0.01090906 -0.02982808 -0.01506991 0.01171576 -0.02783508 -0.01460551 0.01141426 -0.04278918 -0.01486231 -0.01516634 0.02309322 -0.02988011 -0.01534634 0.01322462 -0.02982371 -0.01497884 0.02319022 -0.02990171 -0.01496224 0.02321422 -0.02990191 0.01534826 0.01322462 -0.02982371 -0.01552014 0.02307522 0.01536412 -0.01845424 0.01401602 0.0152052 -0.01573494 0.02307722 0.01520619 -0.01590154 0.02307822 0.01499809 -0.01869924 0.01395372 0.01488077 -0.01824814 0.01345112 0.01573824 -0.01807854 0.01328022 0.01610467 -0.01765504 0.01335322 0.01599809 -0.01864914 0.01367592 0.01519965 -0.01855834 0.01364202 0.01533045 -0.01854294 0.01363542 0.01535107 -0.01765504 0.01351212 0.01579098 -0.01765504 0.01371922 0.01563206 -0.01876424 0.01370862 0.01498719 -0.01883784 0.01372402 0.01477233 -0.01884714 0.01372572 0.01426508 -0.01886044 0.01372802 0.01434275 -0.01886884 0.01372942 0.01456945 -0.01279904 0.01351212 0.01579098 -0.01534334 0.01321922 -0.02982491 -0.01482764 0.01344282 -0.02994061 -0.01470684 0.01321922 -0.03005371 -0.01279904 0.01377102 -0.02993261 -0.01279904 0.01321922 -0.03029861 -0.01299904 0.01321922 -0.03030191 -0.01346924 0.01356802 -0.03000281 -0.01405244 0.01354702 -0.02998431 -0.01465214 0.01348172 -0.02995221 -0.01344864 0.01321922 -0.03028501 -0.01399974 0.01321922 -0.03021791 -0.01455024 0.01321922 -0.03009791 0.01600366 0.02329222 -0.02888211 0.01300096 0.01321922 -0.03030191 0.01280096 0.01321922 -0.03029861 0.01280096 0.01339192 -0.03012111 0.01337676 0.01356952 -0.03000451 0.01336056 0.01321922 -0.03029111 0.01359556 0.01356542 -0.03000001 0.01460436 0.01349032 -0.02995531 0.01482956 0.01344282 -0.02994061 0.01356896 0.01321922 -0.03027501 0.01450746 0.01321922 -0.03010971 0.01470876 0.01321922 -0.03005371 0.01783726 0.01391862 0.01554434 0.01280096 0.01351212 0.01579098 0.01800096 0.01364582 0.0156788 0.01800096 0.01351212 0.01579098 0.01800096 0.01333222 0.01603624 0.01534526 0.01321922 -0.02982491 -0.01594334 0.02327922 -0.02923091 -0.01586504 0.04721922 -0.02940191 -0.01518734 0.02321922 -0.02988401 -0.01549904 0.04721922 -0.02976791 -0.01537364 0.02321922 -0.02982911 -0.01540114 0.02321922 -0.02981751 -0.01540874 0.02321922 -0.02981411 -0.01549904 0.02321922 -0.02976791 -0.01586504 0.02321922 -0.02940191 -0.01587514 0.02321922 -0.02938401 -0.01179904 0.04582422 -0.02977111 -0.008999039 0.04561222 -0.02960901 -0.01179904 0.04561222 -0.02960901 -0.01179904 0.04545522 -0.02940461 -0.008291929 0.04631922 -0.02960901 -0.008291929 0.04721922 -0.02960901 -0.01179904 0.04561222 -0.01789481 -0.008999039 0.04561222 -0.01789481 -0.008291929 0.04631922 -0.01789481 -0.008291929 0.04721922 -0.01789481 0.01600096 0.04721922 -0.02889321 0.01600096 0.02336622 -0.02889321 0.01587456 0.02336622 -0.02938861 0.01586986 0.04721922 -0.02939691 0.01550756 0.02336622 -0.02976411 0.01550346 0.04721922 -0.02976651 0.01601166 0.02321922 -0.02888851 0.01597536 0.02321922 -0.02916781 0.01583116 0.02321922 -0.02947281 0.01559396 0.02321922 -0.02971271 0.01533976 0.02321922 -0.02984511 -0.005051789 -0.01960078 -0.003331514 -0.007706149 -0.02278078 -0.003494814 -0.007439179 -0.02143868 -0.003494814 -0.006678939 -0.02030088 -0.003494814 -0.005541149 -0.01954068 -0.003494814 -0.004730659 -0.01929758 -0.003511714 -0.004199039 -0.01907548 -0.003777114 -0.007706149 -0.02318078 -0.003494814 -0.004199039 -0.02688608 -0.003777114 -0.004730889 -0.02666388 -0.003511514 -0.005049999 -0.02636318 -0.003332514 -0.005541149 -0.02642088 -0.003494814 -0.007439179 -0.02452288 -0.003494814 -0.006678939 -0.02566068 -0.003494814 0.01180096 0.04561222 -0.02960901 0.009000961 0.04561222 -0.02960901 0.008293851 0.04631922 -0.02960901 0.008293851 0.04721922 -0.02960901 0.009000961 0.04561222 -0.01789481 0.01180096 0.04561222 -0.01789481 0.008293851 0.04631922 -0.01789481 0.008293851 0.04721922 -0.01789481 -0.008576979 -0.02299048 -0.01364961 -0.008451409 -0.02402708 -0.01388181 -0.007546189 -0.02523758 -0.01383791 -0.008020289 -0.02415198 -0.01355841 -0.008055099 -0.02401238 -0.01352271 -0.008155809 -0.02306788 -0.01328881 -0.006668589 -0.02622328 -0.01408571 -0.007469079 -0.02535568 -0.01386811 -0.008411149 -0.02418018 -0.01391731 -0.007877429 -0.02537018 -0.01419541 -0.007791679 -0.02549948 -0.01422551 -0.006907779 -0.02645058 -0.01444261 -0.006778169 -0.02655048 -0.01446501 -0.005639569 -0.02715938 -0.01460101 -0.005483049 -0.02721198 -0.01461321 -0.006550679 -0.02631438 -0.01410811 -0.005511959 -0.02686848 -0.01424381 -0.005368909 -0.02691608 -0.01425591 -0.004210299 -0.02723158 -0.01451161 0.004214941 -0.02741158 -0.01467141 9.606661e-07 -0.02723748 -0.01455421 0.004212221 -0.02723158 -0.01451161 0.004208851 -0.02709498 -0.01431341 -0.008157519 -0.02266588 -0.01320461 -0.008582709 -0.02258738 -0.01356521 0.004992831 -0.02701378 -0.01428201 0.005071611 -0.02732008 -0.01463961 0.006243071 -0.02652258 -0.01415891 0.005156851 -0.02697628 -0.01427171 0.007278361 -0.02561608 -0.01393421 0.006409981 -0.02641558 -0.01413281 0.007397931 -0.02545968 -0.01389461 0.007944001 -0.02440838 -0.01362431 0.007998881 -0.02423528 -0.01357971 0.008157731 -0.02306788 -0.01328881 0.005250941 -0.02727848 -0.01462911 0.006440291 -0.02677898 -0.01451581 0.006623451 -0.02666148 -0.01448971 0.007580001 -0.02578478 -0.01429141 0.007712481 -0.02561348 -0.01425191 0.008323631 -0.02446128 -0.01398271 0.008386261 -0.02427148 -0.01393851 0.008578901 -0.02299048 -0.01364961 -0.004318669 -0.01840038 -0.01345091 -0.004270039 -0.01882328 -0.01308511 -0.005284229 -0.01896328 -0.01293881 -0.005442879 -0.01854208 -0.01330441 -0.006408359 -0.01946938 -0.01281001 -0.007314049 -0.02029538 -0.01279591 -0.006519819 -0.01954528 -0.01280191 -0.007421759 -0.02043738 -0.01280601 -0.007931439 -0.02140718 -0.01293611 -0.007976309 -0.02154088 -0.01296051 -0.006688629 -0.01908318 -0.01317541 -0.006811939 -0.01916528 -0.01316731 -0.007686849 -0.01998248 -0.01316071 -0.007804599 -0.02013798 -0.01317061 -0.008354709 -0.02120348 -0.01329911 -0.008402079 -0.02135048 -0.01332321 0.008159441 -0.02266588 -0.01320461 0.008584631 -0.02258738 -0.01356521 -0.003795849 -0.01882448 -0.01314271 -0.003839079 -0.01840428 -0.01350921 0.0002305887 -0.01882878 -0.01335891 0.0002332447 -0.01841888 -0.01372781 0.004271961 -0.01882328 -0.01308511 0.004320591 -0.01840038 -0.01345091 0.008029281 -0.02171688 -0.01299441 0.008457411 -0.02154408 -0.01335681 0.007544261 -0.02061428 -0.01282231 0.006708841 -0.01968628 -0.01279131 0.007455441 -0.02048188 -0.01280981 0.006569601 -0.01957968 -0.01279881 0.005573861 -0.01905368 -0.01290031 0.005428621 -0.01900508 -0.01291941 0.007937901 -0.02033198 -0.01318671 0.007841171 -0.02018688 -0.01317431 0.007020661 -0.01931808 -0.01315661 0.006866791 -0.01920248 -0.01316421 0.005763791 -0.01863748 -0.01326591 0.005602761 -0.01858598 -0.01328501 0.01848706 0.01401692 0.01523762 0.01862856 0.01363642 0.0153963 0.01883076 0.01353732 0.01516809 0.01833426 0.01442242 0.0152052 -0.01549904 0.04721922 0.01536412 -0.01549904 0.02321922 0.01536412 -0.01586504 0.04721922 0.01499809 -0.01586504 0.02332622 0.01499809 -0.01570044 0.02301222 -0.02961361 -0.01604054 0.02307922 -0.02887461 -0.01597964 0.02305422 -0.02920601 -0.01634674 0.02157322 -0.02913561 -0.01590834 0.02303522 -0.02936061 -0.01590444 0.02303422 -0.02936741 -0.01744364 0.01811122 -0.02822351 -0.01828264 0.01545562 -0.02706331 -0.01880904 0.01378682 -0.02572791 -0.01898844 0.01321762 -0.02430191 -0.01899904 0.01307932 0.01426524 -0.01899904 0.01307932 0.01426524 -0.01895684 0.01335982 0.01414945 -0.01894954 0.01348022 0.01426295 -0.01889694 0.01355972 0.01414957 -0.01896374 0.01349142 0.01440504 -0.01896594 0.01349282 0.01454068 -0.01895784 0.01348712 0.01466398 -0.01893854 0.01346982 0.01480376 -0.01890734 0.01343172 0.0149608 -0.01878934 0.01316902 0.01552155 -0.01873374 0.01298022 0.01599782 -0.01870614 0.01292632 0.01647076 -0.01870614 0.01292632 0.01779809 -0.01851164 0.01292632 0.0192752 -0.01794154 0.01292632 0.02065164 -0.01703454 0.01292632 0.02183362 -0.01585264 0.01292632 0.02274059 -0.01447614 0.01292632 0.02331073 -0.01299904 0.01292632 0.0235052 0.002800961 0.01321792 0.02284809 -0.002799039 0.01321792 0.02284809 0.01300096 0.01292632 0.0235052 0.002855651 0.01321862 0.02283311 -0.002877339 0.01321902 0.02281734 0.01447806 0.01292632 0.02331073 0.01585456 0.01292632 0.02274059 0.01703646 0.01292632 0.02183362 0.01794346 0.01292632 0.02065164 0.01851356 0.01292632 0.0192752 0.01870806 0.01292632 0.01779809 0.01870806 0.01292632 0.01649809 0.01870806 0.01307252 0.01590096 0.01835016 0.01360972 0.01562724 0.01870806 0.01347792 0.01543884 0.01870456 0.01347992 0.01544169 0.01576256 0.02299422 0.0152052 0.01570806 0.02336622 0.0152052 0.01570806 0.04721922 0.0152052 0.005053711 -0.02636078 -0.003331514 0.007708071 -0.02318078 -0.003494814 0.007441101 -0.02452288 -0.003494814 0.006680861 -0.02566068 -0.003494814 0.005543071 -0.02642088 -0.003494814 0.004732581 -0.02666398 -0.003511714 0.004200961 -0.02688608 -0.003777114 0.007708071 -0.02278078 -0.003494814 0.004200961 -0.01907548 -0.003777114 0.004732811 -0.01929768 -0.003511514 0.005051921 -0.01959838 -0.003332514 0.005543071 -0.01954068 -0.003494814 0.007441101 -0.02143868 -0.003494814 0.006680861 -0.02030088 -0.003494814 -0.008499039 0.04581922 -0.01789481 -0.008291929 0.04561222 -0.01860191 -0.008291929 0.04561222 -0.02890191 -0.008499039 0.04581922 -0.02960901 0.008500961 0.04581922 -0.02960901 0.008293851 0.04561222 -0.02890191 0.008293851 0.04561222 -0.01860191 0.008500961 0.04581922 -0.01789481 0.01105586 0.006219216 -0.005699814 0.01107166 0.006219216 -0.005657414 0.01106696 0.007862016 -0.005669514 -0.01105394 0.006219216 -0.005699914 -0.01078534 0.006017216 -0.01867511 -0.01078534 0.006017216 -0.006463114 -0.01064474 0.005774916 -0.01892151 -0.01057884 0.005519416 -0.006463114 -0.01065954 0.004989316 -0.02059481 -0.01062174 0.005086716 -0.02032231 -0.01057534 0.005486016 -0.01938911 0.01050096 0.009419216 -0.01973591 0.01050096 0.01221922 -0.01973591 0.01013496 0.01221922 -0.02010191 0.01014416 0.009288016 -0.02008621 0.01036376 0.009158816 -0.01983121 0.01044496 0.009145816 -0.01977071 0.01050096 0.009151216 -0.01973591 0.01013496 0.01221922 -0.001101914 0.01013496 0.009295616 -0.001101914 0.01028826 0.009189916 -0.001303414 0.01050096 0.01221922 -0.001467914 0.01050096 0.009151216 -0.001467914 0.01098766 -0.009495284 -0.009103414 0.01116706 -0.009612484 -0.009165114 0.01076096 -0.01008838 -0.009488614 0.01147546 -0.009778584 -0.009137714 0.01172546 -0.009883084 -0.009008714 0.01055366 -0.008969584 -0.007954714 0.01024956 -0.009812884 -0.009178514 0.01064426 -0.009197784 -0.008683014 0.009640481 -0.01092958 -0.01028471 0.008285031 -0.01140458 -0.01107991 0.007557271 -0.01148078 -0.01144151 0.009265031 -0.01059298 -0.009965514 0.008058421 -0.01103988 -0.01075101 0.007406671 -0.01111478 -0.01110791 -0.004274449 -0.01198078 -0.01270111 -0.004246439 -0.01150358 -0.01258321 9.606661e-07 -0.01150358 -0.01308071 9.606661e-07 -0.01198078 -0.01320191 0.004248361 -0.01150358 -0.01258321 0.004276371 -0.01198078 -0.01270111 0.004155541 -0.01110198 -0.01219241 9.606661e-07 -0.01110198 -0.01267911 -0.004153619 -0.01110198 -0.01219241 -0.007555349 -0.01148078 -0.01144151 -0.007404749 -0.01111478 -0.01110791 -0.01172354 -0.009883084 -0.009008714 -0.01119324 -0.009629284 -0.009169014 -0.01075904 -0.01008838 -0.009488614 -0.01080034 -0.009352384 -0.008951014 -0.01067664 -0.009235884 -0.008760414 -0.01024764 -0.009812884 -0.009178514 -0.01054494 -0.009027984 -0.008207714 -0.01055174 -0.008969584 -0.007954714 -0.009263089 -0.01059298 -0.009965514 -0.008056459 -0.01103988 -0.01075101 -0.009638549 -0.01092958 -0.01028471 -0.008283059 -0.01140458 -0.01107991 0.01182086 -0.008797884 -0.01055411 0.01172546 -0.009883084 -0.009008714 0.01147546 -0.009778584 -0.009137714 0.01064426 -0.009197784 -0.008683014 0.01104536 -0.008305084 -0.01031351 0.01145876 -0.008681384 -0.01052121 0.01116706 -0.009612484 -0.009165114 0.01098766 -0.009495284 -0.009103414 0.01189536 -0.008011084 -0.01173491 0.01167966 -0.007971484 -0.01170881 0.01118816 -0.007667184 -0.01150821 0.01159126 -0.002874984 -0.01860031 0.01161266 0.001656616 -0.02400791 0.01116146 -0.002587184 -0.01836951 0.01127026 0.001873516 -0.02389311 0.01116706 -0.003804084 -0.01683981 0.01161016 -0.004095484 -0.01706551 -0.01115954 -0.002587284 -0.01836931 -0.01160824 -0.004095484 -0.01706551 -0.01193824 -0.007659484 -0.01227061 -0.01121794 0.001938716 -0.02387921 -0.01158934 -0.002875184 -0.01860011 -0.01156204 0.001669716 -0.02398931 -0.01116514 -0.003804084 -0.01683981 -0.01189344 -0.008011084 -0.01173491 -0.01167774 -0.007971484 -0.01170881 -0.01118624 -0.007667184 -0.01150821 0.01107166 0.003419216 -0.005657414 0.01107166 -0.007180784 -0.005657414 0.01096946 0.004334016 -0.005768614 0.01068296 0.005171516 -0.006069414 0.003500831 -0.01148078 -0.009939114 0.003582771 -0.01111478 -0.01029581 9.606661e-07 -0.01111478 -0.01070191 -0.006890479 -0.01127368 -0.008911914 9.606661e-07 -0.01148078 -0.01033591 -0.003580849 -0.01111478 -0.01029581 -0.003498909 -0.01148078 -0.009939114 0.003470841 -0.01198078 -0.009808514 0.006892401 -0.01127368 -0.008911914 9.606661e-07 -0.01198078 -0.01020191 -0.003468919 -0.01198078 -0.009808514 0.01097586 -0.008066784 -0.005761614 0.01070836 -0.008877684 -0.006043414 0.009803901 -0.01016028 -0.006902014 0.008980121 -0.01076988 -0.007575714 0.008041951 -0.01114818 -0.008236514 -0.008040029 -0.01114818 -0.008236514 -0.008977739 -0.01077018 -0.007576114 -0.009801979 -0.01016028 -0.006902014 -0.01070694 -0.008876584 -0.006042914 -0.01097464 -0.008063584 -0.005760914 -0.01106974 -0.007180784 -0.005657414 -0.01106974 0.003419216 -0.005657414 -0.01096654 0.004338316 -0.005769614 -0.01068104 0.005171516 -0.006069414 -0.01061544 0.005395716 -0.006170314 -0.01066554 0.005648516 -0.006120914 -0.01078534 0.005977416 -0.006244914 -0.01080914 0.005878216 -0.006028114 -0.01105304 0.006214016 -0.005702414 -0.01103274 0.006140716 -0.005747514 -0.01098434 0.006049916 -0.005826814 -0.01086934 0.005925316 -0.005967114 -0.01081414 0.005881916 -0.006023214 -0.01106934 -0.008192884 -0.01050341 -0.01080034 -0.009352384 -0.008951014 -0.01068574 -0.009239284 -0.008780514 -0.01067664 -0.009235884 -0.008760414 -0.01054494 -0.009027984 -0.008207714 -0.01172354 -0.009883084 -0.009008714 -0.01183164 -0.008666084 -0.01074761 -0.01119324 -0.009629284 -0.009169014 -0.01148254 -0.008557684 -0.01071021 0.01080806 0.005678216 -0.005883214 0.01081096 0.005878216 -0.006028114 0.01081606 0.005881816 -0.006023114 0.01105496 0.006213916 -0.005702314 -0.007199039 0.007512116 -0.01989481 0.007200961 0.007512116 -0.01989481 -0.01013304 0.01221922 -0.02010191 -0.01049904 0.01221922 -0.01973591 -0.01049904 0.009419216 -0.01973591 -0.01000194 0.009416316 -0.02052551 -0.01022794 0.009224516 -0.01996521 -0.01049904 0.009151216 -0.01973591 -0.01016874 0.006106216 -0.01999551 -0.01054024 0.005249916 -0.02046211 -0.01065764 0.004993516 -0.02059831 -0.01008414 0.007081816 -0.01961141 -0.01017504 0.006837216 -0.01963851 -0.01008564 0.006549016 -0.01976171 -0.008765319 0.007200516 -0.01989481 -0.01009314 0.006313316 -0.01989481 0.01008756 0.006549016 -0.01976171 0.01009506 0.006313316 -0.01989481 0.01017066 0.006106216 -0.01999551 0.01008606 0.007081816 -0.01961141 0.008767241 0.007200516 -0.01989481 0.01017696 0.006837216 -0.01963851 0.01065956 0.004993516 -0.02059831 0.01054216 0.005249916 -0.02046211 0.01066146 0.004989316 -0.02059481 0.01058076 0.005519416 -0.006463114 0.01078726 0.006017216 -0.006463114 0.01078726 0.006017216 -0.01867511 0.01064666 0.005774916 -0.01892151 0.01057726 0.005486016 -0.01938911 0.01062366 0.005086716 -0.02032231 0.01064046 0.005561216 -0.006141714 0.01078726 0.005977416 -0.006244914 0.01073756 0.007047116 -0.01929331 0.01076776 0.006766916 -0.01930331 0.01070806 0.007317916 -0.01930901 -0.01086504 0.008419216 -0.01910191 -0.01070614 0.007317916 -0.01930901 -0.01070614 0.008419216 -0.01930901 -0.01049904 0.008419216 -0.01946791 -0.01073564 0.007047116 -0.01929331 -0.01076584 0.006766916 -0.01930331 0.01000096 0.008921916 -0.001466414 -0.009999039 0.009126316 -0.001309014 0.01000096 0.009126316 -0.001309014 0.01000096 0.009288316 -0.001096414 -0.01013304 0.009295616 -0.001101914 -0.01028584 0.009190216 -0.001302914 -0.01049904 0.01221922 -0.001467914 -0.01035564 0.009160716 -0.001367414 -0.01049904 0.009151216 -0.001467914 -0.01013304 0.01221922 -0.001101914 0.01014416 0.009288016 -0.02008621 0.01000096 0.009126316 -0.01989481 0.01070806 0.008419216 -0.01930901 0.01050096 0.009151216 -0.01973591 0.01044496 0.009145816 -0.01977071 0.01036376 0.009158816 -0.01983121 0.01100096 0.009416916 -0.01887851 0.01093456 0.009318016 -0.01922831 0.01070826 0.009207316 -0.01957681 -0.01086504 0.01221922 -0.01936981 -0.01093264 0.009318016 -0.01922831 -0.01099904 0.009416916 -0.01887851 -0.009999039 0.008921916 -0.01973741 -0.009999039 0.009126316 -0.01989481 -0.009999039 0.009288316 -0.02010741 0.01086696 0.01221922 -0.01936981 0.01093456 0.009318016 -0.01922831 0.01070826 0.009207316 -0.01957681 -0.01086504 0.009173316 -0.01930521 -0.01093264 0.009318016 -0.01922831 -0.01049904 0.008989316 -0.01962161 -0.01049904 0.009151216 -0.01973591 -0.01022794 0.009224516 -0.01996521 -0.01000194 0.009416316 -0.02052551 0.01081606 0.005881816 -0.006023114 0.01105496 0.006213916 -0.005702314 -0.01099904 0.009416916 -0.002325314 -0.01086504 0.01221922 -0.001833914 -0.01093264 0.009318016 -0.001975514 -0.01070634 0.009207316 -0.001627014 -0.01129194 0.01292632 -0.002334014 -0.01129194 0.01292632 -0.01886991 -0.01064544 0.01292632 -0.01998951 -0.01111874 0.01292632 -0.01951631 -0.01070614 0.008419216 -0.001894814 -0.01070614 0.008219216 -0.001894814 -0.01038664 0.01292632 -0.02024831 -0.01029194 0.01292632 -0.02060191 -0.01029194 0.01292632 -0.02510191 0.01029386 0.01292632 -0.000601914 0.01029386 0.01292632 0.006848086 0.01038856 0.01292632 -0.000955514 0.01064736 0.01292632 -0.001214314 0.01112066 0.01292632 -0.001687514 0.01086696 0.01221922 -0.001833914 0.01129386 0.01292632 -0.002334014 0.01129386 0.01292632 -0.01886991 0.01076276 0.009227216 -0.001686114 0.01100096 0.009416916 -0.002325314 -0.01090324 0.006639016 -0.01910201 -0.01067284 0.006345816 -0.01935491 -0.01067494 0.006343116 -0.01935181 -0.01081414 0.005881916 -0.006023214 -0.01086934 0.005925316 -0.005967114 -0.01105304 0.006214016 -0.005702414 -0.01098434 0.006049916 -0.005826814 -0.01103274 0.006140716 -0.005747514 0.01066046 0.004991416 -0.02059661 0.01058896 0.005170916 -0.02039271 0.01048436 0.005827216 -0.01973451 0.01055856 0.006165416 -0.01946591 0.01067686 0.006343116 -0.01935181 0.01067476 0.006345816 -0.01935491 0.01090516 0.006639016 -0.01910201 -0.01055664 0.006165416 -0.01946591 -0.01065854 0.004991416 -0.02059661 -0.01058704 0.005170916 -0.02039271 -0.01048244 0.005827216 -0.01973451 0.01029386 0.01292632 -0.02510191 0.01029386 0.01292632 -0.02060191 0.01086696 0.008419216 -0.002101914 0.01070806 0.008219216 -0.001894814 0.01070806 0.008419216 -0.001894814 0.01050096 0.008419216 -0.001735914 0.01038856 0.01292632 -0.02024831 0.01064736 0.01292632 -0.01998951 0.01112066 0.01292632 -0.01951631 0.01028826 0.009189916 -0.001303414 0.01050096 0.009151216 -0.001467914 0.01050096 0.008989316 -0.001582214 0.01076276 0.009227216 -0.001686114 0.01086696 0.009173316 -0.001898614 0.01013496 0.009295616 -0.001101914 -0.01029194 0.01292632 0.006848086 -0.01029194 0.01292632 -0.000601914 -0.01038664 0.01292632 -0.000955514 -0.01064544 0.01292632 -0.001214314 -0.01111874 0.01292632 -0.001687514 -0.01013304 0.009295616 -0.001101914 -0.01049904 0.009151216 -0.001467914 -0.01035564 0.009160716 -0.001367414 -0.01028584 0.009190216 -0.001302914 -0.01093264 0.009318016 -0.001975514 -0.01070634 0.009207316 -0.001627014 0.01565056 0.04752122 0.01514769 0.01569376 0.04774322 0.01449809 0.01556826 0.04778822 0.01466217 0.01549366 0.04774022 0.01499075 0.01530796 0.04781622 0.01483685 0.01500096 0.04752122 0.01541676 0.01500096 0.04764322 0.01532235 0.01500096 0.04774022 0.01519482 0.01591966 0.04752122 0.01449809 0.01582526 0.04764322 0.01449809 0.01569766 0.04774022 0.01449809 0.01582526 0.04764322 -0.02890191 0.01571716 0.04764322 -0.02930991 0.01600096 0.04722322 -0.02889381 0.01600076 0.04723322 -0.02890191 0.01541516 0.04764322 -0.02961451 0.01500096 0.04764322 -0.02972621 0.01297666 0.04764322 -0.01707051 0.01297666 0.04764322 0.01532235 0.01284666 0.04744922 -0.01672371 0.01284666 0.04744922 0.01545242 0.009000961 0.04764322 -0.02972621 0.009000961 0.04764322 -0.01777761 0.01226956 0.04764322 -0.01777761 0.01192276 0.04744922 -0.01764761 -0.01284474 0.04744922 0.01545242 -0.01284474 0.04744922 -0.01672371 -0.01297474 0.04764322 0.01532235 -0.01297474 0.04764322 -0.01707051 -0.01499904 0.04764322 -0.02972621 -0.008999039 0.04764322 -0.02972621 -0.01297474 0.04764322 0.01532235 -0.01499904 0.04752122 0.01541676 -0.01284474 0.04744922 0.01545242 -0.01499904 0.04764322 0.01532235 -0.01499904 0.04774022 0.01519482 -0.01541114 0.04764322 -0.02961571 -0.01571284 0.04764322 -0.02931401 -0.01582334 0.04764322 -0.02890191 -0.01545834 0.04752122 0.01529368 -0.01560244 0.04774022 0.01484645 -0.01556474 0.04778822 0.01466378 -0.01569184 0.04774322 0.01449809 -0.01591774 0.04752122 0.01449809 -0.01579464 0.04752122 0.01495743 -0.01582334 0.04764322 0.01449809 -0.01569574 0.04774022 0.01449809 -0.01534744 0.04774022 0.01510148 -0.01530604 0.04781622 0.01483685 -0.008174779 0.04764322 -0.02890191 -0.008416199 0.04764322 -0.02948471 -0.008999039 0.04764322 -0.01777761 -0.008416199 0.04764322 -0.01801911 -0.008174779 0.04764322 -0.01860191 0.008418121 0.04764322 -0.02948471 0.008176701 0.04764322 -0.02890191 0.008176701 0.04764322 -0.01860191 0.008418121 0.04764322 -0.01801911 0.01556926 0.04779522 0.01353499 0.01573886 0.04771522 0.01378909 0.01580096 0.04766622 0.01409809 0.01600096 0.04722322 -0.02888951 -0.01579904 0.04766622 0.01409809 -0.01573694 0.04771522 0.01378909 -0.01556474 0.04779622 0.0135324 -0.01192084 0.04744922 -0.01764761 -0.01226764 0.04764322 -0.01777761 0.01284666 0.04744922 0.01545242 0.01297666 0.04764322 0.01532235 0.01188716 -0.02973228 0.01981581 0.01197176 -0.02979778 0.006897986 0.01188316 -0.02973258 -0.006019714 0.01210056 -0.02998848 0.02276379 0.01210026 -0.02999618 0.02275535 0.01185766 -0.03048978 0.022387 0.01180806 -0.03053228 0.0223548 0.01113546 -0.03076208 0.02217391 0.01128346 -0.03075018 0.02218514 0.01180806 -0.03203528 0.02362485 0.01180806 -0.03398078 0.02409098 0.01600096 0.02336622 -0.02889321 0.01601166 0.02321922 -0.02888851 0.01595026 0.02321922 -0.02922081 0.01590706 0.02296322 -0.02939011 0.01578246 0.02321922 -0.02951411 0.01561236 0.02321922 -0.02967781 0.01600096 0.04721922 -0.02889321 0.01600096 0.04722322 -0.02888951 0.01600096 0.04722322 -0.02889381 0.01600076 0.04723322 -0.02890191 0.01186326 -0.03048778 -0.008599114 0.01183696 -0.02996188 -0.007444314 0.01129186 -0.03075288 -0.008395214 0.01114016 -0.03076608 -0.008383514 0.01184436 -0.02990378 -0.007261514 0.01899036 0.01321762 -0.02430191 0.01881096 0.01378682 -0.02572791 0.01828456 0.01545562 -0.02706331 0.01744556 0.01811122 -0.02822351 0.01634866 0.02157322 -0.02913561 0.01876656 0.01351762 0.01532392 -0.009999039 0.007512116 -0.001309014 -0.01091324 0.007512116 -0.001687714 -0.01129194 0.007512116 -0.002601914 0.01129386 0.007512116 -0.002601914 0.01091516 0.007512116 -0.001687714 0.01000096 0.007512116 -0.001309014 -0.01127174 0.007532916 -0.005340314 0.01106696 0.007862016 -0.005669514 0.01127366 0.007532916 -0.005340314 0.01196696 -0.04231758 0.02429809 0.01160096 -0.04149318 0.02393206 0.01205716 -0.04254798 0.02450548 0.01185766 -0.03048978 0.022387 0.01180806 -0.03053228 0.0223548 0.01184006 -0.02996258 0.02124066 0.01184776 -0.02990418 0.02105767 0.01180806 -0.03398078 -0.01029481 0.01196696 -0.03398078 -0.01050191 0.01196696 -0.03225868 -0.01015941 0.01160096 -0.03105758 -0.008925114 0.01210086 -0.02998268 -0.008985114 0.01210056 -0.02999268 -0.008968914 0.01186326 -0.03048778 -0.008599114 0.01196696 -0.03079878 -0.009183914 0.01160096 -0.03239878 -0.009821214 0.01160096 -0.03398078 -0.01013591 0.01206756 -0.04257518 -0.01074551 0.01180806 -0.04194038 -0.01029481 -0.01113824 -0.03076608 -0.008383514 -0.01203254 -0.03025678 -0.008772414 -0.01179574 -0.03054368 -0.008556814 -0.01183504 -0.02996188 -0.007444314 -0.01160414 -0.03065958 -0.008468414 -0.01184244 -0.02990378 -0.007261514 -0.01188124 -0.02973258 -0.006019714 -0.01159664 -0.03065958 0.02225735 -0.01179264 -0.03054288 0.02234678 -0.01183814 -0.02996258 0.02124066 -0.01202944 -0.03026008 0.02255948 -0.01113354 -0.03076208 0.02217391 -0.01184584 -0.02990418 0.02105767 -0.01188524 -0.02973228 0.01981581 -0.01196504 -0.03079878 0.02298007 -0.01179264 -0.03054288 0.02234678 -0.01159904 -0.03105758 0.02272125 -0.01159664 -0.03065958 0.02225735 -0.01209894 -0.02998328 0.02277631 -0.01209834 -0.02999618 0.02275535 -0.01202944 -0.03026008 0.02255948 -0.01196504 -0.03398078 0.02429809 -0.01196504 -0.03225868 0.02395555 -0.01159904 -0.03239878 0.02361738 -0.01159904 -0.03398078 0.02393206 -0.01180614 -0.03398078 0.02409098 -0.01196984 -0.02979778 0.006897986 -0.01206564 -0.04257518 0.02454167 -0.01180614 -0.04194038 0.02409098 -0.01196504 -0.04231758 -0.01050191 -0.01159904 -0.04149318 -0.01013591 -0.01180614 -0.03398078 -0.01029481 -0.01205524 -0.04254798 -0.01070931 -0.01209884 -0.02998668 -0.008975414 -0.01209864 -0.02999268 -0.008968914 -0.01203254 -0.03025678 -0.008772414 -0.01179574 -0.03054368 -0.008556814 -0.01180614 -0.03203868 -0.009830414 -0.01160414 -0.03065958 -0.008468414 -0.002799039 0.01321792 0.02284809 0.002800961 0.01321792 0.02284809 0.002800961 0.01290842 0.02217352 -0.002799039 0.01290842 0.02217352 -0.01540874 0.02321922 -0.02981411 -0.01540114 0.02321922 -0.02981751 -0.01537364 0.02321922 -0.02982911 -0.01499904 0.02321922 -0.02990191 -0.01518734 0.02321922 -0.02988401 -0.01586504 0.02321922 -0.02940191 -0.01549904 0.02321922 -0.02976791 -0.01496594 0.02321922 -0.02990191 0.01267786 0.04753422 -0.01747881 0.01253286 0.04732622 -0.01733381 0.01250806 0.04721922 -0.01730901 -0.01267594 0.04753422 -0.01747881 -0.01253094 0.04732622 -0.01733381 -0.01250614 0.04721922 -0.01730901 -0.01241434 0.04563522 -0.02990191 -0.01221624 0.04588222 -0.02990191 -0.01229904 0.04533922 -0.02947201 -0.01260824 0.04532122 -0.02990191 -0.01229904 0.04518522 -0.02890191 -0.01250614 0.04502622 -0.02890191 -0.01266504 0.04502222 -0.02965601 -0.01266504 0.04481922 -0.02890191 -0.01279904 0.04459422 -0.02990191 -0.01250614 0.04502622 -0.01860191 -0.01250614 0.04540522 -0.01768771 -0.01250614 0.04631922 -0.01730901 0.01250806 0.04631922 -0.01730901 0.01250806 0.04540522 -0.01768771 0.01250806 0.04502622 -0.01860191 0.01242436 0.04562322 -0.02990191 0.01268656 0.04515422 -0.02990191 0.01250806 0.04502622 -0.02890191 0.003614721 0.01321922 0.02189162 0.003300961 0.01300072 0.02207644 0.003230961 0.01321922 0.02244666 0.002900711 0.01321922 0.02279809 0.002855651 0.01321862 0.02283311 0.003300961 0.01221922 0.02176411 0.003508071 0.01221922 0.02160519 0.003666991 0.01221922 0.02139809 0.003702311 0.01321922 0.02169176 -0.002877339 0.01321902 0.02281734 -0.002898789 0.01321922 0.02279809 -0.003456559 0.01321922 0.02215383 -0.003506149 0.01311032 0.0219613 -0.003506149 0.01221922 0.02160519 -0.003769729 0.01321922 0.02145017 0.003508071 0.01081212 0.02160519 0.003724841 0.01059532 0.02128077 -0.003722919 0.01059532 0.02128077 0.003724841 0.01059532 0.02128077 -0.003506149 0.01081212 0.02160519 0.003508071 0.01081212 0.02160519 -0.003722919 0.01059532 0.02128077 -0.003506149 0.01081212 0.02160519</float_array>
          <technique_common>
            <accessor count="3217" source="#verts-array-array" stride="3">
              <param type="float" name="X"/>
              <param type="float" name="Y"/>
              <param type="float" name="Z"/>
            </accessor>
          </technique_common>
        </source>
        <source id="normals-array">
          <float_array count="9651" id="normals-array-array">0 1 0 0.06983017 0.9890178 0.1302595 0 1 0 -0.04036729 0.977076 0.2090286 0 1 0 0 1 0 1 0 0 0.9807842 0.195096 0 1 0 0 0.9733311 0.1921688 0.1252902 1 0 0 0.9998158 0 0.019195 0 1 0 0 1 0 0 1 0 0.04251469 0.977083 -0.2085698 0 1 0 0 1 0 -0.004773943 0.9903244 -0.1386898 0 1 0 0 1 0 0 1 0 0 1 0 0.9807842 0.195096 0 1 0 0 0.9734844 0.1907084 -0.1263265 0.9902069 0 -0.1396076 0 0 -1 0 0 -1 0 0 -1 0 0 -1 0 0 -1 0 0 -1 0 0 -1 0 0 -1 -0.9807842 0.195096 0 -1 0 0 -1 0 0 -1 0 0 -0.9894895 0 0.144605 -0.9735191 0.1903489 0.1266012 -0.9734881 0.1906964 -0.1263163 -0.9902069 0 -0.1396076 -0.9807842 0.195096 0 -1 0 0 0 0 -1 0 0 -1 0 0 -1 0 0 -1 0 0 -1 0 0 -1 0 0 -1 0 0 -1 -1 0 0 -1 0 0 -1 0 0 -1 0 0 -0.9958027 0.09152559 0 -0.9769876 0.1340712 0.1658921 -0.9847695 -0.03062691 0.1711465 -1 0 0 -0.9890726 -0.1042462 0.1042506 -0.9847673 -0.1711562 0.03064063 -1 0 0 -0.9856054 -0.1655811 -0.03413104 -0.992804 -0.1156689 -0.03099925 -0.01760078 0.0001028196 -0.9998451 -0.01878453 0 -0.9998236 0 0 -1 0.01501161 0 -0.9998873 0 0 -1 0.06881215 -0.004233884 -0.9976207 0.9790877 0.193212 0.06369015 0.99905 0.008244954 0.04279265 0.9833538 0.1805552 0.02037374 1 0 0 0.9861064 0.1473366 0.07672073 1 0 0 0.9869452 0.1170892 0.1105864 1 0 0 0.9976682 0.0324098 -0.06006431 1 0 0 1 0 0 1 0 0 1 0 0 0.9989769 0.006000572 -0.04482315 -0.02430645 0.01415508 0.9996043 0 0 1 -0.06369773 0.1931989 0.9790898 -9.229004e-14 -0.007780781 0.9999697 0.06369797 0.1931991 0.9790897 0 0 1 0.02243384 0.01456021 0.9996423 0.202838 0.9791145 0.01384074 0.1966202 0.9732189 0.1191024 0.003324051 0.9954785 0.09492874 0.2034551 0.9775652 0.05451829 -0.003289234 0.9954784 0.09493146 0 0.9999706 0.007663074 0 1 0 0.0138383 0.9791153 0.2028343 0.0545145 0.9775657 0.203454 0.1053154 0.9775666 0.1824069 0 1 0 0.09706907 0.9952776 0 0 1 0 0 1 0 0 1 0 0 1 0 -0.1489383 0.9775663 0.1489345 -0.1053133 0.9775666 0.1824081 0.1489369 0.9775663 0.1489361 0.1824087 0.9775665 0.1053126 -0.09706907 0.9952776 0 0 1 0 0 1 0 0 1 0 0.01861539 0.9988029 0.04523439 -0.2022468 0.9717577 0.1215862 -0.2028381 0.9791145 0.01384086 -0.004930124 0.9918515 0.1273038 -0.2034544 0.9775655 0.05451584 -0.1824065 0.9775667 0.1053148 -0.05451612 0.9775655 0.2034543 -0.01428488 0.9791661 0.2025579 0.1792222 0.9835637 0.02194875 0 1 0 0.1792244 0.9835634 -0.02194643 0.1415624 0.9865501 -0.08172544 0.2121317 0.9729811 -0.0911481 0.1415576 0.9865505 0.08172827 0.2121323 0.9729814 0.09114284 0.09706907 0.9952776 0 0 1 0 0 1 0 0 1 0 0 1 0 0 1 0 0 1 0 0 1 0 0 1 0 0 1 0 0 1 0 0 1 0 0 1 0 0 1 0 0 1 0 0 1 0 0 1 0 0 1 0 -0.09706907 0.9952776 0 -0.2121317 0.9729811 0.0911481 -0.1415631 0.9865497 0.08172838 0 1 0 0 1 0 -0.1792229 0.9835636 0.02194822 -0.2121323 0.9729814 -0.09114284 -0.1415572 0.9865508 -0.08172596 -0.1792243 0.9835634 -0.02194655 -0.9975574 0.05685765 -0.04057755 -1 8.856429e-05 -0.0002032554 -0.9949228 0.06984208 0.07246193 -0.9978113 0.03352477 -0.05699727 -0.999303 0 -0.03732943 -1 0 0 -0.9988584 0.006991785 0.04725409 -0.9790895 0.1932055 0.06368221 -1 0 0 -0.9831609 0.1819136 0.01737752 -0.9869717 0.1502246 0.05761522 -0.9900181 0.1074595 0.09119513 -1 0 0 -1 0 0 -1 0 0 -1 0 0 -1 0 0 -0.997158 0.06752721 0.03340592 -0.9973615 0.07227138 0.006843068 -0.996869 0.0753466 -0.02398093 -0.9962924 0.06555994 0.05570742 -0.9962757 0.07223167 -0.04708744 0.9847697 -0.03062818 0.1711447 0.9767738 0.1331974 0.1678431 0.9958027 0.09152559 0 0.9849906 -0.1701518 0.02901619 0.9890717 -0.1042455 0.1042594 1 0 0 1 0 0 1 0 0 1 0 0 1 0 0 1 0 0 0.9927202 -0.1195133 -0.01493595 1 0 0 0.2798392 -0.002283046 -0.9600442 0.3247998 -0.02855169 -0.9453517 0.3713308 -0.004618532 -0.9284891 0.3996844 -0.05852623 -0.9147825 0.1925811 -0.02712817 -0.980906 0.2746763 -0.003086621 -0.9615318 -0.2765906 -0.8792641 -0.3878045 -0.319759 -0.8096318 -0.4921896 -0.2020649 -0.05590834 -0.977775 -0.1367796 -0.06400339 -0.9885317 0.04685155 -0.1602887 -0.9859576 0.8551141 -0.1925176 0.4813698 0.9870992 -0.06638736 0.1456982 0.9109637 -0.09510064 0.401374 0.9993684 -0.02311241 -0.02699434 0.9645199 -0.02606825 -0.2627201 0.8754034 -0.04239118 -0.4815307 0.9256642 -0.005133123 -0.3783113 0.449174 -0.001361661 -0.8934433 0.5443215 -0.01075145 -0.8388078 0.6928481 -0.01863432 -0.7208427 0.8546859 0.0001274175 -0.5191454 0 -1 0 0 -1 0 0 -1 0 0 -1 0 -0.1711496 -0.984769 -0.03062385 0 -1 0 -0.310441 -0.9505887 -0.002733083 0 -1 0 0 -1 0 0 -1 0 0 -1 0 0 -1 0 0 -1 0 0 -1 0 0 -1 0 0 -1 0 0.03062385 -0.984769 -0.1711496 -0.03062426 -0.9847691 -0.171149 -0.1042398 -0.9890743 -0.1042404 0 -1 0 0 -1 0 0 -1 0 0.1042404 -0.9890743 -0.1042398 0 -1 0 0.1717788 -0.9846317 -0.03150257 0 -1 0 0.3148932 -0.9491271 0 0 -1 0 0 -1 0 0 -1 0 0.01560916 -0.9998782 0 0 -1 0 0 -1 0 0 -1 0 0 -1 0 0 -1 0 0 -1 0 0 -1 0 0 -1 0 0 -1 0 -0.01562097 -0.999878 0 0 -1 0 -0.09450254 -0.9766832 0.1927671 0.1032321 -0.9740675 0.2013348 0 -1 0 0 -1 0 0 -1 0 0 -1 0 0 -1 0 0 -1 0 0 -1 0 0 -1 0 0 -1 0 0 -1 0 0 -1 0 0 -1 0 0 -1 0 0 -1 0 0.3201225 -0.8091227 -0.49279 0.2769976 -0.878884 -0.3883751 0.2444428 -0.1061207 -0.9638392 -0.3970914 -0.1473986 -0.9058654 -0.3889722 -0.06728079 -0.9187894 -0.4729442 -0.03339526 -0.8804593 -0.3538444 -0.009966667 -0.9352512 -0.3239179 0.004391182 -0.946075 -0.1924681 -0.02715602 -0.9809274 -0.4249718 -0.04068177 -0.904292 -0.05250089 -0.09918707 -0.9936828 0.2792129 0 -0.9602292 -0.8618547 0.006344488 -0.5071156 -0.8385072 -0.05252105 -0.5423534 -0.7030441 -0.0577457 -0.7087979 -0.9874417 -0.07031274 0.1414745 -0.8515275 -0.2124236 0.4793508 -0.8837637 -0.1548337 0.4415748 -0.9442554 -0.02426325 0.3283186 -0.9970977 -0.03515651 -0.06752938 -0.9605789 -0.02543292 -0.2768418 -0.3915283 -0.2722836 0.8789581 -0.267545 -0.06420689 0.9614038 -0.1952529 -0.1189308 0.9735152 0.2946596 -0.2395843 0.9250811 0.4630403 -0.2585436 0.8477906 0.5012713 -0.3404921 0.7954823 -0.255513 -0.2245436 0.9403687 -0.3165899 -0.3296843 0.8894263 -0.3354832 -0.3148354 0.8878793 -0.04711352 -0.07264143 0.9962447 -0.09222105 -0.1627973 0.9823402 -0.1450871 -0.1615229 0.9761455 -0.1494429 -0.218358 0.9643581 -0.2066257 -0.2618525 0.9427296 -0.01644347 -0.07031091 0.9973896 -0.0294654 -0.08590576 0.9958675 -0.05164134 -0.1213295 0.991268 0.1198292 -0.1636053 0.9792212 -0.133126 -0.2679794 0.9541826 -0.03430442 -0.2131771 0.9764112 0.03366417 -0.1360733 0.9901266 0.0493332 -0.06490468 0.9966713 0.0933004 -0.0799925 0.9924194 0.006697482 -0.01568629 0.9998545 0.2852206 -0.146937 0.9471318 0.1661807 -0.08073918 0.9827844 0.1385531 -0.02617705 0.990009 0.0006934064 -0.007000716 0.9999753 -8.390753e-07 -7.846513e-18 1 0.1362978 -0.1682493 0.9762761 -0.1977143 0.08471474 0.9765923 0 -0.05266133 0.9986124 -0.006170303 -0.05906235 0.9982352 0 -0.05266133 0.9986124 -0.1183261 -0.08662743 0.9891889 0.3166001 -0.3295986 0.8894544 -0.5606953 -0.3742438 0.738622 -0.9872145 -0.141485 0.0734127 -0.9864892 -0.1638262 0 -0.9980581 -0.0562766 0.02670214 -0.8274356 -0.5363272 -0.1664437 -0.7320314 -0.6307818 -0.2573796 -0.8644208 -0.4496977 -0.2248302 -0.9443475 -0.01340965 0.3286761 -0.8667383 -0.0265353 0.4980568 -0.9442546 -0.08903046 0.3169492 -0.8936395 -0.4483644 0.01943544 -0.8889633 -0.4575879 -0.01890983 -0.8871622 -0.4557587 -0.07229886 -0.8959454 -0.4431495 0.03000668 -0.8948697 -0.4053489 0.1868166 -0.9032046 -0.4132655 0.1159008 -0.9476279 -0.2934331 0.1260891 -0.92848 -0.3590911 0.09475489 -0.9443563 -0.3248031 0.05190421 -0.8937409 -0.2243062 0.3884764 -0.7968786 -0.1591902 0.582789 -0.8477386 -0.2819511 0.4492692 -0.6595484 -0.2751513 0.699491 -0.7650297 -0.4179762 0.4899239 -0.7399563 -0.45855 0.4921348 -0.9773668 0.006214671 0.2114605 -0.9848701 0.01030053 0.1729879 -0.9988543 -0.0446733 0.01715629 -0.8440333 -0.3880937 -0.370123 -0.8972879 -0.249418 -0.3642322 -0.9660496 -0.1882568 -0.1769396 -0.4966302 -0.7039087 -0.5078099 -0.5844969 -0.6487862 -0.487278 -0.6882804 -0.6176118 -0.3805597 -0.8745568 -0.3859586 -0.293575 -0.5969932 -0.6989831 -0.3937279 -0.5914841 -0.7159799 -0.370836 -0.5872301 -0.7229315 -0.3640478 -0.4150874 -0.7572891 -0.504198 -0.5838967 -0.6824767 -0.4396477 -0.5954176 -0.6892618 -0.4127905 -0.9149346 -0.3886015 -0.1090115 -0.965472 -0.2409695 -0.09898218 -0.9346535 -0.2961645 -0.1967472 -0.9887341 -0.1195974 -0.09000741 -0.9620862 -0.270907 0.0316144 -0.9511722 -0.3084279 0.01198269 -0.9236108 -0.3831546 -0.01164798 -0.9623244 -0.1856675 -0.1986439 -0.9986079 -0.05201606 -0.008751067 -0.9936615 -0.05297961 0.09914657 -0.9744074 -0.1428191 0.1735885 -0.9248587 -0.2735344 0.2642257 -0.8477012 -0.4170579 0.3278192 -0.9986607 -0.0506076 -0.01075663 -0.9935317 -0.1101846 -0.02746184 -0.970493 -0.2379279 -0.03916179 -0.9197061 -0.3904815 -0.04080337 -0.8974387 -0.4410318 0.009734333 -0.7398962 -0.4586868 0.4920976 -0.006937469 -0.7465918 -0.6652462 -0.009173621 -0.7492767 -0.6621936 -0.004724306 -0.7450132 -0.667033 -0.0007586106 -0.7431037 -0.6691758 9.595511e-05 -0.7431453 -0.6691301 0 -0.7431196 -0.6691586 -0.01578271 -0.7535985 -0.6571455 -0.02767663 -0.7580652 -0.6515912 -0.02297828 -0.7612427 -0.6480598 -0.05788085 -0.754296 -0.6539781 -0.0442169 -0.7702883 -0.636161 -0.02543573 -0.7691215 -0.6385963 -0.08565576 -0.7649482 -0.6383708 -0.06766268 -0.7763652 -0.626641 -0.06266788 -0.7649072 -0.6410848 -0.05613681 -0.7566841 -0.6513661 0.064902 -0.803818 -0.5913242 -0.185891 -0.7900243 -0.5842141 -0.03441289 -0.7986938 -0.6007528 -0.1138795 -0.7698665 -0.6279626 -0.08384681 -0.7659649 -0.6373912 0.005582432 -0.7695543 -0.638557 -0.0002741303 -0.7772005 -0.629253 0.02114632 -0.7534704 -0.6571417 0.03257346 -0.7680084 -0.6396109 0.04306756 -0.7602747 -0.6481725 0.05112279 -0.7729806 -0.6323666 0.05622438 -0.7565241 -0.6515444 0 -0.7427884 -0.6695263 0.0004039039 -0.7426799 -0.6696465 0.004089895 -0.7444701 -0.6676432 0.006111353 -0.7454428 -0.6665416 0.008457134 -0.747754 -0.663922 0.01578484 -0.7524863 -0.6584187 0.02483088 -0.7639102 -0.6448446 0.06781036 -0.7666969 -0.638418 0.06803774 -0.777364 -0.6253608 0.00938667 -0.7688899 -0.6393123 0.1138767 -0.769867 -0.6279625 -0.0003442481 -0.7787342 -0.6273539 0.03326772 -0.797818 -0.6019798 0.185891 -0.7900243 -0.5842141 -0.1165425 -0.8044812 -0.5824326 0.995273 -0.05208068 0.08197136 0.9989018 -0.04684176 0.001066773 0.999402 -0.03389932 0.006823326 0.8800272 -0.3921684 0.2678731 0.8755118 -0.4261928 0.2276814 0.768842 -0.3780785 0.5156925 0.9775511 -0.2062207 -0.04320656 0.9864892 -0.1638262 0 0.9912291 -0.1275491 -0.0345848 0.9555953 -0.2943728 -0.01350319 0.9876289 -0.01572625 0.1560188 0.9748991 0.02092582 0.2216617 0.9992462 -0.03817019 0.0070801 0.4885526 -0.6692091 -0.5598889 0.5112841 -0.6735061 -0.5338334 0.7228102 -0.5815549 -0.3732818 0.5872872 -0.6825225 -0.4350366 0.5966178 -0.692364 -0.4058069 0.592687 -0.7139795 -0.3727672 0.6614923 -0.6597286 -0.3566316 0.6499309 -0.5899497 -0.4791128 0.8655971 -0.3882585 -0.3162229 0.7755398 -0.4595815 -0.4328081 0.9026115 -0.2952997 -0.3131942 0.9728107 -0.1696523 -0.1576627 0.9720911 -0.1473189 -0.1825816 0.9694045 -0.1030025 0.2228124 0.9788317 -0.1441182 0.1453218 0.9275642 -0.2581616 0.270143 0.8592369 -0.2199361 0.4618876 0.7948315 -0.2144109 0.567689 0.9061986 -0.151866 0.3946402 0.8818436 -0.08718896 0.4634112 0.9412984 -0.05610793 0.3328803 0.9479119 0.004014694 0.3185073 0.9074648 -0.3940092 0.1458232 0.9466434 -0.3079433 0.09506467 0.9192981 -0.3787066 0.1071088 0.9523085 -0.3045275 0.01927616 0.9460831 -0.3196668 0.05234424 0.9337876 -0.347292 0.08619161 0.8347224 -0.5396397 -0.1096699 0.8854059 -0.4567012 -0.08648913 0.8890439 -0.4394547 -0.1283765 0.9165112 -0.3949041 -0.06370268 0.9351389 -0.3520786 -0.03944626 0.9450337 -0.3262255 -0.02209741 0.952128 -0.3056511 -0.005451172 0.9887121 -0.1387207 0.05661205 0.9539243 -0.3000475 0 0.9537857 -0.300467 0.003518548 0.9320146 -0.3125298 -0.1835043 0.805507 -0.5364969 -0.2516536 0.8022032 -0.5587961 -0.2102782 0.8347355 -0.5396192 -0.1096715 0.9801325 -0.1581186 -0.1197444 0.6480229 -0.3668248 0.6674623 0.8040679 -0.3072325 0.509002 0.9978849 -0.06500607 0 0.5880937 -0.002317881 0.8087895 0.5318976 -0.01698006 0.8466384 0.6721469 -0.01692991 0.7402243 0.4948644 0.06271344 0.8667042 0.542245 0.02902602 0.8397189 0.6779546 0.0272781 0.7345975 0.588138 0.004494984 0.8087481 0.4864725 -0.03177772 0.8731178 0.4282183 -0.02981077 0.9031835 0.2273261 -0.01730784 0.9736649 -0.5881934 0.0044674 0.808708 -0.5424364 0.02892155 0.8395989 -0.6818388 0.03012636 0.7308818 -0.4864303 -0.03178385 0.8731411 -0.531685 -0.01703557 0.8467709 -0.6689026 -0.0128879 0.7432384 -0.2325289 -0.01051377 0.9725327 -0.3476816 -0.03249442 0.9370494 -0.4121892 -0.06246936 0.9089542 -0.5880386 -0.002331969 0.8088295 -0.4948904 0.0627125 0.8666895 -0.440821 0.06870469 0.8949617 -0.2720717 0.03195405 0.9617463 -0.3309321 0.01459481 0.9435417 -0.1650181 -0.02779171 0.9858989 -4.903336e-17 -0.04156477 0.9991358 0.1650181 -0.02779171 0.9858989 0.2821151 0.02190793 0.9591304 0.3689924 0.05837716 0.9275973 0.4090848 0.141778 0.9014148 0.3263584 -0.005727903 0.9452288 0.1393394 0 0.9902447 -0.1393394 0 0.9902447 0.9350171 0 0.3546027 0.9350171 0 0.3546027 0.9927086 0 -0.1205391 0.9927086 0 -0.1205391 0.8229841 0 -0.5680643 0.8229841 0 -0.5680643 0.4647263 0 -0.8854544 0.4647263 0 -0.8854544 1.2739e-16 0 -1 1.455885e-16 0 -1 -0.4647263 0 -0.8854544 -0.4647263 0 -0.8854544 -0.8229841 0 -0.5680643 -0.8229841 0 -0.5680643 -0.9927086 0 -0.1205391 -0.9927086 0 -0.1205391 -0.9350171 0 0.3546027 -0.9350171 0 0.3546027 1 0 0 1 0 0 1 0 0 1 0 0 -1 0 0 -0.9807855 -0.1950891 0 -1 0 0 -0.9807855 -0.1950891 0 -1 0 0 -1 0 0 -1 0 0 -1 0 0 1 0 0 0.9807855 -0.1950891 0 1 0 0 0.9807855 -0.1950891 0 1 0 0 1 0 0 1 0 0 1 0 0 1 0 0 0.987688 -0.1564365 0 1 0 0 0.987688 -0.1564365 0 -1 0 0 -0.987688 -0.1564365 0 -1 0 0 -0.987688 -0.1564365 0 -1 0 0 -1 0 0 -1 0 0 -1 0 0 0.3557047 -0.9345798 0.005895915 0.4004195 -0.9163319 0 0.4862818 -0.8734928 -0.02324536 0.9928856 0.1072599 -0.05170506 0.5898422 0.2047947 -0.781118 0.646817 0.2202596 -0.7301462 0.9300522 0.2834531 -0.233789 0.9602815 0.2652569 -0.0865927 0.9685256 0.2481404 -0.01961114 0.9595727 -0.2792475 -0.03522852 0.9396312 -0.2828345 0.1926078 0.8606974 -0.4745122 0.1844943 0.8948338 -0.4463995 0 0.8445257 -0.5352766 0.01598043 0.7059973 -0.7080189 0.01664291 0.7275846 -0.6627535 0.1771398 1.332451e-16 -0.9982844 -0.05855194 -0.2060305 -0.9785139 -0.007875204 -0.3557047 -0.9345798 0.005895915 -0.4134312 -0.8877334 0.2024944 -0.4004195 -0.9163319 0 0.6157654 -0.7806735 0.1066858 0.413437 -0.8877308 0.2024941 0.2060292 -0.9785141 -0.007879661 -2.1343e-06 -0.9812781 0.1925962 -0.4769452 -0.8785 -0.02758624 -0.5886486 -0.791932 0.1622852 -0.713808 -0.6997964 -0.02762294 -0.7350496 -0.6485533 0.1976884 -0.8576661 -0.5141799 -0.005276962 -0.8733809 -0.4601959 0.159454 -0.9453535 -0.2787311 0.1691619 -0.9732944 0.1291156 0.1898081 -0.9564835 0.2380173 0.1687811 -0.9943376 0.09625365 -0.0450338 -0.9688112 0.2472235 -0.01689234 -0.9568133 0.2700255 -0.1076781 -0.8106768 0.271705 -0.5186323 -0.7595903 0.2637316 -0.5945319 -0.8948338 -0.4463995 0 -0.9634957 -0.2677238 0 -0.9848485 -0.09951415 0.1420226 0.9808987 -0.07797535 0.1782065 0.9722871 0.1325825 0.1925607 0.9573542 0.2295246 0.1754749 0 0 -1 0 0 -1 0 0 -1 0 0 -1 0.1241583 0.005235314 -0.9922486 0 0 -1 0.1966301 -0.116686 -0.9735096 0 0 -1 0 0 -1 -0.1317307 -0.09847138 -0.9863825 0 0 -1 0 0 -1 0 0 -1 0 0 -1 0 0 -1 -0.1598649 -0.003830657 -0.9871315 0 0 -1 0 0 -1 0.2071011 -0.01646068 0.9781811 0.2063257 0.02636265 0.9781282 0 0 1 -0.1239326 -0.1667309 0.9781828 -0.08587592 -0.1891719 0.9781816 0 0 1 0 0 1 0 0 1 0 0 1 0 0 1 0 0 1 0.04393089 -0.2030487 0.9781827 0 0 1 -0.04393017 -0.2030478 0.9781829 4.352278e-07 -0.2077448 0.9781831 0 0 1 0.08587372 -0.1891726 0.9781817 0.1239316 -0.1667294 0.9781832 0 0 1 0.1563826 -0.136749 0.9781841 0 0 1 0.1817696 -0.1005948 0.9781822 0.1989414 -0.05988798 0.9781798 -0.2023506 0.01909445 0.979127 0 0 1 0 0 1 0 0 1 -0.01789764 -0.01087283 0.9997807 -0.001791731 0.0002381614 0.9999984 0 0 1 0 0 1 0 0 1 0 0 1 -0.1563811 -0.1367508 0.9781841 0 0 1 -0.1817669 -0.1005947 0.9781827 0 0 1 -0.1989415 -0.05988445 0.97818 0 0 1 -0.2071028 -0.01646048 0.9781807 0 0 1 0 0 1 0 0 1 0 0 1 0.001814527 0.09434239 0.9955382 0 0 1 3.936261e-19 0.07336495 0.9973052 0.003143334 0.09107839 0.9958388 0 0 1 0.001791731 0.0002381614 0.9999984 0 0 1 -0.02091104 0.06788593 0.9974739 0 0 1 0 0 1 0 0 1 0 0 1 0 0 -1 0 0 -1 0 0 -1 0 0 -1 0 0 -1 0 0 -1 0 0 -1 0 0 -1 0 0 -1 0 0 -1 0 0 -1 0 0 -1 0 0 -1 0 0 -1 0 0 -1 0 0 -1 0 0 -1 0 0 -1 0 0 -1 0 0 -1 0 0 -1 0 0 -1 0 0 -1 0 0 -1 0 0 -1 0 0 -1 0 0 -1 0 0 -1 0 0 -1 0 0 -1 0 0 -1 0 0 -1 0 0 -1 0 0 -1 0 0 -1 0 0 -1 0 0 -1 0 0 -1 0 0 -1 0 0 -1 0 0 -1 0 0 -1 0 0 -1 0 0 -1 0 0 -1 0 0 -1 0 0 -1 0 0 -1 0.9937123 -0.1119639 0 0.9937123 -0.1119639 0 0.9009672 -0.4338872 0 0.9009672 -0.4338872 0 0.6234863 -0.7818343 0 0.6234863 -0.7818343 0 0.2225209 -0.9749279 0 0.2225209 -0.9749279 0 -0.2225209 -0.9749279 0 -0.2225209 -0.9749279 0 -0.6234863 -0.7818343 0 -0.6234863 -0.7818343 0 -0.9009672 -0.4338872 0 -0.9009672 -0.4338872 0 -0.9937123 -0.1119639 0 -0.9937123 -0.1119639 0 0.8090191 -0.5877823 0 0.8090191 -0.5877823 0 0.3090224 -0.9510547 0 0.3090224 -0.9510547 0 -0.3090224 -0.9510547 0 -0.3090224 -0.9510547 0 -0.8090191 -0.5877823 0 -0.8090191 -0.5877823 0 0 0 -1 0 0 -1 0 0 -1 0 0 -1 0 0 -1 0 0 -1 0 0 -1 0 0 -1 0 0 -1 0 0 -1 0 0 -1 0 0 -1 0 0 -1 0 0 -1 0 0 -1 0 0 -1 0 0 -1 0 0 -1 0 0 -1 0 0 -1 0 0 -1 0 0 -1 0 0 -1 0.9991647 -0.0110031 0.03935409 0.9856921 0 0.1685559 0.997941 0 -0.06413855 0.9999287 -0.008443355 -0.008445732 1 0 0 0.9860233 -0.07596871 -0.1482797 0.9835838 -0.01793168 -0.179559 -1 0 0 -0.9999888 -0.003572462 -0.003098606 -0.9930612 -0.08025651 -0.08595532 -0.9995434 0 0.03021474 -0.998372 0 -0.05703737 -0.9858931 -0.001803509 0.1673666 -0.9924923 -0.01040993 -0.121863 -0.993429 -0.04379739 -0.1057382 0.09569215 0.01647411 -0.9952746 0.009067472 -0.02384424 -0.9996746 0.1683594 0.1580778 -0.9729679 0.00324969 0.1197464 -0.9927992 -0.03712697 0.2558393 -0.9660061 0.02540124 0.1620739 -0.9864516 -0.04123354 0.2570749 -0.9655114 0.06110869 0.2162345 -0.9744272 -0.03650081 0.2516746 -0.9671234 0.08865504 0.2256405 -0.9701684 -0.02883731 0.2381772 -0.9707935 -0.02907616 0.2314377 -0.9724151 0.001147362 0.2304362 -0.9730868 0.1498206 0.2469619 -0.9573733 0.03488019 0.2062021 -0.9778876 0.173324 0.2444763 -0.9540389 0.05443213 0.1923444 -0.9798167 0.2136343 0.2535621 -0.9434334 0.09636019 0.1625423 -0.9819851 0.1085544 0.1382301 -0.984433 0.2687069 0.223053 -0.93704 0.1249347 0.1139137 -0.9856039 0.1869042 0.152294 -0.9705016 0.3545138 0.2459423 -0.9021266 0.4305066 0.2738571 -0.8600386 0.4769568 0.2782776 -0.8337108 -0.2586495 0.2320579 -0.9376831 -0.5143777 0.2360351 -0.824441 -0.4304969 0.273859 -0.8600428 -0.193645 0.2461839 -0.9496816 -0.04225636 0.1885776 -0.9811488 -0.1757936 0.2430211 -0.9539588 -0.008729909 0.2169666 -0.97614 -0.1131894 0.2383862 -0.9645518 0.02473555 0.2189542 -0.9754216 0.02989505 0.2301262 -0.9727015 0.03181398 0.2424393 -0.9696448 -0.06638591 0.2115031 -0.9751202 0.04386648 0.2491153 -0.9674799 0.04242373 0.2555152 -0.9658738 -0.02498189 0.1617378 -0.9865175 0.04047905 0.2549545 -0.9661054 -0.003682879 0.1216554 -0.9925656 0.03148891 0.2568868 -0.9659284 0.02069217 0.2546234 -0.9668189 -0.001735194 0.2568634 -0.9664462 -0.01338366 0.2547379 -0.9669175 -0.02738769 0.2573728 -0.965924 0.01912278 0.2616396 -0.9649762 0.004053294 0.2911698 -0.9566628 -0.00105119 0.08001215 -0.9967933 -0.004489834 0.28293 -0.95913 0.005512134 0.2472913 -0.9689255 -0.3381499 0.2174966 -0.9156145 -0.1815553 0.1631555 -0.9697515 -0.1579834 0.04816743 -0.9862663 -0.1440857 0.1015544 -0.9843404 -0.1302634 0.1082738 -0.9855497 -0.2276398 0.2548661 -0.9397997 -0.115473 0.1300209 -0.9847642 -0.08435922 0.1537721 -0.9844987 -0.05177076 0.1643323 -0.9850455 -0.08272175 0.02284795 -0.9963107 -0.1276091 0.008666278 -0.9917867 0.005754983 0.1133009 -0.9935441 -0.2099007 0.1477242 -0.9664985 0.1387867 0.101984 -0.9850571 0.1540924 0.05485498 -0.9865325 0.1340586 0.01751734 -0.9908186 -0.9420125 -0.3271205 -0.07486374 -0.9214312 -0.3077106 -0.2372316 -0.941743 -0.3125862 -0.1241372 -0.8732348 0.01478752 0.4870752 -0.8029774 0.15985 0.5741736 -0.6946694 0.1272051 0.7079925 -0.5960364 0.2546768 0.7614987 -0.93744 -0.2870199 0.1970427 -0.9424229 -0.329568 0.05677962 -0.9464067 -0.3229726 0.001748391 -0.8735594 0.2141953 -0.4370519 -0.8812505 0.2510675 -0.400453 -0.9094013 0.1294494 -0.3952622 -0.6027978 0.1142322 -0.7896745 -0.7620176 0.1954992 -0.6173404 -0.8150871 0.05079602 -0.5771073 -0.9804427 0.151383 -0.1257589 -0.982569 0.1849879 0.01837691 -0.9929767 0.1071487 -0.0501637 -0.9454754 -0.3238358 0.03473761 -0.9442603 -0.3290762 -0.009022365 -0.9762632 -0.1841086 -0.1140798 -0.9907399 -0.1354817 -0.008897797 -0.9971038 -0.05926597 -0.04766173 -0.9881768 -0.008042602 -0.1531076 -0.9940557 -0.09830188 0.04679819 -0.9766081 -0.2046523 0.06598528 -0.9340909 -0.3368911 0.1182311 -0.9606665 0.1845465 -0.2075149 -0.975895 0.1166526 -0.1844481 -0.9999684 -0.00795178 0 -0.724306 0.2755454 -0.632025 -0.7242741 0.2756716 -0.6320065 -0.8661573 -0.08367094 -0.4927177 -0.7483801 -0.03619422 -0.6622818 -0.6656856 0.03582952 -0.7453717 -0.3740356 0.3954921 0.8388584 -0.5151949 0.36318 0.7763212 -0.4486496 0.4171923 0.7903569 -0.7316602 0.3159088 0.6040488 -0.9813938 0.1903763 -0.02496127 -0.9841942 0.1770908 -0.0007928132 -0.9836443 0.1800198 -0.00606164 -0.9795771 0.1641767 0.1160805 -0.9941523 -0.1030566 -0.03225641 -0.9933155 -0.1065075 -0.04450331 -0.9997778 -0.0210702 -0.0006385407 -0.972498 -0.2324821 0.01413298 -0.9755929 -0.2195155 -0.005610855 -0.9815644 0.02693742 0.1892238 -0.9780583 -0.2039194 -0.04264815 -0.9998713 -0.01598645 -0.001370481 -0.9969977 0.05518461 0.0543159 -0.9454267 -0.3230999 0.04212854 -0.975127 -0.1906959 0.1129711 -0.8913944 -0.4522329 0.03002431 -0.8825467 -0.4702158 -0.002892139 -0.9458942 -0.190232 -0.2628612 -0.9271508 -0.1741137 -0.3317766 -0.9459917 -0.1149289 -0.3031355 -0.9321648 0.009273065 -0.3619154 -0.8981159 -0.2822671 -0.3372138 -0.8672054 -0.2549099 -0.4277566 -0.9481467 -0.2476093 -0.1992673 -0.8511133 -0.1833656 -0.4919179 -0.9519333 -0.2813744 0.121043 -0.9214242 -0.2329336 0.3109976 -0.9539415 -0.219755 0.2042139 -0.7447129 0.05079827 0.6654489 -0.8084493 -0.01617993 0.5883434 -0.9019232 -0.1183348 0.4153691 -0.8449167 -0.07947982 0.52896 -0.9020984 -0.1625975 0.3997255 -0.7552779 0.2561264 0.6032865 -0.9202228 0.09062264 0.3807591 -0.957116 -0.1039763 0.2704031 -0.8947673 0.1725054 0.4118657 -0.9539005 -0.2947777 -0.05639133 -0.8903139 -0.4548325 -0.0216474 -0.7730463 -0.08173632 -0.6290617 -0.8903182 -0.4553336 -0.002200969 -0.9138579 0.2278459 0.3360803 0.9801209 -0.1610684 0.1158445 0.8924561 -0.4505371 0.02320487 0.9571857 -0.283754 0.0572653 0.8830911 -0.4691114 0.009193144 0.8558955 0.2947867 0.4249043 0.8620692 0.3215113 0.3917488 0.8972868 0.2044214 0.391265 0.783213 0.1269561 -0.6086539 0.5959436 0.2026581 -0.7770334 0.6897655 0.07543292 -0.7200926 0.7067578 0.2328368 -0.6680423 0.7242741 0.2756716 -0.6320065 0.982035 0.187242 0.02340098 0.984227 0.1769093 0.0004683989 0.9837242 0.1795724 0.006362117 0.9809463 0.1511782 -0.1220222 0.9825944 -0.1670685 0.08121751 0.9842862 -0.1536767 0.08697201 0.9998268 -0.01860455 0.0004795395 0.9564659 -0.2891126 -0.03983687 0.9749355 -0.2224007 0.006225001 0.9808072 -0.008426944 -0.1947981 0.9768595 -0.2099874 0.04063133 0.9998733 -0.01575619 0.002248282 0.9994302 0.02173052 -0.02582616 0.9377358 -0.3467114 -0.02104397 0.9815864 -0.1771537 -0.07144653 0.8928249 -0.4496935 -0.02528798 0.9531541 -0.1774827 -0.2449431 0.9904928 -0.1372661 0.009056376 0.9976929 -0.05247441 0.04307324 0.9856925 0.005859136 0.1684518 0.999006 0.03300994 0.02995619 0.9802832 0.1062963 0.1665709 0.9894165 0.1433041 0.02277837 0.9641617 0.1895058 0.1856874 0.9843457 0.1757712 -0.01295989 0.984105 0.1775751 0.002092961 0.981043 -0.1708049 -0.09154418 0.9538387 -0.2784155 -0.1125904 0.9247953 -0.3616881 -0.1180479 0.9449972 -0.3251117 -0.03581396 0.9452787 -0.3260357 0.01220364 0.9389493 -0.343384 0.02148659 0.9539548 -0.140289 0.2651213 0.9331348 -0.09543032 0.3466303 0.950751 -0.05891241 0.3043057 0.8746397 0.01245322 0.4846135 0.9291648 0.07923541 0.361074 0.8177747 0.1329821 0.5599646 0.750446 0.2641059 0.6058703 0.6830139 0.3523808 0.639781 0.948149 -0.2942189 0.1202031 0.9214242 -0.2329336 0.3109976 0.9552333 -0.2136386 0.2046654 0.8917906 -0.1796034 0.4152735 0.8533911 -0.1203645 0.5071845 0.3938432 0.418902 0.818174 0.4486462 0.4171927 0.7903587 0.4757302 0.4122051 0.7770249 0.5784067 0.3342843 0.74411 0.6842911 0.2059531 0.6995206 0.761672 0.07694038 0.6433785 0.8084393 -0.01617685 0.5883572 0.9138194 0.06497303 -0.4008898 0.92331 0.01151513 -0.3838828 0.8165925 0.006805698 -0.5771745 0.7872751 -0.1164526 -0.6055054 0.8269714 -0.1791361 -0.5329434 0.8888905 -0.1941775 -0.4149322 0.8807729 -0.2331886 -0.4121433 0.9346776 -0.2821421 -0.2162719 0.8981196 -0.2822672 -0.3372039 0.9417604 -0.3125092 -0.1241988 0.7484097 -0.03620091 -0.662248 0.8786766 -0.08826039 -0.4691881 0.8822801 -0.4706497 -0.008404509 0.9420506 -0.3354699 0.0007678688 0.9214292 -0.3077106 -0.237239 0.9420126 -0.3271205 -0.07486336 0.946694 -0.3188025 0.0462104 0.9396111 -0.2701145 0.2101647 0.8735594 0.2141953 -0.4370519 0.9226997 0.1748923 -0.3435664 -0.2350948 0.3360624 0.9120266 -0.2773901 0.3229413 0.9048556 0.1323441 0.3056309 0.9429076 0.2238229 0.3237907 0.919273 0.247869 0.349119 0.9037018 0.2617983 0.3948223 0.8806685 0.06635933 0.3657843 0.9283309 0.01569912 0.2420544 0.9701357 0.004355336 0.2927047 0.956193 0.003941942 0.3395946 0.9405636 0.001195828 0.3930356 0.9195225 0.01996332 0.3947663 0.9185647 0.1061572 0.3384142 0.9349901 -0.003243849 0.2946646 0.9555952 -0.004325755 0.2215956 0.9751291 -0.1140219 0.3219405 0.9398688 -0.01393805 0.2518057 0.9676774 -0.003310351 0.392518 0.9197384 -0.01996332 0.3947663 0.9185647 -0.004264194 0.3928331 0.9195999 -0.23584 0.4162486 0.8781324 -0.2137829 0.3923743 0.8946168 -0.1212592 0.3771588 0.9181761 -0.003993063 0.2924373 0.9562764 -0.005040374 0.3372059 0.9414174 0.1474532 0.4098521 0.9001549 0.1474538 0.4098609 0.9001508 0.2137834 0.3923738 0.8946169 -0.1375825 0.3131329 0.9396908 0.00538108 0.2932378 0.9560244 0 -1 0 -0.183627 -0.9807995 0.065677 0 -1 0 0.1827103 -0.981005 0.06516294 0 -1 0 0 -1 0 0 -1 0 0 -1 0 -0.1547569 -0.9879523 -0.0007343833 0 -1 0 -0.1827811 -0.9809885 -0.06521201 0 -1 0 0 -1 0 0 -1 0 0.1836615 -0.9807864 -0.06577562 0 -1 0 0 -1 0 0.1547588 -0.987952 0.0006951098 0 -1 0 0 -1 0 0 0 1 0 0 1 0 0 1 0 0 1 -0.1241781 0.005233606 0.9922461 0 0 1 -0.1966358 -0.1164537 0.9735363 0 0 1 0 0 1 0.1317481 -0.0984703 0.9863803 0 0 1 0 0 1 0 0 1 0 0 1 0 0 1 0.1598726 -0.003829432 0.9871302 0 0 1 0 0 1 -0.2070844 -0.01645935 -0.9781846 -0.2023682 0.02038591 -0.9790973 0 0 -1 0 0 -1 0 0 -1 0 0 -1 0 0 -1 0 0 -1 0 0 -1 0 0 -1 0 0 -1 0 0 -1 0 0 -1 0 0 -1 0.01686204 -0.01145281 -0.9997922 0.0003200174 0.04500501 -0.9989867 0 0 -1 0.0002682354 0.0266125 -0.9996458 0 0 -1 -0.000568861 0.04495922 -0.9989887 0 0 -1 -0.1239216 -0.166716 -0.9781867 0 0 -1 -0.15637 -0.136738 -0.9781877 0 0 -1 -0.181755 -0.1005867 -0.9781858 -0.1989253 -0.05988316 -0.9781834 0 0 -1 -0.04392736 -0.2030323 -0.9781862 -0.08586681 -0.1891574 -0.9781852 0 0 -1 0.08586901 -0.1891567 -0.9781852 0 0 -1 0.04392663 -0.2030315 -0.9781864 -4.351951e-07 -0.207728 -0.9781866 0 0 -1 0 0 -1 0 0 -1 -0.004294385 0.001563074 -0.9999896 0 0 -1 0 0 -1 0 0 -1 0 0 -1 0 0 -1 0 0 -1 0 0 -1 0 0 -1 0.02767143 -0.02215575 -0.9993715 0.2065296 0.02948656 -0.9779959 0 0 -1 0.2070861 -0.01645916 -0.9781843 0.1989255 -0.05987963 -0.9781836 0.1817523 -0.1005866 -0.9781863 0 0 -1 0.1563685 -0.1367398 -0.9781877 0.1239226 -0.1667175 -0.9781863 0.8574521 -0.514537 0.005247286 0.714287 -0.6992931 0.02798634 0.734922 -0.6486564 -0.1978246 -0.290044 -0.9570129 -0.0008727649 -0.3432893 -0.9392297 0 -0.4583769 -0.8884363 0.02390666 -0.9926977 0.1085451 0.05262396 -0.5899228 0.2048227 0.7810498 -0.6468804 0.2202822 0.7300832 -0.9300494 0.283454 0.2337988 -0.9602817 0.2652567 0.08659028 -0.9685255 0.2481406 0.0196118 -0.9594574 -0.279419 0.03696717 -0.9396324 -0.2828349 -0.1926014 -0.860982 -0.4744205 -0.183399 -0.8948338 -0.4463995 0 -0.8444136 -0.5354082 -0.01742821 -0.7062891 -0.7077227 -0.01686393 -0.727413 -0.6629619 -0.1770645 -0.6165551 -0.7806204 -0.102429 -0.4097957 -0.8906842 -0.196848 -0.1974187 -0.9631126 -0.1828658 0.01108402 -0.9998958 0.00924548 0.006179361 -0.9821472 -0.1880125 0.285852 -0.9582688 -0.003073506 0.1895174 -0.9666578 -0.1722087 0.4097899 -0.8906868 -0.1968483 0.588848 -0.7922003 -0.1602398 0.4490488 -0.8930673 0.02803594 0.3432893 -0.9392297 0 0.9570652 -0.2888696 0.02409574 0.8948338 -0.4463995 0 0.9669262 0.240616 -0.08460308 0.9688111 0.2472239 0.01689366 0.9926511 0.1089841 0.05259548 0.9568132 0.270026 0.1076771 0.8106845 0.2717075 0.518619 0.7595995 0.2637348 0.5945188 0.8739443 -0.459754 -0.1576311 0.9380006 -0.2940513 -0.1835451 0.9812891 -0.07800011 -0.1760332 0.9725466 0.1307473 -0.192505 -0.9812885 -0.07800632 -0.1760341 -0.9745225 0.1243907 -0.1866355 -0.9669262 0.240616 -0.08460308 0.9999811 -0.004638533 0.004023526 0.9930063 -0.08014879 0.08668728 0.9995464 0 -0.030116 0.9983718 0 0.05704115 0.9965066 -0.0007163361 -0.0835108 0.9924923 -0.01041008 0.121863 0.9934283 -0.04380011 0.1057443 -0.999655 -0.002535901 -0.02614178 -0.9964674 0 -0.08398009 -0.9979409 0 0.06414036 -0.9999596 -0.006580564 0.006129311 -0.9860176 -0.07643476 0.1480775 -0.983579 -0.017899 0.1795886 -0.3596663 0.25215 -0.8983655 -0.4620174 0.01092082 -0.8868036 -0.4446743 0.1261289 -0.8867673 -0.4871767 0.1134194 -0.865907 0.6700479 0.01052595 -0.7422433 0.6043427 0.1031577 -0.790018 0.4945757 0.1124407 -0.8618306 0.4804623 0.06866271 -0.8743234 0.434959 0.132516 -0.890646 0.4492877 0 -0.8933871 0.3602869 0.2543433 -0.8974981 0.7444631 0.01479921 -0.6674995 0.7221547 0.005493481 -0.6917098 0.6530416 0.001910605 -0.7573197 0.5246222 0.0957492 -0.8459336 -0.4716121 0.09368384 -0.8768154 -0.579703 -0.00921966 -0.8147757 -0.5275916 0.1121006 -0.8420692 -0.6745289 0.008631381 -0.738198 -0.6530512 0.001912966 -0.7573113 -0.7221232 0.005496821 -0.6917426 -0.7471089 0.01192281 -0.6645947 -0.7836696 0.02219183 -0.6207813 -0.8730578 -0.02371636 -0.4870396 -0.830662 0.03912874 -0.5554004 -0.9242052 -0.001513604 -0.3818932 -0.8901217 0.02709914 -0.4549165 -0.9317744 0.004704388 -0.3630073 -0.97583 -0.02154845 -0.217466 -0.9653337 0.0007825102 -0.2610175 -0.9994148 0.009196653 -0.03294723 -0.7753697 0.01600544 0.6313047 -0.8768003 0.01122247 0.4807237 -0.8391553 0.005847785 0.5438605 -0.9960387 0 -0.08892112 -0.9978703 0.01039228 0.06439609 -0.9798012 -0.0125024 0.1995829 -0.9709578 -0.01563648 0.2387392 -0.9373869 0.002027106 0.348284 -0.9369066 0.01007457 0.3494345 -0.9117728 0.03168122 0.4094712 -0.7886492 0 0.6148434 -0.7394835 0.008902028 0.6731158 -0.664527 0.001740961 0.7472622 -0.6737068 0.003688971 0.7389895 -0.581489 -0.002693118 0.8135498 -0.5838285 -0.0003673179 0.8118769 -0.4854349 0.01122991 0.8742007 -0.5193795 0 0.8545437 -0.4387826 0.003337885 0.8985871 -0.3330142 -0.01149321 0.9428518 -0.27806 -0.0101024 0.9605106 -0.1610553 0.006240583 0.9869257 -0.1518747 0 0.9883998 -8.390758e-07 0 1 0.1665742 0 0.9860289 0.1600437 0.007910406 0.9870782 0.3295113 -0.01399487 0.9440479 0.2683056 0.0063438 0.963313 0.4387649 0.003329925 0.8985957 0.4851542 0.01157042 0.8743521 0.5190912 -0.0003436143 0.8547188 0.5801306 -0.0003961839 0.8145233 0.5825824 -0.00260341 0.8127675 0.6661379 0.00420761 0.7458167 0.8719329 0.01130909 0.4894948 0.905957 0.008039388 0.4232934 0.9408886 0.008815814 0.3386013 0.9419042 0.003504644 0.3358635 0.9795288 -0.01371048 0.2008369 0.6749352 0.002214421 0.7378737 0.7394642 0.008896886 0.6731371 0.7805155 0.007722314 0.6250887 0.7951542 0.009614833 0.6063311 0.8312024 0.02787487 0.5552707 0.9702392 -0.01018241 0.2419345 0.9978705 0.01038961 0.06439411 0.9995477 0.0146471 -0.0262639 0.9965699 -0.005338245 -0.08258277 0.9749021 -0.01037217 -0.2223923 0.9654807 -0.009941899 -0.2602846 0.9270626 0.00997763 -0.3747737 0.9300141 0 -0.3675239 0.8987585 -0.001903188 -0.43844 0.8643815 0.01409043 -0.5026391 0.830674 0.02153634 -0.5563424 0.7790899 0.01398915 -0.6267561 0.5854151 0.1830849 0.7897906 0.5830152 0 0.8124612 0.3966077 0.3585747 0.84506 -0.800963 0.03344668 0.5977789 -0.7696398 0.06905848 0.6347326 -0.8318386 0.03382168 0.5539862 -0.7947809 0.0314384 0.6060817 -0.7716094 0.07510886 0.6316467 -0.7942651 0.01337656 0.6074241 -0.7785338 -0.02645051 0.627045 -0.8340057 -0.0128484 0.5516061 -0.8060141 0.006996074 0.591855 -0.7243127 0.1599087 0.6706716 -0.6638157 0.2586053 0.7017635 -0.537468 0.04663009 0.8419939 -0.549055 0.1613948 0.8200551 -0.3996674 0.3676565 0.8396992 -0.8146098 0 0.5800093 -0.7988441 0.01118008 0.6014343 -0.7791679 0.04147502 0.6254416 -0.8511556 0.01070547 0.5248043 -0.9745845 0 0.22402 -0.9745845 0 0.22402 -0.9850144 0 -0.1724719 -0.9850144 0 -0.1724719 -0.8404897 0 -0.5418275 -0.8404897 0 -0.5418275 -0.5637413 0 -0.8259514 -0.5637413 0 -0.8259514 -0.1983137 0 -0.9801386 -0.1983137 0 -0.9801386 0.1983137 0 -0.9801386 0.1983137 0 -0.9801386 0.5637413 0 -0.8259514 0.5637413 0 -0.8259514 0.8404897 0 -0.5418275 0.8404897 0 -0.5418275 0.9850144 0 -0.1724719 0.9850144 0 -0.1724719 0.9745845 0 0.22402 0.9745845 0 0.22402 0.8507828 0.01161075 0.5253891 0.8316139 0.03378081 0.5543259 0.6546698 0.2954624 0.6957798 0.7238906 0.1599648 0.6711137 0.7717268 0.07512833 0.6315009 0.7949439 0.0313962 0.60587 0.8060592 0.00691601 0.5917946 0.7926745 0.0646907 0.6062032 0.7588814 0.1020245 0.6431874 0.7782341 -0.0264363 0.6274176 0.7965585 0.0719653 0.6002629 0.8315387 -0.01236915 0.5553291 0.8171465 0.06037075 0.57326 0.7791713 0.0415059 0.6254354 0.8052671 0.01127662 0.592805 0.8759658 0.008708927 0.4822947 0 1 0 0 1 0 0 1 0 0 1 0 0 1 0 0 1 0 0 1 0 0 1 0 0 1 0 0 1 0 0 1 0 0 1 0 0 1 0 0 1 0 0 1 0 0 1 0 0 1 0 0 1 0 0 1 0 0 1 0 0 1 0 0 1 0 0 1 0 0 1 0 0 1 0 0 1 0 0 1 0 0 1 0 0 1 0 0 1 0 0 1 0 0 1 0 -1 0 0 -1 0 0 1 0 0 1 0 0 1 1.047125e-15 0 1 1.03278e-15 0 0.7071038 -0.7071097 0 0.7071038 -0.7071097 0 7.650199e-17 -1 0 7.650199e-17 -1 0 -0.7071038 -0.7071097 0 -0.7071038 -0.7071097 0 -1 9.945293e-16 0 -1 9.754037e-16 0 -0.7071038 0.7071097 0 -0.7071038 0.7071097 0 3.825099e-17 1 0 5.737649e-17 1 0 0.7071038 0.7071097 0 0.7071038 0.7071097 0 1 9.801851e-16 0 1 9.945293e-16 0 0.7071038 -0.7071097 0 0.7071038 -0.7071097 0 -1.91255e-16 -1 0 -1.721295e-16 -1 0 -0.7071038 -0.7071097 0 -0.7071038 -0.7071097 0 -1 1.03278e-15 0 -1 1.051906e-15 0 -0.7071038 0.7071097 0 -0.7071038 0.7071097 0 -1.53004e-16 1 0 -1.721295e-16 1 0 0.7071038 0.7071097 0 0.7071038 0.7071097 0 0.2312296 0.966976 -0.1071928 0.3962418 0.9181462 0 0.7122937 0.7018815 0 0.7074848 0.7067271 -0.00147087 7.650199e-17 1 0 -0.1210014 0.9893984 -0.08030838 -0.7071038 0.7071097 0 -0.7071038 0.7071097 0 -1 9.945293e-16 0 -1 9.754037e-16 0 -0.7071038 -0.7071097 0 -0.7071038 -0.7071097 0 -0.1882143 -0.982128 0 -0.002946759 -0.9999835 -0.004922331 0.2737134 -0.9618106 -0.001164427 0.7089572 -0.7052442 -0.003214663 0.3962418 -0.9181462 0 1 1.03278e-15 0 1 1.03278e-15 0 0.7122937 -0.7018815 0 -0.2312296 -0.966976 -0.1071928 -0.3962418 -0.9181462 0 -0.7122937 -0.7018815 0 -0.7074848 -0.7067271 -0.00147087 -1.53004e-16 -1 0 0.1210014 -0.9893984 -0.08030838 0.7071038 -0.7071097 0 0.7071038 -0.7071097 0 1 9.562782e-16 0 1 9.754037e-16 0 0.7071038 0.7071097 0 0.7071038 0.7071097 0 0.1882143 0.982128 0 0.002946759 0.9999835 -0.004922331 -0.2737134 0.9618106 -0.001164427 -0.7089572 0.7052442 -0.003214663 -0.3962418 0.9181462 0 -1 1.03278e-15 0 -1 1.051906e-15 0 -0.7122937 0.7018815 0 0 0 1 0 0 1 0 0 1 0 0 1 0 0 1 0 0 1 0 0 1 0 0 1 0 0 1 0 0 1 0 0 1 0 0 1 0 0 1 0 0 1 0 0 1 0 0 1 0 0 1 0 0 1 0 0 1 0 0 1 0 0 1 0 0 1 0 0 1 0 0 1 0 0 1 0 0 1 0 0 1 0 0 1 0 0 1 0 0 1 0 0 1 0 0 1 0 0 1 0 0 1 0 0 1 0 0 1 0 0 1 0 0 1 0 0 1 0 0 1 0 0 1 0 0 1 0 0 1 0 0 1 0 0 1 0 0 1 0 0 1 0 0 1 0 0 1 0 0 1 0 0 1 0 0 1 0 0 1 0 0 1 0 0 1 -0.9937123 -0.1119639 0 -0.9937123 -0.1119639 0 -0.9009672 -0.4338872 0 -0.9009672 -0.4338872 0 -0.6234863 -0.7818343 0 -0.6234863 -0.7818343 0 -0.2225209 -0.9749279 0 -0.2225209 -0.9749279 0 0.2225209 -0.9749279 0 0.2225209 -0.9749279 0 0.6234863 -0.7818343 0 0.6234863 -0.7818343 0 0.9009672 -0.4338872 0 0.9009672 -0.4338872 0 0.9937123 -0.1119639 0 0.9937123 -0.1119639 0 -1 0 0 -1 0 0 1 0 0 1 0 0 0 0 1 0 0 1 0 0 1 0 0 1 0 0 1 0 0 1 0 0 1 0 0 1 0 0 1 0 0 1 0 0 1 0 0 1 0 0 1 0 0 1 -0.7071046 -0.7071089 0 -0.7071046 -0.7071089 0 -3.825106e-17 -1 0 -4.781383e-17 -1 0 0.7071046 -0.7071089 0 0.7071046 -0.7071089 0 -1 1.03278e-15 0 -1 1.03278e-15 0 -0.7071038 -0.7071097 0 -0.7071038 -0.7071097 0 7.650199e-17 -1 0 1.14753e-16 -1 0 0.7071038 -0.7071097 0 0.7071038 -0.7071097 0 1 9.945293e-16 0 1 9.754037e-16 0 0.7071038 0.7071097 0 0.7071038 0.7071097 0 7.650199e-17 1 0 9.562749e-17 1 0 -0.7071038 0.7071097 0 -0.7071038 0.7071097 0 -1 9.801851e-16 0 -1 9.945293e-16 0 -0.7071038 -0.7071097 0 -0.7071038 -0.7071097 0 -2.29506e-16 -1 0 -1.91255e-16 -1 0 0.7071038 -0.7071097 0 0.7071038 -0.7071097 0 1 1.03278e-15 0 1 1.03278e-15 0 0.7071038 0.7071097 0 0.7071038 0.7071097 0 -1.91255e-16 1 0 -2.103805e-16 1 0 -0.7071038 0.7071097 0 -0.7071038 0.7071097 0 -0.8646977 -0.5018881 0.02015417 -0.7855226 -0.618833 0 -0.6036833 -0.7972242 0 -0.6981954 0.7156536 0.01905683 -0.859283 0.5114864 0.003787688 -0.9997891 -0.01198455 0.01667973 -0.9996538 -0.016256 0.02068932 -0.7063574 -0.7078328 0.005658403 7.650199e-17 -1 0 9.562749e-17 -1 0 0.7071038 -0.7071097 0 0.7071038 -0.7071097 0 1 9.945293e-16 0 1 9.754037e-16 0 0.7071038 0.7071097 0 0.7071038 0.7071097 0 7.650199e-17 1 0 9.562749e-17 1 0 -0.6036833 0.7972242 0 -0.7855226 0.618833 0 0.8646977 0.5018881 0.02015417 0.7855226 0.618833 0 0.6036833 0.7972242 0 0.6981954 -0.7156536 0.01905683 0.859283 -0.5114864 0.003787688 0.9997891 0.01198455 0.01667973 0.9996538 0.016256 0.02068932 0.7063574 0.7078328 0.005658403 -1.91255e-16 1 0 -2.103805e-16 1 0 -0.7071038 0.7071097 0 -0.7071038 0.7071097 0 -1 9.945293e-16 0 -1 9.945293e-16 0 -0.7071038 -0.7071097 0 -0.7071038 -0.7071097 0 -1.91255e-16 -1 0 -1.91255e-16 -1 0 0.6036833 -0.7972242 0 0.7855226 -0.618833 0 0 0 1 0 0 1 0 0 1 0 0 1 0 0 1 0 0 1 0 0 1 0 0 1 0 0 1 0 0 1 0 0 1 0 0 1 0.8947658 0.08547487 -0.4382787 0.8126694 0 -0.582725 0.6215381 2.924967e-17 -0.783384 0.697449 0.02855226 -0.7160654 1 0 1.530046e-16 0.9982717 0.04640514 0.03605888 0.7071046 0 0.7071089 0.7071046 0 0.7071089 -1.530042e-16 0 1 -9.562765e-17 0 1 -0.7071046 0 0.7071089 -0.7071046 0 0.7071089 -0.9966683 0 0.08156109 -0.9987467 0.03790646 0.03268223 -0.8816746 0.02730421 -0.4710674 -0.6812849 0.04394395 -0.7306982 -0.8126694 0 -0.582725 0 -3.044385e-17 -1 2.103808e-16 3.044385e-17 -1 -0.6215381 0 -0.783384 -0.9688598 0.2473895 -0.01044926 -0.9775185 0.2108496 0 -0.9578627 0.2872264 -3.324464e-06 -0.9762144 0.216647 -0.008334636 -0.9560018 0.2618067 -0.132355 -0.9487322 0.315986 0.007744947 -0.9500313 0.3034289 0.07329083 -0.9671072 0.2168152 0.1330216 -0.9578221 0.2873618 9.749956e-06 -0.9687996 0.2451521 -0.03643968 -0.9650975 0.2521811 -0.07065044 -0.9606605 0.2580288 -0.102726 0.1877044 0.1877725 -0.9641102 0.1711384 -0.1616766 -0.9718911 0.03097169 -0.09911244 -0.9945941 0 0 -1 -0.001058343 0.0613839 -0.9981137 -0.001629401 0.1023553 -0.9947466 0 0 -1 0 0 -1 -0.1261022 0.1910955 -0.9734376 0 0 -1 0 0 -1 -0.02008474 0.09209879 -0.9955473 0 0 -1 -0.02638885 0.06703297 -0.9974017 -0.1358735 0.03641701 -0.9900567 0.1143671 -0.122889 -0.9858085 0 0 -1 -0.0473704 0 -0.9988774 -0.1990598 0.166093 0.9658097 -0.006611786 0.1907514 0.9816161 -0.1159263 0.01701394 0.9931121 -0.004130691 0.09385598 0.9955772 -0.1281326 0.1287618 0.9833628 0.1923548 0.1256741 0.9732449 0 0.0914627 0.9958085 0.1863156 0.01303653 0.9824035 0.007039033 0.190601 0.9816424 0.1821945 0.04101789 0.9824066 0.1587518 0.1500628 0.9758478 0.9292524 0.3389894 0.1468884 0.964215 0.2207947 0.1467619 0.9689258 0.247077 -0.01165331 0.9554003 0.2623387 -0.1356047 0.9715477 0.2013519 -0.1247094 0.9573585 0.2119443 0.1963268 0.9687586 0.2450298 -0.03830468 0.9649846 0.252017 -0.07274677 0.9370234 0.2974289 0.1830934 0.9604213 0.2579726 -0.1050768 0.05019276 5.895761e-07 -0.9987395 0.1395562 0.03792533 -0.9894876 0.02733571 0.07482945 -0.9968216 -0.1657242 -0.1657511 -0.972143 -0.1876915 0.1877606 -0.9641151 -0.0473274 -0.1503267 -0.9875029 0.1269869 0.1907649 -0.9733874 -0.1705398 -0.1796839 -0.9688291 0 0 -1 0.02629508 0.1439865 -0.9892302 0 0 -1 0.004072299 0.112186 -0.9936789 0.01375644 0.107287 -0.9941329 0.08622767 0.003167547 -0.9962704 0.1135153 0.01616664 -0.9934047 0 0 -1 0.9885571 -0.03839103 -0.1458798 0.9766261 -0.09435577 -0.193128 0.9869242 0.09613539 -0.1293776 0.9765379 0.09383232 -0.193828 -0.9771726 -0.09871257 -0.1881212 -0.9889236 -0.02237924 -0.1467285 -0.9765972 0.09414852 -0.1933753 -0.9853963 0.1079453 -0.1316892 -0.1074524 0.1618267 -0.9809516 -0.06711902 0.1646653 -0.9840632 -0.1237162 -0.2264165 -0.9661417 -0.1543743 -0.1543748 -0.9758775 -0.2016977 -0.08354526 -0.9758782 -0.09870223 -0.1831675 -0.9781143 -0.2066353 -0.02164318 -0.9781786 -0.1543752 0.1543693 -0.9758783 -0.2016974 0.08354518 -0.9758782 -0.2066352 0.021643 -0.9781787 0.1074524 -0.1618267 -0.9809516 0.06711902 -0.1646653 -0.9840632 0.1237162 0.2264165 -0.9661417 0.1543743 0.1543748 -0.9758775 0.2016977 0.08354526 -0.9758782 0.09870223 0.1831675 -0.9781143 0.2066353 0.02164318 -0.9781786 0.1543752 -0.1543693 -0.9758783 0.2016974 -0.08354518 -0.9758782 0.2066352 -0.021643 -0.9781787 0.1057016 0.9871279 -0.120024 0 0.9996672 -0.02579811 0.07881195 0.9812917 -0.1756565 0 1 0 -0.003211337 0.9835154 -0.180796 0 1 0 -0.04601668 0.9914323 -0.1222478 0 0.9996672 -0.02579811 -0.1054439 0.987105 -0.120438 -0.1059067 -0.9871372 -0.1197659 0 -0.9996672 -0.02579811 -0.05593612 -0.9872945 -0.1487301 0 -1 0 0.00122327 -0.9894709 -0.1447268 0 -1 0 -0.01300678 -0.9895509 -0.1435962 0 -0.9996672 -0.02579811 0.04019904 -0.9883576 -0.146742 0.1105249 -0.9872799 -0.114292 0.9649155 0.2250338 -0.1352696 0.9062768 0.3753822 -0.194295 0.9215755 0.3684358 -0.1222852 0.8480737 0.5135444 -0.1305491 0.6934957 0.6938265 -0.1940841 0.7722726 0.6247487 -0.1152565 0.372831 0.9197908 -0.122401 0.5153977 0.848465 -0.1203009 0.3855064 0.9042817 -0.1834652 0.6086422 0.7832783 -0.1266086 0.7133712 0.6960084 -0.08169392 0.2182426 0.9685276 -0.1196846 0.3824734 -0.907389 -0.1742394 0.4624872 -0.8723462 -0.1584855 0.2483493 -0.9558947 -0.1568055 0.9702947 -0.1941167 -0.1443847 0.9236446 -0.3508222 -0.1542869 0.906604 -0.3750028 -0.1934996 0.8446987 -0.5133809 -0.1514074 0.770907 -0.6173975 -0.1565974 0.6929824 -0.6947929 -0.1924532 0.6788487 -0.7245955 -0.1188517 0.5999675 -0.78562 -0.1511299 -0.3855175 0.9041498 -0.1840906 -0.2838712 0.9506052 -0.1255665 -0.1521038 0.9806314 -0.1233957 -0.7392111 0.6621079 -0.1232071 -0.6613746 0.7463277 -0.07469005 -0.6936764 0.6936097 -0.1942127 -0.5716756 0.8117638 -0.1192753 -0.4398077 0.8899205 -0.1208742 -0.8089578 0.5727915 -0.1322767 -0.906461 0.3752259 -0.1937367 -0.8960988 0.4255694 -0.1260856 -0.951955 0.2730265 -0.1387022 -0.9093549 -0.3726198 -0.1850082 -0.6948684 -0.6928392 -0.1926962 -0.7271234 -0.6758556 -0.1204604 -0.7913344 -0.5922072 -0.1519228 -0.8799053 -0.4480423 -0.1581922 -0.9609872 -0.228384 -0.156027 -0.206668 -0.9673269 -0.1468571 -0.362109 -0.9193978 -0.1535733 -0.3849783 -0.904478 -0.1836063 -0.5215581 -0.8400555 -0.1492778 -0.6251153 -0.7653148 -0.1533758 -0.9940395 -0.04822762 0.09777335 -0.9950612 -0.0992402 -0.00212336 -0.9938308 -0.08480183 -0.0714775 -0.9889659 -0.1096241 -0.09964462 -0.992546 0.05472468 0.1088926 -0.9889865 -0.1185453 -0.08861604 -0.9892509 -0.112181 -0.09379776 0.9939928 -0.04680682 0.09893155 0.9928783 0.05413813 0.1061212 0.9875792 -0.1277727 -0.09144137 0.9951846 -0.07430481 -0.06392573 0.9950531 -0.09930774 -0.002719023 0.9894905 -0.1120639 -0.09137942 0.9890612 -0.1180768 -0.08840758 -0.1347576 0.9794847 0.149834 0.02974598 0.9905291 -0.134042 -0.02715694 0.9926148 0.1182299 0.02967825 0.9911694 -0.1292376 1.149224e-07 0.9926152 0.1213054 -1.345896e-06 0.9911045 -0.1330859 0.02301679 0.9920725 0.1235411 -0.02967712 0.9911693 -0.1292387 0.143061 0.9796572 0.1407311 -0.01994109 0.9911065 -0.1315683 -0.9705326 0.2272202 -0.0802343 -0.9954959 0.03176859 -0.08932323 -0.09501378 0.9862024 -0.1355629 -0.4153168 0.8961809 0.1561148 -0.3612495 0.9170356 -0.168951 -0.6044063 0.7834746 -0.1444315 -0.6028913 0.7746774 0.1907797 -0.7863145 0.6078857 0.1103837 -0.8582452 0.512411 -0.02915772 -0.9252774 0.3618356 0.1137393 -0.9786535 0.1527246 0.1375226 0.9783687 -0.1776294 0.1060309 0.216385 -0.9760303 -0.02328805 0.4667903 -0.8836537 -0.03553749 0.3667909 -0.9058607 0.2118508 0.7207449 -0.6930707 -0.01340942 0.6912378 -0.6954278 0.196394 0.9259171 -0.3777116 -0.003368836 0.9291432 -0.3685879 0.02891201 0.9710392 -0.2278543 0.07186991 0.6235731 0.7692365 -0.1393981 0.7870742 0.607229 0.1085689 0.5995712 0.7898316 0.1291527 0.3711014 0.9211515 -0.117319 0.3768399 0.914918 0.1446264 0.1065711 0.9862252 -0.1265008 0.9235089 0.3650132 0.1178845 0.8606476 0.5083322 -0.029733 0.9786556 0.1619458 0.1265182 0.9684801 0.22403 -0.1088889 0.9953828 -0.006250508 -0.09578107 -0.9266161 -0.3760078 -0.000906238 -0.9275301 -0.3725696 0.02966273 -0.9714481 -0.2282258 0.06481949 -0.978375 -0.180599 0.1008286 -0.727883 -0.6856969 0.002487675 -0.6935628 -0.6947197 0.1906179 -0.4923698 -0.8703771 0.003962094 -0.375163 -0.9069133 0.1917314 -0.2073133 -0.9782733 0.001623248 -0.6613496 0.01197704 0.7499822 -0.6008443 0.0628843 0.7968888 -0.5635803 0.02324549 0.8257342 -0.2987629 0.01931241 0.954132 -0.1724067 0.06550308 0.9828455 -0.4854878 0.181891 0.8551124 -0.1000768 0.05162772 0.9936394 -0.2644646 0.1746172 0.9484552 -0.9479956 0.1864364 0.2579646 -0.9796967 0.01879603 0.1996025 -0.8521215 0.1890571 0.4880024 -0.9273714 0.009495969 0.3740214 -0.8343452 0.004442268 0.5512243 -0.6930852 0.1900232 0.695359 -0.9861769 -0.001298791 -0.1656906 -0.9651973 0.02584924 -0.260242 -0.8683048 0.02565396 -0.4953671 -0.7386776 0.03696446 -0.6730447 -0.5845427 0.02146159 -0.811079 -0.6970088 0.02247065 -0.7167104 -0.817183 0.007029921 -0.5763354 -0.9212326 0.005606119 -0.3889719 -0.340847 -0.04042268 -0.9392493 -0.4249814 -0.0126866 -0.9051132 -0.4004755 -0.04746987 -0.9150771 -0.5886774 0.03777353 -0.807485 -0.459764 -0.04526843 -0.8868866 -0.07936154 -0.0001203083 -0.9968459 -0.1261 0.00348129 -0.9920114 -0.2771566 0.005954579 -0.9608063 -0.3658161 -0.04572129 -0.9295634 -0.3095143 -0.02947664 -0.9504378 -0.2459007 -0.01581864 -0.9691659 -0.1699534 -0.005093601 -0.9854389 -0.4178066 -0.001953205 -0.9085339 0.05443335 -0.001465043 -0.9985163 0.1251822 -0.002999572 -0.9921292 0.2864717 -0.007697291 -0.9580578 0.2203047 -0.001011191 -0.9754306 0.303588 -0.000271655 -0.9528034 0.3633083 -0.003857815 -0.931661 0.4180602 -0.002340338 -0.9084163 0.5455989 -0.003761921 -0.838038 0.9653215 0.02968309 -0.2593709 0.9871696 0.004618665 -0.1596085 0.9574461 0.0003880882 -0.2886117 0.9023744 0.01032554 -0.4308293 0.8330276 0.006862942 -0.5531889 0.8767 0.03706809 -0.4796072 0.7331855 0.002762289 -0.6800231 0.7397546 0.04256495 -0.6715291 0.5960355 0.04103884 -0.8019086 0.5257739 0.01492288 -0.8504935 0.300503 -0.001401456 -0.9537798 0.4436162 0.009166422 -0.89617 0.8737066 -1.357204e-05 0.4864532 0.9410299 0.01560964 0.3379632 0.8527653 0.1889593 0.4869144 0.9841227 0.0256055 0.1756329 0.9480482 0.1847931 0.258952 0.7669888 0.01599179 0.6414611 0.4903111 0.1751857 0.8537593 0.6494592 0.01061842 0.7603223 0.5138595 -0.0009902737 0.8578738 0.6898694 0.1801707 0.7011553 0.2649482 0.173654 0.9484971 0.112661 0.04464448 0.99263 0.2850112 0.01963005 0.9583232 0 1 0 -0.01782194 0.9709642 0.23856 0.1483357 0.9777463 0.1483532 0.2179276 0.974708 -0.04951702 0.1706215 0.9704542 -0.1706077 0.04952862 0.97471 -0.2179158 -0.08669087 0.9962353 0 0.04928677 0.9975679 0.04928677 -0.2105956 0.9771055 -0.03023857 0 1 0 0 1 0 0 1 0 0 1 0 0 1 0 0 1 0 0 1 0 0 1 0 0.2179299 0.9747072 0.04952119 0 1 0 0 1 0 -0.1959215 0.9740714 -0.1131353 -0.1131308 0.9740698 -0.1959322 -0.03017573 0.9770965 -0.2106465 0.1706266 0.9704538 0.1706046 0.04952691 0.9747103 0.2179149 0 1 0 -0.9734336 0.190952 -0.1263499 -0.993368 0.06374692 -0.09568916 -0.9833662 0.1287126 0.1281564 -0.9974437 0.07143195 -0.001907286 -0.9885077 0.07073745 0.1335992 0 -1 0 0 -1 0 0.1929775 -0.9638564 -0.1836861 0.1308355 -0.9825728 -0.1320331 0 -1 0 0.1877479 -0.9641061 0.1877503 0 -1 0 0 -1 0 0 -1 0 0.1951124 -0.9612945 0.1945352 0 -1 0 0 -1 0 0.9641077 0.1878007 0.1876891 0.9641255 -0.1877117 0.187687 0.9641088 0.1877981 -0.1876862 0.9641241 -0.1877151 -0.1876907 0.1960339 -0.1960596 0.9607972 0.1657242 -0.1657511 0.972143 0.1658921 0.1340712 0.9769876 0.1914113 0.185074 0.9639032 0.0476273 0.9690334 0.242293 0 1 0 -0.1554541 0.9782528 0.1373153 0 1 0 -0.04928677 0.9975679 0.04928677 0 1 0 0 1 0 0 1 0 -0.2179276 0.974708 0.04951702 0 1 0 -0.2179299 0.9747072 -0.04952119 0 1 0 0 1 0 0 1 0 0.091096 0.9958407 -0.001683424 0.2104768 0.9771457 -0.02976365 -0.1706266 0.9704538 -0.1706046 -0.04952691 0.9747103 -0.2179149 0.03037518 0.9770729 -0.210727 0 1 0 0.1137423 0.9740394 -0.1957293 0.1962444 0.9740846 -0.11246 0 1 0 0 1 0 -0.04952862 0.97471 0.2179158 -0.1706215 0.9704542 0.1706077 0 -1 0 0 -1 0 0 -1 0 0 -1 0 0 -1 0 0 -1 0 0 -1 0 0 -1 0 0 -1 0 0 -1 0 0 -1 0 0 -1 0 0.9868608 0.1552857 0.0446339 0.9734189 0.1268629 0.1906867 0.9998337 0.01823414 0 0.9779038 0.07186285 0.1963157 -0.1877241 -0.9641158 0.1877243 -0.1877479 -0.9641061 -0.1877503 0 -1 0 0 -1 0 -0.1960943 -0.9607778 0.1960943 0 -1 0 -0.1763247 -0.9597536 -0.2185925 0 -1 0 0 -1 0 0 -1 0 0 -1 0 0 -1 0 -0.1766933 0.1426381 0.9738757 -0.1877044 0.1877725 0.9641102 -0.1960278 -0.1960661 0.9607972 -0.1657242 -0.1657511 0.972143 -0.9641077 0.1878007 -0.1876891 -0.9641255 -0.1877117 -0.187687 -0.9641088 0.1877981 0.1876862 -0.9641241 -0.1877151 0.1876907 6.250519e-06 0 1 6.250519e-06 0 1 -0.707113 0 0.7071005 -0.707113 0 0.7071005 -1 0 0 -1 0 0 -0.707113 0 -0.7071005 -0.707113 0 -0.7071005 6.250519e-06 0 -1 6.250519e-06 0 -1 0.7071068 0 -0.7071068 0.7071068 0 -0.7071068 1 0 3.825183e-17 1 0 -3.825183e-17 0.7071068 0 0.7071068 0.7071068 0 0.7071068 -6.250519e-06 0 1 -6.250519e-06 0 1 -0.7071068 0 0.7071068 -0.7071068 0 0.7071068 -1 0 -3.825183e-17 -1 0 3.825183e-17 -0.7071068 0 -0.7071068 -0.7071068 0 -0.7071068 -6.250519e-06 0 -1 -6.250519e-06 0 -1 0.707113 0 -0.7071005 0.707113 0 -0.7071005 1 0 0 1 0 0 0.707113 0 0.7071005 0.707113 0 0.7071005 -0.9159407 0.01118296 0.4011578 -0.7095058 0.006228362 0.7046721 -0.9996212 0.01133599 -0.02508057 -0.9999781 0.005614781 0.00349068 -0.8859367 0.0004704649 -0.4638059 -0.7073308 0.01208379 -0.7067794 0.003882688 0.006327476 -0.9999724 -0.3778853 0.0004542586 -0.9258523 -0.6727368 -2.310949e-05 -0.7398819 -0.7168908 1.169733e-05 0.6971854 -0.4365597 0.000400352 0.8996752 0.003439188 0.005536532 0.9999788 0.06539476 0 0.9978595 0.7071099 0 0.7071037 0.7071099 0 0.7071037 1 0 -4.972604e-16 1 0 -5.355112e-16 0.7071099 0 -0.7071037 0.7071099 0 -0.7071037 0.09866259 0 -0.9951209 0 1 0 0 1 0 0 1 0 0 1 0 0 1 0 0 1 0 0 1 0 0 1 0 0 1 0 0 1 0 0 1 0 0 1 0 0 1 0 0 1 0 0 1 0 0 1 0 0 1 0 0 1 0 -0.003439188 0.005536532 0.9999788 -0.06539476 0 0.9978595 0.435792 0.0004443278 0.9000473 0.7066934 0.01212525 0.707416 -0.7071099 0 0.7071037 -0.7071099 0 0.7071037 -1 0 -4.972604e-16 -1 0 -5.355112e-16 -0.7071099 0 -0.7071037 -0.7071099 0 -0.7071037 -0.09866259 0 -0.9951209 -0.003882688 0.006327476 -0.9999724 0.3772292 0.0004966547 -0.9261198 0.7098161 0.006802166 -0.7043542 0.6717284 0 -0.7407975 0.7153403 0 0.6987763 0.9131823 0.0004878512 0.407551 0.9999714 0.006447079 -0.003960568 0.9991756 0.00775838 -0.03984966 0.8873408 0.00739009 -0.461055 0.1961302 0.1897071 -0.9620521 -0.1400441 0.2024599 -0.9692253 0.1481458 0.1481484 -0.9778061 -0.1481458 0.1481484 -0.9778061 0 1 0 0 1 0 0 0.995797 -0.091588 0 1 0 0 0.995797 -0.091588 0 1 0 0 1 0 0 1 0 0 1 0 0.9957947 0 -0.0916132 1 0 0 0.9867122 0.0230454 -0.1608351 1 0 0 0.9980755 0.01604957 -0.05989762 -1 0 0 -0.9952908 -0.00781532 -0.09661887 -1 0 0 -0.993215 0.0191465 -0.1147058 -0.9937504 0.02889086 -0.1078218 6.250519e-06 0 -1 6.250519e-06 0 -1 -0.707113 0 -0.7071005 -0.707113 0 -0.7071005 -1 0 -3.825135e-17 -1 0 1.912568e-17 -0.707113 0 0.7071005 -0.707113 0 0.7071005 6.250519e-06 0 1 6.250519e-06 0 1 0.7071068 0 0.7071068 0.7071068 0 0.7071068 1 0 -3.825183e-17 1 0 1.912591e-17 0.7071068 0 -0.7071068 0.7071068 0 -0.7071068 -6.250519e-06 0 -1 -6.250519e-06 0 -1 -0.7071068 0 -0.7071068 -0.7071068 0 -0.7071068 -1 0 3.825183e-17 -1 0 -1.912591e-17 -0.7071068 0 0.7071068 -0.7071068 0 0.7071068 -6.250519e-06 0 1 -6.250519e-06 0 1 0.707113 0 0.7071005 0.707113 0 0.7071005 1 0 3.825135e-17 1 0 -1.912568e-17 0.707113 0 -0.7071005 0.707113 0 -0.7071005 0 -1 0 0 -1 0 0 -1 0 0 -1 0 0 -1 0 0 -1 0 0 -1 0 0 -1 0 0 -1 0 0 -1 0 0 -1 0 0 -1 0 0 -1 0 0 -1 0 0 -1 0 0 -1 0 0 -1 0 0 -1 0 0 -1 0 0.1005081 0.005768418 -0.9949195 0.04993762 0 -0.9987523 -0.1705217 0 -0.9853539 0.5094728 0 -0.8604868 0.4064475 0.01821613 -0.9134925 0.7230774 0.02884753 -0.6901644 -0.02495874 0.03553375 -0.9990568 -0.7071068 0 -0.7071068 -0.7071068 0 -0.7071068 -1 0 -3.825084e-17 -1 0 1.912542e-17 -0.7071068 0 0.7071068 -0.7071068 0 0.7071068 2.999852e-06 0 1 2.999852e-06 0 1 0.7071038 0 0.7071098 0.7071038 0 0.7071098 1 0 0 1 0 0 0.7554487 0 -0.6552078 0 -1 0 0 -1 0 0 -1 0 0 -1 0 0 -1 0 0 -1 0 0 -1 0 0 -1 0 0 -1 0 0 -1 0 0 -1 0 0 -1 0 0 -1 0 0 -1 0 0 -1 0 0 -1 0 0 -1 0 0 -1 0 0 -1 0 -0.3752732 0.08314874 -0.9231773 -0.5094728 0 -0.8604868 -0.7554487 0 -0.6552078 -0.7168117 0.02143571 -0.6969373 0.01219288 0.01917857 -0.9997417 -0.1320369 0.04368015 -0.9902819 -1 0 3.825107e-17 -1 0 -1.912553e-17 -0.7071038 0 0.7071098 -0.7071038 0 0.7071098 -2.999852e-06 0 1 -2.999852e-06 0 1 0.7071068 0 0.7071068 0.7071068 0 0.7071068 1 0 3.825084e-17 1 0 -1.912542e-17 0.7071068 0 -0.7071068 0.7071068 0 -0.7071068 0.1705217 0 -0.9853539 -0.04993762 0 -0.9987523 0.1960364 -0.1960324 -0.9608023 0.1868061 0.2078319 -0.9601611 -0.1960343 -0.1960343 -0.9608023 -0.1572391 0.1523604 -0.9757367 -0.06683641 -0.1560134 0.9854911 -0.1848405 -0.05487382 0.9812354 -0.1877 0.2049029 0.9606162 0.2568341 -0.08620256 0.9626034 0.06139455 -0.165445 0.9843062 0.1308314 0.131575 0.9826348 0.01708226 -0.1832277 0.9829221 -0.01708319 -0.1832267 0.9829222 -0.9876057 0.156378 0.01344699 -0.9804983 0.1227988 0.1534391 -0.9994719 -0.02297768 0.02297768 -0.9709041 -0.1722597 -0.1663482 -0.9927291 0.01503376 -0.1194273 -0.9846312 -0.02187275 0.1732711 -0.9809474 0.1295518 0.1447708 -0.9718624 0.196452 0.129962 -0.9998706 -0.01200747 -0.01070752 -0.9718142 0.1966356 -0.1300446 -1 0 0 -0.9854258 0.03375022 0.1667241 -0.9821594 -0.008254424 0.1878692 0.99987 -0.01202272 0.01074858 0.9718075 0.1966355 0.1300948 0.9976426 -0.04852367 0.04852556 0.9718702 0.1964423 -0.1299179 1 0 0 0.9854258 0.03375022 -0.1667241 0.9610824 -0.1954741 -0.1952193 0.9708797 0.1461798 0.1897999 0.9876051 0.1563823 0.01344408 0.9809232 0.1255768 0.1483917 0.9831636 -0.02256719 0.1813285 0.9831332 0.006055786 0.1827909 0.9927291 0.01503376 0.1194273 0.1896252 -0.4233949 -0.8858776 -0.1334881 -0.3787773 -0.9158104 0.1250608 -0.6606711 -0.7401848 -0.1313686 -0.657804 -0.7416443 0.008218404 -0.8265062 -0.5628676 -0.008218404 -0.8265062 -0.5628676 0.1888803 -0.9071335 -0.3760758 -0.1895414 -0.9077519 -0.3742467 0.1862658 -0.959245 -0.2124948 -0.1879244 -0.9586687 -0.2136323 0.1880102 -0.9586205 0.213773 0.1842573 -0.9050805 0.3832473 -0.1892518 -0.4235223 0.8858965 0.1335059 -0.3787883 0.9158032 -0.1193006 -0.6606572 0.7411474 0.1236318 -0.6653139 0.7362558 -0.009835297 -0.8259569 0.5636474 0.009835297 -0.8259569 0.5636474 -0.1814487 -0.9050589 0.3846359 -0.1864391 -0.9591834 0.2126209 -0.8635877 -0.003124956 0.5041889 -0.9622213 -0.004038978 0.2722386 -0.6165135 0.01470534 0.787207 -0.8527655 0.01038672 0.5221907 -0.05728979 0.00748535 0.9983295 -0.07759889 0.06459042 0.9948902 -0.479867 -0.003904892 0.8773326 -0.7374514 -8.533562e-05 0.6754002 -0.2937011 0.005027355 0.9558841 0.8389244 0.1982706 0.5068477 0.5919123 0.1307137 0.7953325 0.7131741 0.09627766 0.6943438 -0.8336007 0.2062298 0.5124247 -0.293208 0.06984632 0.9534939 -0.5990547 0.1510354 0.7863344 -0.7158912 0.0863867 0.6928471 0.05728979 0.00748535 0.9983295 0.3097955 0.05360189 0.9492911 -0.7173698 -0.0570217 0.6943552 -0.6890782 -0.2074257 0.6943672 -0.6296332 -0.3484452 0.6943688 -0.5417045 -0.473706 0.6943766 -0.4292861 -0.5775401 0.6943781 -0.2974474 -0.6552502 0.6943863 -0.1521719 -0.7033426 0.6943723 -2.265405e-06 -0.7196226 0.6943654 0.15217 -0.7033391 0.6943763 0.2974528 -0.6552476 0.6943863 0.4292855 -0.5775444 0.6943748 0.5417065 -0.4737048 0.6943759 0.6296318 -0.3484449 0.6943702 0.6890801 -0.2074238 0.6943659 0.7173709 -0.05702964 0.6943534 0.02045661 0.08469055 0.9961973 0.9489082 -0.01366178 0.3152564 0.8602148 -0.08827811 0.5022325 0.8284815 -0.05185155 0.5576108 0.8532022 0.01212166 0.5214395 0.61665 0.01483566 0.7870976 0.2936514 0.004925736 0.9558999 0.479867 -0.003904892 0.8773326 -0.1304719 0.01704474 -0.9913055 -0.4538578 0.01216173 -0.8909911 -0.05015588 0.02694718 -0.9983778 -0.7346914 0.0172223 -0.6781828 -0.4117465 -0.004714063 -0.9112862 -0.9306895 0.005337224 -0.3657713 -0.9560279 -0.002638952 -0.2932637 -0.7429272 -0.0001361628 -0.6693722 0.4340353 0.0845816 -0.8969166 0.737009 0.1586248 -0.6570053 0.713493 0.09692949 -0.6939253 0.9052544 0.1852304 -0.3823664 -0.905825 0.2214796 -0.3611479 -0.7179022 0.1810464 -0.6721895 -0.7143908 0.081135 -0.6950272 -0.4421036 0.1076785 -0.8904773 0.125445 -0.04331261 -0.9911547 -0.7173652 -0.05702918 -0.6943593 -0.6890746 -0.2074221 -0.6943718 -0.6296267 -0.3484422 -0.6943762 -0.5417021 -0.473701 -0.6943818 -0.429282 -0.5775398 -0.6943808 -0.2974504 -0.6552424 -0.6943923 -0.1521688 -0.7033334 -0.6943823 2.265438e-06 -0.7196169 -0.6943713 0.1521707 -0.7033369 -0.6943783 0.297445 -0.6552449 -0.6943922 0.4292826 -0.5775355 -0.6943841 0.5417001 -0.4737022 -0.6943826 0.6296281 -0.3484424 -0.6943747 0.6890727 -0.207424 -0.6943732 0.717364 -0.05702124 -0.6943611 0.05202013 0.02524451 -0.9983269 0.9512214 -0.001102216 -0.3085071 0.9306915 0.004042632 -0.3657826 0.7344151 0.01685934 -0.6784911 0.4117465 -0.004714063 -0.9112862 0.7373101 -9.146968e-05 -0.6755545 0.4539185 0.01230136 -0.8909583 -0.1951437 -0.03123947 -0.980277 -0.3335211 0.01763486 -0.9425777 -0.04376309 -0.01591967 -0.9989151 -0.002919961 -0.001302516 -0.9999949 0.3312417 0.02122191 -0.9433073 -0.4183829 0.09198005 0.9036013 -0.6231901 0.3212996 0.7130222 -0.6690214 0.2002418 0.7157609 -0.8701352 0.1954339 0.4524049 -0.8648552 0.3512453 0.3586813 -0.3338478 0.7530278 0.567005 -0.2447366 0.9103019 0.3338478 -0.04594923 0.9014159 0.4305091 -0.7603316 0.3425556 0.5518618 -0.6903549 0.4379174 0.5758806 -0.5185502 0.5077973 0.68793 -0.0677149 0.7052224 0.705745 -0.127727 0.4652868 0.8758961 -0.8193296 0.392868 0.4175569 -0.8864872 0.4020594 0.229104 -0.8993477 0.404505 -0.1659802 -0.9074229 0.4048137 -0.1127366 -0.9158462 0.3963745 0.06413301 -0.0145063 0.707031 0.7070338 -0.3106664 0.06435065 -0.9483382 -0.1980609 0.2030087 -0.9589366 -0.2526549 0.3571661 -0.8992207 -0.02123803 0.3337964 -0.9424059 0.01374896 0.5526947 -0.8332704 -0.0329316 0.5799619 -0.8139777 -0.04145885 0.4394734 -0.8972984 -0.07704962 0.3786746 -0.9223171 -0.1064024 0.2833223 -0.9531039 -0.05991257 0.6257094 -0.7777521 -0.1140272 0.5776224 -0.8083008 -0.1706811 0.4566188 -0.8731364 0.9876695 0.09374042 0.1253858 0.0113125 0.7292939 -0.684107 -0.0115055 0.7166839 -0.6973032 0.0264937 0.5618416 -0.8268205 0.02000403 0.4328191 -0.9012588 0.01202039 0.6435677 -0.7652948 0.04754629 0.4266995 -0.9031428 0.1043466 0.3060794 -0.9462701 0.2087335 0.2018771 -0.9569096 0.0764817 0.6032121 -0.7939053 0.1735455 0.4243476 -0.8887131 0.2763804 0.3106934 -0.9094413 0.1647644 0.3861679 0.9075941 0.01467631 0.707127 0.7069343 0.1456989 0.5996702 0.786872 0.1640898 0.6991189 0.6959219 0.1999777 0.8884272 0.4131658 0.3055501 0.07599861 -0.9491382 -0.9495894 0.05773711 -0.3081336 -0.8501842 0.1896602 -0.4911373 -0.1898249 0.0004915384 -0.9818178 -0.4911497 0.1896466 -0.85018 -0.3359997 0.0006461493 -0.9418619 -0.3985054 0.0002699063 -0.9171659 -0.432005 0.0001106834 -0.9018712 -0.5884596 0 -0.8085266 -0.7963522 0 -0.6048332 -0.8857361 0.0552189 -0.460893 0.0990103 -0.4580037 -0.8834193 0.1567905 -0.7180011 -0.6781527 0.08272274 -0.6881625 -0.7208254 0.1335077 -0.8887367 -0.4385463 0.7193615 -0.1447747 -0.6793815 0.6946727 0.1866863 -0.6946784 0.2048073 -0.6921058 0.6921297 0.1447425 -0.719349 0.6794016 0.7193589 -0.1447673 0.6793859 0.6946854 0.1866758 0.6946685 0.9737718 -0.04922448 -0.2221382 0.9684692 0.03174522 -0.2471024 0.8724415 0.04967131 -0.4861878 0.8522842 0.18829 -0.4880149 0.506677 0.04403941 -0.8610105 0.4933823 0.1893296 -0.8489571 0.9647376 0.1386882 -0.223712 0.9147025 0.3642275 -0.1750932 0.777549 0.1235948 -0.6165565 0.6379732 0.1107364 -0.7620549 0.2920577 0.1423003 -0.9457552 0.2168003 -0.5041015 -0.83599 0.7163184 -0.07077497 -0.6941749 0.6739099 -0.2791395 -0.6840517 0.5157876 -0.5157976 -0.6840438 0.3370242 -0.6615447 -0.6699055 0.2182821 -0.8948683 -0.3893118 0.184161 -0.9593468 -0.2138657 0.7163179 0.07077388 -0.6941756 0.1841489 0.959349 -0.2138662 0.2183545 0.8949649 -0.3890489 0.2166348 0.5053942 -0.8352521 0.3368864 0.661409 -0.6701087 0.6739088 0.279142 -0.6840516 0.5157867 0.5157959 -0.6840458 -0.1453795 -0.7294512 -0.6684053 -0.1447425 -0.719349 -0.6794016 -0.7193589 -0.1447673 -0.6793859 -0.6946854 0.1866758 -0.6946685 -0.1446903 -0.7193304 0.6794325 -0.204827 -0.6920777 0.6921519 -0.7193615 -0.1447747 0.6793815 -0.6946727 0.1866863 0.6946784 0.4125967 0.2213756 -0.8836045 0.4035841 0.2777165 -0.871776 0.7052578 0.5066338 -0.495917 0.7735995 0.3947055 -0.4957332 0.8111931 0.272984 -0.5171514 0.8385981 0.169471 -0.5177189 0.5295174 0.7055736 -0.4709323 0.6317846 0.6127294 -0.4747746 0.3850223 0.3372762 -0.8590708 0.3536052 0.3944213 -0.8481717 0.3178333 0.4449335 -0.8372671 0.2674728 0.4829716 -0.8337846 0.2154046 0.5196438 -0.8267837 0.1518763 0.5391747 -0.8283865 0.09920609 0.5428189 -0.8339699 0.4246661 0.7752908 -0.4675285 0.3059289 0.8262483 -0.4729918 0.1771553 0.8686506 -0.4626684 0.05065994 0.7335657 -0.6777278 -0.008097067 0.5129872 -0.8583581 -0.006628765 0.7423318 -0.6699997 -0.0204793 0.7470924 -0.6644047 -0.03689251 0.9097985 -0.4134072 0.8355831 0.04944895 -0.547134 0.4042971 0.1572136 -0.9010148 -0.1139038 0.8801822 -0.4607659 -0.04834384 0.5595336 -0.8273965 -0.3629011 0.8064647 -0.4668163 -0.2324663 0.8505326 -0.471756 -0.5932568 0.654569 -0.4685999 -0.4777528 0.736362 -0.4790859 -0.672153 0.555371 -0.4896667 -0.7531957 0.4384427 -0.4903716 -0.7997523 0.312738 -0.5124366 -0.8389378 0.1753538 -0.5152033 -0.112979 0.5493206 -0.8279388 -0.1839396 0.5330532 -0.8258453 -0.240197 0.5013804 -0.8312178 -0.2983844 0.4644516 -0.8338174 -0.3389627 0.416899 -0.8433857 -0.3769505 0.3603063 -0.8532805 -0.3996412 0.2960639 -0.8675443 -0.4125811 0.2258659 -0.8824746 -0.09179292 -0.4102121 -0.9073589 -0.01836386 -0.8379348 -0.5454613 0.1600026 -0.8117078 -0.5617203 -0.006486598 -0.3775619 -0.9259616 0.35805 -0.7385683 -0.5712417 0.6199668 -0.5312871 -0.5773866 0.4963291 -0.6460721 -0.5798692 0.7159689 -0.391749 -0.5778592 0.7823132 -0.2447196 -0.5727987 0.8287274 -0.08966371 -0.5524232 0.09757791 -0.3302177 -0.9388476 0.1795758 -0.2728671 -0.9451434 0.247579 -0.1955142 -0.9489356 0.3114835 -0.107342 -0.9441693 0.3586685 -0.01490201 -0.933346 0.3877356 0.07624367 -0.918612 -0.8382566 0.06508524 -0.5413777 -0.4083542 0.1641976 -0.8979343 -0.04881745 -0.8409831 -0.5388546 -0.08182505 -0.4214778 -0.9031396 0.00453881 -0.8430378 -0.5378352 0.00773687 -0.433755 -0.9009977 -0.007149665 -0.8328182 -0.5535004 0.06342316 -0.404998 -0.9121152 -0.8177323 -0.1241272 -0.5620555 -0.3768498 0.05866909 -0.9244145 -0.7466269 -0.337522 -0.5732601 -0.5395713 -0.6143401 -0.5757161 -0.6513168 -0.4843534 -0.5841132 -0.4060309 -0.7093086 -0.576212 -0.266871 -0.7787491 -0.5677408 -0.1221199 -0.824022 -0.5532399 -0.3321565 -0.07157504 -0.9405047 -0.2726653 -0.1639985 -0.9480286 -0.2040767 -0.2473176 -0.9471994 -0.1257859 -0.3092632 -0.9426209 -0.04888253 -0.3631613 -0.9304431 0.02492762 -0.3891099 -0.920854 0.6696297 0.405704 0.6220935 0.6073437 0.5408718 0.581886 0.8647088 0.3670562 0.3428534 0.666451 0.2637596 0.6973335 -0.4958634 0.1284457 0.8588488 -0.4612969 0.0525344 0.8856891 -0.8588562 0.1283823 0.4958669 -0.8637413 0.07972768 0.4975887 -0.672577 0.116647 -0.7307761 -0.9744473 0.1947529 -0.1119097 -0.9356077 0.1666064 -0.3112563 -0.8473634 0.1586168 -0.5067702 -0.8708006 0.1407361 -0.4710623 -0.7984562 0.1103303 -0.5918571 -0.9070579 0.1529215 -0.3922512 -0.953164 0.1401801 -0.2680072 -0.9830594 0.1261633 -0.1329551 -0.9900455 0.1359712 -0.03635614 -0.9984662 0.05535959 -0.0006898853 -0.9980863 0.05155527 -0.03414256 -0.979075 0.1675797 -0.115452 -0.9557007 0.2566469 -0.1441132 -0.9198385 0.3450477 -0.1866528 -0.9642898 0.256388 -0.06641012 -0.9656771 0.2585112 0.02529302 -0.9598049 0.2516548 0.1242753 -0.9425813 0.2544616 0.2163093 -0.9035206 0.3016234 0.3044238 -0.8090808 0.4606153 0.3649956 -0.7581216 0.6093846 0.232168 -0.7159199 0.694688 0.06976655 -0.7138766 0.6987022 0.04685545 -0.697699 0.6915667 0.1869535 -0.6255541 0.691548 0.3611695 -0.5107784 0.6915313 0.5107738 -0.3611869 0.6915223 0.6255726 -0.1869548 0.6915295 0.6977355 -0.04731153 0.6984793 0.7140646 0.002023782 0.9253112 0.3792032 -4.285389e-05 0.9295221 0.3687665 0.04688172 0.6986941 0.7138828 0.02156967 0.9940542 0.106729 -3.837579e-05 0.9995329 0.03056126 0.1869553 0.6915282 0.6977367 0.3611837 0.6915232 0.6255733 0.5107728 0.6915359 0.5107732 0.6255512 0.6915534 0.3611642 0.6977042 0.6915647 0.1869415 0.7138811 0.698697 0.04686544 0.7200976 0.6888216 0.08357189 0.7333489 0.6050052 0.3101099 0.367651 0.5560072 0.7454453 0.7611618 0.3822241 0.5239632 0.5980284 0.03463768 0.8007261 0.6821094 0.1513307 0.7154201 0.6968734 0.05088386 0.7153868 0.701361 0.1271726 0.70137 -0.2168003 0.5041015 -0.83599 -0.7163184 0.07077497 -0.6941749 -0.6739099 0.2791395 -0.6840517 -0.5157876 0.5157976 -0.6840438 -0.3370242 0.6615447 -0.6699055 -0.2182821 0.8948683 -0.3893118 -0.184161 0.9593468 -0.2138657 -0.7163179 -0.07077388 -0.6941756 -0.1841489 -0.959349 -0.2138662 -0.2183545 -0.8949649 -0.3890489 -0.2166348 -0.5053942 -0.8352521 -0.3368864 -0.661409 -0.6701087 -0.6739088 -0.279142 -0.6840516 -0.5157867 -0.5157959 -0.6840458 0.5293084 -0.5294457 0.6629629 0.6947091 -0.6946769 0.186556 0.6947317 -0.6946611 -0.186531 0.5293347 -0.5293882 -0.6629878 -0.5293084 -0.5294457 -0.6629629 -0.6947091 -0.6946769 -0.186556 -0.6947317 -0.6946611 0.186531 -0.5293347 -0.5293882 0.6629878 -0.9132857 0.1107337 0.3919787 -0.912681 -0.04860625 0.4057718 -0.9599685 -1.684915e-05 0.280108 0.8834588 0.02623077 0.467774 0.9153861 0.3884159 0.1058367 0.9382048 0.3439821 0.03805363 0.9640329 0.2407355 0.1126368 0.9843529 0.1423615 0.1038395 0.9149333 -0.4034684 0.01050386 0.9461522 -0.3220643 0.03272011 0.9951234 -0.07350612 0.06577441 -0.7056692 -0.009923551 0.7084719 -0.6958995 0.1928936 0.6917485 -0.850582 0.1888103 0.4907758 -0.8382267 0.02606252 0.5446988 -0.6736102 0.08627447 0.7340341 -0.5669712 0.01129118 0.8236603 -0.5650644 0 0.8250468 -0.8508623 0.1918684 -0.4891011 -0.880626 0 -0.473812 -0.6923929 0.0006692505 -0.7215203 -0.6926931 0.1917304 -0.6952811 -0.6287696 -0.006761152 -0.7775623 -0.1128107 0.6145205 -0.7807934 0.1866082 0.3930767 -0.9003711 0.1872162 0.467311 -0.8640431 0.364859 0.2038239 -0.9084788 0.5791888 0.052126 -0.8135252 -0.9294363 0.3677941 -0.02959212 -0.3406196 0.7643462 -0.5474972 -0.5573266 0.7075784 -0.4344191 0.2626539 0.5067372 -0.8211153 0.325151 0.5020467 -0.80139 0.3165915 0.4917323 -0.811153 -0.1148417 0.8570819 -0.5022171 0.08521075 0.8730147 -0.4801922 0.1703917 0.8595418 -0.4818242 -0.2141739 0.2461195 -0.9452802 -0.1925343 0.4865105 -0.852196 1.521899e-06 0.4860705 -0.8739196 -1.9474e-06 0.2461646 -0.969228 0.1930269 0.4862672 -0.8522235 0.2149529 0.2467036 -0.9449511 0.1117005 0.8619096 -0.4946058 2.223234e-06 0.8608211 -0.5089076 -0.1116877 0.8619149 -0.4945993 -0.3134574 0.4900107 -0.8134089 -0.1620538 0.8580935 -0.4872516 -0.5434485 0.09334956 -0.8342359 -0.1713571 0.4202557 -0.8910791 -0.1870638 0.4849501 -0.8543012 0.2129066 0.6261079 -0.7501064 0.5248096 0.7057309 -0.4759399 0.318859 0.773112 -0.5482944 0.7085779 0.6689968 -0.2244118 0.849113 0.52666 -0.04045294 0.1109566 0.8542568 -0.5078719 -0.08461373 0.8697707 -0.4861475 -0.2675814 0.5019032 -0.8224921 -0.3270691 0.4975292 -0.8034242 -0.2835064 -0.7760663 -0.563334 -0.04403147 -0.8163061 -0.5759389 -0.1692774 -0.792997 -0.5852358 -0.9707042 -0.0467111 -0.2356936 -0.8844367 -0.3254836 -0.3344133 -0.5157337 -0.6781136 -0.5236226 -0.4768476 -0.6580454 -0.5827457 -0.7150142 -0.481081 -0.507263 -0.214597 -0.7943126 -0.5683446 -0.4044608 -0.740697 -0.5364508 -0.8087765 -0.4659777 -0.3588109 -0.4089143 -0.7090142 -0.5745329 -0.3586706 -0.7169929 -0.5977262 -0.8388245 -0.4212119 -0.3448971 -0.8211793 -0.4385097 -0.3652039 -0.8316606 -0.4443371 -0.3330242 -0.3908789 -0.7341586 -0.55518 0.8387161 -0.4225451 -0.3435272 0.3905612 -0.7349639 -0.5543375 0.2570335 -0.7857617 -0.5625943 0.8521132 -0.3993246 -0.3382941 0.4082487 -0.7076875 -0.576638 0.4044169 -0.7014924 -0.586818 0.8322245 -0.4434102 -0.332851 0.2231675 -0.8122433 -0.5389407 0.4153999 -0.7533286 -0.5098421 0.8083097 -0.4852498 -0.3334186 -0.9254981 -0.02801813 0.3777146 -0.9260379 0.02626943 0.3765152 -0.9136689 -0.1090224 0.3915651 -0.9314674 -0.1208552 0.3431653 -0.1890032 0.502926 0.8434117 -0.1098872 0.8747713 0.471911 5.647055e-07 0.8740577 0.4858221 0.3321575 0.7094361 0.6215882 4.970538e-07 0.5082329 0.8612196 0.1012804 0.8769122 0.4698587 0.1948394 0.5068363 0.8397348 -0.2036212 0.2672451 0.9418697 -0.3199662 0.7095747 0.627794 -1.726009e-08 0.2588648 0.9659136 0.216239 0.2588632 0.9413982 -0.9160672 0.1048774 0.387068 -0.8823771 0.2290085 0.4110544 -0.8053548 0.3910687 0.4454986 -0.6859683 0.5255024 0.5032839 -0.5316559 0.6277625 0.5685563 0.531756 0.6195373 0.5774159 0.6853116 0.5176446 0.5122423 0.8030619 0.3855647 0.4543472 0.8793283 0.227235 0.4185045 0.9144723 0.1053191 0.3907023 0.9256446 0.02705055 0.3774259 0.9259037 -0.02722881 0.3767771 0.9153683 -0.1087081 0.387664 0.9275178 -0.1403302 0.3464364 0.9707926 -0.02902337 0.2381585 0.9336679 0.2368298 0.2686557 0.9307166 0.3382381 0.1391462 0.8015732 0.4004609 0.4439724 0.8683316 -0.04768065 0.493687 0.8783522 0.02695531 0.4772534 0.8537022 0.1326624 0.5035805 0.8064746 0.2120123 0.5519506 0.7719843 0.2426406 0.5875081 0.8819248 -0.3235482 -0.3428195 0.7980281 -0.4127376 -0.4390887 0.93933 -0.1511823 -0.3079011 0.701503 0.5789863 -0.4155339 0.9388188 0.3016527 -0.1662076 0.2084219 -0.7951567 -0.5694612 0.291601 -0.7749429 -0.5607427 0.4465584 -0.6988502 -0.5587432 0.5161846 -0.6688837 -0.5349281 -0.816752 0.2493826 0.5203119 -0.8738582 0.3511671 0.3362345 -0.7926139 0.2563447 0.5532185 -0.8903126 0.000365011 0.4553497 0.06848753 -0.6926728 0.7179929 -0.06848907 -0.6926737 0.7179919 0.8496875 0.1904079 0.4917072 0.6943731 0.1891381 0.6943146 0.7067248 0.007671305 0.7074469 0.9753329 -0.006082256 0.2206553 0.7825567 0.000183715 0.6225793 0.7044989 0 0.7097051 0.7738739 -0.4739263 0.4201346 0.8401515 -0.4946754 0.2223552 0.8609994 -0.4797854 0.1687779 0.3548271 -0.2088657 0.9113028 0.487867 -0.2117661 0.8468417 0.4710438 -0.3327144 0.8169571 0.2598105 -0.6272747 0.7341832 0.4117009 -0.5830695 0.7003801 -0.4580862 -0.3531901 0.815729 -0.4117027 -0.5830693 0.7003793 -0.7597762 -0.4729184 0.4461931 -0.3009402 -0.1881691 0.9348943 -0.2670791 -0.6288476 0.7302188 -0.4184284 -0.2013101 0.885659 -0.8604821 -0.4750642 0.1840775 -0.8347393 -0.4800627 0.2697223 -0.9128715 -0.4081624 0.008312606 -0.9910246 0.1143941 0.06916843 -0.93489 0.3534834 0.03209505 -0.9150117 0.3866083 0.1152717 -0.9659465 0.2264389 0.125191 -0.9931828 -0.09506972 0.0674513 -0.9413192 -0.3364184 0.02721805 -0.9358505 0.1610893 0.3134233 -0.9320714 0.3274895 0.1548984 -0.7476146 -0.08073548 0.6592072 -0.6648372 0.2620401 0.6995187 -0.7059996 -0.02853677 0.7076371 0.9016618 0.06313407 0.4278084 0.7000357 0.01558915 0.7139376 0.7090937 0.08780821 0.6996255 0.445039 0.1256818 0.8866478 0.7377701 -0.07852147 0.6704697 0.7407562 -0.07704853 0.6673409 -0.1155027 0.45568 -0.8826182 0.1263043 0.6767678 -0.725281 -0.06449198 0.7080144 -0.703247 -0.03357995 0.8981309 -0.4384441 0.8747876 0.01232943 -0.4843497 0.7263652 0.01369349 -0.6871725 0.69334 0.1868275 -0.6959706 0.6224891 0.003469528 -0.7826208 0.5905649 0 -0.8069901 0.8503811 0.1891818 -0.4909808 -0.3715834 0.8274389 0.4210352 -0.1465454 0.686188 0.71251 -0.7243915 0.1483997 0.6732269 -0.5158386 0.3693299 0.7729851 -0.3977078 0.5076786 0.7642584 -0.1558712 0.8861983 0.4362989 -0.9947951 0.008387478 0.1015496 -0.9301632 0.1291319 0.3436879 -0.7508055 0.2126855 0.6253446 0.8482045 0.2017912 0.4897239 0.8847222 0.0002879645 0.4661185 0.9935812 0.01666734 0.1118867 0.135399 0.4363953 0.889509 0.1111534 0.7180129 0.6870971 0.001441967 0.9084989 0.4178848 -0.846001 0.2058053 0.4918602 -0.8845151 -0.0474618 0.4640909 -0.7231663 -0.2145455 0.6565065 0.8108779 0.03663294 0.5840676 0.9140311 0.3372186 0.225457 0.5199562 0.3356615 0.7854788 0.4696639 0.5573714 0.6846554 0.1423086 0.8521245 0.503619 0.9558623 0.2827344 0.07992825 -0.8705392 0.3737961 0.3200593 -0.6506785 -0.2307542 0.7234431 0.9947953 0.008388999 -0.1015481 0.8495904 0.1985278 -0.4886541 0.9174954 -0.001965565 -0.3977415 0.71532 0.002149764 -0.6987937 0.686838 0.7210866 -0.091036 0.6868271 0.7210944 0.09105715 0.5060912 0.6983555 0.5061336 0.5822941 0.7401993 0.3362122 0.7243915 0.1483997 -0.6732269 0.6921097 -0.2048515 -0.6921127 0.6375748 0.6767704 0.3680763 0.7180646 0.6894617 0.09500373 0.7071068 0.7071068 0 -0.7180646 0.6894617 -0.09500373 -0.7071068 0.7071068 0 -0.6375748 0.6767704 -0.3680763 -0.5060912 0.6983555 -0.5061336 -0.5823054 0.7401923 -0.3362079 -0.8482217 0.2018365 -0.4896753 -0.6868353 0.7210889 -0.09103927 -0.6868339 0.7210891 0.09104812 -0.7844812 -0.003313605 -0.6201437 -0.9860218 0.001284609 -0.1666112 0.9364021 -0.1010086 0.3360781 0.6928911 0.03000052 0.7204178 0.8414295 0.2223393 0.4925054 0.8727502 0.3273775 0.3621203 0.4697075 -0.4139533 0.7797548 0.6637738 -0.2315068 0.7112025 0.5579583 -0.3402174 0.7569245 0.6907105 -0.2304433 0.6854305 -0.9146903 -0.4040996 0.0067166 -0.9247075 -0.3688276 0.09424585 -0.9120266 -0.2692015 0.3094156 -0.8568666 -0.02774535 0.514791 -0.8400944 0.2405163 0.486203 -0.6991325 -0.02981844 0.7143701 -0.9125249 -0.1028065 0.3958903 0.8358116 -0.04576206 0.5471058 0.9111245 -0.4120173 0.00968484 0.9129794 -0.3944903 0.1041441 0.896653 -0.2889842 0.3354126 -0.7071068 0.7071068 0 -0.7180749 0.6894483 0.09502371 -0.8960768 0.1643282 -0.4123623 -0.6948626 -0.1322776 -0.7068724 -0.7090937 0.08780821 -0.6996255 -0.3862077 0.2963982 -0.8734939 -0.637595 0.6767574 0.3680652 -0.506087 0.698376 0.5061097 -0.5822715 0.7402135 0.3362201 -0.2320763 0.6985375 -0.6768943 -0.5420862 0.48465 -0.6864816 -0.5117352 0.3863379 -0.7673787 -0.7473469 0.4244915 -0.5111552 -0.8925613 0.04263739 -0.4489057 -0.09923641 0.8783729 -0.4675609 0.7071068 0.7071068 0 0.7180749 0.6894483 -0.09502371 0.637595 0.6767574 -0.3680652 0.5060839 0.6983678 -0.506124 0.582296 0.7402012 -0.3362047 0.4011856 0.8191045 -0.4100218 0.5109482 0.3717778 -0.7750569 0.339439 0.5246412 -0.7807258 0.1695242 0.8139172 -0.555698 0.9301632 0.1291319 -0.3436879 0.7508055 0.2126855 -0.6253446 0.6243492 0.4694179 0.6243676 0.6022932 0.7817586 0.161544 0.5193823 0.8207819 0.2378217 0.3830939 0.8313654 0.40258 0.1365929 0.9437213 0.3012184 0.1761869 0.4304148 0.885269 0.1449775 0.6955404 0.7037081 0.09531723 0.8849264 0.4558727 0.8860074 0.4298606 0.1738127 0.7048468 0.6940865 0.1464066 0.6024678 0.7878375 0.1278459 0.7169791 0.6908109 -0.0933878 0.6388348 0.6767954 -0.3658388 0.9995309 -0.004543322 -0.03028881 0.978632 0.2002428 -0.04671356 0.3700401 0.6765761 -0.6366436 0.09566489 0.6892185 -0.7182103 -0.5155571 0.8540756 0.0689624 -0.7288351 0.6846892 0 -0.8631219 0.4876982 0.1310385 -0.9414842 0.3370572 0 -0.1448036 0.679281 -0.7194506 -0.1452731 0.6792498 0.7193855 -0.0708275 0.8669079 0.4934108 -0.1463671 0.4874727 0.8607828 0.9414842 0.3370572 0 0.8605299 0.4895454 0.1408319 0.7288351 0.6846892 0 0.4934108 0.8669079 0.0708275 -0.09510776 0.6893372 -0.7181704 0.144828 0.679269 -0.719457 0.001589071 0.684709 0.7288149 -0.1148374 0.4368399 0.8921789 -0.006166787 0.3326564 0.943028 -0.09726663 0.7014094 0.7060907 -0.05274096 0.8924476 0.4480577 -0.3681667 0.6767278 -0.6375678 -0.6375887 0.6767133 -0.3681573 -0.7180842 0.6893794 -0.09545191 -0.445227 0.4795778 0.7561601 -0.4587848 0.8371032 0.2979508 -0.3913843 0.905665 0.163062 -0.5904414 0.8004505 0.1032378 -0.8925562 0.4356037 0.1165883 -0.7561455 0.479538 0.4452946 -0.7059429 0.7010132 0.1011194 -0.6052943 0.7913908 0.08555344 -0.2724509 0.8475809 0.4553867 -0.1731996 0.9539853 0.2447731 0.7194386 0.679298 -0.1447837 0.5293976 0.6629514 -0.529371 0.1487858 0.6807947 0.7172038 0.5294134 0.6629607 0.5293435 0.7194392 0.679296 0.1447899 -0.5294134 0.6629607 -0.5293435 -0.7194392 0.679296 -0.1447899 -0.7194386 0.679298 0.1447837 -0.5293976 0.6629514 0.529371 0.3536968 0.9353594 -0.001216589 0.5870906 0.8095212 -0.0001771074 0.6744364 0.7383323 0.0009766195 0.8776642 0.3759333 0.2972872 -0.6744239 0.7383439 0.0007800207 -0.5953182 0.8034853 -0.002754574 -0.3527036 0.9357347 -0.0008700761 0.1314281 0.4876732 0.8630767 0.0689624 0.8540756 0.5155571 -0.001455247 0.3364125 0.9417136 -0.009316386 0.6863083 0.7272511 0.6686114 -0.7430713 -0.02835243 0.5767943 -0.8168892 0.0005454954 0.666835 -0.7445464 0.03133109 0.9993903 -0.03469961 -0.003865665 0.9825064 -0.1246344 -0.1383743 0.8375073 -0.4005103 -0.3717162 0.6073723 -0.5821515 -0.5405539 0.06340313 -0.8257788 -0.5604189 0.3173584 -0.7987096 -0.5112207 0.7364815 -0.3053577 -0.6036155 0.7190903 -0.07954175 -0.6903494 0.999738 0.01977357 0.01153149 0.9634001 0.1420419 -0.2273419 0.9457032 0.07351097 -0.3166095 0.8322264 0.1045611 -0.5444871 0.7532246 0.04888553 -0.6559443 0.6159889 -0.008834178 -0.7877053 1 0 0 0.9999907 0.004314884 0 0.9999249 0.01225652 0 0.9998001 0.019996 0 0.7818746 -0.5603165 0.2733449 0.699099 -0.6669675 0.2577109 0.3189231 -0.7887386 0.5255277 0.06835997 -0.8251199 0.5608066 0.6854809 -0.7156977 0.1337636 0.9900523 0.1350204 -0.03957111 0.9822695 0.1270355 -0.1378719 0.9518013 0.1407256 -0.2725264 0.905012 0.1533922 -0.396767 0.8459614 0.1585329 -0.5091332 0.835489 0.3180222 0.4481294 0.1362866 -0.7263123 -0.6737183 0.4617403 -0.7573588 -0.4617396 0.67279 -0.7271565 -0.1363708 -0.671459 -0.729472 -0.1304353 -0.4617396 -0.7573588 -0.4617403 -0.1362871 -0.7263107 -0.67372 0.8447317 -0.53519 -2.483603e-05 -0.9599051 -0.2803144 0.002445873 -0.7607149 -0.6490859 0.0006812205 0.8906709 0.005682359 -0.4546131 0.6395847 -0.001370146 -0.7687195 0.9751241 0.00235678 -0.2216472 0.854135 -0.4671871 -0.2284507 0.5957863 -0.7134699 -0.3687809 0.6935519 -0.6746953 -0.2525313 0.6876446 -0.7131718 -0.1361283 0.7055305 -0.06039103 0.7061017 0.9007008 -0.04116101 0.4324856 0.8801256 -0.1808575 0.4389413 0.5394611 -0.5007936 0.6768955 0.999902 -0.01064408 0.0090964 0.9820001 -0.1295418 0.137458 0.7311761 -0.5400218 0.4168429 0.8653176 -0.3196335 0.3860828 0.5145282 -0.3281416 0.7922019 0.4514749 -0.07954701 0.8887309 0.9731048 -0.0009739205 0.2303606 0.8045962 -0.004986578 0.5938014 -0.1547878 -0.8191803 0.552254 -0.9269093 -0.3428129 0.1527038 -0.73102 -0.6149265 0.2957619 -0.6944307 -0.6646312 0.2757378 -0.4465404 -0.7933281 0.4138021 -0.6879843 -0.7128583 0.1360541 -0.6692216 -0.7424639 0.02982838 -0.4249455 -0.7905257 -0.4410107 -0.7454152 -0.5887391 -0.3126378 -0.6949147 -0.6714321 -0.2574343 -0.916725 -0.3498214 -0.1929773 -0.1585145 -0.8129806 -0.5602997 -0.6852538 -0.715889 -0.1339034 -0.6672467 -0.7441784 -0.03131027 -0.8779357 -0.3260421 -0.3506072 -0.7216943 -0.5247918 -0.4513877 -0.5024579 -0.5810018 -0.6402913 -0.4426508 -0.6820073 -0.5821738 -0.9998025 -0.01521011 -0.01278838 -0.9900563 -0.1188886 -0.07519363 -0.9344992 -0.2816588 -0.2176683 -0.9007064 -0.04116296 -0.4324737 -0.8801231 -0.1808593 -0.4389456 -0.5144927 -0.3281467 -0.7922228 -0.4514736 -0.07954915 -0.8887314 -0.7055605 -0.06039732 -0.7060712 -0.5767954 -0.8168882 -0.0009044675 -0.973106 -0.0009736755 -0.2303559 -0.8045915 -0.004986279 -0.5938078 -0.8906751 0.005683189 0.4546048 -0.6395635 -0.001371238 0.768737 -0.7190696 -0.07938517 0.6903889 -0.9751241 0.00235707 0.2216471 -0.9994509 -0.03313554 0.0001656777 -0.9949132 -0.06828921 0.07405664 -0.9258162 -0.2669492 0.2675865 -0.6903268 -0.5480122 0.4723681 -0.7370682 -0.3042831 0.603442 -0.512054 -0.7834469 0.352153 0.08984879 0.9106573 -0.4032746 -0.05743701 0.9073997 -0.4163254 -0.134001 0.6838278 -0.717233 0.21294 0.6712731 -0.7099641 -0.4513744 -0.1089023 -0.8856644 -0.3967425 -0.08931899 -0.913574 -0.3389169 -0.08364233 -0.9370909 -0.05929572 -0.04281849 -0.9973217 -0.198405 -0.06333501 -0.9780716 -0.7809678 0.05022817 -0.6225484 -0.5189383 -0.1384374 -0.8435272 -0.001955808 -0.003976731 -0.9999902 -0.3364459 0.8706598 0.3588254 -0.5814131 0.537142 0.6110952 -0.6927139 0.1686326 0.7012208 0.3588254 0.8706598 0.3364459 0.6110952 0.537142 0.5814131 0.7012208 0.1686326 0.6927139 0.6877217 -0.4985515 -0.5277171 0.329754 -0.5087816 -0.795238 0.5211333 -0.7351736 -0.4335202 0.7919241 -0.4483867 -0.4144944 0.4589524 -0.8825421 -0.1023825 0.7008363 -0.7097263 -0.07153362 0.8893883 -0.4197236 -0.1811647 0.9018033 -0.4284356 -0.05651311 0.9873854 -0.1521202 -0.04392685 0.7266746 -0.6740037 0.1329024 0.7573215 -0.4617218 0.4618194 0.7263114 -0.1363116 0.6737143 -0.7263167 -0.13631 0.6737088 -0.7573053 -0.4617409 0.4618268 -0.7263282 -0.673685 0.1363664 -0.5417547 -0.6546405 -0.5272074 -0.9087548 -0.3815435 -0.1690835 -0.7297036 -0.6611944 -0.1742258 -0.7706763 0.3019195 -0.5611618 -0.5184616 0.5244089 -0.6754205 -0.5661361 0.6585865 -0.4957356 -0.3234021 0.8557695 -0.4038188 -0.1957747 0.8935632 -0.4040012 -0.4337117 0.1928848 -0.8801646 -0.7075741 0.1428512 -0.6920495 -0.9021535 0.08816198 -0.422311 -0.9404393 0.1156715 -0.3196779 0.01772058 0.9997992 -0.00935778 0.262108 0.8951011 -0.3606847 0.4919566 0.7329928 -0.4697875 0.7211933 0.3953063 -0.56887 0.7175905 0.1295562 -0.6843091 0.9431128 0.1328065 -0.304796 -0.7305711 0.008189078 -0.6827875 -0.9448872 -0.01316763 -0.3271312 0 0.9415836 -0.3367793 0 0.9415836 -0.3367793 0 0.7293549 -0.6841356 0 0.7293549 -0.6841356 0.9415577 -0.007800234 -0.3367614 0.7293877 0 -0.6841006</float_array>
          <technique_common>
            <accessor count="3217" source="#normals-array-array" stride="3">
              <param type="float" name="X"/>
              <param type="float" name="Y"/>
              <param type="float" name="Z"/>
            </accessor>
          </technique_common>
        </source>
        <vertices id="verts-array-vertices">
          <input semantic="POSITION" source="#verts-array"/>
        </vertices>
        <triangles count="4508" material="material0">
          <input offset="0" semantic="VERTEX" source="#verts-array-vertices"/>
          <input offset="1" semantic="NORMAL" source="#normals-array"/>
          <p>0 0 1 1 2 2 3 3 2 2 1 1 2 2 3 3 4 4 5 5 4 4 3 3 6 6 7 7 8 8 9 9 8 8 7 7 8 8 9 9 10 10 11 11 10 10 9 9 12 12 13 13 14 14 12 12 14 14 15 15 14 14 16 16 15 15 17 17 15 15 16 16 15 15 17 17 18 18 19 19 18 18 17 17 18 18 19 19 20 20 21 21 20 20 19 19 20 20 21 21 22 22 23 23 24 24 25 25 26 26 25 25 24 24 27 27 28 28 29 29 30 30 31 31 32 32 33 33 32 32 31 31 32 32 33 33 29 29 34 34 29 29 33 33 29 29 34 34 27 27 35 35 36 36 37 37 38 38 39 39 37 37 40 40 37 37 39 39 37 37 40 40 35 35 41 41 42 42 43 43 44 44 43 43 42 42 45 45 46 46 47 47 48 48 49 49 50 50 51 51 50 50 49 49 50 50 51 51 47 47 52 52 47 47 51 51 47 47 52 52 45 45 53 53 54 54 55 55 56 56 55 55 54 54 57 57 58 58 59 59 57 57 59 59 60 60 61 61 60 60 59 59 60 60 61 61 55 55 55 55 61 61 53 53 62 62 53 53 61 61 53 53 62 62 63 63 64 64 63 63 62 62 63 63 64 64 65 65 66 66 67 67 68 68 69 69 68 68 67 67 68 68 69 69 70 70 71 71 70 70 69 69 72 72 73 73 74 74 75 75 74 74 73 73 74 74 75 75 76 76 77 77 76 76 75 75 76 76 77 77 78 78 79 79 80 80 81 81 78 78 81 81 80 80 81 81 78 78 82 82 77 77 82 82 78 78 79 79 83 83 80 80 84 84 80 80 83 83 80 80 84 84 85 85 86 86 87 87 88 88 89 89 88 88 87 87 88 88 89 89 90 90 91 91 90 90 89 89 90 90 91 91 92 92 93 93 94 94 95 95 93 93 95 95 96 96 97 97 98 98 99 99 100 100 101 101 95 95 102 102 95 95 101 101 103 103 104 104 105 105 97 97 105 105 104 104 105 105 97 97 106 106 99 99 106 106 97 97 95 95 107 107 108 108 97 97 109 109 110 110 102 102 111 111 95 95 112 112 95 95 111 111 95 95 112 112 96 96 113 113 114 114 95 95 115 115 95 95 114 114 95 95 115 115 107 107 108 108 116 116 95 95 117 117 95 95 116 116 95 95 117 117 100 100 118 118 119 119 120 120 121 121 120 120 119 119 120 120 121 121 97 97 122 122 97 97 121 121 97 97 122 122 109 109 110 110 123 123 97 97 124 124 97 97 123 123 97 97 124 124 98 98 125 125 126 126 127 127 97 97 127 127 126 126 127 127 97 97 128 128 104 104 128 128 97 97 128 128 104 104 129 129 125 125 130 130 126 126 131 131 126 126 130 130 126 126 131 131 132 132 132 132 133 133 134 134 132 132 134 134 126 126 135 135 126 126 134 134 126 126 135 135 136 136 137 137 138 138 139 139 126 126 139 139 138 138 136 136 140 140 126 126 141 141 126 126 140 140 126 126 141 141 139 139 142 142 139 139 141 141 139 139 142 142 143 143 144 144 145 145 132 132 143 143 132 132 145 145 132 132 143 143 133 133 145 145 146 146 143 143 147 147 143 143 146 146 143 143 147 147 139 139 148 148 139 139 147 147 139 139 148 148 149 149 150 150 151 151 152 152 144 144 132 132 153 153 150 150 153 153 132 132 153 153 150 150 154 154 152 152 154 154 150 150 154 154 152 152 155 155 156 156 113 113 157 157 95 95 157 157 113 113 157 157 95 95 158 158 139 139 158 158 95 95 158 158 139 139 155 155 149 149 155 155 139 139 155 155 149 149 154 154 159 159 160 160 161 161 162 162 163 163 164 164 165 165 166 166 167 167 168 168 167 167 166 166 167 167 168 168 169 169 161 161 160 160 170 170 164 164 171 171 162 162 172 172 162 162 171 171 162 162 172 172 160 160 173 173 160 160 172 172 160 160 173 173 174 174 169 169 170 170 167 167 160 160 167 167 170 170 167 167 160 160 175 175 174 174 175 175 160 160 176 176 177 177 178 178 161 161 179 179 159 159 176 176 159 159 179 179 159 159 176 176 180 180 178 178 180 180 176 176 181 181 182 182 183 183 184 184 185 185 186 186 181 181 183 183 185 185 187 187 185 185 183 183 185 185 187 187 186 186 188 188 189 189 186 186 190 190 186 186 189 189 186 186 190 190 184 184 191 191 184 184 190 190 184 184 191 191 192 192 193 193 192 192 191 191 194 194 195 195 196 196 197 197 198 198 199 199 200 200 201 201 202 202 203 203 202 202 201 201 202 202 203 203 197 197 204 204 197 197 203 203 197 197 204 204 198 198 205 205 206 206 207 207 208 208 207 207 206 206 208 208 206 206 209 209 210 210 209 209 206 206 209 209 210 210 211 211 212 212 197 197 196 196 199 199 196 196 197 197 196 196 199 199 194 194 212 212 213 213 197 197 214 214 197 197 213 213 197 197 214 214 210 210 215 215 210 210 214 214 210 210 215 215 211 211 216 216 217 217 218 218 216 216 218 218 219 219 218 218 220 220 221 221 222 222 221 221 220 220 223 223 224 224 225 225 226 226 225 225 224 224 225 225 226 226 227 227 218 218 228 228 219 219 229 229 219 219 228 228 219 219 229 229 223 223 230 230 223 223 229 229 223 223 230 230 224 224 231 231 232 232 217 217 233 233 217 217 232 232 217 217 233 233 218 218 234 234 218 218 233 233 218 218 234 234 220 220 226 226 235 235 227 227 236 236 227 227 235 235 227 227 236 236 237 237 238 238 239 239 240 240 241 241 240 240 239 239 240 240 241 241 242 242 236 236 243 243 237 237 239 239 237 237 243 243 237 237 239 239 231 231 238 238 231 231 239 239 231 231 238 238 232 232 244 244 245 245 246 246 247 247 248 248 249 249 250 250 249 249 248 248 249 249 250 250 251 251 244 244 246 246 252 252 253 253 254 254 255 255 256 256 255 255 254 254 255 255 256 256 257 257 256 256 258 258 259 259 251 251 250 250 260 260 261 261 260 260 250 250 260 260 261 261 262 262 263 263 262 262 261 261 262 262 263 263 253 253 264 264 253 253 263 263 253 253 264 264 254 254 259 259 246 246 256 256 245 245 256 256 246 246 256 256 245 245 257 257 265 265 257 257 245 245 257 257 265 265 247 247 266 266 247 247 265 265 247 247 266 266 248 248 267 267 248 248 266 266 248 248 267 267 268 268 269 269 268 268 267 267 268 268 269 269 270 270 271 271 270 270 269 269 270 270 271 271 272 272 252 252 272 272 271 271 272 272 252 252 273 273 246 246 273 273 252 252 274 274 275 275 276 276 277 277 278 278 279 279 280 280 279 279 278 278 281 281 282 282 283 283 284 284 283 283 282 282 283 283 284 284 276 276 285 285 276 276 284 284 276 276 285 285 274 274 283 283 286 286 287 287 280 280 281 281 279 279 283 283 279 279 281 281 279 279 283 283 288 288 287 287 288 288 283 283 289 289 290 290 291 291 291 291 292 292 289 289 293 293 289 289 292 292 289 289 293 293 286 286 294 294 286 286 293 293 286 286 294 294 287 287 295 295 296 296 297 297 298 298 299 299 300 300 301 301 302 302 303 303 304 304 305 305 306 306 307 307 306 306 305 305 306 306 307 307 308 308 309 309 310 310 304 304 311 311 304 304 310 310 304 304 311 311 305 305 312 312 313 313 314 314 314 314 315 315 312 312 316 316 312 312 315 315 312 312 316 316 317 317 318 318 317 317 316 316 319 319 320 320 321 321 322 322 321 321 320 320 321 321 322 322 323 323 324 324 320 320 298 298 319 319 298 298 320 320 298 298 319 319 299 299 297 297 296 296 322 322 325 325 322 322 296 296 322 322 325 325 323 323 89 89 326 326 304 304 327 327 304 304 326 326 304 304 327 327 309 309 315 315 328 328 316 316 89 89 316 316 328 328 316 316 89 89 318 318 304 304 318 318 89 89 318 318 304 304 329 329 306 306 329 329 304 304 329 329 306 306 301 301 308 308 301 301 306 306 301 301 308 308 302 302 300 300 330 330 298 298 312 312 298 298 330 330 298 298 312 312 324 324 317 317 324 324 312 312 324 324 317 317 320 320 318 318 320 320 317 317 320 320 318 318 322 322 329 329 322 322 318 318 322 322 329 329 297 297 301 301 297 297 329 329 297 297 301 301 295 295 303 303 295 295 301 301 295 295 303 303 331 331 332 332 333 333 334 334 335 335 336 336 337 337 338 338 339 339 340 340 341 341 342 342 343 343 341 341 343 343 344 344 345 345 346 346 347 347 348 348 347 347 346 346 347 347 348 348 349 349 350 350 351 351 352 352 353 353 352 352 351 351 352 352 353 353 354 354 331 331 354 354 353 353 354 354 331 331 355 355 338 338 340 340 356 356 357 357 356 356 340 340 356 356 357 357 358 358 359 359 360 360 361 361 362 362 363 363 364 364 359 359 364 364 363 363 364 364 359 359 365 365 361 361 365 365 359 359 366 366 364 364 367 367 368 368 367 367 364 364 369 369 362 362 370 370 364 364 370 370 362 362 370 370 364 364 371 371 366 366 371 371 364 364 343 343 335 335 372 372 337 337 372 372 335 335 372 372 337 337 373 373 374 374 373 373 337 337 373 373 374 374 375 375 333 333 332 332 376 376 347 347 376 376 332 332 376 376 347 347 377 377 349 349 377 377 347 347 377 377 349 349 378 378 360 360 379 379 361 361 358 358 361 361 379 379 361 361 358 358 380 380 357 357 380 380 358 358 380 380 357 357 381 381 340 340 381 381 357 357 381 381 340 340 382 382 383 383 382 382 340 340 380 380 375 375 361 361 374 374 361 361 375 375 361 361 374 374 365 365 337 337 365 365 374 374 365 365 337 337 364 364 336 336 364 364 337 337 364 364 336 336 368 368 384 384 345 345 383 383 347 347 383 383 345 345 383 383 347 347 382 382 332 332 382 382 347 347 382 382 332 332 381 381 334 334 381 381 332 332 381 381 334 334 380 380 385 385 380 380 334 334 380 380 385 385 375 375 386 386 375 375 385 385 375 375 386 386 373 373 387 387 373 373 386 386 373 373 387 387 372 372 388 388 372 372 387 387 372 372 388 388 343 343 389 389 343 343 388 388 343 343 389 389 344 344 339 339 351 351 340 340 350 350 340 340 351 351 340 340 350 350 383 383 352 352 383 383 350 350 383 383 352 352 384 384 354 354 384 384 352 352 384 384 354 354 390 390 355 355 390 390 354 354 391 391 392 392 393 393 393 393 394 394 391 391 395 395 391 391 394 394 391 391 395 395 396 396 392 392 391 391 397 397 398 398 397 397 391 391 397 397 398 398 399 399 400 400 401 401 398 398 402 402 398 398 401 401 398 398 402 402 399 399 403 403 404 404 405 405 401 401 405 405 404 404 405 405 401 401 406 406 400 400 406 406 401 401 407 407 408 408 409 409 410 410 409 409 408 408 403 403 411 411 404 404 412 412 404 404 411 411 404 404 412 412 410 410 413 413 410 410 412 412 410 410 413 413 409 409 414 414 415 415 416 416 417 417 416 416 415 415 416 416 417 417 418 418 419 419 420 420 421 421 422 422 421 421 420 420 421 421 422 422 423 423 424 424 423 423 422 422 423 423 424 424 414 414 425 425 414 414 424 424 414 414 425 425 415 415 418 418 417 417 426 426 427 427 426 426 417 417 426 426 427 427 428 428 429 429 428 428 427 427 428 428 429 429 430 430 430 430 429 429 431 431 432 432 431 431 429 429 431 431 432 432 433 433 434 434 435 435 436 436 437 437 438 438 439 439 440 440 441 441 442 442 441 441 440 440 443 443 436 436 435 435 442 442 444 444 445 445 446 446 447 447 448 448 449 449 450 450 449 449 448 448 450 450 451 451 449 449 452 452 449 449 451 451 449 449 452 452 453 453 447 447 449 449 454 454 455 455 454 454 449 449 454 454 455 455 456 456 456 456 455 455 457 457 458 458 457 457 455 455 457 457 458 458 459 459 446 446 435 435 444 444 434 434 444 444 435 435 444 444 434 434 460 460 461 461 460 460 434 434 460 460 461 461 462 462 463 463 464 464 465 465 466 466 465 465 464 464 465 465 466 466 467 467 468 468 467 467 466 466 438 438 437 437 469 469 470 470 469 469 437 437 469 469 470 470 471 471 472 472 473 473 470 470 474 474 470 470 473 473 470 470 474 474 471 471 475 475 476 476 477 477 478 478 477 477 476 476 478 478 479 479 477 477 480 480 477 477 479 479 477 477 480 480 481 481 482 482 483 483 470 470 484 484 470 470 483 483 470 470 484 484 472 472 485 485 486 486 477 477 486 486 487 487 477 477 488 488 477 477 487 487 477 477 488 488 475 475 481 481 443 443 477 477 440 440 477 477 443 443 477 477 440 440 485 485 442 442 485 485 440 440 485 485 442 442 489 489 435 435 489 489 442 442 490 490 464 464 491 491 463 463 491 491 464 464 491 491 463 463 462 462 465 465 462 462 463 463 462 462 465 465 460 460 467 467 460 460 465 465 460 460 467 467 444 444 468 468 444 444 467 467 444 444 468 468 445 445 300 300 490 490 439 439 491 491 439 439 490 490 439 439 491 491 437 437 462 462 437 437 491 491 437 437 462 462 470 470 461 461 470 470 462 462 470 470 461 461 482 482 434 434 482 482 461 461 482 482 434 434 492 492 436 436 492 492 434 434 446 446 459 459 435 435 458 458 435 435 459 459 435 435 458 458 489 489 455 455 489 489 458 458 489 489 455 455 485 485 449 449 485 485 455 455 485 485 449 449 486 486 453 453 486 486 449 449 486 486 453 453 487 487 493 493 494 494 495 495 496 496 497 497 498 498 499 499 498 498 497 497 494 494 500 500 495 495 501 501 495 495 500 500 495 495 501 501 502 502 503 503 504 504 505 505 506 506 507 507 508 508 509 509 510 510 508 508 511 511 508 508 510 510 508 508 511 511 506 506 503 503 505 505 512 512 504 504 513 513 505 505 514 514 505 505 513 513 505 505 514 514 515 515 514 514 516 516 515 515 517 517 515 515 516 516 515 515 517 517 518 518 519 519 518 518 517 517 518 518 519 519 520 520 521 521 520 520 519 519 520 520 521 521 498 498 522 522 498 498 521 521 498 498 522 522 496 496 501 501 523 523 502 502 524 524 502 502 523 523 502 502 524 524 509 509 525 525 509 509 524 524 509 509 525 525 510 510 499 499 493 493 498 498 495 495 498 498 493 493 498 498 495 495 526 526 527 527 526 526 495 495 526 526 527 527 528 528 529 529 528 528 527 527 528 528 529 529 530 530 531 531 530 530 529 529 530 530 531 531 532 532 533 533 532 532 531 531 532 532 533 533 534 534 535 535 534 534 533 533 534 534 535 535 536 536 537 537 536 536 535 535 536 536 537 537 538 538 539 539 538 538 537 537 538 538 539 539 540 540 541 541 540 540 539 539 540 540 541 541 542 542 543 543 542 542 541 541 542 542 543 543 505 505 508 508 505 505 543 543 505 505 508 508 512 512 507 507 512 512 508 508 544 544 545 545 546 546 547 547 546 546 545 545 548 548 549 549 550 550 551 551 550 550 549 549 552 552 553 553 554 554 555 555 554 554 553 553 556 556 557 557 558 558 559 559 558 558 557 557 560 560 561 561 562 562 563 563 562 562 561 561 564 564 565 565 566 566 567 567 566 566 565 565 568 568 569 569 570 570 571 571 570 570 569 569 572 572 573 573 574 574 575 575 574 574 573 573 576 576 577 577 578 578 579 579 580 580 581 581 581 581 582 582 579 579 583 583 579 579 582 582 579 579 583 583 584 584 585 585 586 586 587 587 588 588 585 585 589 589 587 587 589 589 585 585 589 589 587 587 590 590 591 591 590 590 587 587 590 590 591 591 578 578 592 592 593 593 594 594 595 595 594 594 593 593 594 594 595 595 596 596 591 591 597 597 578 578 598 598 578 578 597 597 578 578 598 598 576 576 599 599 576 576 598 598 576 576 599 599 592 592 600 600 592 592 599 599 592 592 600 600 593 593 596 596 595 595 601 601 602 602 601 601 595 595 601 601 602 602 603 603 604 604 603 603 602 602 603 603 604 604 605 605 606 606 605 605 604 604 605 605 606 606 607 607 608 608 609 609 610 610 611 611 610 610 609 609 611 611 612 612 610 610 613 613 610 610 612 612 610 610 613 613 614 614 615 615 605 605 616 616 607 607 616 616 605 605 616 616 607 607 610 610 617 617 610 610 607 607 610 610 617 617 608 608 586 586 585 585 618 618 579 579 618 618 585 585 618 618 579 579 619 619 584 584 619 619 579 579 619 619 584 584 620 620 621 621 622 622 623 623 624 624 623 623 622 622 623 623 624 624 625 625 626 626 625 625 624 624 625 625 626 626 627 627 626 626 628 628 627 627 629 629 627 627 628 628 627 627 629 629 630 630 631 631 632 632 633 633 634 634 633 633 632 632 633 633 634 634 635 635 636 636 635 635 634 634 635 635 636 636 637 637 630 630 637 637 636 636 637 637 630 630 638 638 629 629 638 638 630 630 639 639 640 640 641 641 642 642 643 643 644 644 645 645 646 646 647 647 648 648 649 649 650 650 644 644 643 643 651 651 652 652 651 651 643 643 651 651 652 652 653 653 647 647 646 646 654 654 650 650 655 655 648 648 656 656 648 648 655 655 648 648 656 656 657 657 658 658 657 657 656 656 657 657 658 658 659 659 660 660 659 659 658 658 659 659 660 660 641 641 661 661 641 641 660 660 641 641 661 661 639 639 662 662 663 663 664 664 665 665 666 666 664 664 667 667 664 664 666 666 664 664 667 667 662 662 653 653 650 650 651 651 649 649 651 651 650 650 651 651 649 649 668 668 669 669 668 668 649 649 668 668 669 669 670 670 645 645 670 670 669 669 670 670 645 645 671 671 647 647 671 671 645 645 642 642 644 644 672 672 673 673 672 672 644 644 672 672 673 673 674 674 675 675 674 674 673 673 674 674 675 675 676 676 677 677 676 676 675 675 676 676 677 677 678 678 662 662 678 678 663 663 677 677 663 663 678 678 663 663 677 677 679 679 680 680 679 679 677 677 679 679 680 680 681 681 682 682 683 683 684 684 685 685 684 684 683 683 684 684 685 685 665 665 686 686 665 665 685 685 665 665 686 686 666 666 646 646 641 641 654 654 640 640 654 654 641 641 654 654 640 640 687 687 688 688 687 687 640 640 687 687 688 688 689 689 690 690 689 689 688 688 689 689 690 690 691 691 683 683 691 691 690 690 691 691 683 683 692 692 682 682 692 692 683 683 692 692 682 682 693 693 694 694 693 693 682 682 693 693 694 694 671 671 681 681 671 671 694 694 671 671 681 681 670 670 680 680 670 670 681 681 695 695 696 696 697 697 698 698 697 697 696 696 697 697 698 698 699 699 700 700 699 699 698 698 699 699 700 700 701 701 702 702 701 701 700 700 701 701 702 702 703 703 704 704 703 703 702 702 703 703 704 704 705 705 706 706 707 707 708 708 695 695 697 697 709 709 710 710 709 709 697 697 709 709 710 710 711 711 712 712 711 711 710 710 711 711 712 712 713 713 714 714 713 713 712 712 713 713 714 714 715 715 716 716 717 717 718 718 719 719 718 718 717 717 706 706 708 708 720 720 721 721 720 720 708 708 720 720 721 721 722 722 717 717 722 722 721 721 722 722 717 717 723 723 716 716 723 723 717 717 723 723 716 716 724 724 725 725 724 724 716 716 724 724 725 725 726 726 727 727 726 726 725 725 726 726 727 727 728 728 729 729 728 728 727 727 728 728 729 729 730 730 731 731 698 698 732 732 696 696 732 732 698 698 732 732 696 696 733 733 734 734 733 733 696 696 733 733 734 734 735 735 736 736 735 735 734 734 735 735 736 736 737 737 714 714 728 728 715 715 730 730 715 715 728 728 715 715 730 730 736 736 738 738 736 736 730 730 736 736 738 738 737 737 739 739 737 737 738 738 737 737 739 739 740 740 718 718 740 740 739 739 740 740 718 718 741 741 719 719 741 741 718 718 741 741 719 719 742 742 743 743 744 744 745 745 746 746 745 745 744 744 745 745 746 746 747 747 748 748 747 747 746 746 747 747 748 748 749 749 750 750 749 749 748 748 749 749 750 750 751 751 752 752 751 751 750 750 751 751 752 752 753 753 754 754 753 753 752 752 753 753 754 754 755 755 756 756 755 755 754 754 755 755 756 756 757 757 758 758 757 757 756 756 567 567 565 565 759 759 760 760 759 759 565 565 759 759 760 760 761 761 762 762 761 761 760 760 761 761 762 762 763 763 764 764 763 763 762 762 763 763 764 764 765 765 766 766 765 765 764 764 765 765 766 766 569 569 571 571 569 569 766 766 767 767 768 768 769 769 770 770 771 771 772 772 773 773 772 772 771 771 774 774 773 773 775 775 776 776 775 775 773 773 775 775 776 776 777 777 778 778 777 777 776 776 777 777 778 778 779 779 780 780 779 779 778 778 767 767 769 769 781 781 782 782 781 781 769 769 781 781 782 782 783 783 773 773 771 771 776 776 784 784 776 776 771 771 776 776 784 784 785 785 786 786 785 785 784 784 785 785 786 786 782 782 787 787 782 782 786 786 782 782 787 787 783 783 788 788 783 783 787 787 783 783 788 788 789 789 790 790 791 791 792 792 793 793 794 794 795 795 790 790 795 795 794 794 795 795 790 790 796 796 792 792 796 796 790 790 797 797 798 798 799 799 797 797 799 799 800 800 801 801 802 802 803 803 800 800 803 803 802 802 803 803 800 800 804 804 799 799 804 804 800 800 805 805 806 806 807 807 808 808 809 809 810 810 811 811 810 810 809 809 810 810 811 811 812 812 813 813 812 812 811 811 812 812 813 813 814 814 815 815 814 814 813 813 815 815 816 816 814 814 817 817 814 814 816 816 814 814 817 817 818 818 819 819 818 818 817 817 818 818 819 819 820 820 821 821 820 820 819 819 820 820 821 821 822 822 821 821 823 823 822 822 824 824 822 822 823 823 822 822 824 824 825 825 826 826 825 825 824 824 827 827 828 828 825 825 829 829 825 825 828 828 825 825 829 829 830 830 831 831 832 832 833 833 834 834 835 835 836 836 837 837 836 836 835 835 836 836 837 837 838 838 839 839 838 838 837 837 839 839 840 840 838 838 841 841 838 838 840 840 838 838 841 841 842 842 841 841 843 843 842 842 844 844 842 842 843 843 842 842 844 844 845 845 846 846 845 845 844 844 845 845 846 846 847 847 848 848 847 847 846 846 847 847 848 848 849 849 850 850 851 851 808 808 852 852 808 808 851 851 808 808 852 852 809 809 849 849 853 853 847 847 854 854 847 847 853 853 847 847 854 854 855 855 856 856 855 855 854 854 855 855 856 856 808 808 857 857 808 808 856 856 808 808 857 857 850 850 833 833 858 858 831 831 859 859 831 831 858 858 831 831 859 859 860 860 860 860 861 861 831 831 862 862 831 831 861 861 831 831 862 862 863 863 862 862 864 864 863 863 865 865 863 863 864 864 863 863 865 865 834 834 866 866 834 834 865 865 834 834 866 866 835 835 806 806 867 867 859 859 868 868 859 859 867 867 859 859 868 868 860 860 825 825 807 807 827 827 806 806 827 827 807 807 827 827 806 806 869 869 859 859 869 869 806 806 869 869 859 859 870 870 858 858 870 870 859 859 826 826 871 871 825 825 872 872 825 825 871 871 825 825 872 872 807 807 873 873 807 807 872 872 807 807 873 873 805 805 874 874 875 875 876 876 877 877 878 878 879 879 879 879 878 878 880 880 881 881 882 882 883 883 884 884 885 885 886 886 887 887 888 888 889 889 890 890 891 891 892 892 893 893 894 894 895 895 896 896 895 895 897 897 898 898 897 897 895 895 896 896 899 899 900 900 896 896 900 900 895 895 901 901 895 895 900 900 895 895 901 901 893 893 902 902 890 890 903 903 892 892 903 903 890 890 903 903 892 892 898 898 904 904 898 898 892 892 898 898 904 904 897 897 887 887 832 832 888 888 905 905 888 888 832 832 888 888 905 905 906 906 907 907 908 908 889 889 909 909 889 889 908 908 889 889 909 909 887 887 910 910 911 911 912 912 913 913 912 912 911 911 914 914 915 915 916 916 917 917 916 916 915 915 918 918 919 919 920 920 921 921 922 922 923 923 924 924 923 923 922 922 923 923 924 924 918 918 918 918 920 920 923 923 925 925 923 923 920 920 923 923 925 925 926 926 921 921 923 923 927 927 928 928 927 927 923 923 927 927 928 928 929 929 883 883 930 930 929 929 931 931 932 932 933 933 907 907 933 933 932 932 933 933 907 907 934 934 889 889 934 934 907 907 934 934 889 889 886 886 888 888 886 886 889 889 886 886 888 888 884 884 906 906 884 884 888 888 935 935 936 936 937 937 938 938 937 937 936 936 881 881 939 939 940 940 941 941 940 940 939 939 879 879 942 942 877 877 943 943 877 877 942 942 877 877 943 943 944 944 945 945 944 944 943 943 944 944 945 945 946 946 911 911 880 880 947 947 878 878 947 947 880 880 947 947 878 878 948 948 877 877 948 948 878 878 948 948 877 877 949 949 944 944 949 949 877 877 949 949 944 944 941 941 946 946 941 941 944 944 941 941 946 946 940 940 881 881 883 883 939 939 929 929 939 939 883 883 939 939 929 929 941 941 928 928 941 941 929 929 941 941 928 928 949 949 923 923 949 949 928 928 949 949 923 923 948 948 950 950 948 948 923 923 948 948 950 950 947 947 875 875 935 935 876 876 937 937 876 876 935 935 876 876 937 937 951 951 895 895 951 951 937 937 951 951 895 895 952 952 894 894 952 952 895 895 885 885 902 902 886 886 903 903 886 886 902 902 886 886 903 903 934 934 898 898 934 934 903 903 934 934 898 898 933 933 895 895 933 933 898 898 933 933 895 895 931 931 937 937 931 931 895 895 931 931 937 937 932 932 938 938 932 932 937 937 932 932 938 938 907 907 953 953 907 907 938 938 907 907 953 953 908 908 882 882 874 874 883 883 876 876 883 883 874 874 883 883 876 876 930 930 951 951 930 930 876 876 930 930 951 951 954 954 952 952 954 954 951 951 911 911 947 947 913 913 950 950 913 913 947 947 913 913 950 950 955 955 923 923 955 955 950 950 955 955 923 923 917 917 926 926 917 917 923 923 917 917 926 926 916 916 956 956 957 957 958 958 959 959 958 958 957 957 960 960 961 961 962 962 963 963 964 964 965 965 830 830 964 964 966 966 963 963 966 966 964 964 966 966 963 963 967 967 968 968 969 969 970 970 971 971 970 970 969 969 972 972 973 973 974 974 975 975 976 976 977 977 978 978 977 977 976 976 977 977 978 978 972 972 972 972 974 974 977 977 979 979 977 977 974 974 977 977 979 979 980 980 981 981 982 982 983 983 984 984 983 983 982 982 985 985 956 956 986 986 987 987 986 986 956 956 986 986 987 987 988 988 989 989 988 988 987 987 988 988 989 989 990 990 991 991 990 990 989 989 990 990 991 991 992 992 993 993 992 992 991 991 985 985 994 994 995 995 985 985 995 995 956 956 996 996 956 956 995 995 956 956 996 996 997 997 997 997 998 998 956 956 999 999 956 956 998 998 956 956 999 999 957 957 1000 1000 1001 1001 1002 1002 1003 1003 1002 1002 1001 1001 1002 1002 1003 1003 1004 1004 1005 1005 1004 1004 1003 1003 1004 1004 1005 1005 962 962 1006 1006 962 962 1005 1005 962 962 1006 1006 960 960 1007 1007 960 960 1006 1006 1008 1008 1009 1009 1010 1010 1011 1011 1010 1010 1009 1009 1010 1010 1011 1011 1012 1012 1013 1013 1014 1014 1015 1015 1007 1007 1015 1015 1014 1014 1015 1015 1007 1007 1016 1016 1006 1006 1016 1016 1007 1007 1016 1016 1006 1006 1017 1017 1005 1005 1017 1017 1006 1006 1017 1017 1005 1005 1018 1018 1003 1003 1018 1018 1005 1005 1018 1018 1003 1003 1019 1019 1001 1001 1019 1019 1003 1003 977 977 1020 1020 1021 1021 963 963 1021 1021 1020 1020 1021 1021 963 963 1022 1022 965 965 1022 1022 963 963 1023 1023 1024 1024 1025 1025 1026 1026 1025 1025 1024 1024 1025 1025 1026 1026 1027 1027 1028 1028 1027 1027 1026 1026 1027 1027 1028 1028 1029 1029 965 965 1030 1030 1022 1022 1031 1031 1022 1022 1030 1030 1022 1022 1031 1031 1021 1021 984 984 1021 1021 1031 1031 1021 1021 984 984 977 977 982 982 977 977 984 984 977 977 982 982 975 975 981 981 975 975 982 982 1030 1030 1023 1023 1031 1031 1025 1025 1031 1031 1023 1023 1031 1031 1025 1025 984 984 1027 1027 984 984 1025 1025 984 984 1027 1027 983 983 1029 1029 983 983 1027 1027 983 983 1029 1029 1032 1032 1033 1033 1032 1032 1029 1029 1032 1032 1033 1033 959 959 1008 1008 959 959 1033 1033 959 959 1008 1008 958 958 1010 1010 958 958 1008 1008 958 958 1010 1010 956 956 961 961 991 991 962 962 989 989 962 962 991 991 962 962 989 989 1004 1004 987 987 1004 1004 989 989 1004 1004 987 987 1002 1002 956 956 1002 1002 987 987 1002 1002 956 956 1000 1000 1010 1010 1000 1000 956 956 1000 1000 1010 1010 1001 1001 1012 1012 1001 1001 1010 1010 1001 1001 1012 1012 1019 1019 1028 1028 1034 1034 1029 1029 1035 1035 1029 1029 1034 1034 1029 1029 1035 1035 1033 1033 1036 1036 1033 1033 1035 1035 1033 1033 1036 1036 1008 1008 1037 1037 1008 1008 1036 1036 1008 1008 1037 1037 1009 1009 967 967 963 963 1038 1038 1020 1020 1038 1038 963 963 1038 1038 1020 1020 1039 1039 977 977 1039 1039 1020 1020 1039 1039 977 977 971 971 980 980 971 971 977 977 971 971 980 980 970 970 1040 1040 1041 1041 910 910 1042 1042 1043 1043 1044 1044 1045 1045 1044 1044 1043 1043 1044 1044 1045 1045 1013 1013 1046 1046 1047 1047 1048 1048 1048 1048 1049 1049 1046 1046 1050 1050 1046 1046 1049 1049 1046 1046 1050 1050 1051 1051 1046 1046 1052 1052 1047 1047 1053 1053 1047 1047 1052 1052 1047 1047 1053 1053 1054 1054 1055 1055 1054 1054 1053 1053 1054 1054 1055 1055 1056 1056 1057 1057 1058 1058 1059 1059 910 910 1060 1060 1040 1040 1061 1061 1040 1040 1060 1060 1040 1040 1061 1061 1055 1055 1062 1062 1055 1055 1061 1061 1055 1055 1062 1062 1056 1056 1057 1057 1056 1056 1062 1062 1056 1056 1057 1057 1063 1063 1059 1059 1063 1063 1057 1057 1063 1063 1059 1059 1064 1064 1046 1046 1065 1065 1052 1052 1066 1066 1052 1052 1065 1065 1052 1052 1066 1066 1067 1067 1041 1041 1040 1040 1068 1068 1055 1055 1068 1068 1040 1040 1068 1068 1055 1055 1069 1069 1053 1053 1069 1069 1055 1055 1069 1069 1053 1053 1042 1042 1052 1052 1042 1042 1053 1053 1042 1042 1052 1052 1043 1043 1067 1067 1043 1043 1052 1052 1043 1043 1067 1067 1045 1045 1070 1070 1071 1071 1072 1072 1073 1073 1072 1072 1071 1071 1072 1072 1073 1073 1074 1074 1075 1075 1074 1074 1073 1073 1070 1070 1076 1076 1071 1071 1077 1077 1071 1071 1076 1076 1071 1071 1077 1077 1078 1078 1079 1079 1078 1078 1077 1077 1078 1078 1079 1079 1080 1080 1081 1081 1080 1080 1079 1079 1081 1081 1082 1082 1080 1080 1083 1083 1080 1080 1082 1082 1080 1080 1083 1083 1084 1084 1083 1083 1085 1085 1084 1084 1086 1086 1084 1084 1085 1085 1084 1084 1086 1086 1087 1087 1088 1088 1087 1087 1086 1086 1087 1087 1088 1088 1073 1073 1089 1089 1073 1073 1088 1088 1073 1073 1089 1089 1075 1075 1090 1090 1091 1091 1092 1092 1093 1093 1092 1092 1091 1091 1092 1092 1093 1093 1094 1094 1095 1095 1094 1094 1093 1093 1094 1094 1095 1095 1096 1096 1095 1095 1097 1097 1096 1096 1098 1098 1096 1096 1097 1097 1096 1096 1098 1098 1099 1099 1100 1100 1101 1101 1102 1102 1103 1103 1102 1102 1101 1101 1102 1102 1103 1103 1104 1104 1105 1105 1104 1104 1103 1103 1104 1104 1105 1105 1106 1106 1099 1099 1106 1106 1105 1105 1106 1106 1099 1099 1107 1107 1098 1098 1107 1107 1099 1099 1108 1108 1109 1109 1110 1110 1111 1111 1112 1112 1113 1113 1113 1113 1112 1112 1114 1114 1115 1115 1116 1116 1117 1117 1118 1118 1117 1117 1116 1116 1117 1117 1118 1118 1119 1119 1120 1120 1121 1121 1122 1122 1122 1122 1121 1121 1123 1123 1124 1124 1123 1123 1121 1121 1123 1123 1124 1124 1125 1125 1126 1126 1125 1125 1124 1124 1125 1125 1126 1126 1127 1127 1128 1128 1129 1129 1130 1130 1131 1131 1130 1130 1129 1129 1130 1130 1131 1131 1132 1132 1133 1133 1132 1132 1131 1131 1132 1132 1133 1133 1110 1110 1134 1134 1110 1110 1133 1133 1110 1110 1134 1134 1108 1108 1135 1135 1136 1136 1128 1128 1137 1137 1128 1128 1136 1136 1128 1128 1137 1137 1129 1129 1138 1138 1139 1139 1140 1140 1141 1141 1140 1140 1139 1139 1140 1140 1141 1141 1142 1142 1113 1113 1110 1110 1111 1111 1109 1109 1111 1111 1110 1110 1111 1111 1109 1109 1143 1143 1144 1144 1143 1143 1109 1109 1143 1143 1144 1144 1145 1145 1146 1146 1145 1145 1144 1144 1145 1145 1146 1146 1147 1147 1127 1127 1147 1147 1146 1146 1147 1147 1127 1127 1148 1148 1126 1126 1148 1148 1127 1127 1148 1148 1126 1126 1149 1149 1150 1150 1149 1149 1126 1126 1149 1149 1150 1150 1151 1151 1117 1117 1151 1151 1150 1150 1151 1151 1117 1117 1152 1152 1119 1119 1152 1152 1117 1117 1112 1112 1151 1151 1114 1114 1152 1152 1114 1114 1151 1151 1114 1114 1152 1152 1153 1153 1154 1154 1153 1153 1152 1152 1153 1153 1154 1154 1135 1135 1140 1140 1135 1135 1154 1154 1135 1135 1140 1140 1136 1136 1142 1142 1136 1136 1140 1140 1122 1122 1155 1155 1120 1120 1156 1156 1120 1120 1155 1155 1120 1120 1156 1156 1157 1157 1158 1158 1157 1157 1156 1156 1157 1157 1158 1158 1115 1115 1159 1159 1115 1115 1158 1158 1115 1115 1159 1159 1116 1116 1160 1160 1116 1116 1159 1159 1116 1116 1160 1160 1161 1161 1162 1162 1161 1161 1160 1160 1161 1161 1162 1162 1138 1138 1163 1163 1138 1138 1162 1162 1138 1138 1163 1163 1139 1139 1164 1164 1165 1165 1166 1166 1167 1167 1168 1168 1169 1169 1170 1170 1171 1171 1172 1172 1172 1172 1173 1173 1170 1170 1174 1174 1170 1170 1173 1173 1170 1170 1174 1174 1175 1175 1176 1176 1177 1177 1178 1178 1179 1179 1176 1176 1180 1180 1178 1178 1180 1180 1176 1176 1180 1180 1178 1178 1181 1181 1182 1182 1181 1181 1178 1178 1181 1181 1182 1182 1169 1169 1182 1182 1183 1183 1169 1169 1184 1184 1169 1169 1183 1183 1169 1169 1184 1184 1167 1167 1185 1185 1167 1167 1184 1184 1167 1167 1185 1185 1186 1186 1187 1187 1186 1186 1185 1185 1186 1186 1187 1187 1188 1188 1189 1189 1188 1188 1187 1187 1188 1188 1189 1189 1190 1190 1166 1166 1165 1165 1191 1191 1192 1192 1191 1191 1165 1165 1191 1191 1192 1192 1190 1190 1193 1193 1190 1190 1192 1192 1190 1190 1193 1193 1188 1188 1194 1194 1195 1195 1164 1164 1196 1196 1197 1197 1198 1198 1197 1197 1199 1199 1198 1198 1200 1200 1198 1198 1199 1199 1198 1198 1200 1200 1201 1201 1166 1166 1202 1202 1164 1164 1203 1203 1164 1164 1202 1202 1164 1164 1203 1203 1194 1194 1204 1204 1194 1194 1203 1203 1194 1194 1204 1204 1198 1198 1205 1205 1198 1198 1204 1204 1198 1198 1205 1205 1196 1196 1177 1177 1176 1176 1206 1206 1170 1170 1206 1206 1176 1176 1206 1206 1170 1170 1207 1207 1175 1175 1207 1207 1170 1170 1207 1207 1175 1175 1208 1208 980 980 1209 1209 1210 1210 980 980 1210 1210 1211 1211 1212 1212 1213 1213 1214 1214 1211 1211 1214 1214 1213 1213 1214 1214 1211 1211 1215 1215 1210 1210 1215 1215 1211 1211 1216 1216 1217 1217 1218 1218 1219 1219 904 904 1220 1220 1216 1216 1220 1220 904 904 1220 1220 1216 1216 1221 1221 1218 1218 1221 1221 1216 1216 1222 1222 1223 1223 1224 1224 1224 1224 1223 1223 1225 1225 1226 1226 1227 1227 1228 1228 1229 1229 1228 1228 1227 1227 1228 1228 1229 1229 1230 1230 1231 1231 1230 1230 1229 1229 1230 1230 1231 1231 1232 1232 1233 1233 1234 1234 1235 1235 1226 1226 1235 1235 1234 1234 1235 1235 1226 1226 1236 1236 1228 1228 1236 1236 1226 1226 1223 1223 1237 1237 1225 1225 1238 1238 1225 1225 1237 1237 1225 1225 1238 1238 1239 1239 1240 1240 1239 1239 1238 1238 1239 1239 1240 1240 1241 1241 1242 1242 1241 1241 1240 1240 1241 1241 1242 1242 1243 1243 1244 1244 1243 1243 1242 1242 1243 1243 1244 1244 1245 1245 1246 1246 1245 1245 1244 1244 1245 1245 1246 1246 1247 1247 1246 1246 1248 1248 1247 1247 1249 1249 1247 1247 1248 1248 1247 1247 1249 1249 1250 1250 1251 1251 1250 1250 1249 1249 1250 1250 1251 1251 1252 1252 1253 1253 1254 1254 1255 1255 1251 1251 1256 1256 1252 1252 1257 1257 1252 1252 1256 1256 1252 1252 1257 1257 1258 1258 1259 1259 1258 1258 1257 1257 1258 1258 1259 1259 1260 1260 1261 1261 1260 1260 1259 1259 1260 1260 1261 1261 1254 1254 1262 1262 1254 1254 1261 1261 1254 1254 1262 1262 1255 1255 1255 1255 1263 1263 1253 1253 1264 1264 1253 1253 1263 1263 1253 1253 1264 1264 1265 1265 1266 1266 1265 1265 1264 1264 1265 1265 1266 1266 1267 1267 1268 1268 1267 1267 1266 1266 1267 1267 1268 1268 1269 1269 1268 1268 1270 1270 1269 1269 1271 1271 1269 1269 1270 1270 1269 1269 1271 1271 1272 1272 1273 1273 1272 1272 1271 1271 1272 1272 1273 1273 1274 1274 1275 1275 1274 1274 1273 1273 1274 1274 1275 1275 323 323 1276 1276 323 323 1275 1275 323 323 1276 1276 1277 1277 1278 1278 1277 1277 1276 1276 1277 1277 1278 1278 1279 1279 1278 1278 1280 1280 1279 1279 1281 1281 1279 1279 1280 1280 1279 1279 1281 1281 1282 1282 1283 1283 1282 1282 1281 1281 1282 1282 1283 1283 1284 1284 1285 1285 1284 1284 1283 1283 1284 1284 1285 1285 1286 1286 1287 1287 1288 1288 1289 1289 1290 1290 1289 1289 1288 1288 1289 1289 1290 1290 1291 1291 1285 1285 1292 1292 1286 1286 1293 1293 1286 1286 1292 1292 1286 1286 1293 1293 1294 1294 1295 1295 1294 1294 1293 1293 1294 1294 1295 1295 1287 1287 1296 1296 1287 1287 1295 1295 1287 1287 1296 1296 1288 1288 1290 1290 1297 1297 1291 1291 1298 1298 1291 1291 1297 1297 1291 1291 1298 1298 1299 1299 1300 1300 1299 1299 1298 1298 1299 1299 1300 1300 1301 1301 1302 1302 1301 1301 1300 1300 1301 1301 1302 1302 1303 1303 1302 1302 1304 1304 1303 1303 1305 1305 1303 1303 1304 1304 1303 1303 1305 1305 1306 1306 1307 1307 1306 1306 1305 1305 1306 1306 1307 1307 1233 1233 1308 1308 1233 1233 1307 1307 1233 1233 1308 1308 1234 1234 1309 1309 1310 1310 1311 1311 1312 1312 1313 1313 1314 1314 1315 1315 1316 1316 1314 1314 1317 1317 1318 1318 1313 1313 1319 1319 1313 1313 1318 1318 1313 1313 1319 1319 1314 1314 1320 1320 1314 1314 1319 1319 1314 1314 1320 1320 1315 1315 1316 1316 1321 1321 1314 1314 1322 1322 1314 1314 1321 1321 1314 1314 1322 1322 1323 1323 1324 1324 1323 1323 1322 1322 1323 1323 1324 1324 1325 1325 1326 1326 1327 1327 1328 1328 1312 1312 1328 1328 1327 1327 1328 1328 1312 1312 1329 1329 1314 1314 1329 1329 1312 1312 1329 1329 1314 1314 1330 1330 1331 1331 1330 1330 1314 1314 1330 1330 1331 1331 1332 1332 1333 1333 1332 1332 1331 1331 1332 1332 1333 1333 1334 1334 1335 1335 1334 1334 1333 1333 1334 1334 1335 1335 1336 1336 1337 1337 1336 1336 1335 1335 1336 1336 1337 1337 1338 1338 1339 1339 1338 1338 1337 1337 1338 1338 1339 1339 1340 1340 1341 1341 1340 1340 1339 1339 1340 1340 1341 1341 1342 1342 1343 1343 1342 1342 1341 1341 1342 1342 1343 1343 1344 1344 1345 1345 1344 1344 1343 1343 1344 1344 1345 1345 1346 1346 1347 1347 1346 1346 1345 1345 1346 1346 1347 1347 1348 1348 1349 1349 1348 1348 1347 1347 1348 1348 1349 1349 1350 1350 1351 1351 1350 1350 1349 1349 1310 1310 1309 1309 1351 1351 1352 1352 1351 1351 1309 1309 1351 1351 1352 1352 1353 1353 1353 1353 1354 1354 1351 1351 1355 1355 1351 1351 1354 1354 1351 1351 1355 1355 1356 1356 1357 1357 1358 1358 1359 1359 1360 1360 1359 1359 1358 1358 1359 1359 1360 1360 1361 1361 1356 1356 1361 1361 1351 1351 1360 1360 1351 1351 1361 1361 1351 1351 1360 1360 1350 1350 1362 1362 1350 1350 1360 1360 1350 1350 1362 1362 1363 1363 1364 1364 1363 1363 1362 1362 1363 1363 1364 1364 1365 1365 1366 1366 1367 1367 1368 1368 1369 1369 1368 1368 1367 1367 1366 1366 1368 1368 1370 1370 1371 1371 1370 1370 1368 1368 1370 1370 1371 1371 1372 1372 1373 1373 1374 1374 1375 1375 1376 1376 1375 1375 1374 1374 1375 1375 1376 1376 1377 1377 1378 1378 1377 1377 1376 1376 1377 1377 1378 1378 1379 1379 1380 1380 1379 1379 1378 1378 1379 1379 1380 1380 1381 1381 1382 1382 1381 1381 1380 1380 1381 1381 1382 1382 1383 1383 1367 1367 1384 1384 1369 1369 1385 1385 1369 1369 1384 1384 1369 1369 1385 1385 1373 1373 1386 1386 1373 1373 1385 1385 1373 1373 1386 1386 1374 1374 1382 1382 1387 1387 1383 1383 1388 1388 1383 1383 1387 1387 1383 1383 1388 1388 1389 1389 1390 1390 1389 1389 1388 1388 1389 1389 1390 1390 1391 1391 1392 1392 1391 1391 1390 1390 1391 1391 1392 1392 1393 1393 1394 1394 1393 1393 1392 1392 1393 1393 1394 1394 1395 1395 1396 1396 1395 1395 1394 1394 1395 1395 1396 1396 1371 1371 1397 1397 1371 1371 1396 1396 1371 1371 1397 1397 1372 1372 757 757 758 758 1398 1398 1399 1399 1398 1398 758 758 744 744 743 743 1400 1400 1401 1401 1400 1400 743 743 1402 1402 1403 1403 1404 1404 1405 1405 1404 1404 1403 1403 1404 1404 1405 1405 1406 1406 1407 1407 1406 1406 1405 1405 1406 1406 1407 1407 1408 1408 1409 1409 1408 1408 1407 1407 1408 1408 1409 1409 1410 1410 1411 1411 1410 1410 1409 1409 1410 1410 1411 1411 1412 1412 1413 1413 1412 1412 1411 1411 1412 1412 1413 1413 1414 1414 1415 1415 1414 1414 1413 1413 1414 1414 1415 1415 1416 1416 1417 1417 1416 1416 1415 1415 1416 1416 1417 1417 1402 1402 1403 1403 1402 1402 1417 1417 1418 1418 1419 1419 1420 1420 1421 1421 1420 1420 1419 1419 1420 1420 1421 1421 1422 1422 1423 1423 1422 1422 1421 1421 1422 1422 1423 1423 1424 1424 1425 1425 1424 1424 1423 1423 1424 1424 1425 1425 1426 1426 1427 1427 1426 1426 1425 1425 1426 1426 1427 1427 1428 1428 1429 1429 1428 1428 1427 1427 1428 1428 1429 1429 1430 1430 1431 1431 1430 1430 1429 1429 1430 1430 1431 1431 1432 1432 1433 1433 1432 1432 1431 1431 1432 1432 1433 1433 1418 1418 1419 1419 1418 1418 1433 1433 1434 1434 1435 1435 1436 1436 1437 1437 1438 1438 1439 1439 1439 1439 1438 1438 1440 1440 1441 1441 1440 1440 1438 1438 1440 1440 1441 1441 1442 1442 1443 1443 1442 1442 1441 1441 1442 1442 1443 1443 1444 1444 1445 1445 1444 1444 1443 1443 1444 1444 1445 1445 1446 1446 1447 1447 1446 1446 1445 1445 1446 1446 1447 1447 1448 1448 1449 1449 1448 1448 1447 1447 1448 1448 1449 1449 1450 1450 1439 1439 1434 1434 1437 1437 1436 1436 1437 1437 1434 1434 1437 1437 1436 1436 1451 1451 1452 1452 1451 1451 1436 1436 1451 1451 1452 1452 1449 1449 1453 1453 1449 1449 1452 1452 1449 1449 1453 1453 1450 1450 1454 1454 1455 1455 1456 1456 1457 1457 1458 1458 1459 1459 1459 1459 1458 1458 1460 1460 1461 1461 1460 1460 1458 1458 1460 1460 1461 1461 1462 1462 1463 1463 1462 1462 1461 1461 1462 1462 1463 1463 1464 1464 1465 1465 1464 1464 1463 1463 1464 1464 1465 1465 1466 1466 1467 1467 1466 1466 1465 1465 1466 1466 1467 1467 1468 1468 1469 1469 1468 1468 1467 1467 1468 1468 1469 1469 1470 1470 1459 1459 1454 1454 1457 1457 1456 1456 1457 1457 1454 1454 1457 1457 1456 1456 1471 1471 1472 1472 1471 1471 1456 1456 1471 1471 1472 1472 1469 1469 1473 1473 1469 1469 1472 1472 1469 1469 1473 1473 1470 1470 1474 1474 1475 1475 1476 1476 1477 1477 1478 1478 1479 1479 1480 1480 1481 1481 1482 1482 1483 1483 1482 1482 1481 1481 1482 1482 1483 1483 1484 1484 1485 1485 1484 1484 1483 1483 1484 1484 1485 1485 1486 1486 1487 1487 1486 1486 1485 1485 1486 1486 1487 1487 1488 1488 1489 1489 1490 1490 1491 1491 1492 1492 1491 1491 1490 1490 1491 1491 1492 1492 1493 1493 1494 1494 1493 1493 1492 1492 1493 1493 1494 1494 1495 1495 1496 1496 1495 1495 1494 1494 1495 1495 1496 1496 1497 1497 1498 1498 1497 1497 1496 1496 1497 1497 1498 1498 1499 1499 1500 1500 1481 1481 1501 1501 1480 1480 1501 1501 1481 1481 1501 1501 1480 1480 1502 1502 1503 1503 1502 1502 1480 1480 1502 1502 1503 1503 1504 1504 1505 1505 1504 1504 1503 1503 1504 1504 1505 1505 1506 1506 1507 1507 1506 1506 1505 1505 1506 1506 1507 1507 1508 1508 1509 1509 1508 1508 1507 1507 1508 1508 1509 1509 1510 1510 1476 1476 1479 1479 1474 1474 1478 1478 1474 1474 1479 1479 1474 1474 1478 1478 1511 1511 1512 1512 1511 1511 1478 1478 1511 1511 1512 1512 1513 1513 1479 1479 1490 1490 1477 1477 1489 1489 1477 1477 1490 1490 1477 1477 1489 1489 1514 1514 1515 1515 1514 1514 1489 1489 1514 1514 1515 1515 1516 1516 1517 1517 1516 1516 1515 1515 1516 1516 1517 1517 1518 1518 1519 1519 1518 1518 1517 1517 1518 1518 1519 1519 1520 1520 1521 1521 1522 1522 1500 1500 1523 1523 1500 1500 1522 1522 1500 1500 1523 1523 1481 1481 1524 1524 1525 1525 1488 1488 1520 1520 1488 1488 1525 1525 1488 1488 1520 1520 1486 1486 1519 1519 1486 1486 1520 1520 1512 1512 1525 1525 1513 1513 1524 1524 1513 1513 1525 1525 1513 1513 1524 1524 1526 1526 1522 1522 1526 1526 1524 1524 1526 1526 1522 1522 1527 1527 1521 1521 1527 1527 1522 1522 1527 1527 1521 1521 1528 1528 1529 1529 1530 1530 1531 1531 1532 1532 1531 1531 1530 1530 1531 1531 1532 1532 1533 1533 1534 1534 1533 1533 1532 1532 1533 1533 1534 1534 1535 1535 1536 1536 1535 1535 1534 1534 1535 1535 1536 1536 1537 1537 1538 1538 1537 1537 1536 1536 1537 1537 1538 1538 1539 1539 1540 1540 1539 1539 1538 1538 1539 1539 1540 1540 1541 1541 1542 1542 1541 1541 1540 1540 1541 1541 1542 1542 1543 1543 1544 1544 1543 1543 1542 1542 1530 1530 1529 1529 1545 1545 1546 1546 1545 1545 1529 1529 1543 1543 1544 1544 1547 1547 1548 1548 1547 1547 1544 1544 1549 1549 1550 1550 1551 1551 1552 1552 1549 1549 1553 1553 1551 1551 1553 1553 1549 1549 1553 1553 1551 1551 1554 1554 1555 1555 1554 1554 1551 1551 1554 1554 1555 1555 1556 1556 1557 1557 1556 1556 1555 1555 1556 1556 1557 1557 1558 1558 1559 1559 1560 1560 1561 1561 1558 1558 1561 1561 1560 1560 1561 1561 1558 1558 1562 1562 1557 1557 1562 1562 1558 1558 551 551 549 549 1563 1563 1564 1564 1563 1563 549 549 1563 1563 1564 1564 1565 1565 1566 1566 1565 1565 1564 1564 1565 1565 1566 1566 1567 1567 1568 1568 1567 1567 1566 1566 1567 1567 1568 1568 557 557 559 559 557 557 1568 1568 1569 1569 1570 1570 1571 1571 1572 1572 1571 1571 1570 1570 1571 1571 1572 1572 1573 1573 1574 1574 1573 1573 1572 1572 1573 1573 1574 1574 1575 1575 1576 1576 1575 1575 1574 1574 1575 1575 1576 1576 1577 1577 1578 1578 1577 1577 1576 1576 1577 1577 1578 1578 1579 1579 1580 1580 1579 1579 1578 1578 1579 1579 1580 1580 1581 1581 1582 1582 1581 1581 1580 1580 1581 1581 1582 1582 1583 1583 1584 1584 1583 1583 1582 1582 1583 1583 1584 1584 1569 1569 1570 1570 1569 1569 1584 1584 1585 1585 1586 1586 1587 1587 1588 1588 1587 1587 1586 1586 1587 1587 1588 1588 1589 1589 1590 1590 1589 1589 1588 1588 1589 1589 1590 1590 1591 1591 1592 1592 1591 1591 1590 1590 1591 1591 1592 1592 1593 1593 1594 1594 1593 1593 1592 1592 1593 1593 1594 1594 1595 1595 1596 1596 1595 1595 1594 1594 1595 1595 1596 1596 1597 1597 1598 1598 1597 1597 1596 1596 1597 1597 1598 1598 1599 1599 1600 1600 1599 1599 1598 1598 1599 1599 1600 1600 1585 1585 1586 1586 1585 1585 1600 1600 1601 1601 1602 1602 1603 1603 1604 1604 1605 1605 1606 1606 1607 1607 1606 1606 1605 1605 1606 1606 1607 1607 1608 1608 1607 1607 1601 1601 1608 1608 1603 1603 1608 1608 1601 1601 1608 1608 1603 1603 1609 1609 1610 1610 1609 1609 1603 1603 1609 1609 1610 1610 1611 1611 1612 1612 1611 1611 1610 1610 1611 1611 1612 1612 1613 1613 1614 1614 1613 1613 1612 1612 1613 1613 1614 1614 1615 1615 1616 1616 1615 1615 1614 1614 1615 1615 1616 1616 1617 1617 1618 1618 1617 1617 1616 1616 1617 1617 1618 1618 1604 1604 1619 1619 1604 1604 1618 1618 1604 1604 1619 1619 1605 1605 1620 1620 1605 1605 1619 1619 1621 1621 1622 1622 1623 1623 1624 1624 1625 1625 1626 1626 1627 1627 1626 1626 1625 1625 1626 1626 1627 1627 1628 1628 1627 1627 1621 1621 1628 1628 1623 1623 1628 1628 1621 1621 1628 1628 1623 1623 1629 1629 1630 1630 1629 1629 1623 1623 1629 1629 1630 1630 1631 1631 1632 1632 1631 1631 1630 1630 1631 1631 1632 1632 1633 1633 1634 1634 1633 1633 1632 1632 1633 1633 1634 1634 1635 1635 1636 1636 1635 1635 1634 1634 1635 1635 1636 1636 1637 1637 1638 1638 1637 1637 1636 1636 1637 1637 1638 1638 1624 1624 1639 1639 1624 1624 1638 1638 1624 1624 1639 1639 1625 1625 1640 1640 1625 1625 1639 1639 1641 1641 1642 1642 1643 1643 1641 1641 1643 1643 1644 1644 1645 1645 1646 1646 1642 1642 1647 1647 1642 1642 1646 1646 1642 1642 1647 1647 1643 1643 1648 1648 1643 1643 1647 1647 1649 1649 1644 1644 1650 1650 1643 1643 1650 1650 1644 1644 1650 1650 1643 1643 1651 1651 1652 1652 1651 1651 1643 1643 1653 1653 1654 1654 1655 1655 1656 1656 1657 1657 1658 1658 1658 1658 1657 1657 1659 1659 1660 1660 1659 1659 1657 1657 1659 1659 1660 1660 1661 1661 1662 1662 1661 1661 1660 1660 1661 1661 1662 1662 1663 1663 1664 1664 1663 1663 1662 1662 1663 1663 1664 1664 1665 1665 1666 1666 1665 1665 1664 1664 1665 1665 1666 1666 1667 1667 1668 1668 1667 1667 1666 1666 1667 1667 1668 1668 1669 1669 1658 1658 1653 1653 1656 1656 1655 1655 1656 1656 1653 1653 1656 1656 1655 1655 1670 1670 1671 1671 1670 1670 1655 1655 1670 1670 1671 1671 1668 1668 1672 1672 1668 1668 1671 1671 1668 1668 1672 1672 1669 1669 1673 1673 1674 1674 1675 1675 1675 1675 1676 1676 1677 1677 1678 1678 1679 1679 1680 1680 1676 1676 1675 1675 1680 1680 1681 1681 1680 1680 1675 1675 1680 1680 1681 1681 1678 1678 1682 1682 1673 1673 1683 1683 1675 1675 1683 1683 1673 1673 1683 1683 1675 1675 1684 1684 1677 1677 1684 1684 1675 1675 1685 1685 1686 1686 1687 1687 1688 1688 1689 1689 1690 1690 1691 1691 1692 1692 1693 1693 1694 1694 1693 1693 1692 1692 1693 1693 1694 1694 1695 1695 1690 1690 1696 1696 1697 1697 1698 1698 1697 1697 1696 1696 1697 1697 1698 1698 1699 1699 1685 1685 1687 1687 1693 1693 1700 1700 1693 1693 1687 1687 1693 1693 1700 1700 1691 1691 1688 1688 1690 1690 1695 1695 1697 1697 1695 1695 1690 1690 1695 1695 1697 1697 1693 1693 1701 1701 1693 1693 1697 1697 1693 1693 1701 1701 1702 1702 1703 1703 1704 1704 1705 1705 1706 1706 1705 1705 1704 1704 1705 1705 1706 1706 1707 1707 1708 1708 1709 1709 1710 1710 1711 1711 1710 1710 1709 1709 1710 1710 1711 1711 1712 1712 1713 1713 1712 1712 1711 1711 1714 1714 1715 1715 1716 1716 1717 1717 1718 1718 1719 1719 1716 1716 1720 1720 1721 1721 1714 1714 1716 1716 1722 1722 1721 1721 1722 1722 1716 1716 1722 1722 1721 1721 1719 1719 1723 1723 1719 1719 1721 1721 1719 1719 1723 1723 1717 1717 1724 1724 1725 1725 1726 1726 1727 1727 1728 1728 1729 1729 1730 1730 1729 1729 1728 1728 1729 1729 1730 1730 1731 1731 1732 1732 1731 1731 1730 1730 1733 1733 1734 1734 1735 1735 1724 1724 1735 1735 1734 1734 1735 1735 1724 1724 1736 1736 1726 1726 1736 1736 1724 1724 1737 1737 1724 1724 1738 1738 1734 1734 1738 1738 1724 1724 1738 1738 1734 1734 1730 1730 1739 1739 1730 1730 1734 1734 1730 1730 1739 1739 1732 1732 1740 1740 1741 1741 1742 1742 1743 1743 1742 1742 1741 1741 1744 1744 1745 1745 1746 1746 1747 1747 1746 1746 1745 1745 1748 1748 1749 1749 1750 1750 1751 1751 1752 1752 1753 1753 1754 1754 1753 1753 1752 1752 1753 1753 1754 1754 1750 1750 1755 1755 1748 1748 1756 1756 1750 1750 1756 1756 1748 1748 1756 1756 1750 1750 1757 1757 1754 1754 1757 1757 1750 1750 1758 1758 1759 1759 1760 1760 1761 1761 1762 1762 1763 1763 1764 1764 1763 1763 1762 1762 1763 1763 1764 1764 1760 1760 1765 1765 1758 1758 1766 1766 1760 1760 1766 1766 1758 1758 1766 1766 1760 1760 1767 1767 1764 1764 1767 1767 1760 1760 1768 1768 1769 1769 1770 1770 1771 1771 1770 1770 1769 1769 1770 1770 1771 1771 1772 1772 1773 1773 1772 1772 1771 1771 1772 1772 1773 1773 1774 1774 1775 1775 1774 1774 1773 1773 1774 1774 1775 1775 1776 1776 1777 1777 1778 1778 1779 1779 1780 1780 1779 1779 1778 1778 1779 1779 1780 1780 1781 1781 1782 1782 1781 1781 1780 1780 1781 1781 1782 1782 1783 1783 1784 1784 1783 1783 1782 1782 1783 1783 1784 1784 1785 1785 1786 1786 1785 1785 1784 1784 1742 1742 1743 1743 1787 1787 1788 1788 1787 1787 1743 1743 1787 1787 1788 1788 1789 1789 1789 1789 1788 1788 1790 1790 1791 1791 1790 1790 1788 1788 1790 1790 1791 1791 1792 1792 1793 1793 1794 1794 1795 1795 1796 1796 1795 1795 1794 1794 1795 1795 1796 1796 1791 1791 1797 1797 1791 1791 1796 1796 1791 1791 1797 1797 1792 1792 1793 1793 1795 1795 1798 1798 1768 1768 1798 1798 1795 1795 1798 1798 1768 1768 1770 1770 1799 1799 1800 1800 1786 1786 1801 1801 1786 1786 1800 1800 1786 1786 1801 1801 1785 1785 1740 1740 1802 1802 1741 1741 1803 1803 1741 1741 1802 1802 1741 1741 1803 1803 1804 1804 1803 1803 1805 1805 1804 1804 1806 1806 1804 1804 1805 1805 1804 1804 1806 1806 1807 1807 1808 1808 1807 1807 1806 1806 1807 1807 1808 1808 1799 1799 1809 1809 1799 1799 1808 1808 1799 1799 1809 1809 1800 1800 1810 1810 1811 1811 1776 1776 1812 1812 1776 1776 1811 1811 1776 1776 1812 1812 1774 1774 1813 1813 1814 1814 1815 1815 1816 1816 1815 1815 1814 1814 1815 1815 1816 1816 1810 1810 1817 1817 1810 1810 1816 1816 1810 1810 1817 1817 1811 1811 1813 1813 1815 1815 1818 1818 1819 1819 1818 1818 1815 1815 1818 1818 1819 1819 1820 1820 1820 1820 1819 1819 1821 1821 1746 1746 1821 1821 1819 1819 1821 1821 1746 1746 1747 1747 1822 1822 1823 1823 1824 1824 1824 1824 1825 1825 1822 1822 1826 1826 1822 1822 1825 1825 1822 1822 1826 1826 1744 1744 1827 1827 1744 1744 1826 1826 1744 1744 1827 1827 1745 1745 1779 1779 1828 1828 1777 1777 1829 1829 1777 1777 1828 1828 1777 1777 1829 1829 1830 1830 1831 1831 1830 1830 1829 1829 1830 1830 1831 1831 1823 1823 1832 1832 1823 1823 1831 1831 1823 1823 1832 1832 1824 1824 1833 1833 1834 1834 1835 1835 1836 1836 1837 1837 1838 1838 1833 1833 1838 1838 1837 1837 1838 1838 1833 1833 1839 1839 1835 1835 1839 1839 1833 1833 1840 1840 1841 1841 1842 1842 1843 1843 1844 1844 1845 1845 1840 1840 1845 1845 1844 1844 1845 1845 1840 1840 1846 1846 1842 1842 1846 1846 1840 1840 1847 1847 1848 1848 1849 1849 1850 1850 1849 1849 1848 1848 1849 1849 1850 1850 1851 1851 1852 1852 1851 1851 1850 1850 1851 1851 1852 1852 1853 1853 1854 1854 1853 1853 1852 1852 1853 1853 1854 1854 1855 1855 1856 1856 1855 1855 1854 1854 1857 1857 1837 1837 1858 1858 1836 1836 1858 1858 1837 1837 1848 1848 1847 1847 1859 1859 1860 1860 1859 1859 1847 1847 1859 1859 1860 1860 1861 1861 1862 1862 1861 1861 1860 1860 1860 1860 1863 1863 1862 1862 1864 1864 1862 1862 1863 1863 1862 1862 1864 1864 1865 1865 1866 1866 1865 1865 1864 1864 1865 1865 1866 1866 1857 1857 1867 1867 1857 1857 1866 1866 1857 1857 1867 1867 1837 1837 1868 1868 1840 1840 1844 1844 1869 1869 246 246 259 259 1869 1869 259 259 1870 1870 1871 1871 1870 1870 259 259 1870 1870 1871 1871 1872 1872 1873 1873 1872 1872 1871 1871 1872 1872 1873 1873 1874 1874 1875 1875 1874 1874 1873 1873 1874 1874 1875 1875 1844 1844 1876 1876 1844 1844 1875 1875 1844 1844 1876 1876 1868 1868 1877 1877 1878 1878 1879 1879 1877 1877 1879 1879 1880 1880 1881 1881 1880 1880 1879 1879 1880 1880 1881 1881 1882 1882 1855 1855 1882 1882 1881 1881 1882 1882 1855 1855 1856 1856 1878 1878 1877 1877 1883 1883 1884 1884 1883 1883 1877 1877 1883 1883 1884 1884 1885 1885 1886 1886 1885 1885 1884 1884 1885 1885 1886 1886 1841 1841 1887 1887 1841 1841 1886 1886 1841 1841 1887 1887 1842 1842 1888 1888 1834 1834 1889 1889 1890 1890 1889 1889 1891 1891 1834 1834 1891 1891 1889 1889 1891 1891 1834 1834 1833 1833 1888 1888 1889 1889 1892 1892 1893 1893 1892 1892 1889 1889 1892 1892 1893 1893 1894 1894 1895 1895 1894 1894 1893 1893 1894 1894 1895 1895 1896 1896 258 258 1896 1896 1895 1895 1896 1896 258 258 256 256 1897 1897 1898 1898 1899 1899 1900 1900 1901 1901 1902 1902 1903 1903 1902 1902 1901 1901 1902 1902 1903 1903 1904 1904 86 86 1904 1904 1903 1903 1904 1904 86 86 88 88 166 166 165 165 1905 1905 1906 1906 1905 1905 165 165 1905 1905 1906 1906 1907 1907 1906 1906 1908 1908 1907 1907 1909 1909 1907 1907 1908 1908 1907 1907 1909 1909 1910 1910 1897 1897 1910 1910 1909 1909 1910 1910 1897 1897 1902 1902 1899 1899 1902 1902 1897 1897 1902 1902 1899 1899 1900 1900 163 163 162 162 1911 1911 1912 1912 1911 1911 162 162 1913 1913 1914 1914 1915 1915 1915 1915 1916 1916 1913 1913 1917 1917 1913 1913 1916 1916 1913 1913 1917 1917 1912 1912 1918 1918 1912 1912 1917 1917 1912 1912 1918 1918 1911 1911 1919 1919 1920 1920 1921 1921 1922 1922 1921 1921 1920 1920 1921 1921 1922 1922 1923 1923 67 67 66 66 1924 1924 1925 1925 1924 1924 66 66 1926 1926 1920 1920 1925 1925 1927 1927 1925 1925 1920 1920 1925 1925 1927 1927 1928 1928 1928 1928 1929 1929 1925 1925 1930 1930 1925 1925 1929 1929 1925 1925 1930 1930 1924 1924 1914 1914 1922 1922 1915 1915 1920 1920 1915 1915 1922 1922 1915 1915 1920 1920 1931 1931 1926 1926 1931 1931 1920 1920 69 69 1932 1932 71 71 1933 1933 71 71 1932 1932 71 71 1933 1933 1934 1934 1935 1935 1934 1934 1933 1933 1934 1934 1935 1935 1936 1936 1936 1936 1937 1937 1934 1934 1938 1938 1934 1934 1937 1937 1934 1934 1938 1938 1939 1939 80 80 85 85 1940 1940 1941 1941 1940 1940 85 85 1940 1940 1941 1941 1942 1942 1942 1942 1943 1943 1940 1940 1944 1944 1940 1940 1943 1943 1940 1940 1944 1944 1945 1945 1946 1946 1945 1945 1944 1944 1945 1945 1946 1946 1947 1947 1939 1939 1947 1947 1946 1946 1947 1947 1939 1939 1948 1948 1938 1938 1948 1948 1939 1939 1948 1948 1938 1938 1949 1949 1950 1950 1949 1949 1938 1938 1949 1949 1950 1950 1951 1951 1952 1952 1953 1953 1954 1954 1955 1955 1954 1954 1953 1953 1954 1954 1955 1955 1956 1956 73 73 1956 1956 1955 1955 1956 1956 73 73 72 72 1957 1957 1958 1958 1959 1959 1960 1960 1959 1959 1958 1958 1952 1952 1954 1954 1957 1957 1961 1961 1957 1957 1954 1954 1957 1957 1961 1961 1958 1958 90 90 92 92 1962 1962 1963 1963 1962 1962 92 92 1962 1962 1963 1963 1958 1958 1964 1964 1958 1958 1963 1963 1958 1958 1964 1964 1960 1960 1965 1965 1966 1966 1967 1967 1968 1968 1969 1969 1970 1970 1971 1971 1972 1972 1973 1973 1974 1974 1973 1973 1972 1972 1973 1973 1974 1974 1975 1975 1971 1971 1976 1976 1972 1972 1977 1977 1972 1972 1976 1976 1972 1972 1977 1977 1967 1967 1978 1978 1967 1967 1977 1977 1967 1967 1978 1978 1965 1965 1975 1975 1979 1979 1970 1970 1980 1980 1970 1970 1979 1979 1970 1970 1980 1980 1968 1968 1981 1981 1968 1968 1980 1980 1968 1968 1981 1981 1982 1982 1983 1983 1982 1982 1981 1981 1982 1982 1983 1983 1984 1984 1985 1985 1973 1973 1986 1986 1975 1975 1986 1986 1973 1973 1986 1986 1975 1975 1987 1987 1970 1970 1987 1987 1975 1975 1988 1988 1982 1982 1989 1989 1984 1984 1989 1989 1982 1982 1989 1989 1984 1984 1972 1972 1990 1990 1972 1972 1984 1984 1972 1972 1990 1990 1974 1974 1991 1991 1992 1992 1993 1993 1994 1994 1993 1993 1992 1992 1993 1993 1994 1994 1995 1995 1996 1996 1997 1997 1998 1998 1998 1998 1997 1997 1999 1999 1996 1996 1998 1998 2000 2000 2001 2001 2000 2000 1998 1998 2000 2000 2001 2001 2002 2002 1997 1997 2003 2003 1999 1999 2004 2004 1999 1999 2003 2003 1999 1999 2004 2004 2005 2005 2006 2006 2005 2005 2004 2004 2005 2005 2006 2006 2001 2001 2007 2007 2001 2001 2006 2006 2001 2001 2007 2007 2002 2002 2008 2008 2009 2009 2010 2010 2011 2011 2010 2010 2009 2009 2012 2012 2013 2013 2014 2014 2015 2015 2014 2014 2013 2013 2016 2016 2017 2017 2018 2018 2019 2019 2018 2018 2017 2017 2018 2018 2019 2019 2020 2020 2021 2021 2020 2020 2019 2019 2022 2022 2023 2023 2024 2024 2025 2025 2024 2024 2023 2023 2024 2024 2025 2025 2026 2026 2027 2027 2026 2026 2025 2025 2026 2026 2027 2027 2028 2028 2021 2021 2029 2029 2020 2020 2030 2030 2020 2020 2029 2029 2020 2020 2030 2030 2031 2031 2032 2032 2026 2026 2033 2033 2028 2028 2033 2033 2026 2026 2033 2033 2028 2028 2034 2034 2035 2035 2034 2034 2028 2028 2036 2036 2034 2034 2037 2037 2035 2035 2037 2037 2034 2034 2037 2037 2035 2035 2031 2031 2038 2038 2031 2031 2035 2035 2031 2031 2038 2038 2020 2020 2039 2039 2020 2020 2038 2038 2020 2020 2039 2039 2040 2040 2022 2022 2040 2040 2039 2039 2040 2040 2022 2022 2041 2041 2024 2024 2041 2041 2022 2022 2042 2042 2043 2043 2044 2044 2042 2042 2044 2044 2045 2045 2046 2046 2045 2045 2044 2044 2045 2045 2046 2046 2047 2047 2046 2046 2048 2048 2047 2047 2049 2049 2047 2047 2048 2048 2047 2047 2049 2049 2050 2050 2051 2051 2050 2050 2049 2049 2050 2050 2051 2051 2052 2052 2053 2053 2052 2052 2051 2051 2054 2054 2055 2055 2056 2056 2057 2057 2056 2056 2055 2055 2058 2058 2059 2059 2060 2060 2061 2061 2060 2060 2059 2059 2062 2062 2063 2063 2064 2064 2065 2065 2064 2064 2063 2063 2064 2064 2065 2065 2059 2059 2066 2066 2059 2059 2065 2065 2059 2059 2066 2066 2061 2061 2060 2060 2067 2067 2058 2058 2068 2068 2058 2058 2067 2067 2058 2058 2068 2068 2062 2062 2069 2069 2062 2062 2068 2068 2062 2062 2069 2069 2063 2063 2070 2070 2071 2071 2072 2072 2073 2073 2072 2072 2071 2071 2074 2074 2075 2075 2076 2076 2077 2077 2076 2076 2075 2075 2078 2078 2079 2079 2080 2080 2081 2081 2080 2080 2079 2079 2080 2080 2081 2081 2082 2082 2083 2083 2082 2082 2081 2081 2082 2082 2083 2083 2084 2084 2085 2085 2084 2084 2083 2083 2084 2084 2085 2085 2086 2086 2087 2087 2086 2086 2085 2085 2086 2086 2087 2087 2088 2088 2089 2089 2088 2088 2087 2087 2088 2088 2089 2089 2090 2090 2091 2091 2090 2090 2089 2089 2090 2090 2091 2091 2092 2092 2093 2093 2092 2092 2091 2091 2092 2092 2093 2093 2078 2078 2079 2079 2078 2078 2093 2093 2094 2094 2095 2095 2096 2096 2097 2097 2096 2096 2095 2095 2096 2096 2097 2097 2098 2098 2099 2099 2098 2098 2097 2097 2098 2098 2099 2099 2100 2100 2101 2101 2100 2100 2099 2099 2100 2100 2101 2101 2102 2102 2103 2103 2102 2102 2101 2101 2102 2102 2103 2103 2104 2104 2105 2105 2104 2104 2103 2103 2104 2104 2105 2105 2106 2106 2107 2107 2106 2106 2105 2105 2106 2106 2107 2107 2108 2108 2109 2109 2108 2108 2107 2107 2108 2108 2109 2109 2094 2094 2095 2095 2094 2094 2109 2109 2110 2110 2111 2111 2112 2112 2113 2113 2112 2112 2111 2111 2112 2112 2113 2113 2114 2114 2115 2115 2114 2114 2113 2113 2116 2116 2117 2117 2115 2115 2118 2118 2115 2115 2117 2117 2115 2115 2118 2118 2114 2114 2110 2110 2119 2119 2111 2111 2120 2120 2111 2111 2119 2119 2111 2111 2120 2120 2121 2121 2122 2122 2121 2121 2120 2120 2121 2121 2122 2122 2123 2123 2124 2124 2123 2123 2122 2122 2123 2123 2124 2124 2125 2125 2126 2126 2125 2125 2124 2124 2125 2125 2126 2126 2127 2127 2128 2128 2127 2127 2126 2126 2127 2127 2128 2128 2116 2116 2129 2129 2116 2116 2128 2128 2116 2116 2129 2129 2117 2117 2130 2130 2131 2131 2132 2132 2130 2130 2132 2132 2133 2133 2134 2134 2135 2135 2132 2132 2136 2136 2132 2132 2135 2135 2132 2132 2136 2136 2133 2133 2131 2131 2137 2137 2132 2132 2138 2138 2132 2132 2137 2137 2132 2132 2138 2138 2134 2134 2139 2139 2140 2140 2141 2141 2139 2139 2141 2141 2142 2142 2143 2143 2144 2144 2141 2141 2145 2145 2141 2141 2144 2144 2141 2141 2145 2145 2142 2142 2140 2140 2146 2146 2141 2141 2147 2147 2141 2141 2146 2146 2141 2141 2147 2147 2143 2143 2148 2148 2149 2149 2150 2150 2148 2148 2150 2150 2151 2151 2149 2149 2148 2148 2152 2152 2153 2153 2152 2152 2148 2148 2152 2152 2153 2153 2154 2154 2155 2155 2154 2154 2153 2153 2154 2154 2155 2155 2156 2156 2157 2157 2156 2156 2155 2155 2156 2156 2157 2157 2158 2158 2159 2159 2158 2158 2157 2157 2158 2158 2159 2159 2160 2160 2161 2161 2160 2160 2159 2159 2160 2160 2161 2161 2162 2162 2150 2150 2163 2163 2151 2151 2164 2164 2151 2151 2163 2163 2151 2151 2164 2164 2165 2165 2166 2166 2165 2165 2164 2164 2165 2165 2166 2166 2161 2161 2167 2167 2161 2161 2166 2166 2161 2161 2167 2167 2162 2162 2168 2168 2169 2169 2170 2170 2171 2171 2170 2170 2169 2169 2172 2172 2173 2173 2174 2174 2175 2175 2174 2174 2173 2173 2174 2174 2175 2175 2176 2176 2177 2177 2178 2178 2179 2179 2176 2176 2179 2179 2178 2178 2179 2179 2176 2176 2180 2180 2175 2175 2180 2180 2176 2176 2181 2181 2182 2182 2183 2183 2184 2184 2183 2183 2182 2182 2183 2183 2184 2184 2185 2185 2186 2186 2187 2187 2188 2188 2189 2189 2188 2188 2187 2187 2188 2188 2189 2189 2190 2190 2191 2191 2192 2192 2193 2193 2194 2194 2193 2193 2192 2192 2193 2193 2194 2194 2195 2195 2196 2196 2195 2195 2194 2194 2195 2195 2196 2196 2197 2197 2198 2198 2197 2197 2196 2196 2197 2197 2198 2198 2199 2199 2200 2200 2199 2199 2198 2198 2199 2199 2200 2200 2201 2201 2202 2202 2201 2201 2200 2200 2201 2201 2202 2202 2203 2203 2204 2204 2203 2203 2202 2202 2203 2203 2204 2204 2205 2205 2206 2206 2205 2205 2204 2204 2205 2205 2206 2206 2191 2191 2192 2192 2191 2191 2206 2206 2207 2207 2208 2208 2209 2209 2210 2210 2209 2209 2208 2208 2209 2209 2210 2210 2211 2211 2212 2212 2211 2211 2210 2210 2211 2211 2212 2212 2213 2213 2214 2214 2213 2213 2212 2212 2213 2213 2214 2214 2215 2215 2216 2216 2215 2215 2214 2214 2215 2215 2216 2216 2217 2217 2218 2218 2217 2217 2216 2216 2217 2217 2218 2218 2219 2219 2220 2220 2219 2219 2218 2218 2219 2219 2220 2220 2221 2221 2222 2222 2221 2221 2220 2220 2221 2221 2222 2222 2207 2207 2208 2208 2207 2207 2222 2222 2223 2223 2224 2224 2225 2225 2226 2226 2225 2225 2224 2224 2225 2225 2226 2226 2227 2227 2228 2228 2226 2226 2229 2229 2224 2224 2229 2229 2226 2226 2229 2229 2224 2224 2230 2230 2231 2231 2230 2230 2224 2224 2230 2230 2231 2231 2232 2232 2233 2233 2232 2232 2231 2231 2232 2232 2233 2233 2234 2234 2235 2235 2234 2234 2233 2233 2234 2234 2235 2235 2236 2236 2237 2237 2236 2236 2235 2235 2236 2236 2237 2237 2238 2238 2239 2239 2238 2238 2237 2237 2238 2238 2239 2239 2240 2240 2241 2241 2240 2240 2239 2239 2240 2240 2241 2241 2228 2228 2226 2226 2228 2228 2241 2241 2242 2242 2243 2243 2244 2244 2245 2245 2246 2246 2247 2247 2247 2247 2246 2246 2248 2248 2246 2246 2242 2242 2248 2248 2244 2244 2248 2248 2242 2242 2248 2248 2244 2244 2249 2249 2250 2250 2249 2249 2244 2244 2249 2249 2250 2250 2251 2251 2252 2252 2251 2251 2250 2250 2251 2251 2252 2252 2253 2253 2254 2254 2253 2253 2252 2252 2253 2253 2254 2254 2255 2255 2256 2256 2255 2255 2254 2254 2255 2255 2256 2256 2257 2257 2258 2258 2257 2257 2256 2256 2257 2257 2258 2258 2259 2259 2260 2260 2259 2259 2258 2258 2259 2259 2260 2260 2247 2247 2261 2261 2247 2247 2260 2260 2247 2247 2261 2261 2245 2245 2262 2262 2263 2263 2264 2264 2265 2265 2264 2264 2263 2263 2264 2264 2265 2265 2266 2266 2267 2267 2268 2268 2269 2269 2262 2262 2269 2269 2268 2268 2269 2269 2262 2262 2270 2270 2264 2264 2270 2270 2262 2262 2270 2270 2264 2264 2271 2271 2271 2271 2264 2264 2272 2272 2273 2273 2272 2272 2264 2264 2272 2272 2273 2273 2274 2274 2275 2275 2274 2274 2273 2273 2274 2274 2275 2275 2276 2276 2277 2277 2276 2276 2275 2275 2276 2276 2277 2277 2278 2278 2279 2279 2278 2278 2277 2277 2278 2278 2279 2279 2267 2267 2280 2280 2267 2267 2279 2279 2267 2267 2280 2280 2268 2268 2281 2281 2282 2282 2283 2283 2284 2284 2285 2285 2286 2286 2286 2286 2281 2281 2284 2284 2283 2283 2284 2284 2281 2281 2284 2284 2283 2283 2287 2287 2288 2288 2287 2287 2283 2283 2287 2287 2288 2288 2289 2289 2290 2290 2289 2289 2288 2288 2289 2289 2290 2290 2291 2291 2292 2292 2291 2291 2290 2290 2291 2291 2292 2292 2293 2293 2294 2294 2293 2293 2292 2292 2293 2293 2294 2294 2295 2295 2296 2296 2295 2295 2294 2294 2295 2295 2296 2296 2297 2297 2298 2298 2297 2297 2296 2296 2297 2297 2298 2298 2285 2285 2299 2299 2285 2285 2298 2298 2285 2285 2299 2299 2286 2286 2300 2300 2286 2286 2299 2299 2301 2301 2302 2302 2303 2303 2304 2304 2303 2303 2302 2302 2305 2305 2306 2306 2307 2307 2308 2308 2309 2309 2310 2310 2311 2311 2310 2310 2309 2309 2310 2310 2311 2311 2307 2307 2312 2312 2307 2307 2311 2311 2307 2307 2312 2312 2305 2305 2313 2313 2314 2314 2315 2315 2315 2315 2316 2316 2317 2317 2318 2318 2319 2319 2313 2313 2315 2315 2317 2317 2320 2320 2321 2321 2320 2320 2317 2317 2320 2320 2321 2321 2322 2322 2320 2320 2323 2323 2315 2315 2324 2324 2315 2315 2323 2323 2315 2315 2324 2324 2313 2313 2325 2325 2313 2313 2324 2324 2313 2313 2325 2325 2318 2318 2326 2326 2327 2327 2328 2328 2329 2329 2330 2330 2327 2327 2331 2331 2327 2327 2330 2330 2327 2327 2331 2331 2328 2328 2332 2332 2328 2328 2331 2331 2328 2328 2333 2333 2334 2334 2335 2335 2336 2336 2334 2334 2337 2337 2334 2334 2336 2336 2334 2334 2337 2337 2328 2328 2338 2338 2328 2328 2337 2337 2328 2328 2338 2338 2326 2326 627 627 630 630 2339 2339 2340 2340 2339 2339 630 630 2339 2339 2340 2340 2341 2341 2342 2342 2341 2341 2340 2340 2341 2341 2342 2342 2343 2343 2344 2344 2343 2343 2342 2342 2343 2343 2344 2344 2345 2345 2346 2346 2345 2345 2344 2344 2345 2345 2346 2346 2347 2347 2347 2347 2346 2346 1084 1084 2348 2348 1084 1084 2346 2346 1084 1084 2348 2348 1080 1080 1073 1073 1071 1071 2349 2349 2350 2350 2349 2349 1071 1071 1096 1096 1099 1099 2351 2351 2352 2352 2351 2351 1099 1099 2351 2351 2352 2352 2353 2353 2354 2354 2353 2353 2352 2352 2353 2353 2354 2354 2355 2355 2356 2356 2355 2355 2354 2354 2355 2355 2356 2356 2357 2357 2350 2350 2357 2357 2356 2356 2357 2357 2350 2350 2358 2358 1071 1071 2358 2358 2350 2350 2359 2359 2360 2360 2361 2361 800 800 802 802 2360 2360 2362 2362 2360 2360 802 802 2360 2360 2362 2362 2361 2361 2363 2363 667 667 666 666 2364 2364 2365 2365 2361 2361 2366 2366 2361 2361 2365 2365 2361 2361 2366 2366 2359 2359 2364 2364 2361 2361 666 666 2367 2367 666 666 2361 2361 666 666 2367 2367 2363 2363 2368 2368 2369 2369 2370 2370 2371 2371 609 609 608 608 2372 2372 2373 2373 2374 2374 2371 2371 2374 2374 2373 2373 2372 2372 662 662 2363 2363 667 667 2363 2363 662 662 688 688 640 640 2375 2375 2376 2376 2375 2375 640 640 2372 2372 2374 2374 662 662 2377 2377 662 662 2374 2374 662 662 2377 2377 678 678 2378 2378 678 678 2377 2377 678 678 2378 2378 676 676 2379 2379 676 676 2378 2378 676 676 2379 2379 674 674 2380 2380 674 674 2379 2379 674 674 2380 2380 672 672 2381 2381 672 672 2380 2380 672 672 2381 2381 642 642 2382 2382 642 642 2381 2381 642 642 2382 2382 643 643 2383 2383 643 643 2382 2382 643 643 2383 2383 652 652 2384 2384 652 652 2383 2383 652 652 2384 2384 653 653 2385 2385 653 653 2384 2384 653 653 2385 2385 650 650 2386 2386 650 650 2385 2385 650 650 2386 2386 655 655 2387 2387 655 655 2386 2386 655 655 2387 2387 656 656 2388 2388 656 656 2387 2387 656 656 2388 2388 658 658 2389 2389 658 658 2388 2388 658 658 2389 2389 660 660 2390 2390 660 660 2389 2389 660 660 2390 2390 661 661 2391 2391 661 661 2390 2390 661 661 2391 2391 639 639 2370 2370 639 639 2391 2391 639 639 2370 2370 640 640 2369 2369 640 640 2370 2370 640 640 2369 2369 2376 2376 2371 2371 608 608 2374 2374 617 617 2374 2374 608 608 2374 2374 617 617 2377 2377 607 607 2377 2377 617 617 2377 2377 607 607 2378 2378 606 606 2378 2378 607 607 2378 2378 606 606 2379 2379 604 604 2379 2379 606 606 2379 2379 604 604 2380 2380 602 602 2380 2380 604 604 2380 2380 602 602 2381 2381 595 595 2381 2381 602 602 2381 2381 595 595 2382 2382 593 593 2382 2382 595 595 2382 2382 593 593 2383 2383 600 600 2383 2383 593 593 2383 2383 600 600 2384 2384 599 599 2384 2384 600 600 2384 2384 599 599 2385 2385 598 598 2385 2385 599 599 2385 2385 598 598 2386 2386 597 597 2386 2386 598 598 2386 2386 597 597 2387 2387 591 591 2387 2387 597 597 2387 2387 591 591 2388 2388 587 587 2388 2388 591 591 2388 2388 587 587 2389 2389 586 586 2389 2389 587 587 2389 2389 586 586 2390 2390 618 618 2390 2390 586 586 2390 2390 618 618 2391 2391 619 619 2391 2391 618 618 2391 2391 619 619 2370 2370 620 620 2370 2370 619 619 2370 2370 620 620 2368 2368 2392 2392 1049 1049 1048 1048 2364 2364 666 666 686 686 1064 1064 2364 2364 1063 1063 686 686 1063 1063 2364 2364 1063 1063 686 686 1056 1056 685 685 1056 1056 686 686 1056 1056 685 685 1054 1054 1054 1054 685 685 1047 1047 683 683 1047 1047 685 685 1047 1047 683 683 1048 1048 690 690 1048 1048 683 683 1048 1048 690 690 2392 2392 2393 2393 2394 2394 2395 2395 791 791 790 790 2396 2396 2393 2393 2396 2396 790 790 2396 2396 2393 2393 2397 2397 2395 2395 2397 2397 2393 2393 688 688 2375 2375 690 690 2398 2398 690 690 2375 2375 690 690 2398 2398 2392 2392 2397 2397 2392 2392 2398 2398 2392 2392 2397 2397 2399 2399 2395 2395 2399 2399 2397 2397 1144 1144 2400 2400 1146 1146 2401 2401 1146 1146 2400 2400 1146 1146 2401 2401 2402 2402 2403 2403 2402 2402 2401 2401 2402 2402 2403 2403 2404 2404 1217 1217 1216 1216 2405 2405 2406 2406 2405 2405 1216 1216 2405 2405 2406 2406 2403 2403 2407 2407 2403 2403 2406 2406 2403 2403 2407 2407 2404 2404 2408 2408 2409 2409 2410 2410 2411 2411 1196 1196 1205 1205 2400 2400 1144 1144 1109 1109 2412 2412 2413 2413 2414 2414 2415 2415 2414 2414 2413 2413 2400 2400 1109 1109 2415 2415 1207 1207 1208 1208 2412 2412 2408 2408 2410 2410 2416 2416 2412 2412 2414 2414 1207 1207 2417 2417 1207 1207 2414 2414 1207 1207 2417 2417 1206 1206 2418 2418 1206 1206 2417 2417 1206 1206 2418 2418 1177 1177 2419 2419 1177 1177 2418 2418 1177 1177 2419 2419 1178 1178 2420 2420 1178 1178 2419 2419 1178 1178 2420 2420 1182 1182 2421 2421 1182 1182 2420 2420 1182 1182 2421 2421 1183 1183 2422 2422 1183 1183 2421 2421 1183 1183 2422 2422 1184 1184 2423 2423 1184 1184 2422 2422 1184 1184 2423 2423 1185 1185 2424 2424 1185 1185 2423 2423 1185 1185 2424 2424 1187 1187 2425 2425 1187 1187 2424 2424 1187 1187 2425 2425 1189 1189 2426 2426 1189 1189 2425 2425 1189 1189 2426 2426 1190 1190 2427 2427 1190 1190 2426 2426 1190 1190 2427 2427 1191 1191 2428 2428 1191 1191 2427 2427 1191 1191 2428 2428 1166 1166 2429 2429 1166 1166 2428 2428 1166 1166 2429 2429 1202 1202 2430 2430 1202 1202 2429 2429 1202 1202 2430 2430 1203 1203 2431 2431 1203 1203 2430 2430 1203 1203 2431 2431 1204 1204 2410 2410 1204 1204 2431 2431 1204 1204 2410 2410 1205 1205 2409 2409 1205 1205 2410 2410 1205 1205 2409 2409 2411 2411 2415 2415 1109 1109 2414 2414 1108 1108 2414 2414 1109 1109 2414 2414 1108 1108 2417 2417 1134 1134 2417 2417 1108 1108 2417 2417 1134 1134 2418 2418 1133 1133 2418 2418 1134 1134 2418 2418 1133 1133 2419 2419 1131 1131 2419 2419 1133 1133 2419 2419 1131 1131 2420 2420 1129 1129 2420 2420 1131 1131 2420 2420 1129 1129 2421 2421 1137 1137 2421 2421 1129 1129 2421 2421 1137 1137 2422 2422 1136 1136 2422 2422 1137 1137 2422 2422 1136 1136 2423 2423 1142 1142 2423 2423 1136 1136 2423 2423 1142 1142 2424 2424 1141 1141 2424 2424 1142 1142 2424 2424 1141 1141 2425 2425 1139 1139 2425 2425 1141 1141 2425 2425 1139 1139 2426 2426 1163 1163 2426 2426 1139 1139 2426 2426 1163 1163 2427 2427 1162 1162 2427 2427 1163 1163 2427 2427 1162 1162 2428 2428 1160 1160 2428 2428 1162 1162 2428 2428 1160 1160 2429 2429 1159 1159 2429 2429 1160 1160 2429 2429 1159 1159 2430 2430 1158 1158 2430 2430 1159 1159 2430 2430 1158 1158 2431 2431 1156 1156 2431 2431 1158 1158 2431 2431 1156 1156 2410 2410 1155 1155 2410 2410 1156 1156 2410 2410 1155 1155 2416 2416 2432 2432 1122 1122 1123 1123 2402 2402 845 845 847 847 808 808 810 810 2432 2432 2432 2432 1123 1123 808 808 1125 1125 808 808 1123 1123 808 808 1125 1125 855 855 1127 1127 855 855 1125 1125 855 855 1127 1127 847 847 1146 1146 847 847 1127 1127 847 847 1146 1146 2402 2402 1211 1211 1213 1213 2433 2433 2434 2434 2433 2433 1213 1213 2433 2433 2434 2434 2435 2435 2416 2416 1155 1155 1122 1122 2432 2432 2436 2436 2435 2435 2437 2437 2435 2435 2436 2436 2435 2435 2437 2437 2433 2433 2432 2432 2435 2435 1122 1122 2438 2438 1122 1122 2435 2435 1122 1122 2438 2438 2416 2416 2439 2439 1699 1699 1919 1919 2440 2440 1919 1919 1699 1699 1919 1919 2440 2440 1920 1920 2439 2439 2441 2441 1699 1699 2442 2442 1699 1699 2441 2441 1699 1699 2442 2442 1697 1697 1950 1950 1938 1938 1724 1724 2443 2443 1724 1724 1938 1938 1724 1724 2443 2443 1725 1725 1703 1703 1705 1705 2444 2444 1703 1703 2444 2444 2445 2445 2444 2444 2446 2446 2445 2445 2447 2447 2445 2445 2446 2446 2445 2445 2447 2447 2448 2448 1680 1680 2448 2448 2447 2447 2448 2448 1680 1680 1679 1679 2449 2449 2450 2450 2451 2451 118 118 2451 2451 2450 2450 2451 2451 118 118 120 120 2452 2452 2453 2453 2445 2445 2454 2454 2445 2445 2453 2453 2451 2451 2455 2455 2449 2449 2456 2456 2449 2449 2455 2455 2449 2449 2456 2456 2454 2454 1703 1703 2454 2454 2456 2456 2454 2454 1703 1703 2445 2445 2452 2452 2445 2445 2457 2457 2448 2448 2457 2457 2445 2445 2457 2457 2448 2448 2458 2458 1678 1678 2459 2459 2460 2460 2448 2448 1679 1679 2458 2458 1678 1678 2458 2458 1679 1679 2458 2458 1678 1678 2461 2461 2460 2460 2461 2461 1678 1678 1703 1703 2456 2456 1704 1704 2462 2462 1704 1704 2456 2456 120 120 97 97 2451 2451 2462 2462 2451 2451 97 97 2451 2451 2462 2462 2455 2455 2456 2456 2455 2455 2462 2462 1920 1920 2440 2440 2463 2463 2440 2440 1699 1699 2463 2463 2464 2464 2463 2463 1699 1699 2463 2463 2464 2464 2465 2465 1690 1690 1689 1689 2466 2466 2467 2467 2468 2468 2466 2466 2469 2469 2466 2466 2468 2468 2466 2466 2469 2469 1690 1690 2470 2470 1690 1690 2469 2469 1690 1690 2470 2470 1696 1696 2471 2471 1696 1696 2470 2470 1696 1696 2471 2471 1698 1698 2464 2464 1698 1698 2471 2471 1698 1698 2464 2464 1699 1699 2468 2468 2472 2472 2469 2469 2473 2473 2469 2469 2472 2472 2469 2469 2473 2473 2470 2470 2474 2474 2470 2470 2473 2473 2470 2470 2474 2474 2471 2471 2465 2465 2471 2471 2474 2474 2471 2471 2465 2465 2464 2464 2056 2056 2057 2057 2475 2475 1719 1719 2475 2475 2057 2057 2475 2475 1719 1719 1718 1718 2476 2476 2477 2477 2478 2478 2479 2479 2478 2478 1733 1733 2476 2476 2478 2478 2480 2480 1733 1733 1735 1735 2479 2479 1736 1736 2479 2479 1735 1735 2479 2479 1736 1736 2481 2481 1726 1726 2481 2481 1736 1736 2481 2481 1726 1726 2482 2482 1725 1725 2482 2482 1726 1726 2482 2482 1725 1725 2483 2483 2478 2478 2479 2479 2480 2480 2481 2481 2480 2480 2479 2479 2480 2480 2481 2481 2484 2484 2482 2482 2484 2484 2481 2481 2484 2484 2482 2482 2485 2485 2483 2483 2485 2485 2482 2482 2485 2485 2483 2483 2486 2486 1713 1713 1711 1711 2487 2487 2488 2488 2487 2487 1711 1711 2487 2487 2488 2488 2489 2489 2490 2490 2489 2489 2488 2488 2490 2490 2488 2488 2491 2491 95 95 2491 2491 2488 2488 2491 2491 95 95 94 94 1938 1938 2492 2492 2443 2443 1725 1725 2443 2443 2483 2483 2492 2492 2483 2483 2443 2443 2483 2483 2492 2492 2486 2486 1992 1992 1991 1991 2493 2493 2494 2494 2493 2493 1991 1991 1693 1693 1702 1702 2495 2495 1693 1693 2495 2495 2496 2496 2495 2495 2497 2497 2496 2496 2498 2498 2496 2496 2497 2497 2496 2496 2498 2498 2499 2499 2499 2499 2500 2500 2496 2496 2501 2501 2496 2496 2500 2500 2496 2496 2501 2501 2494 2494 2502 2502 2494 2494 2501 2501 2494 2494 2502 2502 2493 2493 1687 1687 1686 1686 2503 2503 2504 2504 2503 2503 1686 1686 2503 2503 2504 2504 2505 2505 2505 2505 2504 2504 2506 2506 1998 1998 2506 2506 2504 2504 2506 2506 1998 1998 1999 1999 2010 2010 2011 2011 2507 2507 2010 2010 2507 2507 2508 2508 1686 1686 2508 2508 2507 2507 2508 2508 1686 1686 1685 1685 2013 2013 2012 2012 2509 2509 2013 2013 2509 2509 2510 2510 2005 2005 2510 2510 2509 2509 2510 2510 2005 2005 2001 2001 2015 2015 2013 2013 2511 2511 2015 2015 2511 2511 2512 2512 2009 2009 2512 2512 2511 2511 2512 2512 2009 2009 2008 2008 2513 2513 2514 2514 2515 2515 2513 2513 2515 2515 2516 2516 2517 2517 2516 2516 2515 2515 2516 2516 2517 2517 2518 2518 1738 1738 2518 2518 2517 2517 2518 2518 1738 1738 1730 1730 2514 2514 2519 2519 2515 2515 2520 2520 2515 2515 2519 2519 2520 2520 2521 2521 2515 2515 2522 2522 2515 2515 2521 2521 2515 2515 2522 2522 2517 2517 2523 2523 2517 2517 2522 2522 2517 2517 2523 2523 1738 1738 1737 1737 1738 1738 2523 2523 2524 2524 1759 1759 1758 1758 1767 1767 2525 2525 1766 1766 2526 2526 1766 1766 2525 2525 1766 1766 2526 2526 1765 1765 2527 2527 1765 1765 2526 2526 1765 1765 2527 2527 1758 1758 2528 2528 1758 1758 2527 2527 1758 1758 2528 2528 2524 2524 2529 2529 2524 2524 2528 2528 2525 2525 1741 1741 2526 2526 1804 1804 2526 2526 1741 1741 2526 2526 1804 1804 2527 2527 1807 1807 2527 2527 1804 1804 2527 2527 1807 1807 2528 2528 1799 1799 2528 2528 1807 1807 2528 2528 1799 1799 2529 2529 1786 1786 2529 2529 1799 1799 2529 2529 1786 1786 2530 2530 2530 2530 1786 1786 1784 1784 1767 1767 1764 1764 2525 2525 2531 2531 2525 2525 1764 1764 2525 2525 2531 2531 1741 1741 1743 1743 1741 1741 2531 2531 2532 2532 1768 1768 2533 2533 1795 1795 2533 2533 1768 1768 1760 1760 2534 2534 2535 2535 2531 2531 1764 1764 2536 2536 1762 1762 2536 2536 1764 1764 2536 2536 1762 1762 2537 2537 1761 1761 2537 2537 1762 1762 2537 2537 1761 1761 2535 2535 1763 1763 2535 2535 1761 1761 2535 2535 1763 1763 1760 1760 2534 2534 2533 2533 2535 2535 1795 1795 2535 2535 2533 2533 2535 2535 1795 1795 2537 2537 1791 1791 2537 2537 1795 1795 2537 2537 1791 1791 2536 2536 1788 1788 2536 2536 1791 1791 2536 2536 1788 1788 2531 2531 1743 1743 2531 2531 1788 1788 1769 1769 1768 1768 2532 2532 1727 1727 1729 1729 2538 2538 1727 1727 2538 2538 2539 2539 2064 2064 2539 2539 2538 2538 2539 2539 2064 2064 2059 2059 1728 1728 1727 1727 2540 2540 1728 1728 2540 2540 2541 2541 2075 2075 2541 2541 2540 2540 2541 2541 2075 2075 2074 2074 2072 2072 2073 2073 2542 2542 2072 2072 2542 2542 2543 2543 2058 2058 2543 2543 2542 2542 2543 2543 2058 2058 2062 2062 2076 2076 2077 2077 2544 2544 2076 2076 2544 2544 2545 2545 2073 2073 2545 2545 2544 2544 2545 2545 2073 2073 2071 2071 839 839 2546 2546 2547 2547 1792 1792 2548 2548 1790 1790 2549 2549 1790 1790 2548 2548 1790 1790 2549 2549 1789 1789 2550 2550 1789 1789 2549 2549 1789 1789 2550 2550 1787 1787 2551 2551 1787 1787 2550 2550 1787 1787 2551 2551 1742 1742 1797 1797 2552 2552 1792 1792 2553 2553 1792 1792 2552 2552 1792 1792 2553 2553 2548 2548 839 839 2547 2547 840 840 2554 2554 840 840 2547 2547 840 840 2554 2554 841 841 2555 2555 841 841 2554 2554 841 841 2555 2555 843 843 2556 2556 843 843 2555 2555 843 843 2556 2556 844 844 2557 2557 844 844 2556 2556 844 844 2557 2557 846 846 2558 2558 846 846 2557 2557 846 846 2558 2558 848 848 2559 2559 848 848 2558 2558 848 848 2559 2559 849 849 2560 2560 849 849 2559 2559 849 849 2560 2560 853 853 1797 1797 1796 1796 2552 2552 1794 1794 2552 2552 1796 1796 2552 2552 1794 1794 2561 2561 1793 1793 2561 2561 1794 1794 2561 2561 1793 1793 2562 2562 1798 1798 2562 2562 1793 1793 2562 2562 1798 1798 2563 2563 1770 1770 2563 2563 1798 1798 2563 2563 1770 1770 2564 2564 854 854 853 853 2564 2564 2560 2560 2564 2564 853 853 2564 2564 2560 2560 2563 2563 2559 2559 2563 2563 2560 2560 2563 2563 2559 2559 2562 2562 2558 2558 2562 2562 2559 2559 2562 2562 2558 2558 2561 2561 2557 2557 2561 2561 2558 2558 2561 2561 2557 2557 2552 2552 2556 2556 2552 2552 2557 2557 2552 2552 2556 2556 2553 2553 2555 2555 2553 2553 2556 2556 2553 2553 2555 2555 2548 2548 2554 2554 2548 2548 2555 2555 2548 2548 2554 2554 2549 2549 2547 2547 2549 2549 2554 2554 2549 2549 2547 2547 2550 2550 2546 2546 2550 2550 2547 2547 2550 2550 2546 2546 2551 2551 857 857 856 856 2565 2565 2566 2566 2565 2565 856 856 2565 2565 2566 2566 2567 2567 2567 2567 2566 2566 2568 2568 1772 1772 2568 2568 2566 2566 2568 2568 1772 1772 1774 1774 1770 1770 1772 1772 2564 2564 2566 2566 2564 2564 1772 1772 2564 2564 2566 2566 854 854 856 856 854 854 2566 2566 1740 1740 1742 1742 2569 2569 2551 2551 2569 2569 1742 1742 2569 2569 2551 2551 2570 2570 2546 2546 2570 2570 2551 2551 2570 2570 2546 2546 837 837 839 839 837 837 2546 2546 2567 2567 2568 2568 2571 2571 2572 2572 2565 2565 2567 2567 2565 2565 2572 2572 857 857 1816 1816 2573 2573 1817 1817 2574 2574 1817 1817 2573 2573 1817 1817 2574 2574 1811 1811 2571 2571 1811 1811 2574 2574 1811 1811 2571 2571 1812 1812 2568 2568 1812 1812 2571 2571 1812 1812 2568 2568 1774 1774 1814 1814 2575 2575 1816 1816 2576 2576 1816 1816 2575 2575 1816 1816 2576 2576 2573 2573 1814 1814 1813 1813 2575 2575 1818 1818 2575 2575 1813 1813 2575 2575 1818 1818 2577 2577 1820 1820 2577 2577 1818 1818 2577 2577 1820 1820 2578 2578 1821 1821 2578 2578 1820 1820 2578 2578 1821 1821 2579 2579 1747 1747 2579 2579 1821 1821 2579 2579 1747 1747 2580 2580 2567 2567 2571 2571 2572 2572 2574 2574 2572 2572 2571 2571 2572 2572 2574 2574 2581 2581 2573 2573 2581 2581 2574 2574 2581 2581 2573 2573 2582 2582 2576 2576 2582 2582 2573 2573 2582 2582 2576 2576 2583 2583 2575 2575 2583 2583 2576 2576 2583 2583 2575 2575 2584 2584 2577 2577 2584 2584 2575 2575 2584 2584 2577 2577 2585 2585 2578 2578 2585 2585 2577 2577 2585 2585 2578 2578 2586 2586 2579 2579 2586 2586 2578 2578 2586 2586 2579 2579 2587 2587 2580 2580 2587 2587 2579 2579 2587 2587 2580 2580 2588 2588 857 857 2572 2572 850 850 2581 2581 850 850 2572 2572 850 850 2581 2581 851 851 2582 2582 851 851 2581 2581 851 851 2582 2582 852 852 2583 2583 852 852 2582 2582 852 852 2583 2583 809 809 2584 2584 809 809 2583 2583 809 809 2584 2584 811 811 2585 2585 811 811 2584 2584 811 811 2585 2585 813 813 2586 2586 813 813 2585 2585 813 813 2586 2586 815 815 2587 2587 815 815 2586 2586 815 815 2587 2587 816 816 2588 2588 816 816 2587 2587 816 816 2588 2588 817 817 2589 2589 2590 2590 2591 2591 868 868 2589 2589 2592 2592 1809 1809 2593 2593 1800 1800 2591 2591 1800 1800 2593 2593 1800 1800 2591 2591 1801 1801 2590 2590 1801 1801 2591 2591 1801 1801 2590 2590 1785 1785 1808 1808 2594 2594 1809 1809 2595 2595 1809 1809 2594 2594 1809 1809 2595 2595 2593 2593 1808 1808 1806 1806 2594 2594 1805 1805 2594 2594 1806 1806 2594 2594 1805 1805 2596 2596 1803 1803 2596 2596 1805 1805 2596 2596 1803 1803 2597 2597 1802 1802 2597 2597 1803 1803 2597 2597 1802 1802 2598 2598 1740 1740 2598 2598 1802 1802 2598 2598 1740 1740 2569 2569 2589 2589 2591 2591 2592 2592 2593 2593 2592 2592 2591 2591 2592 2592 2593 2593 2599 2599 2595 2595 2599 2599 2593 2593 2599 2599 2595 2595 2600 2600 2594 2594 2600 2600 2595 2595 2600 2600 2594 2594 2601 2601 2596 2596 2601 2601 2594 2594 2601 2601 2596 2596 2602 2602 2597 2597 2602 2602 2596 2596 2602 2602 2597 2597 2603 2603 2598 2598 2603 2603 2597 2597 2603 2603 2598 2598 2604 2604 2569 2569 2604 2604 2598 2598 2604 2604 2569 2569 2570 2570 868 868 2592 2592 860 860 2599 2599 860 860 2592 2592 860 860 2599 2599 861 861 2600 2600 861 861 2599 2599 861 861 2600 2600 862 862 2601 2601 862 862 2600 2600 862 862 2601 2601 864 864 2602 2602 864 864 2601 2601 864 864 2602 2602 865 865 2603 2603 865 865 2602 2602 865 865 2603 2603 866 866 2604 2604 866 866 2603 2603 866 866 2604 2604 835 835 2570 2570 835 835 2604 2604 835 835 2570 2570 837 837 1747 1747 1745 1745 2580 2580 2605 2605 2580 2580 1745 1745 2580 2580 2605 2605 2588 2588 2606 2606 2588 2588 2605 2605 2588 2588 2606 2606 817 817 819 819 817 817 2606 2606 1783 1783 1785 1785 2607 2607 2590 2590 2607 2607 1785 1785 2607 2607 2590 2590 2608 2608 2589 2589 2608 2608 2590 2590 2608 2608 2589 2589 867 867 868 868 867 867 2589 2589 1781 1781 1783 1783 2609 2609 2607 2607 2609 2609 1783 1783 2609 2609 2607 2607 2610 2610 2608 2608 2610 2610 2607 2607 2610 2610 2608 2608 806 806 867 867 806 806 2608 2608 1779 1779 1781 1781 2611 2611 2609 2609 2611 2611 1781 1781 2611 2611 2609 2609 2612 2612 2610 2610 2612 2612 2609 2609 2612 2612 2610 2610 805 805 806 806 805 805 2610 2610 2606 2606 2605 2605 2613 2613 819 819 2606 2606 2614 2614 1825 1825 2615 2615 1826 1826 2613 2613 1826 1826 2615 2615 1826 1826 2613 2613 1827 1827 2605 2605 1827 1827 2613 2613 1827 1827 2605 2605 1745 1745 1824 1824 2616 2616 1825 1825 2617 2617 1825 1825 2616 2616 1825 1825 2617 2617 2615 2615 1824 1824 1832 1832 2616 2616 1831 1831 2616 2616 1832 1832 2616 2616 1831 1831 2618 2618 1829 1829 2618 2618 1831 1831 2618 2618 1829 1829 2619 2619 1828 1828 2619 2619 1829 1829 2619 2619 1828 1828 2620 2620 1779 1779 2620 2620 1828 1828 2620 2620 1779 1779 2611 2611 2606 2606 2613 2613 2614 2614 2615 2615 2614 2614 2613 2613 2614 2614 2615 2615 2621 2621 2617 2617 2621 2621 2615 2615 2621 2621 2617 2617 2622 2622 2616 2616 2622 2622 2617 2617 2622 2622 2616 2616 2623 2623 2618 2618 2623 2623 2616 2616 2623 2623 2618 2618 2624 2624 2619 2619 2624 2624 2618 2618 2624 2624 2619 2619 2625 2625 2620 2620 2625 2625 2619 2619 2625 2625 2620 2620 2626 2626 2611 2611 2626 2626 2620 2620 2626 2626 2611 2611 2612 2612 819 819 2614 2614 821 821 2621 2621 821 821 2614 2614 821 821 2621 2621 823 823 2622 2622 823 823 2621 2621 823 823 2622 2622 824 824 2623 2623 824 824 2622 2622 824 824 2623 2623 826 826 2624 2624 826 826 2623 2623 826 826 2624 2624 871 871 2625 2625 871 871 2624 2624 871 871 2625 2625 872 872 2626 2626 872 872 2625 2625 872 872 2626 2626 873 873 2612 2612 873 873 2626 2626 873 873 2612 2612 805 805 2487 2487 2489 2489 2627 2627 2628 2628 2627 2627 2489 2489 2627 2627 2628 2628 1714 1714 2629 2629 1714 1714 2628 2628 1714 1714 2629 2629 1715 1715 1713 1713 2487 2487 2630 2630 2627 2627 2630 2630 2487 2487 2630 2630 2627 2627 1722 1722 1714 1714 1722 1722 2627 2627 1705 1705 1707 1707 2631 2631 1705 1705 2631 2631 2632 2632 2633 2633 2632 2632 2631 2631 2632 2632 2633 2633 2634 2634 1993 1993 2634 2634 2633 2633 2634 2634 1993 1993 1995 1995 2635 2635 1923 1923 1922 1922 1677 1677 1676 1676 2636 2636 2636 2636 2637 2637 2638 2638 2639 2639 2638 2638 2637 2637 2638 2638 2639 2639 2640 2640 2635 2635 1922 1922 2640 2640 2640 2640 1922 1922 2638 2638 1914 1914 2638 2638 1922 1922 2638 2638 1914 1914 2641 2641 1913 1913 2641 2641 1914 1914 2641 2641 1913 1913 2642 2642 1912 1912 2642 2642 1913 1913 2642 2642 1912 1912 2643 2643 162 162 2643 2643 1912 1912 2643 2643 162 162 2644 2644 2636 2636 2638 2638 1677 1677 2641 2641 1677 1677 2638 2638 1677 1677 2641 2641 1684 1684 2642 2642 1684 1684 2641 2641 1684 1684 2642 2642 1683 1683 2643 2643 1683 1683 2642 2642 1683 1683 2643 2643 1682 1682 2644 2644 1682 1682 2643 2643 1682 1682 2644 2644 1673 1673 2645 2645 1674 1674 1673 1673 2645 2645 1673 1673 160 160 2644 2644 160 160 1673 1673 160 160 2644 2644 162 162 160 160 159 159 2646 2646 2646 2646 159 159 2647 2647 2648 2648 2647 2647 159 159 2647 2647 2648 2648 2649 2649 2460 2460 2649 2649 2648 2648 2649 2649 2460 2460 2459 2459 2648 2648 2650 2650 2460 2460 2651 2651 2460 2460 2650 2650 2460 2460 2651 2651 2461 2461 2652 2652 2461 2461 2651 2651 2461 2461 2652 2652 2458 2458 2653 2653 2458 2458 2652 2652 2458 2458 2653 2653 2457 2457 2654 2654 2457 2457 2653 2653 2457 2457 2654 2654 2452 2452 2452 2452 2654 2654 2453 2453 2655 2655 2453 2453 2654 2654 2453 2453 2655 2655 2454 2454 159 159 180 180 2648 2648 178 178 2648 2648 180 180 2648 2648 178 178 2650 2650 177 177 2650 2650 178 178 2650 2650 177 177 2651 2651 176 176 2651 2651 177 177 2651 2651 176 176 2652 2652 179 179 2652 2652 176 176 2652 2652 179 179 2653 2653 161 161 2653 2653 179 179 2653 2653 161 161 2654 2654 170 170 2654 2654 161 161 2654 2654 170 170 2655 2655 169 169 2655 2655 170 170 2655 2655 169 169 2656 2656 168 168 2656 2656 169 169 2656 2656 168 168 2657 2657 2454 2454 2655 2655 2449 2449 2656 2656 2449 2449 2655 2655 2449 2449 2656 2656 2450 2450 2657 2657 2450 2450 2656 2656 2450 2450 2657 2657 118 118 168 168 166 166 2658 2658 168 168 2658 2658 2657 2657 119 119 2657 2657 2658 2658 2657 2657 119 119 118 118 119 119 2658 2658 2659 2659 2658 2658 166 166 1905 1905 2658 2658 1905 1905 2659 2659 1907 1907 2659 2659 1905 1905 2659 2659 1907 1907 2660 2660 1910 1910 2660 2660 1907 1907 2660 2660 1910 1910 2661 2661 1902 1902 2661 2661 1910 1910 2661 2661 1902 1902 2662 2662 1904 1904 2662 2662 1902 1902 2662 2662 1904 1904 2663 2663 88 88 2663 2663 1904 1904 2663 2663 88 88 2664 2664 119 119 2659 2659 121 121 2660 2660 121 121 2659 2659 121 121 2660 2660 122 122 2661 2661 122 122 2660 2660 122 122 2661 2661 109 109 2662 2662 109 109 2661 2661 109 109 2662 2662 110 110 2663 2663 110 110 2662 2662 110 110 2663 2663 123 123 2664 2664 123 123 2663 2663 123 123 2664 2664 124 124 2665 2665 2666 2666 2664 2664 100 100 117 117 2667 2667 2668 2668 2667 2667 117 117 2667 2667 2668 2668 2665 2665 2664 2664 2666 2666 124 124 2669 2669 124 124 2666 2666 124 124 2669 2669 98 98 2665 2665 2664 2664 2667 2667 88 88 2667 2667 2664 2664 2667 2667 88 88 90 90 100 100 2667 2667 2670 2670 2667 2667 90 90 1962 1962 2667 2667 1962 1962 2670 2670 1958 1958 2670 2670 1962 1962 2670 2670 1958 1958 2671 2671 1961 1961 2671 2671 1958 1958 2671 2671 1961 1961 2672 2672 1954 1954 2672 2672 1961 1961 2672 2672 1954 1954 2673 2673 1956 1956 2673 2673 1954 1954 2673 2673 1956 1956 2674 2674 72 72 2674 2674 1956 1956 2674 2674 72 72 2675 2675 100 100 2670 2670 101 101 2671 2671 101 101 2670 2670 101 101 2671 2671 102 102 2672 2672 102 102 2671 2671 102 102 2672 2672 111 111 2673 2673 111 111 2672 2672 111 111 2673 2673 112 112 2674 2674 112 112 2673 2673 112 112 2674 2674 96 96 2675 2675 96 96 2674 2674 96 96 2675 2675 93 93 72 72 74 74 2676 2676 72 72 2676 2676 2675 2675 94 94 2675 2675 2676 2676 2675 2675 94 94 93 93 2490 2490 2491 2491 2677 2677 74 74 76 76 2676 2676 2677 2677 2676 2676 76 76 2676 2676 2677 2677 94 94 2491 2491 94 94 2677 2677 2678 2678 2489 2489 2490 2490 76 76 78 78 2677 2677 2679 2679 2677 2677 78 78 2677 2677 2679 2679 2490 2490 2680 2680 2490 2490 2679 2679 2490 2490 2680 2680 2678 2678 1722 1722 1719 1719 2681 2681 1722 1722 2681 2681 2630 2630 1712 1712 2630 2630 2681 2681 2630 2630 1712 1712 1713 1713 1710 1710 1712 1712 2682 2682 2681 2681 2682 2682 1712 1712 2682 2682 2681 2681 2057 2057 1719 1719 2057 2057 2681 2681 1708 1708 1710 1710 2682 2682 1708 1708 2682 2682 2683 2683 2057 2057 2683 2683 2682 2682 2683 2683 2057 2057 2055 2055 2684 2684 1749 1749 1748 1748 1757 1757 2685 2685 1756 1756 2686 2686 1756 1756 2685 2685 1756 1756 2686 2686 1755 1755 2687 2687 1755 1755 2686 2686 1755 1755 2687 2687 1748 1748 2688 2688 1748 1748 2687 2687 1748 1748 2688 2688 2684 2684 2689 2689 2684 2684 2688 2688 2685 2685 1746 1746 2686 2686 1819 1819 2686 2686 1746 1746 2686 2686 1819 1819 2687 2687 1815 1815 2687 2687 1819 1819 2687 2687 1815 1815 2688 2688 1810 1810 2688 2688 1815 1815 2688 2688 1810 1810 2689 2689 1776 1776 2689 2689 1810 1810 2689 2689 1776 1776 2690 2690 2690 2690 1776 1776 1775 1775 1757 1757 1754 1754 2685 2685 2691 2691 2685 2685 1754 1754 2685 2685 2691 2691 1746 1746 1744 1744 1746 1746 2691 2691 2692 2692 1777 1777 2693 2693 1830 1830 2693 2693 1777 1777 1750 1750 2694 2694 2695 2695 2691 2691 1754 1754 2696 2696 1752 1752 2696 2696 1754 1754 2696 2696 1752 1752 2697 2697 1751 1751 2697 2697 1752 1752 2697 2697 1751 1751 2695 2695 1753 1753 2695 2695 1751 1751 2695 2695 1753 1753 1750 1750 2694 2694 2693 2693 2695 2695 1830 1830 2695 2695 2693 2693 2695 2695 1830 1830 2697 2697 1823 1823 2697 2697 1830 1830 2697 2697 1823 1823 2696 2696 1822 1822 2696 2696 1823 1823 2696 2696 1822 1822 2691 2691 1744 1744 2691 2691 1822 1822 1778 1778 1777 1777 2692 2692 2009 2009 2511 2511 2698 2698 2013 2013 2510 2510 2698 2698 2009 2009 2698 2698 2699 2699 2510 2510 2699 2699 2698 2698 2699 2699 2510 2510 2001 2001 2511 2511 2013 2013 2698 2698 2011 2011 2009 2009 2699 2699 2011 2011 2699 2699 2700 2700 2001 2001 2700 2700 2699 2699 2700 2700 2001 2001 1998 1998 2701 2701 2504 2504 1686 1686 2701 2701 1686 1686 2507 2507 2507 2507 2011 2011 2700 2700 2507 2507 2700 2700 2701 2701 1998 1998 2701 2701 2700 2700 2701 2701 1998 1998 2504 2504 2702 2702 2540 2540 1727 1727 2702 2702 1727 1727 2539 2539 2539 2539 2059 2059 2703 2703 2539 2539 2703 2703 2702 2702 2075 2075 2702 2702 2703 2703 2702 2702 2075 2075 2540 2540 2077 2077 2075 2075 2703 2703 2077 2077 2703 2703 2704 2704 2059 2059 2704 2704 2703 2703 2704 2704 2059 2059 2058 2058 2058 2058 2542 2542 2705 2705 2073 2073 2544 2544 2705 2705 2058 2058 2705 2705 2704 2704 2544 2544 2704 2704 2705 2705 2704 2704 2544 2544 2077 2077 2542 2542 2073 2073 2705 2705 2314 2314 2706 2706 2707 2707 2708 2708 2315 2315 2314 2314 2314 2314 2707 2707 2708 2708 1327 1327 2708 2708 2707 2707 2708 2708 1327 1327 1326 1326 1364 1364 2709 2709 1365 1365 2333 2333 1365 1365 2709 2709 1365 1365 2333 2333 2328 2328 2710 2710 2711 2711 2712 2712 2713 2713 2712 2712 2711 2711 1875 1875 2714 2714 1876 1876 2715 2715 1876 1876 2714 2714 1876 1876 2715 2715 2713 2713 2716 2716 2713 2713 2715 2715 2713 2713 2716 2716 2712 2712 2717 2717 2718 2718 2719 2719 2720 2720 2721 2721 2717 2717 2722 2722 2717 2717 2721 2721 2717 2717 2722 2722 2723 2723 2717 2717 2719 2719 2720 2720 40 40 2720 2720 2719 2719 2720 2720 40 40 39 39 41 41 2724 2724 42 42 2725 2725 42 42 2724 2724 2725 2725 2724 2724 2726 2726 2727 2727 2726 2726 2724 2724 2726 2726 2727 2727 2728 2728 2729 2729 2730 2730 2731 2731 2730 2730 2732 2732 1236 1236 2733 2733 1236 1236 2732 2732 1236 1236 2733 2733 1235 1235 1865 1865 2734 2734 2735 2735 2736 2736 2735 2735 2734 2734 2735 2735 2736 2736 2729 2729 2730 2730 1236 1236 2731 2731 1228 1228 2731 2731 1236 1236 2731 2731 1228 1228 2737 2737 1230 1230 2737 2737 1228 1228 2737 2737 1230 1230 2738 2738 1232 1232 2738 2738 1230 1230 2738 2738 1232 1232 2739 2739 2729 2729 2731 2731 2735 2735 2737 2737 2735 2735 2731 2731 2735 2735 2737 2737 2740 2740 2738 2738 2740 2740 2737 2737 2740 2740 2738 2738 2741 2741 2739 2739 2741 2741 2738 2738 2741 2741 2739 2739 2742 2742 1865 1865 2735 2735 1862 1862 2740 2740 1862 1862 2735 2735 1862 1862 2740 2740 1861 1861 2741 2741 1861 1861 2740 2740 1861 1861 2741 2741 1859 1859 2742 2742 1859 1859 2741 2741 1859 1859 2742 2742 1848 1848 2743 2743 2744 2744 2745 2745 2743 2743 2745 2745 2746 2746 2747 2747 2746 2746 2745 2745 2746 2746 2747 2747 2748 2748 2749 2749 2742 2742 2739 2739 1850 1850 1848 1848 2742 2742 2742 2742 2749 2749 1850 1850 2750 2750 1850 1850 2749 2749 1850 1850 2750 2750 1852 1852 2751 2751 1852 1852 2750 2750 1852 1852 2751 2751 1854 1854 2743 2743 1222 1222 2744 2744 2752 2752 2744 2744 1222 1222 2744 2744 2752 2752 2753 2753 1856 1856 1854 1854 2753 2753 2751 2751 2753 2753 1854 1854 2753 2753 2751 2751 2744 2744 2750 2750 2744 2744 2751 2751 2744 2744 2750 2750 2745 2745 2749 2749 2745 2745 2750 2750 2745 2745 2749 2749 2747 2747 2739 2739 2747 2747 2749 2749 2747 2747 2739 2739 2748 2748 1232 1232 2748 2748 2739 2739 2754 2754 2755 2755 2756 2756 2757 2757 2758 2758 2759 2759 2758 2758 2760 2760 1877 1877 2761 2761 1877 1877 2760 2760 1877 1877 2761 2761 1884 1884 2757 2757 2759 2759 2755 2755 1239 1239 1241 1241 2754 2754 2758 2758 1877 1877 2759 2759 1880 1880 2759 2759 1877 1877 2759 2759 1880 1880 2762 2762 1882 1882 2762 2762 1880 1880 2762 2762 1882 1882 2763 2763 1856 1856 2763 2763 1882 1882 2763 2763 1856 1856 2753 2753 2755 2755 2759 2759 2756 2756 2762 2762 2756 2756 2759 2759 2756 2756 2762 2762 2764 2764 2763 2763 2764 2764 2762 2762 2764 2764 2763 2763 2765 2765 2753 2753 2765 2765 2763 2763 2765 2765 2753 2753 2752 2752 2754 2754 2756 2756 1239 1239 2764 2764 1239 1239 2756 2756 1239 1239 2764 2764 1225 1225 2765 2765 1225 1225 2764 2764 1225 1225 2765 2765 1224 1224 2752 2752 1224 1224 2765 2765 1224 1224 2752 2752 1222 1222 2734 2734 1865 1865 1857 1857 2766 2766 2767 2767 2768 2768 2734 2734 1857 1857 2769 2769 1858 1858 2769 2769 1857 1857 2769 2769 1858 1858 2770 2770 2766 2766 2768 2768 2771 2771 2772 2772 2771 2771 2768 2768 2771 2771 2772 2772 2770 2770 2773 2773 2770 2770 2772 2772 2770 2770 2773 2773 2769 2769 2774 2774 2766 2766 2775 2775 2771 2771 2775 2775 2766 2766 2775 2775 2771 2771 2776 2776 2770 2770 2776 2776 2771 2771 2776 2776 2770 2770 1836 1836 1858 1858 1836 1836 2770 2770 433 433 2774 2774 2775 2775 428 428 430 430 2777 2777 428 428 2777 2777 2778 2778 2779 2779 2778 2778 2777 2777 2778 2778 2779 2779 2780 2780 1839 1839 2780 2780 2779 2779 2780 2780 1839 1839 1835 1835 1838 1838 1839 1839 2781 2781 2779 2779 2781 2781 1839 1839 2781 2781 2779 2779 2782 2782 2777 2777 2782 2782 2779 2779 2782 2782 2777 2777 431 431 430 430 431 431 2777 2777 1836 1836 1838 1838 2776 2776 2781 2781 2776 2776 1838 1838 2776 2776 2781 2781 2775 2775 2782 2782 2775 2775 2781 2781 2775 2775 2782 2782 433 433 431 431 433 433 2782 2782 1843 1843 1845 1845 2783 2783 407 407 409 409 2784 2784 407 407 2784 2784 2785 2785 1843 1843 2783 2783 2786 2786 2787 2787 2786 2786 2783 2783 2786 2786 2787 2787 2788 2788 413 413 2788 2788 2787 2787 2788 2788 413 413 412 412 409 409 413 413 2784 2784 2787 2787 2784 2784 413 413 2784 2784 2787 2787 2789 2789 2783 2783 2789 2789 2787 2787 2789 2789 2783 2783 1846 1846 1845 1845 1846 1846 2783 2783 2790 2790 2785 2785 2791 2791 2784 2784 2791 2791 2785 2785 2791 2791 2784 2784 2792 2792 2789 2789 2792 2792 2784 2784 2792 2792 2789 2789 1842 1842 1846 1846 1842 1842 2789 2789 1833 1833 1837 1837 2793 2793 2794 2794 2793 2793 1837 1837 2793 2793 2794 2794 1319 1319 1320 1320 1319 1319 2794 2794 1318 1318 1317 1317 2795 2795 2796 2796 2795 2795 1317 1317 2795 2795 2796 2796 1891 1891 1890 1890 1891 1891 2796 2796 1319 1319 1318 1318 2793 2793 2795 2795 2793 2793 1318 1318 2793 2793 2795 2795 1833 1833 1891 1891 1833 1833 2795 2795 2797 2797 2798 2798 2799 2799 1853 1853 1855 1855 2800 2800 2797 2797 2799 2799 2801 2801 2802 2802 2801 2801 2799 2799 2801 2801 2802 2802 2803 2803 2804 2804 1325 1325 2805 2805 1847 1847 2798 2798 2805 2805 2797 2797 2805 2805 2798 2798 2805 2805 2797 2797 2804 2804 2801 2801 2804 2804 2797 2797 2804 2804 2801 2801 2806 2806 2803 2803 2806 2806 2801 2801 2806 2806 2803 2803 2807 2807 1847 1847 1849 1849 2798 2798 1851 1851 2798 2798 1849 1849 2798 2798 1851 1851 2799 2799 1853 1853 2799 2799 1851 1851 2799 2799 1853 1853 2802 2802 2800 2800 2802 2802 1853 1853 2802 2802 2800 2800 2803 2803 1311 1311 2803 2803 2800 2800 2803 2803 1311 1311 2807 2807 2794 2794 1837 1837 1867 1867 1320 1320 2794 2794 2808 2808 2794 2794 1867 1867 2808 2808 1866 1866 2808 2808 1867 1867 2808 2808 1866 1866 2809 2809 1864 1864 2809 2809 1866 1866 2809 2809 1864 1864 2810 2810 1863 1863 2810 2810 1864 1864 2810 2810 1863 1863 2811 2811 1860 1860 2811 2811 1863 1863 2811 2811 1860 1860 2812 2812 1847 1847 2812 2812 1860 1860 2812 2812 1847 1847 2805 2805 1320 1320 2808 2808 1315 1315 2809 2809 1315 1315 2808 2808 1315 1315 2809 2809 1316 1316 2810 2810 1316 1316 2809 2809 1316 1316 2810 2810 1321 1321 2811 2811 1321 1321 2810 2810 1321 1321 2811 2811 1322 1322 2812 2812 1322 1322 2811 2811 1322 1322 2812 2812 1324 1324 2805 2805 1324 1324 2812 2812 1324 1324 2805 2805 1325 1325 2800 2800 1855 1855 1881 1881 1311 1311 2800 2800 2813 2813 2800 2800 1881 1881 2813 2813 1879 1879 2813 2813 1881 1881 2813 2813 1879 1879 2814 2814 1878 1878 2814 2814 1879 1879 2814 2814 1878 1878 2815 2815 1883 1883 2815 2815 1878 1878 2815 2815 1883 1883 2816 2816 1885 1885 2816 2816 1883 1883 2816 2816 1885 1885 2817 2817 1841 1841 2817 2817 1885 1885 2817 2817 1841 1841 2818 2818 1311 1311 2813 2813 1309 1309 2814 2814 1309 1309 2813 2813 1309 1309 2814 2814 1352 1352 2815 2815 1352 1352 2814 2814 1352 1352 2815 2815 1353 1353 2816 2816 1353 1353 2815 2815 1353 1353 2816 2816 1354 1354 2817 2817 1354 1354 2816 2816 1354 1354 2817 2817 1355 1355 2818 2818 1355 1355 2817 2817 1355 1355 2818 2818 1356 1356 1361 1361 1356 1356 2819 2819 2818 2818 2819 2819 1356 1356 2819 2819 2818 2818 1840 1840 1841 1841 1840 1840 2818 2818 1359 1359 1361 1361 2820 2820 2819 2819 2820 2820 1361 1361 2820 2820 2819 2819 1868 1868 1840 1840 1868 1868 2819 2819 1357 1357 1359 1359 2821 2821 2820 2820 2821 2821 1359 1359 2821 2821 2820 2820 1876 1876 1868 1868 1876 1876 2820 2820 1357 1357 2822 2822 2823 2823 2821 2821 2822 2822 1357 1357 2824 2824 2823 2823 2711 2711 2822 2822 2711 2711 2823 2823 2711 2711 2822 2822 2713 2713 2821 2821 2713 2713 2822 2822 2713 2713 2821 2821 1876 1876 2824 2824 2825 2825 2823 2823 1357 1357 2823 2823 2825 2825 2709 2709 1364 1364 2826 2826 1362 1362 2826 2826 1364 1364 2826 2826 1362 1362 2827 2827 1360 1360 2827 2827 1362 1362 2827 2827 1360 1360 2828 2828 1358 1358 2828 2828 1360 1360 2828 2828 1358 1358 2829 2829 2829 2829 1358 1358 2830 2830 1357 1357 2830 2830 1358 1358 2830 2830 1357 1357 2825 2825 2831 2831 1887 1887 1886 1886 2832 2832 2833 2833 2834 2834 2835 2835 2834 2834 2833 2833 1886 1886 1884 1884 2761 2761 2836 2836 2837 2837 2838 2838 2839 2839 2838 2838 2837 2837 2838 2838 2839 2839 2832 2832 2831 2831 2832 2832 2839 2839 2832 2832 2831 2831 2833 2833 1886 1886 2833 2833 2831 2831 2833 2833 1886 1886 2835 2835 2761 2761 2835 2835 1886 1886 1842 1842 1887 1887 2792 2792 2831 2831 2792 2792 1887 1887 2792 2792 2831 2831 2791 2791 2839 2839 2791 2791 2831 2831 2791 2791 2839 2839 2790 2790 2837 2837 2790 2790 2839 2839 2840 2840 1317 1317 1313 1313 2840 2840 1313 1313 2841 2841 1312 1312 1327 1327 2707 2707 2841 2841 1313 1313 2842 2842 1312 1312 2842 2842 1313 1313 2842 2842 1312 1312 2843 2843 2707 2707 2843 2843 1312 1312 2843 2843 2707 2707 2706 2706 2312 2312 2311 2311 2844 2844 2312 2312 2844 2844 2845 2845 259 259 2845 2845 2844 2844 2845 2845 259 259 258 258 2846 2846 2847 2847 2848 2848 11 11 9 9 2849 2849 2846 2846 2849 2849 9 9 2849 2849 2846 2846 2850 2850 2848 2848 2850 2850 2846 2846 2850 2850 2848 2848 2851 2851 2852 2852 2853 2853 1873 1873 2854 2854 1873 1873 2853 2853 1873 1873 2854 2854 1875 1875 2855 2855 2856 2856 2857 2857 2308 2308 2855 2855 2858 2858 2857 2857 2858 2858 2855 2855 2858 2858 2857 2857 2859 2859 2852 2852 2859 2859 2857 2857 2308 2308 2858 2858 2309 2309 2844 2844 2309 2309 2858 2858 2309 2309 2844 2844 2311 2311 2852 2852 1873 1873 2859 2859 1871 1871 2859 2859 1873 1873 2859 2859 1871 1871 2858 2858 259 259 2858 2858 1871 1871 2858 2858 259 259 2844 2844 2860 2860 2861 2861 2862 2862 2863 2863 2306 2306 2305 2305 2861 2861 2860 2860 2864 2864 2865 2865 2864 2864 2860 2860 2864 2864 2865 2865 2863 2863 1889 1889 2866 2866 1893 1893 2867 2867 1893 1893 2866 2866 1893 1893 2867 2867 2862 2862 2863 2863 2305 2305 2864 2864 2312 2312 2864 2864 2305 2305 2864 2864 2312 2312 2845 2845 2862 2862 2861 2861 1893 1893 2864 2864 1893 1893 2861 2861 1893 1893 2864 2864 1895 1895 2845 2845 1895 1895 2864 2864 1895 1895 2845 2845 258 258 2868 2868 1889 1889 1890 1890 2869 2869 2870 2870 2871 2871 2871 2871 2872 2872 2869 2869 2873 2873 2869 2869 2872 2872 2869 2869 2873 2873 1890 1890 2874 2874 1890 1890 2873 2873 1890 1890 2874 2874 2868 2868 2840 2840 2875 2875 1317 1317 2796 2796 1317 1317 2875 2875 2876 2876 2870 2870 2869 2869 1890 1890 2796 2796 2869 2869 2875 2875 2869 2869 2796 2796 2869 2869 2875 2875 2876 2876 2840 2840 2876 2876 2875 2875 2876 2876 2840 2840 2841 2841 2863 2863 2865 2865 2877 2877 2878 2878 2877 2877 2865 2865 2877 2877 2878 2878 2318 2318 2319 2319 2318 2318 2878 2878 2306 2306 2863 2863 2879 2879 2877 2877 2879 2879 2863 2863 2879 2879 2877 2877 2325 2325 2318 2318 2325 2325 2877 2877 2338 2338 2337 2337 2880 2880 2881 2881 2880 2880 2337 2337 2880 2880 2881 2881 2882 2882 2882 2882 2881 2881 2883 2883 2308 2308 2883 2883 2881 2881 2883 2883 2308 2308 2310 2310 2336 2336 2335 2335 2884 2884 2885 2885 2884 2884 2335 2335 2884 2884 2885 2885 2855 2855 2856 2856 2855 2855 2885 2885 2337 2337 2336 2336 2881 2881 2884 2884 2881 2881 2336 2336 2881 2881 2884 2884 2308 2308 2855 2855 2308 2308 2884 2884 2304 2304 2302 2302 2886 2886 2887 2887 2886 2886 2302 2302 2886 2886 2887 2887 2888 2888 2888 2888 2887 2887 2889 2889 15 15 2889 2889 2887 2887 2889 2889 15 15 18 18 2890 2890 2891 2891 2892 2892 2893 2893 2892 2892 2891 2891 2892 2892 2893 2893 2894 2894 2892 2892 2895 2895 2890 2890 25 25 2890 2890 2895 2895 2890 2890 25 25 26 26 2896 2896 3 3 2897 2897 2898 2898 2899 2899 2307 2307 2900 2900 2307 2307 2899 2899 2307 2307 2900 2900 2897 2897 2901 2901 2897 2897 2900 2900 2897 2897 2901 2901 2896 2896 2323 2323 2902 2902 2324 2324 2903 2903 2324 2324 2902 2902 2324 2324 2903 2903 2898 2898 2904 2904 2898 2898 2903 2903 2898 2898 2904 2904 2899 2899 2848 2848 2847 2847 2905 2905 2905 2905 2327 2327 2326 2326 2851 2851 2848 2848 2906 2906 2905 2905 2906 2906 2848 2848 2906 2906 2905 2905 2907 2907 2326 2326 2907 2907 2905 2905 2307 2307 2306 2306 2898 2898 2879 2879 2898 2898 2306 2306 2898 2898 2879 2879 2324 2324 2325 2325 2324 2324 2879 2879 2310 2310 2307 2307 2908 2908 2897 2897 2908 2908 2307 2307 2908 2908 2897 2897 2909 2909 2909 2909 2897 2897 2910 2910 3 3 2910 2910 2897 2897 2910 2910 3 3 1 1 2323 2323 2320 2320 2902 2902 2911 2911 2902 2902 2320 2320 2902 2902 2911 2911 2912 2912 2911 2911 2718 2718 2912 2912 2717 2717 2912 2912 2718 2718 2912 2912 2717 2717 2913 2913 2723 2723 2913 2913 2717 2717 2907 2907 2914 2914 2915 2915 2916 2916 2915 2915 2914 2914 2915 2915 2916 2916 2917 2917 2883 2883 2916 2916 2882 2882 2914 2914 2882 2882 2916 2916 2882 2882 2914 2914 2880 2880 2907 2907 2880 2880 2914 2914 2880 2880 2907 2907 2338 2338 2326 2326 2338 2338 2907 2907 2883 2883 2310 2310 2916 2916 2908 2908 2916 2916 2310 2310 2916 2916 2908 2908 2917 2917 2909 2909 2917 2917 2908 2908 2917 2917 2909 2909 2918 2918 2910 2910 2918 2918 2909 2909 2918 2918 2910 2910 2919 2919 1 1 2919 2919 2910 2910 2706 2706 2920 2920 2921 2921 2706 2706 2314 2314 2920 2920 2876 2876 2920 2920 2314 2314 2920 2920 2876 2876 2841 2841 2330 2330 2329 2329 2922 2922 2923 2923 2922 2922 2329 2329 2922 2922 2923 2923 2924 2924 2924 2924 2923 2923 2925 2925 2892 2892 2925 2925 2923 2923 2925 2925 2892 2892 2894 2894 125 125 127 127 2926 2926 125 125 2926 2926 2927 2927 2329 2329 2927 2927 2926 2926 2927 2927 2329 2329 2327 2327 131 131 130 130 2928 2928 2929 2929 2928 2928 130 130 2928 2928 2929 2929 2847 2847 2905 2905 2847 2847 2929 2929 130 130 125 125 2929 2929 2927 2927 2929 2929 125 125 2929 2929 2927 2927 2905 2905 2327 2327 2905 2905 2927 2927 2302 2302 2301 2301 2930 2930 2931 2931 2930 2930 2301 2301 2930 2930 2931 2931 2331 2331 2332 2332 2331 2331 2931 2931 2932 2932 2933 2933 131 131 2932 2932 131 131 2928 2928 2928 2928 2847 2847 2846 2846 2928 2928 2846 2846 2932 2932 9 9 2932 2932 2846 2846 2932 2932 9 9 2933 2933 132 132 131 131 2933 2933 132 132 2933 2933 2934 2934 9 9 2934 2934 2933 2933 2934 2934 9 9 7 7 113 113 156 156 2935 2935 113 113 2935 2935 2936 2936 41 41 2936 2936 2935 2935 2936 2936 41 41 43 43 2937 2937 2935 2935 156 156 2937 2937 156 156 2938 2938 2938 2938 2727 2727 2724 2724 2938 2938 2724 2724 2937 2937 41 41 2937 2937 2724 2724 2937 2937 41 41 2935 2935 156 156 157 157 2938 2938 2939 2939 2938 2938 157 157 2938 2938 2939 2939 2727 2727 2940 2940 2727 2727 2939 2939 157 157 158 158 2939 2939 2941 2941 2939 2939 158 158 2939 2939 2941 2941 2940 2940 2322 2322 2940 2940 2941 2941 158 158 155 155 2942 2942 158 158 2942 2942 2941 2941 2320 2320 2941 2941 2942 2942 2941 2941 2320 2320 2322 2322 2727 2727 2940 2940 2728 2728 2943 2943 2728 2728 2940 2940 2322 2322 2321 2321 2940 2940 2944 2944 2940 2940 2321 2321 2940 2940 2944 2944 2943 2943 2885 2885 2335 2335 2945 2945 2710 2710 2945 2945 2335 2335 2856 2856 2885 2885 2946 2946 2945 2945 2946 2946 2885 2885 2946 2946 2945 2945 2947 2947 2710 2710 2947 2947 2945 2945 2335 2335 2334 2334 2710 2710 2711 2711 2710 2710 2334 2334 2333 2333 2824 2824 2334 2334 2711 2711 2334 2334 2824 2824 2948 2948 2825 2825 2824 2824 2824 2824 2333 2333 2948 2948 2709 2709 2948 2948 2333 2333 2948 2948 2709 2709 2949 2949 2950 2950 2949 2949 2709 2709 2949 2949 2950 2950 2951 2951 2952 2952 2951 2951 2950 2950 1889 1889 2868 2868 2953 2953 2874 2874 2953 2953 2868 2868 2953 2953 2874 2874 2954 2954 2873 2873 2954 2954 2874 2874 2954 2954 2873 2873 2955 2955 2872 2872 2955 2955 2873 2873 2955 2955 2872 2872 2956 2956 2872 2872 2871 2871 2956 2956 2957 2957 2956 2956 2871 2871 2956 2956 2957 2957 2958 2958 1889 1889 2953 2953 2866 2866 2954 2954 2866 2866 2953 2953 2866 2866 2954 2954 2867 2867 2955 2955 2867 2867 2954 2954 2867 2867 2955 2955 2862 2862 2956 2956 2862 2862 2955 2955 2862 2862 2956 2956 2860 2860 2958 2958 2860 2860 2956 2956 2860 2860 2958 2958 2865 2865 2319 2319 2959 2959 2871 2871 2319 2319 2878 2878 2959 2959 2865 2865 2959 2959 2878 2878 2959 2959 2865 2865 2958 2958 2958 2958 2957 2957 2959 2959 2871 2871 2959 2959 2957 2957 2313 2313 2319 2319 2870 2870 2871 2871 2870 2870 2319 2319 2313 2313 2870 2870 2314 2314 2876 2876 2314 2314 2870 2870 2946 2946 2947 2947 2960 2960 1875 1875 2854 2854 2961 2961 2853 2853 2961 2961 2854 2854 2961 2961 2853 2853 2962 2962 2852 2852 2962 2962 2853 2853 2962 2962 2852 2852 2963 2963 2857 2857 2963 2963 2852 2852 2963 2963 2857 2857 2960 2960 2856 2856 2960 2960 2857 2857 2960 2960 2856 2856 2946 2946 1875 1875 2961 2961 2714 2714 2962 2962 2714 2714 2961 2961 2714 2714 2962 2962 2715 2715 2963 2963 2715 2715 2962 2962 2715 2715 2963 2963 2716 2716 2960 2960 2716 2716 2963 2963 2716 2716 2960 2960 2712 2712 2947 2947 2712 2712 2960 2960 2712 2712 2947 2947 2710 2710 151 151 150 150 2964 2964 151 151 2964 2964 2965 2965 35 35 2965 2965 2964 2964 2965 2965 35 35 40 40 2317 2317 2316 2316 2966 2966 2967 2967 2966 2966 2316 2316 2966 2966 2967 2967 2968 2968 2303 2303 2304 2304 2967 2967 2969 2969 2967 2967 2304 2304 2967 2967 2969 2969 2968 2968 2970 2970 2971 2971 151 151 2970 2970 151 151 2965 2965 2965 2965 40 40 2719 2719 2965 2965 2719 2719 2970 2970 2718 2718 2970 2970 2719 2719 2970 2970 2718 2718 2971 2971 155 155 152 152 2942 2942 2972 2972 2942 2942 152 152 2942 2942 2972 2972 2320 2320 2911 2911 2320 2320 2972 2972 152 152 151 151 2972 2972 2971 2971 2972 2972 151 151 2972 2972 2971 2971 2911 2911 2718 2718 2911 2911 2971 2971 2973 2973 2974 2974 2975 2975 2976 2976 2975 2975 2974 2974 2975 2975 2976 2976 2977 2977 2944 2944 2977 2977 2976 2976 2969 2969 2975 2975 2968 2968 2977 2977 2968 2968 2975 2975 2968 2968 2977 2977 2966 2966 2944 2944 2966 2966 2977 2977 2966 2966 2944 2944 2317 2317 2321 2321 2317 2317 2944 2944 2969 2969 2304 2304 2975 2975 2886 2886 2975 2975 2304 2304 2975 2975 2886 2886 2973 2973 2888 2888 2973 2973 2886 2886 2973 2973 2888 2888 2978 2978 2889 2889 2978 2978 2888 2888 2978 2978 2889 2889 18 18 129 129 104 104 2979 2979 129 129 2979 2979 2980 2980 23 23 2980 2980 2979 2979 2980 2980 23 23 25 25 2981 2981 2982 2982 129 129 2981 2981 129 129 2980 2980 2980 2980 25 25 2895 2895 2980 2980 2895 2895 2981 2981 2892 2892 2981 2981 2895 2895 2981 2981 2892 2892 2982 2982 127 127 128 128 2926 2926 2983 2983 2926 2926 128 128 2926 2926 2983 2983 2329 2329 2923 2923 2329 2329 2983 2983 128 128 129 129 2983 2983 2982 2982 2983 2983 129 129 2983 2983 2982 2982 2923 2923 2892 2892 2923 2923 2982 2982 2984 2984 15 15 2887 2887 2930 2930 2985 2985 2302 2302 2986 2986 2302 2302 2985 2985 2302 2302 2986 2986 2887 2887 2987 2987 2887 2887 2986 2986 2887 2887 2987 2987 2984 2984 2330 2330 2922 2922 2331 2331 2988 2988 2331 2331 2922 2922 2331 2331 2988 2988 2930 2930 2989 2989 2930 2930 2988 2988 2930 2930 2989 2989 2985 2985 2990 2990 2683 2683 2055 2055 2991 2991 2992 2992 2993 2993 2994 2994 2993 2993 2992 2992 2993 2993 2994 2994 2016 2016 1708 1708 2683 2683 2995 2995 2990 2990 2995 2995 2683 2683 2995 2995 2990 2990 2996 2996 2993 2993 2996 2996 2990 2990 2996 2996 2993 2993 2997 2997 2016 2016 2997 2997 2993 2993 2055 2055 2998 2998 2990 2990 2999 2999 2990 2990 2998 2998 2990 2990 2999 2999 2993 2993 3000 3000 2993 2993 2999 2999 2993 2993 3000 3000 2991 2991 2031 2031 3001 3001 3002 3002 3003 3003 2513 2513 3004 3004 2516 2516 3004 3004 2513 2513 3004 3004 2516 2516 3001 3001 3001 3001 2516 2516 3002 3002 2518 2518 3002 3002 2516 2516 3002 3002 2518 2518 3005 3005 1730 1730 3005 3005 2518 2518 3005 3005 1730 1730 3006 3006 2031 2031 3002 3002 2037 2037 3005 3005 2037 2037 3002 3002 2037 2037 3005 3005 2036 2036 3006 3006 2036 2036 3005 3005 2036 2036 3006 3006 2034 2034 2018 2018 2020 2020 3007 3007 2018 2018 3007 3007 3008 3008 3009 3009 3008 3008 3007 3007 3008 3008 3009 3009 3010 3010 58 58 3010 3010 3009 3009 3010 3010 58 58 57 57 1730 1730 1728 1728 3011 3011 1730 1730 3011 3011 3006 3006 2033 2033 3006 3006 3011 3011 3006 3006 2033 2033 2034 2034 2040 2040 3012 3012 2020 2020 3013 3013 2020 2020 3012 3012 2071 2071 2070 2070 3012 3012 3014 3014 3012 3012 2070 2070 3012 3012 3014 3014 3013 3013 183 183 182 182 3015 3015 3016 3016 3015 3015 182 182 3015 3015 3016 3016 3017 3017 3016 3016 3018 3018 3017 3017 1972 1972 3017 3017 3018 3018 3017 3017 1972 1972 1967 1967 1685 1685 1693 1693 3019 3019 1685 1685 3019 3019 3020 3020 1987 1987 3020 3020 3019 3019 3020 3020 1987 1987 1970 1970 3021 3021 1967 1967 1966 1966 1707 1707 1706 1706 3022 3022 3023 3023 3022 3022 1706 1706 3022 3022 3023 3023 3024 3024 3021 3021 3024 3024 3023 3023 3024 3024 3021 3021 3025 3025 1966 1966 3025 3025 3021 3021 1987 1987 3019 3019 3026 3026 3019 3019 1693 1693 2496 2496 3019 3019 2496 2496 3026 3026 2494 2494 3026 3026 2496 2496 3026 3026 2494 2494 3027 3027 1991 1991 3027 3027 2494 2494 3027 3027 1991 1991 3028 3028 1987 1987 3026 3026 1986 1986 3027 3027 1986 1986 3026 3026 1986 1986 3027 3027 1985 1985 3028 3028 1985 1985 3027 3027 1985 1985 3028 3028 1973 1973 3029 3029 2631 2631 1707 1707 3030 3030 3031 3031 3032 3032 1993 1993 2633 2633 3033 3033 3034 3034 3033 3033 2633 2633 3033 3033 3034 3034 3035 3035 3030 3030 3035 3035 3034 3034 3035 3035 3030 3030 3036 3036 3032 3032 3036 3036 3030 3030 2633 2633 2631 2631 3034 3034 3029 3029 3034 3034 2631 2631 3034 3034 3029 3029 3030 3030 3037 3037 3030 3030 3029 3029 3030 3030 3037 3037 3031 3031 3038 3038 3031 3031 3037 3037 1966 1966 3038 3038 3025 3025 3037 3037 3025 3025 3038 3038 3025 3025 3037 3037 3024 3024 3029 3029 3024 3024 3037 3037 3024 3024 3029 3029 3022 3022 1707 1707 3022 3022 3029 3029 2010 2010 2508 2508 3039 3039 3040 3040 3039 3039 2508 2508 3039 3039 3040 3040 1968 1968 1969 1969 1968 1968 3040 3040 2508 2508 1685 1685 3040 3040 3020 3020 3040 3040 1685 1685 3040 3040 3020 3020 1969 1969 1970 1970 1969 1969 3020 3020 2015 2015 2512 2512 3041 3041 3042 3042 3041 3041 2512 2512 3041 3041 3042 3042 1989 1989 1988 1988 1989 1989 3042 3042 2512 2512 2008 2008 3042 3042 3043 3043 3042 3042 2008 2008 3042 3042 3043 3043 1988 1988 1982 1982 1988 1988 3043 3043 1728 1728 2541 2541 3011 3011 3044 3044 3011 3011 2541 2541 3011 3011 3044 3044 2033 2033 2032 2032 2033 2033 3044 3044 2541 2541 2074 2074 3044 3044 3045 3045 3044 3044 2074 2074 3044 3044 3045 3045 2032 2032 2026 2026 2032 2032 3045 3045 2076 2076 2545 2545 3046 3046 3047 3047 3046 3046 2545 2545 3046 3046 3047 3047 2024 2024 2041 2041 2024 2024 3047 3047 2545 2545 2071 2071 3047 3047 3012 3012 3047 3047 2071 2071 3047 3047 3012 3012 2041 2041 2040 2040 2041 2041 3012 3012 2031 2031 2030 2030 3001 3001 3048 3048 3001 3001 2030 2030 3001 3001 3048 3048 3049 3049 2999 2999 3050 3050 3000 3000 2991 2991 3000 3000 3050 3050 3051 3051 3004 3004 3001 3001 3051 3051 3001 3001 2054 2054 3049 3049 3050 3050 3001 3001 2999 2999 3001 3001 3050 3050 3001 3001 2999 2999 2054 2054 2998 2998 2054 2054 2999 2999 2054 2054 2998 2998 2055 2055 3036 3036 3032 3032 3052 3052 3052 3052 1973 1973 3028 3028 3052 3052 3053 3053 1973 1973 3054 3054 1973 1973 3053 3053 1973 1973 3054 3054 1971 1971 3036 3036 3052 3052 3035 3035 3028 3028 3035 3035 3052 3052 3035 3035 3028 3028 3033 3033 1991 1991 3033 3033 3028 3028 3033 3033 1991 1991 1993 1993 2008 2008 2010 2010 3039 3039 2008 2008 3039 3039 3043 3043 1968 1968 3043 3043 3039 3039 3043 3043 1968 1968 1982 1982 2014 2014 2015 2015 3055 3055 3041 3041 3055 3055 2015 2015 3055 3055 3041 3041 3056 3056 1989 1989 3056 3056 3041 3041 3056 3056 1989 1989 1972 1972 1709 1709 1708 1708 3057 3057 2995 2995 3057 3057 1708 1708 3057 3057 2995 2995 3058 3058 2016 2016 2018 2018 2997 2997 3058 3058 2997 2997 2018 2018 2997 2997 3058 3058 2996 2996 2995 2995 2996 2996 3058 3058 2074 2074 2076 2076 3046 3046 2074 2074 3046 3046 3045 3045 2024 2024 3045 3045 3046 3046 3045 3045 2024 2024 2026 2026 999 999 998 998 3059 3059 1087 1087 1073 1073 3060 3060 3061 3061 3060 3060 1073 1073 975 975 981 981 3061 3061 983 983 3061 3061 981 981 3061 3061 983 983 3060 3060 1032 1032 3060 3060 983 983 3060 3060 1032 1032 959 959 999 999 3059 3059 957 957 1084 1084 1087 1087 3059 3059 3060 3060 3059 3059 1087 1087 3059 3059 3060 3060 957 957 959 959 957 957 3060 3060 3062 3062 793 793 3063 3063 795 795 3063 3063 793 793 3063 3063 795 795 3064 3064 2339 2339 2341 2341 3065 3065 2343 2343 3066 3066 2341 2341 3067 3067 2341 2341 3066 3066 2341 2341 3067 3067 3065 3065 795 795 796 796 3068 3068 3069 3069 3068 3068 796 796 3064 3064 795 795 3065 3065 3068 3068 3065 3065 795 795 3065 3065 3068 3068 2339 2339 3069 3069 2339 2339 3068 3068 2339 2339 3069 3069 627 627 3070 3070 2056 2056 2475 2475 3070 3070 2475 2475 3071 3071 1718 1718 3071 3071 2475 2475 3071 3071 1718 1718 3072 3072 3073 3073 3072 3072 1718 1718 3072 3072 3073 3073 3074 3074 3074 3074 3073 3073 3075 3075 1949 1949 3075 3075 3073 3073 3075 3075 1949 1949 1951 1951 2056 2056 3070 3070 2054 2054 3076 3076 2054 2054 3070 3070 2054 2054 3076 3076 3077 3077 3078 3078 3077 3077 3076 3076 3077 3077 3078 3078 3079 3079 973 973 972 972 3080 3080 3081 3081 3080 3080 972 972 3080 3080 3081 3081 3082 3082 3082 3082 2350 2350 3083 3083 2356 2356 3083 3083 2350 2350 972 972 978 978 3081 3081 976 976 3081 3081 978 978 3081 3081 976 976 3084 3084 975 975 3084 3084 976 976 3084 3084 975 975 3061 3061 3082 3082 3081 3081 2350 2350 3084 3084 2350 2350 3081 3081 2350 2350 3084 3084 2349 2349 3061 3061 2349 2349 3084 3084 2349 2349 3061 3061 1073 1073 3085 3085 80 80 1940 1940 1716 1716 3085 3085 3086 3086 3085 3085 1940 1940 3086 3086 1945 1945 3086 3086 1940 1940 3086 3086 1945 1945 3087 3087 1947 1947 3087 3087 1945 1945 3087 3087 1947 1947 3088 3088 1948 1948 3088 3088 1947 1947 3088 3088 1948 1948 3089 3089 1949 1949 3089 3089 1948 1948 3089 3089 1949 1949 3073 3073 1716 1716 3086 3086 1720 1720 3087 3087 1720 1720 3086 3086 1720 1720 3087 3087 1721 1721 3088 3088 1721 1721 3087 3087 1721 1721 3088 3088 1723 1723 3089 3089 1723 1723 3088 3088 1723 1723 3089 3089 1717 1717 3073 3073 1717 1717 3089 3089 1717 1717 3073 3073 1718 1718 2678 2678 2628 2628 2489 2489 2680 2680 2679 2679 3090 3090 78 78 3090 3090 2679 2679 2678 2678 2680 2680 2628 2628 3090 3090 2628 2628 2680 2680 2628 2628 3090 3090 2629 2629 78 78 2629 2629 3090 3090 2629 2629 78 78 1715 1715 232 232 238 238 3091 3091 3092 3092 3091 3091 238 238 3091 3091 3092 3092 2301 2301 2931 2931 2301 2301 3092 3092 238 238 240 240 3092 3092 3093 3093 3092 3092 240 240 3092 3092 3093 3093 2931 2931 2332 2332 2931 2931 3093 3093 220 220 234 234 3094 3094 3095 3095 3094 3094 234 234 3094 3094 3095 3095 2316 2316 2967 2967 2316 2316 3095 3095 234 234 233 233 3095 3095 3096 3096 3095 3095 233 233 3095 3095 3096 3096 2967 2967 2303 2303 2967 2967 3096 3096 3097 3097 2328 2328 2332 2332 2332 2332 3093 3093 3097 3097 240 240 3097 3097 3093 3093 3097 3097 240 240 242 242 2301 2301 2303 2303 3096 3096 2301 2301 3096 3096 3091 3091 233 233 3091 3091 3096 3096 3091 3091 233 233 232 232 222 222 220 220 3094 3094 2316 2316 2315 2315 3098 3098 2316 2316 3098 3098 3094 3094 3099 3099 3094 3094 3098 3098 3094 3094 3099 3099 222 222 78 78 80 80 1715 1715 3085 3085 1715 1715 80 80 1715 1715 3085 3085 1716 1716 3100 3100 3101 3101 3069 3069 625 625 3069 3069 3101 3101 3069 3069 625 625 627 627 3100 3100 3069 3069 3102 3102 796 796 3102 3102 3069 3069 3102 3102 796 796 792 792 3103 3103 3104 3104 3105 3105 3104 3104 3067 3067 2345 2345 3066 3066 2345 2345 3067 3067 2345 2345 3066 3066 2343 2343 3104 3104 2345 2345 3105 3105 2347 2347 3105 3105 2345 2345 3105 3105 2347 2347 3106 3106 1084 1084 3106 3106 2347 2347 3106 3106 1084 1084 3059 3059 994 994 3103 3103 995 995 3105 3105 995 995 3103 3103 995 995 3105 3105 996 996 3106 3106 996 996 3105 3105 996 996 3106 3106 997 997 3059 3059 997 997 3106 3106 997 997 3059 3059 998 998 3107 3107 3108 3108 3109 3109 3110 3110 2354 2354 2352 2352 3083 3083 2356 2356 2354 2354 1209 1209 3111 3111 1210 1210 3112 3112 1210 1210 3111 3111 3112 3112 3113 3113 3114 3114 3082 3082 3114 3114 3113 3113 3110 3110 2352 2352 3115 3115 1099 1099 3115 3115 2352 2352 3115 3115 1099 1099 3116 3116 3083 3083 2354 2354 3082 3082 3110 3110 3082 3082 2354 2354 3082 3082 3110 3110 3114 3114 3115 3115 3114 3114 3110 3110 3114 3114 3115 3115 3109 3109 3116 3116 3109 3109 3115 3115 3109 3109 3116 3116 3107 3107 3112 3112 3114 3114 1210 1210 3109 3109 1210 1210 3114 3114 1210 1210 3109 3109 1215 1215 3108 3108 1215 1215 3109 3109 1215 1215 3108 3108 1214 1214 1212 1212 1214 1214 3117 3117 3108 3108 3117 3117 1214 1214 3117 3117 3108 3108 3118 3118 1099 1099 1105 1105 3116 3116 3118 3118 3116 3116 1105 1105 3116 3116 3118 3118 3107 3107 3108 3108 3107 3107 3118 3118 3119 3119 2355 2355 2357 2357 3120 3120 3121 3121 3122 3122 3123 3123 3122 3122 3121 3121 3119 3119 2357 2357 3123 3123 899 899 3120 3120 900 900 901 901 900 900 3120 3120 3123 3123 2357 2357 3122 3122 2358 2358 3122 3122 2357 2357 3122 3122 2358 2358 3124 3124 1071 1071 3124 3124 2358 2358 3124 3124 1071 1071 3125 3125 3120 3120 3122 3122 901 901 3124 3124 901 901 3122 3122 901 901 3124 3124 893 893 3125 3125 893 893 3124 3124 893 893 3125 3125 894 894 3126 3126 3127 3127 3128 3128 919 919 918 918 3129 3129 924 924 3129 3129 918 918 3129 3129 924 924 3127 3127 3126 3126 3128 3128 3130 3130 2346 2346 2344 2344 3130 3130 3127 3127 924 924 3128 3128 922 922 3128 3128 924 924 3128 3128 922 922 3131 3131 921 921 3131 3131 922 922 3131 3131 921 921 3132 3132 3130 3130 3128 3128 2346 2346 3131 3131 2346 2346 3128 3128 2346 2346 3131 3131 2348 2348 3132 3132 2348 2348 3131 3131 2348 2348 3132 3132 1080 1080 3133 3133 3134 3134 3135 3135 3136 3136 3135 3135 3134 3134 3135 3135 3136 3136 2342 2342 3130 3130 2342 2342 3136 3136 2342 2342 3130 3130 2344 2344 798 798 3137 3137 799 799 3138 3138 799 799 3137 3137 799 799 3138 3138 3133 3133 3139 3139 3133 3133 3138 3138 3133 3133 3139 3139 3134 3134 803 803 804 804 3140 3140 3141 3141 3140 3140 804 804 2340 2340 630 630 3142 3142 3143 3143 3142 3142 630 630 3142 3142 3143 3143 3141 3141 3144 3144 3141 3141 3143 3143 3141 3141 3144 3144 3140 3140 804 804 799 799 3141 3141 3133 3133 3141 3141 799 799 3141 3141 3133 3133 3142 3142 3135 3135 3142 3142 3133 3133 3142 3142 3135 3135 2340 2340 2342 2342 2340 2340 3135 3135 952 952 894 894 3125 3125 3132 3132 921 921 927 927 954 954 3145 3145 930 930 929 929 930 930 3145 3145 1078 1078 1080 1080 3145 3145 3132 3132 3145 3145 1080 1080 3145 3145 3132 3132 929 929 927 927 929 929 3132 3132 1071 1071 1078 1078 3125 3125 3145 3145 3125 3125 1078 1078 3125 3125 3145 3145 952 952 954 954 952 952 3145 3145 801 801 803 803 3146 3146 3140 3140 3146 3146 803 803 3146 3146 3140 3140 3147 3147 630 630 636 636 3143 3143 3147 3147 3143 3143 636 636 3143 3143 3147 3147 3144 3144 3140 3140 3144 3144 3147 3147 3148 3148 3149 3149 3150 3150 1094 1094 3150 3150 3149 3149 3150 3150 1094 1094 1096 1096 3148 3148 3150 3150 3151 3151 1221 1221 3151 3151 3150 3150 3151 3151 1221 1221 1218 1218 3152 3152 1219 1219 3153 3153 1220 1220 3153 3153 1219 1219 3153 3153 1220 1220 3154 3154 3155 3155 3154 3154 1220 1220 1220 1220 3156 3156 3155 3155 2351 2351 3155 3155 3156 3156 3155 3155 2351 2351 2353 2353 2355 2355 3119 3119 2353 2353 3157 3157 2353 2353 3119 3119 2353 2353 3157 3157 3155 3155 1096 1096 2351 2351 3150 3150 3156 3156 3150 3150 2351 2351 3150 3150 3156 3156 1221 1221 1220 1220 1221 1221 3156 3156 3158 3158 3159 3159 3160 3160 3158 3158 3160 3160 3161 3161 2169 2169 3161 3161 3160 3160 3161 3161 2169 2169 2168 2168 2493 2493 2502 2502 2639 2639 2639 2639 2637 2637 2493 2493 2636 2636 2493 2493 2637 2637 2493 2493 2636 2636 1992 1992 1994 1994 1992 1992 1676 1676 2636 2636 1676 1676 1992 1992 1995 1995 1994 1994 1680 1680 1676 1676 1680 1680 1994 1994 2632 2632 2444 2444 1705 1705 2444 2444 2632 2632 2446 2446 2634 2634 2446 2446 2632 2632 2446 2446 2634 2634 2447 2447 1995 1995 2447 2447 2634 2634 2447 2447 1995 1995 1680 1680 1923 1923 3162 3162 3163 3163 1923 1923 3163 3163 1921 1921 3164 3164 1921 1921 3163 3163 1921 1921 3164 3164 1919 1919 3165 3165 2441 2441 2439 2439 3165 3165 2439 2439 3166 3166 1919 1919 3166 3166 2439 2439 3166 3166 1919 1919 3164 3164 2640 2640 2639 2639 2502 2502 2502 2502 3167 3167 2640 2640 3168 3168 2640 2640 3167 3167 2640 2640 3168 3168 2635 2635 3162 3162 2635 2635 3168 3168 2635 2635 3162 3162 1923 1923 1697 1697 2442 2442 3169 3169 2441 2441 3169 3169 2442 2442 3169 3169 2441 2441 3165 3165 2020 2020 3170 3170 3007 3007 3171 3171 3007 3007 3170 3170 3007 3007 3171 3171 3009 3009 3172 3172 3009 3009 3171 3171 3009 3009 3172 3172 58 58 2020 2020 3013 3013 3170 3170 3014 3014 3170 3170 3013 3013 3170 3170 3014 3014 3171 3171 2070 2070 3171 3171 3014 3014 3171 3171 2070 2070 3172 3172 1972 1972 3173 3173 3056 3056 3174 3174 3056 3056 3173 3173 3056 3056 3174 3174 3055 3055 3175 3175 3055 3055 3174 3174 3055 3055 3175 3175 2014 2014 1972 1972 3018 3018 3173 3173 3016 3016 3173 3173 3018 3018 3173 3173 3016 3016 3174 3174 182 182 3174 3174 3016 3016 3174 3174 182 182 3175 3175 3176 3176 3177 3177 3178 3178 1687 1687 2503 2503 1700 1700 3177 3177 1700 1700 2503 2503 3176 3176 3178 3178 3179 3179 3180 3180 3181 3181 3182 3182 3183 3183 3182 3182 3181 3181 3182 3182 3183 3183 3184 3184 192 192 3184 3184 3183 3183 3184 3184 192 192 193 193 3184 3184 3179 3179 3182 3182 3178 3178 3182 3182 3179 3179 3182 3182 3178 3178 3180 3180 2506 2506 3180 3180 3178 3178 3180 3180 2506 2506 1999 1999 3177 3177 2503 2503 3178 3178 2505 2505 3178 3178 2503 2503 3178 3178 2505 2505 2506 2506 1999 1999 2005 2005 3180 3180 3185 3185 3180 3180 2005 2005 3180 3180 3185 3185 3181 3181 3181 3181 3185 3185 3183 3183 184 184 3183 3183 3185 3185 3183 3183 184 184 192 192 184 184 3185 3185 185 185 3186 3186 185 185 3185 3185 185 185 3186 3186 181 181 3187 3187 181 181 3186 3186 3185 3185 2005 2005 3186 3186 2509 2509 3186 3186 2005 2005 3186 3186 2509 2509 3187 3187 2012 2012 3187 3187 2509 2509 2012 2012 2014 2014 3187 3187 3175 3175 3187 3187 2014 2014 3187 3187 3175 3175 181 181 182 182 181 181 3175 3175 59 59 3188 3188 61 61 3189 3189 61 61 3188 3188 61 61 3189 3189 62 62 3190 3190 62 62 3189 3189 3188 3188 2072 2072 3189 3189 2543 2543 3189 3189 2072 2072 3189 3189 2543 2543 3190 3190 2062 2062 3190 3190 2543 2543 3191 3191 2538 2538 1731 1731 1729 1729 1731 1731 2538 2538 65 65 64 64 3192 3192 3193 3193 3192 3192 64 64 3192 3192 3193 3193 3191 3191 2064 2064 3191 3191 3193 3193 3191 3191 2064 2064 2538 2538 3194 3194 3195 3195 3196 3196 3196 3196 3195 3195 3197 3197 3160 3160 3159 3159 3198 3198 3199 3199 3195 3195 3200 3200 3194 3194 3200 3200 3195 3195 3200 3200 3194 3194 3201 3201 3202 3202 3201 3201 3194 3194 3201 3201 3202 3202 2189 2189 2190 2190 2189 2189 3202 3202 3199 3199 2169 2169 3195 3195 3160 3160 3195 3195 2169 2169 3195 3195 3160 3160 3197 3197 3198 3198 3197 3197 3160 3160 3203 3203 3158 3158 3204 3204 3161 3161 3204 3204 3158 3158 3204 3204 3161 3161 3205 3205 3206 3206 3207 3207 3208 3208 2183 2183 3208 3208 3207 3207 3208 3208 2183 2183 2185 2185 3208 3208 3205 3205 3206 3206 3161 3161 3206 3206 3205 3205 3206 3206 3161 3161 3207 3207 2168 2168 3207 3207 3161 3161 3209 3209 2171 2171 2169 2169 2189 2189 2187 2187 3201 3201 3210 3210 3201 3201 2187 2187 3201 3201 3210 3210 3200 3200 3209 3209 3200 3200 3210 3210 3200 3200 3209 3209 3199 3199 2169 2169 3199 3199 3209 3209 2174 2174 2176 2176 3211 3211 2174 2174 3211 3211 3212 3212 3213 3213 3212 3212 3211 3211 3212 3212 3213 3213 3214 3214 2170 2170 3214 3214 3213 3213 3214 3214 2170 2170 2171 2171 2181 2181 2183 2183 3215 3215 3207 3207 3215 3215 2183 2183 3215 3215 3207 3207 3216 3216 2168 2168 3216 3216 3207 3207 3216 3216 2168 2168 2170 2170 2062 2062 2064 2064 3190 3190 3193 3193 3190 3190 2064 2064 3190 3190 3193 3193 62 62 64 64 62 62 3193 3193 59 59 58 58 3188 3188 3172 3172 3188 3188 58 58 3188 3188 3172 3172 2072 2072 2070 2070 2072 2072 3172 3172</p>
        </triangles>
      </mesh>
    </geometry>
  </library_geometries>
  <library_materials>
    <material id="1f407efe46644da1948e463b0a0a0438" name="defaultmaterial">
      <instance_effect url="#cf3de888bc1f4966a1409080ca6997e7"/>
    </material>
  </library_materials>
  <library_visual_scenes>
    <visual_scene id="scene">
      <node id="node0" name="node0">
        <instance_geometry url="#6fd4df6004c94f09b5332bd8a5991ba0">
          <bind_material>
            <technique_common>
              <instance_material symbol="material0" target="#1f407efe46644da1948e463b0a0a0438"/>
            </technique_common>
          </bind_material>
        </instance_geometry>
      </node>
    </visual_scene>
  </library_visual_scenes>
  <scene>
    <instance_visual_scene url="#scene"/>
  </scene>
</COLLADA>
