<COLLADA xmlns="http://www.collada.org/2005/11/COLLADASchema" version="1.4.1">
  <asset>
    <created>2026-10-05T22:47:04.892970</created>
    <modified>2026-10-05T22:47:04.892970</modified>
    <up_axis>Y_UP</up_axis>
  </asset>
  <library_effects>
    <effect id="8a798f22513c4ba9818db29b6a65d2b0" name="8a798f22513c4ba9818db29b6a65d2b0">
      <profile_COMMON>
        <technique sid="common">
          <phong>
            <emission>
              <color>0.0 0.0 0.0 1.0</color>
            </emission>
            <ambient>
              <color>0.0 0.0 0.0 1.0</color>
            </ambient>
            <diffuse>
              <color>0.9490196078431372 0.9490196078431372 0.9490196078431372 1.0</color>
            </diffuse>
            <specular>
              <color>0.0 0.0 0.0 1.0</color>
            </specular>
            <shininess>
              <float>0.0</float>
            </shininess>
            <reflective>
              <color>0.0 0.0 0.0 1.0</color>
            </reflective>
            <reflectivity>
              <float>0.0</float>
            </reflectivity>
            <transparent>
              <color>0.0 0.0 0.0 1.0</color>
            </transparent>
            <transparency>
              <float>1.0</float>
            </transparency>
          </phong>
        </technique>
        <extra>
          <technique profile="GOOGLEEARTH">
            <double_sided>0</double_sided>
          </technique>
        </extra>
      </profile_COMMON>
    </effect>
  </library_effects>
  <library_geometries>
    <geometry id="48cb9f4ba85b40978cb0243dec7335d9" name="756da0ec3b3d49b3b96e2283e060b80e">
      <mesh>
        <source id="verts-array">
          <float_array count="8922" id="verts-array-array">-0.009999181 0.03667346 -0.02698199 -0.009999181 0.03667346 -0.02256949 -0.009549181 0.03667346 -0.02706949 0.01000082 0.03667346 -0.02256949 0.009550819 0.03667346 -0.02706949 0.01000082 0.03667346 -0.02698199 -0.009999181 0.03847346 -0.02706949 -0.009999181 0.03947346 -0.02706949 -0.009999181 0.03847346 -0.02698199 -0.009999181 0.03947346 -0.02256949 -0.009999181 0.03667346 -0.02698199 -0.009999181 0.03667346 -0.02256949 -0.009999181 0.03667346 0.004880507 -0.003137251 0.03667346 0.004880507 -0.003499181 0.03667346 0.003330507 -0.009999181 0.03667346 -0.002569493 -0.002474051 0.03667346 0.0008556074 8.194541e-07 0.03667346 -0.0001694926 0.01000082 0.03667346 -0.002569493 0.002475689 0.03667346 0.0008556074 0.01000082 0.03667346 0.004880507 0.003500819 0.03667346 0.003330507 0.003138889 0.03667346 0.004880507 -0.009999181 0.03947346 0.004880507 -0.009999181 0.03667346 0.004880507 -0.009999181 0.03947346 -0.002569493 -0.009999181 0.03667346 -0.002569493 -0.01029208 0.04018046 0.004880507 -0.01099918 0.04047346 0.004880507 -0.003799181 0.04047346 0.004880507 -0.003137251 0.03777346 0.004880507 -0.003137251 0.03667346 0.004880507 -0.003799181 0.03777346 0.004880507 -0.009999181 0.03667346 0.004880507 -0.009999181 0.03947346 0.004880507 0.01000082 0.03947346 -0.02706949 0.01000082 0.03847346 -0.02706949 0.01000082 0.03847346 -0.02698199 0.01000082 0.03667346 -0.02698199 0.01000082 0.03667346 -0.02256949 0.01000082 0.03947346 -0.02256949 0.01000082 0.03947346 -0.002569493 0.01000082 0.03667346 -0.002569493 0.01000082 0.03947346 0.004880507 0.01000082 0.03667346 0.004880507 0.003138889 0.03667346 0.004880507 0.003138889 0.03777346 0.004880507 0.003800819 0.03777346 0.004880507 0.01100082 0.04047346 0.004880507 0.01029372 0.04018046 0.004880507 0.003800819 0.04047346 0.004880507 0.01000082 0.03947346 0.004880507 0.01000082 0.03667346 0.004880507 0.01280082 0.04064646 -0.03208869 0.01280082 0.04047346 -0.03226619 0.01280082 0.04076646 0.0138234 0.01280082 0.04047346 0.01453051 0.01280082 0.07397346 0.01353051 0.01280082 0.07397346 -0.01856949 0.01280082 0.07357346 -0.01856949 0.01280082 0.04147346 0.01353051 0.01280082 0.07215946 -0.01915529 0.01280082 0.07157346 -0.02056949 0.01280082 0.04127146 -0.03186949 0.01280082 0.07157346 -0.03086949 0.01280082 0.07184146 -0.03186949 0.01800082 0.04047346 0.01583051 0.01800082 0.04047346 0.01453051 0.01280082 0.04047346 0.01453051 0.01783042 0.04047346 0.01712461 -0.01279918 0.04047346 0.01453051 -0.002898931 0.04047346 0.02083051 -0.003456701 0.04047346 0.02018626 0.01300082 0.04047346 0.02083051 0.01429492 0.04047346 0.02066014 0.01550082 0.04047346 0.02016063 -0.003799181 0.04047346 0.004880507 -0.01099918 0.04047346 0.004880507 -0.003799181 0.04047346 0.01919846 -0.003769871 0.04047346 0.01948259 0.003702169 0.04047346 0.01972418 0.003614579 0.04047346 0.01992404 -0.01653468 0.04047346 0.01936604 -0.01549918 0.04047346 0.02016063 0.01653632 0.04047346 0.01936604 0.01733092 0.04047346 0.01833051 0.01100082 0.04047346 0.004880507 0.003800819 0.04047346 0.004880507 0.003800819 0.04047346 0.01919846 0.003230819 0.04047346 0.02047908 0.002900569 0.04047346 0.02083051 -0.01799918 0.04047346 0.01450318 -0.01799918 0.04047346 0.01583051 -0.01765518 0.04047346 0.01453051 -0.01782878 0.04047346 0.01712461 -0.01732928 0.04047346 0.01833051 -0.01429328 0.04047346 0.02066014 -0.01299918 0.04047346 0.02083051 -0.01199918 0.04047346 -0.02083749 -0.01279918 0.04047346 -0.03226619 -0.01199918 0.04047346 -0.004301593 -0.01173128 0.04047346 -0.003301593 -0.01099918 0.04047346 -0.002569493 -0.01173128 0.04047346 -0.02183739 -0.01099918 0.04047346 -0.02256949 -0.01099918 0.04047346 -0.02706949 -0.01024918 0.04047346 -0.02826949 -0.01109768 0.04047346 -0.02862099 -0.01144918 0.04047346 -0.02946949 -0.01109768 0.04047346 -0.03031799 0.01300082 0.04047346 -0.03226949 -0.01299918 0.04047346 -0.03226949 0.01280082 0.04047346 -0.03226619 -0.01024918 0.04047346 -0.03066949 -0.009400651 0.04047346 -0.03031799 -0.009049181 0.04047346 -0.02946949 -0.009400651 0.04047346 -0.02862099 0.009402289 0.04047346 -0.02862099 0.009050819 0.04047346 -0.02946949 0.009402289 0.04047346 -0.03031799 0.01025082 0.04047346 -0.03066949 0.01109932 0.04047346 -0.03031799 0.01145082 0.04047346 -0.02946949 0.01100082 0.04047346 -0.02706949 0.01100082 0.04047346 -0.02256949 0.01173292 0.04047346 -0.02183739 0.01025082 0.04047346 -0.02826949 0.01109932 0.04047346 -0.02862099 0.01200082 0.04047346 -0.02083749 0.01100082 0.04047346 -0.002569493 0.01173292 0.04047346 -0.003301593 0.01200082 0.04047346 -0.004301593 -0.01299918 0.03447346 0.02183051 -0.009499181 0.03447346 0.02183051 -0.01299918 0.03947346 0.02183051 8.19454e-07 0.03447346 0.02183051 0.01300082 0.03947346 0.02183051 0.009500819 0.03447346 0.02183051 0.01300082 0.03447346 0.02183051 0.01900082 0.03947346 0.01583051 0.01900082 0.03447346 0.01583051 0.01900082 0.03947346 0.01453051 0.01900082 0.03447346 0.01506801 0.01900082 0.03969946 0.0136068 0.01900082 0.03447346 0.008305507 0.01900082 0.04032646 0.01289194 0.01900082 0.03447346 -0.01198199 0.01900082 0.04032646 -0.02626949 0.01900082 0.03447346 -0.005219493 0.01900082 0.03447346 0.001543007 0.01900082 0.03447346 -0.01874449 0.01900082 0.03447346 -0.02550699 0.01900082 0.03447346 -0.02626949 -0.01299918 0.03447346 -0.03226949 -0.01299918 0.04047346 -0.03226949 -0.01274368 0.03447346 -0.03226949 0.01300082 0.04047346 -0.03226949 0.01274532 0.03447346 -0.03226949 0.01300082 0.03447346 -0.03226949 -0.01899918 0.04035146 0.01232484 -0.01899918 0.04032646 0.01230056 -0.01899918 0.04038746 0.01270075 -0.01899918 0.04032646 -0.02626949 -0.01899918 0.03447346 -0.02626949 -0.01899918 0.03447346 -0.02550699 -0.01899918 0.03447346 0.01583051 -0.01899918 0.03947346 0.01583051 -0.01899918 0.03447346 0.01506801 -0.01899918 0.03947346 0.01450318 -0.01899918 0.03959546 0.0138026 -0.01899918 0.03993746 0.0131807 -0.01899918 0.03447346 -0.01874449 -0.01899918 0.03447346 -0.01198199 -0.01899918 0.03447346 -0.005219493 -0.01899918 0.03447346 0.001543007 -0.01899918 0.03447346 0.008305507 -0.01899918 0.04048346 0.01257832 -0.01899918 0.04049346 0.01254229 -0.01899918 0.04049146 0.01250448 -0.01899918 0.04045246 0.01262749 -0.01899918 0.04047046 0.01245983 -0.01279918 0.07357346 -0.01856949 -0.01279918 0.07397346 -0.01856949 -0.01279918 0.07397346 0.01353051 -0.01279918 0.07157346 -0.02056949 -0.01279918 0.07215946 -0.01915529 -0.01279918 0.04076646 0.0138234 -0.01279918 0.04147346 0.01353051 -0.01279918 0.04047346 0.01453051 -0.01279918 0.04047346 -0.03226619 -0.01279918 0.04102546 -0.03190019 -0.01279918 0.04127146 -0.03186949 -0.01279918 0.07157346 -0.03086949 -0.01279918 0.07184146 -0.03186949 -0.008481411 0.03447346 -0.02770169 -0.007749181 0.03447346 -0.02946949 -0.007199181 0.03447346 -0.02728779 0.008483049 0.03447346 -0.03123729 -0.01274368 0.03447346 -0.03226949 0.01025082 0.03447346 -0.03196949 0.01274532 0.03447346 -0.03226949 0.01201862 0.03447346 -0.03123729 -0.01024918 0.03447346 -0.02696949 0.01025082 0.03447346 -0.02696949 0.009181269 0.03447346 -0.02587529 0.008483049 0.03447346 -0.02770169 0.007200819 0.03447346 -0.02728779 0.007750819 0.03447346 -0.02946949 0.007200819 0.03447346 -0.02256949 -0.007199181 0.03447346 -0.02256949 0.01275082 0.03447346 -0.02946949 0.01393862 0.03447346 -0.03014969 0.01201862 0.03447346 -0.02770169 0.01354462 0.03447346 -0.02767689 0.01168202 0.03447346 -0.02600329 -0.008481411 0.03447346 -0.03123729 -0.01024918 0.03447346 -0.03196949 -0.01201698 0.03447346 -0.03123729 -0.01393698 0.03447346 -0.03014969 -0.01274918 0.03447346 -0.02946949 -0.01354298 0.03447346 -0.02767689 -0.01201698 0.03447346 -0.02770169 -0.01168038 0.03447346 -0.02600329 -0.009179631 0.03447346 -0.02587529 0.002475689 0.03447346 0.0008556074 8.194541e-07 0.03447346 -0.0001694926 0.01474222 0.03447346 -0.001459293 0.01200082 0.03447346 -0.004569493 0.01200082 0.03447346 -0.006480193 0.003500819 0.03447346 0.003330507 0.002475689 0.03447346 0.005805407 0.003223449 0.03447346 0.0184918 8.194541e-07 0.03447346 0.006830507 -0.003221811 0.03447346 0.0184918 -0.002474051 0.03447346 0.005805407 0.01541592 0.03447346 0.004950707 0.01342422 0.03447346 0.01108051 0.009111489 0.03447346 0.01587027 -0.01199918 0.03447346 -0.006480193 -0.01199918 0.03447346 -0.004569493 -0.01474058 0.03447346 -0.001459293 -0.01141338 0.03447346 -0.003155293 -0.01541428 0.03447346 0.004950707 -0.009109851 0.03447346 0.01587027 -0.01342258 0.03447346 0.01108051 -0.003499181 0.03447346 0.003330507 -0.002474051 0.03447346 0.0008556074 -0.009999181 0.03447346 -0.002569493 0.01000082 0.03447346 -0.002569493 0.01141502 0.03447346 -0.003155293 0.008108249 0.03436346 -0.02639189 0.007200819 0.03447346 -0.02728779 0.009181269 0.03447346 -0.02587529 0.01127012 0.02912746 -0.02586069 0.01100082 0.02997746 -0.02579529 0.01161252 0.02891046 -0.02597549 0.01100082 0.03067346 -0.02579529 0.01168202 0.03447346 -0.02600329 0.01071122 0.03212846 -0.02574789 0.009887829 0.03336046 -0.02573709 0.009181269 0.03391646 -0.02587529 0.01206462 0.02899446 -0.02618729 0.01302292 0.02973046 -0.02694399 0.01375292 0.03080546 -0.02812869 0.01354462 0.03447346 -0.02767689 0.01393862 0.03447346 -0.03014969 0.01274532 0.03447346 -0.03226949 0.01359582 0.03347846 -0.03116459 0.01366322 0.03335346 -0.03102449 0.01399212 0.03220846 -0.02972429 -0.01356088 0.03353546 -0.03122889 -0.01274368 0.03447346 -0.03226949 -0.01393698 0.03447346 -0.03014969 -0.01168038 0.03447346 -0.02600329 -0.01070998 0.03212746 -0.02574789 -0.01099918 0.03067346 -0.02579529 -0.01156218 0.02892446 -0.02595689 -0.01099918 0.02997746 -0.02579529 -0.01121808 0.02919346 -0.02584679 -0.007199181 0.03447346 -0.02728779 -0.008105461 0.03436346 -0.02639269 -0.009179631 0.03447346 -0.02587529 -0.009179631 0.03391646 -0.02587529 -0.009886191 0.03336046 -0.02573709 -0.01354298 0.03447346 -0.02767689 -0.01384068 0.03103746 -0.02839089 -0.01397878 0.03232846 -0.02986039 -0.01206298 0.02899446 -0.02618729 -0.01212948 0.02903346 -0.02622499 -0.01311998 0.02983546 -0.02705689 0.01300082 0.03447346 -0.03226949 0.01464532 0.03426846 -0.03203969 0.01609032 0.03372846 -0.03141299 0.01743872 0.03281346 -0.03030739 0.01794022 0.03230546 -0.02967569 0.01399212 0.03220846 -0.02972429 0.01274532 0.03447346 -0.03226949 0.01359582 0.03347846 -0.03116459 0.01366322 0.03335346 -0.03102449 0.01231162 0.02097346 -0.01615239 0.01224802 0.02094846 -0.01614509 0.01253912 0.02126646 -0.01646659 0.01217872 0.02326946 -0.01927929 0.01478442 0.02585546 -0.02195779 0.01206462 0.02899446 -0.02618729 0.01567212 0.02767046 -0.02412889 0.01302292 0.02973046 -0.02694399 0.01375292 0.03080546 -0.02812869 -0.01299918 0.03447346 -0.03226949 -0.01274368 0.03447346 -0.03226949 -0.01356088 0.03353546 -0.03122889 -0.01341668 0.03446046 -0.03225499 -0.01397878 0.03232846 -0.02986039 -0.01649828 0.03350146 -0.03114359 -0.01494078 0.03418746 -0.03194669 -0.01689098 0.03016446 -0.02711369 -0.01793858 0.03230546 -0.02967569 -0.01674818 0.03334346 -0.03095409 -0.01384068 0.03103746 -0.02839089 -0.01311998 0.02983546 -0.02705689 -0.01478278 0.02585546 -0.02195779 -0.01212948 0.02903346 -0.02622499 -0.01224638 0.02094846 -0.01614509 -0.01233238 0.02098746 -0.01616279 -0.01217708 0.02326946 -0.01927909 -0.01253748 0.02126646 -0.01646659 -0.01206298 0.02899446 -0.02618729 -0.01267458 0.02154646 -0.01680199 0.01478442 0.02585546 0.02013654 0.01481752 0.02592346 0.02014984 0.007603549 0.02592346 0.02137962 -0.01267458 0.02154646 0.01928956 -0.01063358 0.01737346 0.01847058 -0.007078821 0.01737346 0.02042228 -0.009790571 0.02164846 0.02035376 -0.01272428 0.02164846 0.01930951 -0.007601911 0.02592346 0.02137962 -0.01423468 0.03340946 0.02170192 -0.01572368 0.03057946 0.02117625 -0.008550551 0.03019846 0.02160507 -0.01638838 0.02913746 0.0207816 -0.01481588 0.02592346 0.02014984 -0.009499181 0.03447346 0.02183051 -0.01299918 0.03447346 0.02183051 -0.01325638 0.03441846 0.02182499 -0.01356148 0.03422446 0.0218041 0.01392892 0.03383746 0.0217583 0.01321752 0.03443446 0.0218266 0.01639002 0.02913746 0.0207816 0.01300082 0.03447346 0.02183051 0.008552189 0.03019846 0.02160507 0.009500819 0.03447346 0.02183051 0.01267622 0.02154646 0.01928956 8.19454e-07 0.02592346 0.02183051 0.01063522 0.01737346 0.01847057 0.009792209 0.02164846 0.02035376 0.007080459 0.01737346 0.02042228 0.006654919 0.02164846 0.02115418 0.005706289 0.01737346 0.02092874 8.194541e-07 0.01737346 0.02183051 -0.006653281 0.02164846 0.02115418 -0.005704651 0.01737346 0.02092874 0.01828522 0.03016446 -0.01545119 0.01900082 0.03447346 -0.01874449 0.01900082 0.03447346 -0.01198199 0.01900082 0.03447346 -0.02550699 0.01815862 0.02154646 0.006467407 0.01843942 0.02585546 0.004826007 0.01756972 0.02585546 0.01033661 0.01828522 0.03016446 0.009321107 0.01629012 0.02585546 0.01546157 0.01252962 0.02063646 -0.01534199 0.01253912 0.02126646 -0.01646659 0.01493482 0.02154646 -0.01317079 0.01308232 0.01737346 -0.009750993 0.01268652 0.01737346 -0.01013509 0.01246992 0.01734046 -0.01029039 0.01247532 0.01761046 -0.01066329 0.01362212 0.01737346 -0.009187893 0.01685412 0.02154646 -0.008864593 0.01616112 0.01737346 -0.005674793 0.01709262 0.01737346 -0.003749093 0.01815862 0.02154646 -0.003979893 0.01788672 0.01737346 -0.001396293 0.01900082 0.03447346 -0.005219493 0.01874882 0.02585546 -0.0009105926 0.01850082 0.01737346 0.003330507 0.01788672 0.01737346 0.008057307 0.01709262 0.01737346 0.01041011 0.01685412 0.02154646 0.01135217 0.01616112 0.01737346 0.01233581 0.01595422 0.02154646 0.0135866 0.01497082 0.01737346 0.01420015 0.01493482 0.02154646 0.01565835 0.01362212 0.01737346 0.01584894 0.01764552 0.03016446 0.01526479 0.01695132 0.03010446 0.02034639 0.01639002 0.02913746 0.0207816 0.01894692 0.03432146 0.01663271 0.01873722 0.03377646 0.01758948 0.01808762 0.03229946 0.01901245 0.01764552 0.03016446 -0.02139489 0.01794022 0.03230546 -0.02967569 0.01866522 0.03364746 -0.02824809 0.01873822 0.03381046 -0.02802499 0.01893412 0.03428846 -0.02716189 0.01900082 0.03447346 -0.02626949 0.01900082 0.03447346 0.008305507 0.01900082 0.03447346 0.01506801 0.01900082 0.03447346 0.01583051 0.01756972 0.02585546 -0.01215789 0.01629012 0.02585546 -0.01728279 0.01478442 0.02585546 -0.02195779 0.01567212 0.02767046 -0.02412889 0.01843942 0.02585546 -0.006647193 0.01308232 0.01737346 0.01641199 0.01267622 0.02154646 0.01928956 0.01383132 0.02154646 0.01755871 0.01478442 0.02585546 0.02013654 0.01481752 0.02592346 0.02014984 0.01900082 0.03447346 0.001543007 -0.01828358 0.03016446 0.009321107 -0.01899918 0.03447346 0.008305507 -0.01899918 0.03447346 0.001543007 -0.01709098 0.01737346 0.01041011 -0.01615948 0.01737346 0.01233581 -0.01685248 0.02154646 0.01135217 -0.01267458 0.02154646 0.01928956 -0.01382968 0.02154646 0.01755871 -0.01868428 0.03369246 -0.02818789 -0.01793858 0.03230546 -0.02967569 -0.01689098 0.03016446 -0.02711369 -0.01893948 0.03430646 -0.02711409 -0.01638838 0.02913746 0.0207816 -0.01761568 0.03134546 0.01966294 -0.01764388 0.03016446 0.01526479 -0.01818048 0.03250146 0.01885612 -0.01862098 0.03349846 0.01792696 -0.01308068 0.01737346 0.01641199 -0.01493318 0.02154646 0.01565835 -0.01362048 0.01737346 0.01584894 -0.01595258 0.02154646 0.0135866 -0.01496918 0.01737346 0.01420015 -0.01788508 0.01737346 0.008057307 -0.01815698 0.02154646 0.006467407 -0.01849918 0.01737346 0.003330507 -0.01493318 0.02154646 -0.01317079 -0.01362048 0.01737346 -0.009187893 -0.01615948 0.01737346 -0.005674793 -0.01247368 0.01761046 -0.01066329 -0.01246828 0.01734046 -0.01029039 -0.01268488 0.01737346 -0.01013509 -0.01248888 0.01839446 -0.01178189 -0.01308068 0.01737346 -0.009750993 -0.01764388 0.03016446 -0.02139489 -0.01628848 0.02585546 -0.01728279 -0.01828358 0.03016446 -0.01545119 -0.01756808 0.02585546 -0.01215789 -0.01843778 0.02585546 -0.006647193 -0.01899918 0.03447346 0.01506801 -0.01899918 0.03447346 0.01583051 -0.01892838 0.03427446 0.01674937 -0.01709098 0.01737346 -0.003749093 -0.01788508 0.01737346 -0.001396293 -0.01815698 0.02154646 -0.003979893 -0.01874718 0.02585546 -0.0009105926 -0.01843778 0.02585546 0.004826007 -0.01756808 0.02585546 0.01033661 -0.01628848 0.02585546 0.01546157 -0.01478278 0.02585546 -0.02195779 -0.01267458 0.02154646 -0.01680199 -0.01253748 0.02126646 -0.01646659 -0.01685248 0.02154646 -0.008864593 -0.01481588 0.02592346 0.02014984 -0.01899918 0.03447346 -0.005219493 -0.01899918 0.03447346 -0.01198199 -0.01899918 0.03447346 -0.01874449 -0.01899918 0.03447346 -0.02550699 -0.01899918 0.03447346 -0.02626949 -0.01272428 0.02164846 0.01930951 -0.005267011 -0.05531494 -0.005169493 -0.005267011 -0.04973814 -0.005169493 -0.008659431 -0.04152654 -0.001669493 -0.004199181 -0.05643184 -0.005744693 -0.004737141 -0.05620554 -0.005475793 -0.004999181 -0.05952654 -0.005329793 -0.004999181 -0.05597234 -0.005329793 -0.008659431 -0.05952654 -0.001669493 0.005000819 -0.05952654 -0.005329793 0.005000819 -0.05597234 -0.005329793 0.004738779 -0.05620554 -0.005475793 0.004200819 -0.05643184 -0.005744693 0.003123319 -0.05652654 -0.006169493 8.194541e-07 -0.05952654 -0.006669493 8.194541e-07 -0.05652654 -0.006669493 -0.003121681 -0.05652654 -0.006169493 0.005268649 -0.05531494 -0.005169493 0.008661069 -0.05952654 -0.001669493 0.005268649 -0.04973814 -0.005169493 0.004200819 -0.04862124 -0.005744693 0.004738779 -0.04884754 -0.005475793 0.005000819 -0.04152654 -0.005329793 0.005000819 -0.04908074 -0.005329793 0.008661069 -0.04152654 -0.001669493 -0.004999181 -0.04152654 -0.005329793 -0.004999181 -0.04908074 -0.005329793 -0.004737141 -0.04884754 -0.005475793 -0.004199181 -0.04862124 -0.005744693 -0.003121681 -0.04852654 -0.006169493 8.194541e-07 -0.04152654 -0.006669493 8.194541e-07 -0.04852654 -0.006669493 0.003123319 -0.04852654 -0.006169493 -0.009999181 -0.05952654 0.003330507 -0.009999181 -0.04152654 0.003330507 -0.008659431 -0.05952654 0.008330507 -0.008659431 -0.04152654 0.008330507 -0.004999181 -0.05952654 0.01199076 -0.004999181 -0.04152654 0.01199076 8.194541e-07 -0.05952654 0.01333051 8.194541e-07 -0.04152654 0.01333051 0.005000819 -0.05952654 0.01199076 0.005000819 -0.04152654 0.01199076 0.008661069 -0.05952654 0.008330507 0.008661069 -0.04152654 0.008330507 0.01000082 -0.05952654 0.003330507 0.01000082 -0.04152654 0.003330507 -0.003499181 -0.08074514 -0.01426949 -0.003499181 -0.07668254 -0.01426949 -0.003499181 -0.08074514 -0.01316949 -0.003499181 -0.07668254 -0.01316949 0.003500819 -0.08251994 -0.01426949 0.003500819 -0.08909864 -0.01426949 0.003500819 -0.08251994 -0.01316949 0.003500819 -0.08909864 -0.01316949 0.003500819 -0.08074514 -0.01316949 0.003500819 -0.07668254 -0.01316949 0.003500819 -0.08074514 -0.01426949 0.003500819 -0.07668254 -0.01426949 -0.003499181 -0.08251994 -0.01316949 -0.003499181 -0.08909864 -0.01316949 -0.003499181 -0.08251994 -0.01426949 -0.003499181 -0.08909864 -0.01426949 0.005000819 -0.08333184 0.02323051 0.005000819 -0.08857414 0.02323051 0.005000819 -0.08333184 0.02523151 0.005000819 -0.08857414 0.02523151 0.005000819 -0.07993324 0.02523151 0.005000819 -0.07668254 0.02523151 0.005000819 -0.07993324 0.02323051 0.005000819 -0.07668254 0.02323051 -0.004999181 -0.07993324 0.02323051 -0.004999181 -0.07668254 0.02323051 -0.004999181 -0.07993324 0.02523151 -0.004999181 -0.07668254 0.02523151 -0.004999181 -0.08333184 0.02523151 -0.004999181 -0.08857414 0.02523151 -0.004999181 -0.08333184 0.02323051 -0.004999181 -0.08857414 0.02323051 0.005000819 -0.08857414 0.02523151 0.005000819 -0.08857414 0.02323051 0.005333099 -0.08842894 0.02323051 0.01278562 -0.07496234 0.02183051 0.01110082 -0.07010984 0.02183051 0.01158142 -0.07099934 0.02195358 0.01196682 -0.07186334 0.02233051 0.01205702 -0.07209374 0.0225379 0.01210082 -0.07221044 0.02283051 0.01235332 -0.08040084 0.02183051 0.01235332 -0.08040084 0.02573151 0.01128772 -0.08292884 0.02573151 0.01040082 -0.08431474 0.02183051 0.01040082 -0.08431474 0.02323051 0.009711639 -0.08517434 0.02323051 0.009711639 -0.08517434 0.02573151 8.194541e-07 -0.08958254 0.02523151 -0.002727001 -0.08929084 0.02573151 -0.004999181 -0.08857414 0.02523151 -0.005331461 -0.08842894 0.02573151 -0.004999181 -0.08857414 0.02323051 0.007696389 -0.08703574 0.02573151 0.005333099 -0.08842894 0.02573151 0.002728639 -0.08929084 0.02573151 8.194541e-07 -0.08958254 0.02573151 -0.005331461 -0.08842894 0.02323051 -0.007694751 -0.08703574 0.02573151 -0.009710001 -0.08517434 0.02323051 -0.009710001 -0.08517434 0.02573151 -0.01039918 -0.08431474 0.02323051 -0.01128608 -0.08292884 0.02573151 -0.01235168 -0.08040084 0.02573151 -0.01278398 -0.07496234 0.02573151 -0.01209918 -0.07221044 0.02573151 -0.01278398 -0.07496234 0.02183051 -0.01209918 -0.07221044 0.02283051 -0.01206578 -0.07212094 0.02257409 -0.01180628 -0.07148614 0.0221234 -0.01109918 -0.07010984 0.02183051 -0.01039918 -0.08431474 0.02183051 -0.01235168 -0.08040084 0.02183051 -0.01285858 -0.07770474 0.02573151 0.01286022 -0.07770474 0.02573151 0.01278562 -0.07496234 0.02573151 0.01210082 -0.07221044 0.02573151 0.01235332 -0.08040084 0.02183051 0.01040082 -0.08431474 0.02183051 0.01278562 -0.07496234 0.02183051 0.01040082 -0.07668254 0.02183051 0.01110082 -0.07010984 0.02183051 0.009007479 -0.07148254 0.02183051 0.01110082 -0.06352654 0.02183051 -0.01039918 -0.08431474 0.02183051 -0.01235168 -0.08040084 0.02183051 -0.01039918 -0.07668254 0.02183051 -0.01278398 -0.07496234 0.02183051 -0.009005841 -0.07148254 0.02183051 -0.01109918 -0.07010984 0.02183051 -0.005199181 -0.06767584 0.02183051 -0.01109918 -0.06352654 0.02183051 8.194541e-07 -0.06628254 0.02183051 0.005200819 -0.06767584 0.02183051 0.01136502 -0.07758584 0.02723151 0.01129902 -0.07516244 0.02723151 0.006152899 -0.08043044 0.02723151 -0.006799921 -0.08583184 0.02723151 -0.004711421 -0.08706304 0.02723151 -0.004949181 -0.08333254 0.02723151 0.003748739 -0.08043044 0.02723151 0.004950819 -0.07993254 0.02723151 0.004950819 -0.07343254 0.02723151 0.004950819 -0.08333254 0.02723151 0.003748739 -0.08283464 0.02723151 0.002411449 -0.08782474 0.02723151 -0.003747101 -0.08283464 0.02723151 -0.002409811 -0.08782474 0.02723151 8.194541e-07 -0.08808254 0.02723151 0.006152899 -0.07293464 0.02723151 0.004713059 -0.08706304 0.02723151 0.006801559 -0.08583184 0.02723151 0.006152899 -0.08283464 0.02723151 0.008582479 -0.08418684 0.02723151 0.006650819 -0.08163254 0.02723151 0.009975279 -0.08220254 0.02723151 0.01091702 -0.07996854 0.02723151 -0.01129738 -0.07516244 0.02723151 -0.006151261 -0.07293464 0.02723151 -0.006649181 -0.07173254 0.02723151 -0.006151261 -0.07053044 0.02723151 -0.01059918 -0.05981464 0.02723151 -0.01059918 -0.07248734 0.02723151 -0.003249181 -0.08163254 0.02723151 0.003250819 -0.08163254 0.02723151 -0.003747101 -0.08043044 0.02723151 0.003748739 -0.07293464 0.02723151 -0.008580841 -0.08418684 0.02723151 -0.006151261 -0.08283464 0.02723151 -0.009973641 -0.08220254 0.02723151 -0.006649181 -0.08163254 0.02723151 -0.01091538 -0.07996854 0.02723151 -0.006151261 -0.08043044 0.02723151 -0.01136338 -0.07758584 0.02723151 -0.004949181 -0.07343254 0.02723151 -0.004949181 -0.07993254 0.02723151 -0.003747101 -0.07293464 0.02723151 -0.003747101 -0.07053044 0.02723151 0.01055672 -0.05981404 0.02723151 -0.004949181 -0.07003254 0.02723151 8.194541e-07 -0.05974674 0.02723151 -0.01055508 -0.05981404 0.02723151 0.006650819 -0.07173254 0.02723151 0.01060082 -0.07248734 0.02723151 0.006152899 -0.07053044 0.02723151 0.01060082 -0.05981464 0.02723151 0.004950819 -0.07003254 0.02723151 0.003748739 -0.07053044 0.02723151 0.003250819 -0.07173254 0.02723151 -0.003249181 -0.07173254 0.02723151 -0.01039918 -0.07668254 0.02323051 -0.01039918 -0.07668254 0.02183051 -0.009005841 -0.07148254 0.02323051 -0.009005841 -0.07148254 0.02183051 -0.005199181 -0.06767584 0.02323051 -0.005199181 -0.06767584 0.02183051 8.194541e-07 -0.06628254 0.02323051 8.194541e-07 -0.06628254 0.02183051 0.005200819 -0.06767584 0.02323051 0.005200819 -0.06767584 0.02183051 0.009007479 -0.07148254 0.02323051 0.009007479 -0.07148254 0.02183051 0.01040082 -0.07668254 0.02323051 0.01040082 -0.07668254 0.02183051 -0.004999181 -0.08333184 0.02323051 -0.004999181 -0.08857414 0.02323051 -0.005331461 -0.08842894 0.02323051 -0.005199181 -0.06767584 0.02323051 8.194541e-07 -0.06628254 0.02323051 -0.003747101 -0.07053044 0.02323051 -0.006151261 -0.08283464 0.02323051 -0.009710001 -0.08517434 0.02323051 -0.006649181 -0.08163254 0.02323051 -0.01039918 -0.08431474 0.02323051 -0.006151261 -0.08043044 0.02323051 -0.01039918 -0.07668254 0.02323051 -0.004949181 -0.07343254 0.02323051 0.005333099 -0.08842894 0.02323051 0.005000819 -0.08857414 0.02323051 0.005000819 -0.08333184 0.02323051 -0.004949181 -0.07003254 0.02323051 -0.006151261 -0.07053044 0.02323051 -0.009005841 -0.07148254 0.02323051 -0.006649181 -0.07173254 0.02323051 -0.006151261 -0.07293464 0.02323051 0.006152899 -0.07293464 0.02323051 0.006650819 -0.08163254 0.02323051 0.004950819 -0.07343254 0.02323051 0.006152899 -0.08043044 0.02323051 -0.004999181 -0.07993324 0.02323051 -0.004999181 -0.07668254 0.02323051 -0.004044261 -0.07374364 0.02323051 -0.003747101 -0.07293464 0.02323051 -0.001544261 -0.07192724 0.02323051 -0.003249181 -0.07173254 0.02323051 0.005000819 -0.07993324 0.02323051 0.005000819 -0.07668254 0.02323051 0.004045899 -0.07374364 0.02323051 0.003748739 -0.07293464 0.02323051 0.001545899 -0.07192724 0.02323051 0.003250819 -0.07173254 0.02323051 0.009711639 -0.08517434 0.02323051 0.006152899 -0.08283464 0.02323051 0.01040082 -0.08431474 0.02323051 0.01040082 -0.07668254 0.02323051 0.009007479 -0.07148254 0.02323051 0.006650819 -0.07173254 0.02323051 0.006152899 -0.07053044 0.02323051 0.005200819 -0.06767584 0.02323051 0.004950819 -0.07003254 0.02323051 0.003748739 -0.07053044 0.02323051 -0.004999181 -0.08857414 0.02523151 -0.004999181 -0.08333184 0.02523151 -0.004949181 -0.08333254 0.02523151 0.005000819 -0.07993324 0.02523151 0.004950819 -0.07993254 0.02523151 0.005000819 -0.07668254 0.02523151 0.004045899 -0.07374364 0.02523151 0.001545899 -0.07192724 0.02523151 -0.001544261 -0.07192724 0.02523151 -0.003747101 -0.08043044 0.02523151 -0.004044261 -0.07374364 0.02523151 -0.004949181 -0.07993254 0.02523151 -0.004999181 -0.07668254 0.02523151 -0.004999181 -0.07993324 0.02523151 8.194541e-07 -0.08958254 0.02523151 -0.003747101 -0.08283464 0.02523151 0.005000819 -0.08857414 0.02523151 0.003748739 -0.08043044 0.02523151 -0.003249181 -0.08163254 0.02523151 0.003250819 -0.08163254 0.02523151 0.003748739 -0.08283464 0.02523151 0.004950819 -0.08333254 0.02523151 0.005000819 -0.08333184 0.02523151 -0.004044261 -0.07374364 0.02523151 -0.004044261 -0.07374364 0.02323051 -0.001544261 -0.07192724 0.02523151 -0.001544261 -0.07192724 0.02323051 0.001545899 -0.07192724 0.02523151 0.001545899 -0.07192724 0.02323051 0.004045899 -0.07374364 0.02523151 0.004045899 -0.07374364 0.02323051 0.01210082 -0.05952654 0.02573151 0.01210082 -0.07221044 0.02573151 0.01210082 -0.07221044 0.02283051 0.01210082 -0.05952654 0.02083051 0.01210082 -0.05952654 0.02183051 0.01210082 -0.06126064 0.0222876 0.01210082 -0.06352654 0.02283051 -0.01209918 -0.05952654 0.02183051 -0.01209918 -0.05952654 0.02083051 -0.01209918 -0.05999104 0.02136604 -0.01209918 -0.05952654 0.02573151 -0.01209918 -0.07221044 0.02283051 -0.01209918 -0.07221044 0.02573151 -0.01209918 -0.06352654 0.02283051 -0.01209918 -0.06161314 0.02244991 -0.01770288 -0.04152654 0.008699607 -0.01849918 -0.04152654 0.003330507 -0.01527718 -0.05058824 0.004211807 -0.01709098 -0.04152654 0.01041011 -0.01488178 -0.05058824 0.009665707 -0.01048358 -0.05052654 -0.01498729 -0.01049468 -0.05058824 -0.01500159 -0.01137788 -0.05058824 -0.01305799 -0.009675841 -0.04602654 -0.01394619 -0.009681381 -0.04605744 -0.01395329 -0.01101228 -0.04605744 -0.01242809 -0.01209918 -0.05952654 -0.01091999 -0.01214948 -0.05888604 -0.009645093 -0.01293368 -0.05511914 -0.006180893 -0.01209878 -0.05953844 -0.01093649 -0.01209898 -0.05953244 -0.01094299 -0.01209918 -0.05952654 -0.01096949 -0.01216928 -0.05511914 -0.01125739 -0.01171398 -0.05738084 -0.01657309 -0.01209348 -0.05948334 -0.01569959 -0.01130798 -0.05511914 -0.01604979 -0.01209918 -0.05952654 -0.01556949 -0.01209918 -0.05952654 -0.01196949 -0.01354238 -0.04605744 -0.008737493 -0.01308068 -0.04152654 -0.009750993 -0.01231338 -0.04605744 -0.01069319 -0.01064678 -0.04152654 -0.01179819 -0.008868571 -0.04152654 -0.01290599 -0.01231338 -0.04605744 0.01823546 -0.01308068 -0.04152654 0.01641199 -0.01464948 -0.04605744 0.01410691 -0.01550728 -0.04152654 0.01341753 -0.01209848 -0.05954194 0.02078777 -0.01209908 -0.05952904 0.02080873 -0.01209918 -0.05952654 0.02076654 -0.01216928 -0.05511914 0.02056221 -0.01215298 -0.05888794 0.01950608 -0.01221708 -0.05865594 0.01785714 -0.01209028 -0.05945924 0.02589488 -0.01182898 -0.05802104 0.0265904 -0.01209918 -0.05952654 0.02573151 -0.01130798 -0.05511914 0.02535459 -0.01209918 -0.05952654 0.02183051 -0.01209918 -0.05952654 0.02083051 -0.01225398 -0.05870934 0.0160286 -0.01293368 -0.05511914 0.01548567 -0.01231828 -0.05882284 0.01053893 -0.01233558 -0.05886154 0.004930407 -0.01233558 -0.05886154 0.005016207 -0.01224128 -0.05058824 -0.01097529 -0.01379158 -0.05058824 -0.006372793 -0.01464948 -0.04605744 -0.006564593 -0.01709098 -0.04152654 -0.003749093 -0.01675478 -0.04152654 -0.004511793 -0.01441068 -0.05058824 -0.003863993 -0.01550728 -0.04152654 -0.006756493 -0.008868591 -0.04152654 0.01956703 -0.01064678 -0.04152654 0.01845928 -0.009671171 -0.04600054 0.02147133 -0.01101228 -0.04605744 0.01997036 -0.009681381 -0.04605744 0.02149557 -0.01224128 -0.05058824 0.01939884 -0.01049468 -0.05058824 0.02342508 -0.01379158 -0.05058824 0.01479629 -0.01441068 -0.05058824 0.0122875 -0.01770288 -0.04152654 -0.002038593 -0.01488178 -0.05058824 -0.001242193 -0.01347128 -0.05511914 -0.0008439926 -0.01402828 -0.04152654 -0.008729093 -0.01221338 -0.05865704 -0.007996293 0.01130962 -0.05511914 0.02535459 0.01049632 -0.05058824 0.02342508 0.005345649 -0.05047444 0.02421699 0.008870209 -0.04152654 0.019567 0.007080459 -0.04152654 0.02042228 0.009683019 -0.04605744 0.02149557 0.01183062 -0.05802104 0.0265904 0.01168642 -0.05842374 0.0267666 0.01116972 -0.05925254 0.02711944 0.01056332 -0.05925844 0.0271248 8.194541e-07 -0.05047444 0.02451538 8.194541e-07 -0.05931564 0.02716823 -0.01168478 -0.05842374 0.0267666 -0.01116808 -0.05925254 0.02711944 -0.01056168 -0.05925844 0.0271248 -0.01130798 -0.05511914 0.02535459 -0.01182898 -0.05802104 0.0265904 -0.006030291 -0.05929554 0.02715459 -0.01049468 -0.05058824 0.02342508 -0.005344011 -0.05047444 0.02421699 -0.009681381 -0.04605744 0.02149557 -0.004995481 -0.04600054 0.02272708 -0.009671171 -0.04600054 0.02147133 0.004648599 -0.04152654 0.02123716 8.194541e-07 -0.04152654 0.02183051 -0.004646961 -0.04152654 0.02123716 -0.007078821 -0.04152654 0.02042228 0.005000819 -0.05952654 -0.005329793 8.194541e-07 -0.05952654 -0.006669493 0.01122392 -0.05952654 -0.007969493 -0.01122228 -0.05952654 -0.007969493 -0.004999181 -0.05952654 -0.005329793 -0.008659431 -0.05952654 -0.001669493 -0.01139338 -0.05952654 0.004930507 -0.009999181 -0.05952654 0.003330507 -0.01122578 -0.05952654 0.01783051 -0.008659431 -0.05952654 0.008330507 -0.004999181 -0.05952654 0.01199076 8.194541e-07 -0.05952654 0.01333051 0.01122742 -0.05952654 0.01783051 0.005000819 -0.05952654 0.01199076 0.008661069 -0.05952654 0.008330507 0.01139502 -0.05952654 0.004930507 0.01000082 -0.05952654 0.003330507 0.008661069 -0.05952654 -0.001669493 0.01441232 -0.05058824 -0.003863993 0.01488342 -0.05058824 -0.001242193 0.01231932 -0.05882454 -0.0005232926 0.01308232 -0.04152654 -0.009750993 0.01231502 -0.04605744 -0.01069319 0.01101392 -0.04605744 -0.01242809 0.01550892 -0.04152654 -0.006756493 0.01465112 -0.04605744 -0.006564593 0.01183062 -0.05802104 0.0265904 0.01209262 -0.05946474 0.02588789 0.01130962 -0.05511914 0.02535459 0.01210082 -0.05952654 0.02573151 0.01217092 -0.05511914 0.02056221 0.01064842 -0.04152654 0.01845928 0.009683019 -0.04605744 0.02149557 0.01354402 -0.04605744 0.01627978 0.01308232 -0.04152654 0.01641199 0.01231502 -0.04605744 0.01823546 0.01101392 -0.04605744 0.01997036 0.009683019 -0.04605744 -0.01395329 0.009677479 -0.04602654 -0.01394619 0.01064842 -0.04152654 -0.01179819 0.008870229 -0.04152654 -0.01290599 0.01209202 -0.05946014 -0.01573149 0.01171562 -0.05738084 -0.01657309 0.01210082 -0.05952654 -0.01556949 0.01130962 -0.05511914 -0.01604979 0.01210082 -0.05952654 -0.01091999 0.01210042 -0.05953844 -0.01093649 0.01210072 -0.05952844 -0.01095269 0.01221502 -0.05865704 -0.007996293 0.01215112 -0.05888604 -0.009645093 0.01217092 -0.05511914 -0.01125739 0.01210082 -0.05952654 -0.01096949 0.01210082 -0.05952654 -0.01196949 0.01221872 -0.05865594 0.01785714 0.01225562 -0.05870934 0.0160286 0.01293532 -0.05511914 0.01548567 0.01231992 -0.05882284 0.01053893 0.01347292 -0.05511914 0.01014871 0.01233722 -0.05886154 0.005016207 0.01210042 -0.05953424 0.02079621 0.01210082 -0.05952654 0.02083051 0.01210082 -0.05952654 0.02183051 0.01210012 -0.05954194 0.02078777 0.01210082 -0.05952654 0.02076654 0.01215462 -0.05888794 0.01950608 0.01049632 -0.05058824 0.02342508 0.01137952 -0.05058824 0.02148154 0.01224292 -0.05058824 0.01939884 0.01379322 -0.05058824 0.01479629 0.01465112 -0.04605744 0.01410691 0.01488342 -0.05058824 0.009665707 0.01709262 -0.04152654 0.01041011 0.01441232 -0.05058824 0.0122875 0.01675642 -0.04152654 0.01117279 0.01550892 -0.04152654 0.01341753 0.01049632 -0.05058824 -0.01500159 0.01224292 -0.05058824 -0.01097529 0.01048522 -0.05052654 -0.01498729 0.01225472 -0.05871344 -0.006030093 0.01293532 -0.05511914 -0.006180893 0.01379322 -0.05058824 -0.006372793 0.01233722 -0.05886154 0.004930407 0.01527882 -0.05058824 0.004211807 0.01402992 -0.04152654 0.01539016 0.01709262 -0.04152654 -0.003749093 0.01770452 -0.04152654 -0.002038593 0.01850082 -0.04152654 0.003330507 0.01770452 -0.04152654 0.008699607 -0.004997511 -0.04602654 -0.01519949 -0.004646961 -0.04152654 -0.01457609 8.194541e-07 -0.04152654 -0.01516949 0.007080459 -0.04152654 -0.01376129 0.009677479 -0.04602654 -0.01394619 0.01130962 -0.05511914 -0.01604979 0.01171562 -0.05738084 -0.01657309 0.007960979 -0.05561124 -0.01641069 0.01090892 -0.05937384 -0.01703749 0.006686239 -0.05670404 -0.01664969 0.009262749 -0.05939334 -0.01704529 0.005167129 -0.05730124 -0.01677769 0.008812069 -0.05415364 -0.01607379 0.009132259 -0.05251844 -0.01570009 0.01049632 -0.05058824 -0.01500159 0.009141649 -0.05211594 -0.01561179 0.01048522 -0.05052654 -0.01498729 0.009022499 -0.05093894 -0.01537149 0.009683019 -0.04605744 -0.01395329 0.008448999 -0.04955284 -0.01517319 0.007399489 -0.04839244 -0.01514459 0.005961879 -0.04763444 -0.01528289 0.004999149 -0.04602654 -0.01519949 0.004331399 -0.04739114 -0.01550079 -3.823725e-05 -0.04742154 -0.01579169 -0.007078821 -0.04152654 -0.01376129 -0.009675841 -0.04602654 -0.01394619 -0.009261171 -0.05939334 -0.01704529 -0.01090728 -0.05937384 -0.01703749 -0.01171398 -0.05738084 -0.01657309 -0.007207701 -0.05634284 -0.01657239 -0.008298341 -0.05515534 -0.01630689 -0.008964921 -0.05367314 -0.01596169 -0.01130798 -0.05511914 -0.01604979 -0.005797371 -0.05712334 -0.01673829 -0.004216051 -0.05740394 -0.01680919 8.194541e-07 -0.05944804 -0.01706119 8.194541e-07 -0.05742154 -0.01684729 0.004217689 -0.05740394 -0.01680919 -0.005598111 -0.04753214 -0.01532939 -0.007018861 -0.04812734 -0.01516979 -0.009681381 -0.04605744 -0.01395329 -0.008164111 -0.04915144 -0.01514399 -0.01048358 -0.05052654 -0.01498729 -0.008913221 -0.05055114 -0.01530419 -0.01049468 -0.05058824 -0.01500159 -0.009140011 -0.05211594 -0.01561179 -0.009130621 -0.05251844 -0.01570009 0.004648599 -0.04152654 -0.01457609 -0.004329761 -0.04739114 -0.01550079 0.01040082 -0.08431474 -0.01316949 0.009711639 -0.08517434 -0.01316949 0.009711639 -0.08517434 -0.01556949 -0.003499181 -0.08909864 -0.01426949 -0.003499181 -0.08909864 -0.01316949 -0.005331461 -0.08842894 -0.01316949 -0.01278398 -0.07496234 -0.01196949 -0.01109918 -0.07010984 -0.01196949 -0.01157978 -0.07099934 -0.01209259 -0.01196518 -0.07186334 -0.01246949 -0.01205538 -0.07209374 -0.01267689 -0.01209918 -0.07221044 -0.01296949 -0.01235168 -0.08040084 -0.01196949 -0.01235168 -0.08040084 -0.01556949 -0.01128608 -0.08292884 -0.01556949 -0.01039918 -0.08431474 -0.01196949 -0.01039918 -0.08431474 -0.01316949 -0.009710001 -0.08517434 -0.01316949 -0.009710001 -0.08517434 -0.01556949 -0.007694751 -0.08703574 -0.01556949 -0.005331461 -0.08842894 -0.01556949 -0.002727001 -0.08929084 -0.01556949 8.194541e-07 -0.08958254 -0.01426949 8.194541e-07 -0.08958254 -0.01556949 0.003500819 -0.08909864 -0.01426949 0.002728639 -0.08929084 -0.01556949 0.005333099 -0.08842894 -0.01556949 0.007696389 -0.08703574 -0.01556949 0.005333099 -0.08842894 -0.01316949 0.003500819 -0.08909864 -0.01316949 0.01235332 -0.08040084 -0.01196949 0.01040082 -0.08431474 -0.01196949 0.01210082 -0.07221044 -0.01556949 0.01210082 -0.07221044 -0.01296949 0.01278562 -0.07496234 -0.01196949 0.01206742 -0.07212094 -0.01271309 0.01180792 -0.07148614 -0.01226239 0.01110082 -0.07010984 -0.01196949 0.01128772 -0.08292884 -0.01556949 0.01235332 -0.08040084 -0.01556949 0.01286022 -0.07770474 -0.01556949 0.01278562 -0.07496234 -0.01556949 -0.01285858 -0.07770474 -0.01556949 -0.01278398 -0.07496234 -0.01556949 -0.01209918 -0.07221044 -0.01556949 -0.01136338 -0.07758584 -0.01706949 -0.01129738 -0.07516244 -0.01706949 -0.006151261 -0.08043044 -0.01706949 -0.006151261 -0.07293464 -0.01706949 -0.004949181 -0.07343254 -0.01706949 -0.004949181 -0.07993254 -0.01706949 -0.003747101 -0.08043044 -0.01706949 0.004950819 -0.07343254 -0.01706949 0.006650819 -0.08163254 -0.01706949 0.003748739 -0.07293464 -0.01706949 0.006152899 -0.08043044 -0.01706949 0.004950819 -0.07993254 -0.01706949 0.006650819 -0.07173254 -0.01706949 0.006152899 -0.07053044 -0.01706949 0.01060082 -0.05967794 -0.01706949 0.009259649 -0.05966154 -0.01706949 0.004950819 -0.07003254 -0.01706949 8.194541e-07 -0.05960544 -0.01706949 0.003748739 -0.07053044 -0.01706949 -0.009258061 -0.05966154 -0.01706949 -0.004949181 -0.08333254 -0.01706949 -0.006799921 -0.08583184 -0.01706949 -0.006151261 -0.08283464 -0.01706949 -0.008580841 -0.08418684 -0.01706949 -0.006649181 -0.08163254 -0.01706949 -0.009973641 -0.08220254 -0.01706949 -0.01091538 -0.07996854 -0.01706949 -0.003747101 -0.08283464 -0.01706949 -0.002409811 -0.08782474 -0.01706949 -0.004711421 -0.08706304 -0.01706949 0.004950819 -0.08333254 -0.01706949 0.004713059 -0.08706304 -0.01706949 0.003748739 -0.08283464 -0.01706949 0.002411449 -0.08782474 -0.01706949 8.194541e-07 -0.08808254 -0.01706949 -0.006649181 -0.07173254 -0.01706949 -0.01059918 -0.07248734 -0.01706949 -0.006151261 -0.07053044 -0.01706949 -0.01059918 -0.05967794 -0.01706949 -0.004949181 -0.07003254 -0.01706949 -0.003747101 -0.07053044 -0.01706949 -0.003249181 -0.07173254 -0.01706949 0.003250819 -0.07173254 -0.01706949 -0.003747101 -0.07293464 -0.01706949 0.003748739 -0.08043044 -0.01706949 -0.003249181 -0.08163254 -0.01706949 0.003250819 -0.08163254 -0.01706949 0.01060082 -0.07248734 -0.01706949 0.01129902 -0.07516244 -0.01706949 0.006152899 -0.07293464 -0.01706949 0.01136502 -0.07758584 -0.01706949 0.01091702 -0.07996854 -0.01706949 0.009975279 -0.08220254 -0.01706949 0.006152899 -0.08283464 -0.01706949 0.008582479 -0.08418684 -0.01706949 0.006801559 -0.08583184 -0.01706949 -0.01235168 -0.08040084 -0.01196949 -0.01039918 -0.08431474 -0.01196949 -0.01278398 -0.07496234 -0.01196949 -0.01039918 -0.07668254 -0.01196949 -0.01109918 -0.07010984 -0.01196949 -0.009005841 -0.07148254 -0.01196949 -0.01109918 -0.06352654 -0.01196949 0.01040082 -0.08431474 -0.01196949 0.01235332 -0.08040084 -0.01196949 0.01040082 -0.07668254 -0.01196949 0.01278562 -0.07496234 -0.01196949 0.009007479 -0.07148254 -0.01196949 0.01110082 -0.07010984 -0.01196949 0.005200819 -0.06767584 -0.01196949 0.01110082 -0.06352654 -0.01196949 8.194541e-07 -0.06628254 -0.01196949 -0.005199181 -0.06767584 -0.01196949 0.01210082 -0.05952654 -0.01096949 0.01210082 -0.05999104 -0.01150499 0.01210082 -0.05952654 -0.01556949 0.01210082 -0.07221044 -0.01296949 0.01210082 -0.07221044 -0.01556949 0.01210082 -0.06352654 -0.01296949 0.01210082 -0.06161314 -0.01258889 -0.01209918 -0.05952654 -0.01556949 -0.01209918 -0.07221044 -0.01556949 -0.01209918 -0.07221044 -0.01296949 -0.01209918 -0.05952654 -0.01096949 -0.01209918 -0.06126454 -0.01242859 -0.01209918 -0.06352654 -0.01296949 0.007612249 0.005373456 -0.01353119 0.009572189 0.005746456 -0.01250109 0.01308232 -0.04152654 -0.009750993 0.01120032 0.006779456 -0.01139439 0.01226752 0.008263456 -0.01051789 0.01268652 0.01017346 -0.01013509 0.01064842 -0.04152654 -0.01179819 0.008870229 -0.04152654 -0.01290599 0.007080459 0.005373456 -0.01376129 0.007080459 -0.04152654 -0.01376129 0.003609989 0.005373456 -0.01481399 0.004648599 -0.04152654 -0.01457609 8.194541e-07 0.005373456 -0.01516949 8.194541e-07 -0.04152654 -0.01516949 -0.003608351 0.005373456 -0.01481399 -0.004646961 -0.04152654 -0.01457609 -0.007078821 0.005373456 -0.01376129 -0.01268488 0.01017346 -0.01013509 -0.01226888 0.008270456 -0.01051519 -0.01308068 -0.04152654 -0.009750993 -0.01119868 0.006779456 -0.01139439 -0.009572301 0.005746456 -0.01249999 -0.01064678 -0.04152654 -0.01179819 -0.007610611 0.005373456 -0.01353119 -0.008868571 -0.04152654 -0.01290599 -0.007078821 -0.04152654 -0.01376129 -0.01268488 0.01737346 -0.01013509 -0.01308068 0.01737346 -0.009750993 -0.01362048 0.01737346 -0.009187893 -0.01402828 -0.04152654 -0.008729093 -0.01615948 0.01737346 -0.005674793 -0.01550728 -0.04152654 -0.006756493 -0.01675478 -0.04152654 -0.004511793 -0.01709098 0.01737346 -0.003749093 -0.01709098 -0.04152654 -0.003749093 -0.01788508 0.01737346 -0.001396293 -0.01770288 -0.04152654 -0.002038593 -0.01849918 0.01737346 0.003330507 -0.01849918 -0.04152654 0.003330507 -0.01788508 0.01737346 0.008057307 -0.01770288 -0.04152654 0.008699607 -0.01709098 0.01737346 0.01041011 -0.01709098 -0.04152654 0.01041011 -0.01615948 0.01737346 0.01233581 -0.01550728 -0.04152654 0.01341753 -0.01063358 0.01737346 0.01847058 -0.01308068 0.01737346 0.01641199 -0.01308068 -0.04152654 0.01641199 -0.01362048 0.01737346 0.01584894 -0.01496918 0.01737346 0.01420015 -0.01064678 -0.04152654 0.01845928 -0.008868591 -0.04152654 0.01956703 -0.007078821 0.01737346 0.02042228 -0.007078821 -0.04152654 0.02042228 -0.005704651 0.01737346 0.02092874 -0.004646961 -0.04152654 0.02123716 8.194541e-07 -0.04152654 0.02183051 0.005706289 0.01737346 0.02092874 0.004648599 -0.04152654 0.02123716 0.007080459 0.01737346 0.02042228 0.007080459 -0.04152654 0.02042228 0.008870209 -0.04152654 0.019567 0.01063522 0.01737346 0.01847057 0.01064842 -0.04152654 0.01845928 0.01308232 0.01737346 0.01641199 0.01308232 -0.04152654 0.01641199 0.01362212 0.01737346 0.01584894 0.01402992 -0.04152654 0.01539016 0.01497082 0.01737346 0.01420015 0.01550892 -0.04152654 0.01341753 0.01616112 0.01737346 0.01233581 0.01709262 0.01737346 0.01041011 0.01675642 -0.04152654 0.01117279 0.01709262 -0.04152654 0.01041011 0.01788672 0.01737346 0.008057307 0.01770452 -0.04152654 0.008699607 0.01850082 0.01737346 0.003330507 0.01850082 -0.04152654 0.003330507 0.01788672 0.01737346 -0.001396293 0.01770452 -0.04152654 -0.002038593 0.01709262 0.01737346 -0.003749093 0.01709262 -0.04152654 -0.003749093 0.01616112 0.01737346 -0.005674793 0.01550892 -0.04152654 -0.006756493 0.01362212 0.01737346 -0.009187893 0.01308232 0.01737346 -0.009750993 0.01268652 0.01737346 -0.01013509 -0.01127188 0.03347346 -0.007307893 -0.01127188 0.03478746 -0.007307893 -0.01150298 0.03460546 -0.007057593 0.01200082 0.03447346 -0.006480193 0.01150462 0.03460546 -0.007057593 0.01151952 -0.04152654 -0.007040993 0.01127352 0.03478746 -0.007307893 0.01127352 0.03347346 -0.007307893 0.01124052 0.03321046 -0.007342793 0.01127352 0.03067346 -0.007307893 0.01115112 0.03297946 -0.007436193 0.01116822 0.03170446 -0.007418393 0.01087202 0.03265346 -0.007717893 0.01127352 0.01017346 -0.007307893 0.01089832 0.008256456 -0.007691993 0.009952869 0.006779456 -0.008552493 0.008510529 0.005747456 -0.009624593 0.006764459 0.005373456 -0.01061589 0.006305239 -0.04152654 -0.01082949 0.01474222 0.03447346 -0.001459293 0.01474222 -0.04152654 -0.001459293 0.01541592 0.03447346 0.004950707 0.01541592 -0.04152654 0.004950707 0.01342422 0.03447346 0.01108051 0.01342422 -0.04152654 0.01108051 0.009111489 0.03447346 0.01587027 0.009111489 -0.04152654 0.01587027 0.003223449 0.03447346 0.0184918 0.003223449 -0.04152654 0.0184918 8.194541e-07 -0.04152654 0.01883051 -0.003221811 0.03447346 0.0184918 -0.003221811 -0.04152654 0.0184918 -0.009109851 0.03447346 0.01587027 -0.009109851 -0.04152654 0.01587027 -0.01342258 0.03447346 0.01108051 -0.01342258 -0.04152654 0.01108051 -0.01541428 0.03447346 0.004950707 -0.01541428 -0.04152654 0.004950707 -0.01474058 0.03447346 -0.001459293 -0.01474058 -0.04152654 -0.001459293 -0.01199918 0.03447346 -0.006480193 -0.01151788 -0.04152654 -0.007040993 -0.01123988 0.03321446 -0.007341793 -0.01127188 0.03067346 -0.007307893 -0.01115388 0.03298846 -0.007431593 -0.01116558 0.03170946 -0.007419393 -0.01096548 0.03273446 -0.007623493 -0.01087038 0.03265346 -0.007717893 -0.008510051 0.005748456 -0.009623793 -0.009951231 0.006779456 -0.008552493 -0.01089718 0.008257456 -0.007691493 -0.01117398 0.009178456 -0.007410693 -0.01127188 0.01017346 -0.007307893 8.194541e-07 -0.04152654 -0.01216949 -0.003221811 0.005373456 -0.01183079 -0.006303601 -0.04152654 -0.01082949 -0.006303601 0.005373456 -0.01082949 -0.006762821 0.005373456 -0.01061589 0.006305239 0.005373456 -0.01082949 0.003223449 0.005373456 -0.01183079 8.194541e-07 0.005373456 -0.01216949 -0.003221811 -0.04152654 0.0184918 8.194541e-07 -0.04152654 0.01333051 -0.009109851 -0.04152654 0.01587027 -0.004999181 -0.04152654 0.01199076 -0.01342258 -0.04152654 0.01108051 -0.008659431 -0.04152654 0.008330507 -0.01541428 -0.04152654 0.004950707 -0.009999181 -0.04152654 0.003330507 -0.01474058 -0.04152654 -0.001459293 -0.008659431 -0.04152654 -0.001669493 8.194541e-07 -0.04152654 0.01883051 0.003223449 -0.04152654 0.0184918 0.005000819 -0.04152654 0.01199076 0.009111489 -0.04152654 0.01587027 0.008661069 -0.04152654 0.008330507 0.01342422 -0.04152654 0.01108051 0.01000082 -0.04152654 0.003330507 0.01541592 -0.04152654 0.004950707 0.008661069 -0.04152654 -0.001669493 0.01474222 -0.04152654 -0.001459293 0.01151952 -0.04152654 -0.007040993 0.005000819 -0.04152654 -0.005329793 0.006305239 -0.04152654 -0.01082949 8.194541e-07 -0.04152654 -0.006669493 8.194541e-07 -0.04152654 -0.01216949 -0.004999181 -0.04152654 -0.005329793 -0.006303601 -0.04152654 -0.01082949 -0.01151788 -0.04152654 -0.007040993 -0.01039918 -0.08431474 0.02183051 -0.01039918 -0.08431474 0.02323051 0.01040082 -0.08431474 0.02323051 0.01040082 -0.08431474 0.02183051 0.005000819 -0.07993324 0.02523151 0.005000819 -0.07993324 0.02323051 0.006152899 -0.08043044 0.02323051 0.006152899 -0.08043044 0.02723151 0.004950819 -0.07993254 0.02723151 0.004950819 -0.07993254 0.02523151 0.003748739 -0.08043044 0.02523151 0.003748739 -0.08043044 0.02723151 0.003250819 -0.08163254 0.02523151 0.003250819 -0.08163254 0.02723151 0.003748739 -0.08283464 0.02523151 0.003748739 -0.08283464 0.02723151 0.004950819 -0.08333254 0.02523151 0.004950819 -0.08333254 0.02723151 0.005000819 -0.08333184 0.02523151 0.006152899 -0.08283464 0.02723151 0.005000819 -0.08333184 0.02323051 0.006650819 -0.08163254 0.02723151 0.006650819 -0.08163254 0.02323051 0.006152899 -0.08283464 0.02323051 -0.004999181 -0.08333184 0.02523151 -0.004999181 -0.08333184 0.02323051 -0.006151261 -0.08283464 0.02323051 -0.006151261 -0.08283464 0.02723151 -0.004949181 -0.08333254 0.02723151 -0.004949181 -0.08333254 0.02523151 -0.003747101 -0.08283464 0.02523151 -0.003747101 -0.08283464 0.02723151 -0.003249181 -0.08163254 0.02523151 -0.003249181 -0.08163254 0.02723151 -0.003747101 -0.08043044 0.02523151 -0.003747101 -0.08043044 0.02723151 -0.004949181 -0.07993254 0.02523151 -0.004949181 -0.07993254 0.02723151 -0.004999181 -0.07993324 0.02523151 -0.006151261 -0.08043044 0.02723151 -0.004999181 -0.07993324 0.02323051 -0.006649181 -0.08163254 0.02723151 -0.006649181 -0.08163254 0.02323051 -0.006151261 -0.08043044 0.02323051 0.003250819 -0.07173254 0.02723151 0.003250819 -0.07173254 0.02323051 0.003748739 -0.07053044 0.02723151 0.003748739 -0.07053044 0.02323051 0.004950819 -0.07003254 0.02723151 0.004950819 -0.07003254 0.02323051 0.006152899 -0.07053044 0.02723151 0.006152899 -0.07053044 0.02323051 0.006650819 -0.07173254 0.02723151 0.006650819 -0.07173254 0.02323051 0.006152899 -0.07293464 0.02723151 0.006152899 -0.07293464 0.02323051 0.004950819 -0.07343254 0.02723151 0.004950819 -0.07343254 0.02323051 0.003748739 -0.07293464 0.02723151 0.003748739 -0.07293464 0.02323051 -0.006649181 -0.07173254 0.02723151 -0.006649181 -0.07173254 0.02323051 -0.006151261 -0.07053044 0.02723151 -0.006151261 -0.07053044 0.02323051 -0.004949181 -0.07003254 0.02723151 -0.004949181 -0.07003254 0.02323051 -0.003747101 -0.07053044 0.02723151 -0.003747101 -0.07053044 0.02323051 -0.003249181 -0.07173254 0.02723151 -0.003249181 -0.07173254 0.02323051 -0.003747101 -0.07293464 0.02723151 -0.003747101 -0.07293464 0.02323051 -0.004949181 -0.07343254 0.02723151 -0.004949181 -0.07343254 0.02323051 -0.006151261 -0.07293464 0.02723151 -0.006151261 -0.07293464 0.02323051 0.01040082 -0.07668254 -0.01316949 0.01040082 -0.07668254 -0.01196949 0.009007479 -0.07148254 -0.01316949 0.009007479 -0.07148254 -0.01196949 0.005200819 -0.06767584 -0.01316949 0.005200819 -0.06767584 -0.01196949 8.194541e-07 -0.06628254 -0.01316949 8.194541e-07 -0.06628254 -0.01196949 -0.005199181 -0.06767584 -0.01316949 -0.005199181 -0.06767584 -0.01196949 -0.009005841 -0.07148254 -0.01316949 -0.009005841 -0.07148254 -0.01196949 -0.01039918 -0.07668254 -0.01316949 -0.01039918 -0.07668254 -0.01196949 -0.009005841 -0.07148254 -0.01316949 -0.01039918 -0.07668254 -0.01316949 -0.006151261 -0.07293464 -0.01316949 0.005200819 -0.06767584 -0.01316949 8.194541e-07 -0.06628254 -0.01316949 0.003748739 -0.07053044 -0.01316949 0.003500819 -0.07668254 -0.01316949 0.003500819 -0.08074514 -0.01316949 0.003748739 -0.08043044 -0.01316949 0.006152899 -0.07293464 -0.01316949 0.004950819 -0.07343254 -0.01316949 0.004950819 -0.07993254 -0.01316949 0.01040082 -0.07668254 -0.01316949 0.006152899 -0.08043044 -0.01316949 0.01040082 -0.08431474 -0.01316949 0.006650819 -0.08163254 -0.01316949 0.009711639 -0.08517434 -0.01316949 0.006152899 -0.08283464 -0.01316949 0.005333099 -0.08842894 -0.01316949 0.004950819 -0.08333254 -0.01316949 0.003500819 -0.08909864 -0.01316949 0.003748739 -0.08283464 -0.01316949 0.003500819 -0.08251994 -0.01316949 -0.004949181 -0.07993254 -0.01316949 -0.006151261 -0.08043044 -0.01316949 -0.006649181 -0.08163254 -0.01316949 -0.01039918 -0.08431474 -0.01316949 -0.006151261 -0.08283464 -0.01316949 -0.009710001 -0.08517434 -0.01316949 -0.004949181 -0.08333254 -0.01316949 -0.005331461 -0.08842894 -0.01316949 -0.003747101 -0.08283464 -0.01316949 -0.003499181 -0.08909864 -0.01316949 -0.003499181 -0.08251994 -0.01316949 0.002475689 -0.07420764 -0.01316949 0.003748739 -0.07293464 -0.01316949 8.194541e-07 -0.07318254 -0.01316949 0.004950819 -0.07003254 -0.01316949 0.006152899 -0.07053044 -0.01316949 0.009007479 -0.07148254 -0.01316949 0.006650819 -0.07173254 -0.01316949 -0.003747101 -0.08043044 -0.01316949 -0.003747101 -0.07293464 -0.01316949 -0.004949181 -0.07343254 -0.01316949 -0.006649181 -0.07173254 -0.01316949 -0.006151261 -0.07053044 -0.01316949 -0.005199181 -0.06767584 -0.01316949 -0.004949181 -0.07003254 -0.01316949 -0.003747101 -0.07053044 -0.01316949 -0.003249181 -0.07173254 -0.01316949 0.003250819 -0.07173254 -0.01316949 -0.002474051 -0.07420764 -0.01316949 -0.003499181 -0.07668254 -0.01316949 -0.003499181 -0.08074514 -0.01316949 -0.01039918 -0.08431474 -0.01316949 -0.01039918 -0.08431474 -0.01196949 0.01040082 -0.08431474 -0.01196949 0.01040082 -0.08431474 -0.01316949 0.002475689 -0.07420764 -0.01426949 0.002475689 -0.07420764 -0.01316949 8.194541e-07 -0.07318254 -0.01426949 8.194541e-07 -0.07318254 -0.01316949 -0.002474051 -0.07420764 -0.01426949 -0.002474051 -0.07420764 -0.01316949 8.194541e-07 -0.08958254 -0.01426949 0.003500819 -0.08909864 -0.01426949 0.003500819 -0.08251994 -0.01426949 -0.003499181 -0.08909864 -0.01426949 -0.003499181 -0.08251994 -0.01426949 -0.003249181 -0.08163254 -0.01426949 0.003250819 -0.08163254 -0.01426949 -0.003499181 -0.08074514 -0.01426949 0.003500819 -0.08074514 -0.01426949 -0.003499181 -0.07668254 -0.01426949 8.194541e-07 -0.07318254 -0.01426949 -0.002474051 -0.07420764 -0.01426949 0.002475689 -0.07420764 -0.01426949 0.003500819 -0.07668254 -0.01426949 0.003500819 -0.08251994 -0.01426949 0.003500819 -0.08251994 -0.01316949 0.003748739 -0.08283464 -0.01316949 0.003748739 -0.08043044 -0.01706949 0.003500819 -0.08074514 -0.01426949 0.003250819 -0.08163254 -0.01706949 0.003250819 -0.08163254 -0.01426949 0.003748739 -0.08283464 -0.01706949 0.004950819 -0.08333254 -0.01706949 0.004950819 -0.08333254 -0.01316949 0.006152899 -0.08283464 -0.01706949 0.006152899 -0.08283464 -0.01316949 0.006650819 -0.08163254 -0.01706949 0.006650819 -0.08163254 -0.01316949 0.006152899 -0.08043044 -0.01706949 0.006152899 -0.08043044 -0.01316949 0.004950819 -0.07993254 -0.01706949 0.004950819 -0.07993254 -0.01316949 0.003748739 -0.08043044 -0.01316949 0.003500819 -0.08074514 -0.01316949 -0.003499181 -0.08074514 -0.01426949 -0.003499181 -0.08074514 -0.01316949 -0.003747101 -0.08043044 -0.01316949 -0.003747101 -0.08283464 -0.01706949 -0.003499181 -0.08251994 -0.01426949 -0.003249181 -0.08163254 -0.01706949 -0.003249181 -0.08163254 -0.01426949 -0.003747101 -0.08043044 -0.01706949 -0.004949181 -0.07993254 -0.01706949 -0.004949181 -0.07993254 -0.01316949 -0.006151261 -0.08043044 -0.01706949 -0.006151261 -0.08043044 -0.01316949 -0.006649181 -0.08163254 -0.01706949 -0.006649181 -0.08163254 -0.01316949 -0.006151261 -0.08283464 -0.01706949 -0.006151261 -0.08283464 -0.01316949 -0.004949181 -0.08333254 -0.01706949 -0.004949181 -0.08333254 -0.01316949 -0.003747101 -0.08283464 -0.01316949 -0.003499181 -0.08251994 -0.01316949 0.006650819 -0.07173254 -0.01706949 0.006650819 -0.07173254 -0.01316949 0.006152899 -0.07053044 -0.01706949 0.006152899 -0.07053044 -0.01316949 0.004950819 -0.07003254 -0.01706949 0.004950819 -0.07003254 -0.01316949 0.003748739 -0.07053044 -0.01706949 0.003748739 -0.07053044 -0.01316949 0.003250819 -0.07173254 -0.01706949 0.003250819 -0.07173254 -0.01316949 0.003748739 -0.07293464 -0.01706949 0.003748739 -0.07293464 -0.01316949 0.004950819 -0.07343254 -0.01706949 0.004950819 -0.07343254 -0.01316949 0.006152899 -0.07293464 -0.01706949 0.006152899 -0.07293464 -0.01316949 -0.003249181 -0.07173254 -0.01706949 -0.003249181 -0.07173254 -0.01316949 -0.003747101 -0.07053044 -0.01706949 -0.003747101 -0.07053044 -0.01316949 -0.004949181 -0.07003254 -0.01706949 -0.004949181 -0.07003254 -0.01316949 -0.006151261 -0.07053044 -0.01706949 -0.006151261 -0.07053044 -0.01316949 -0.006649181 -0.07173254 -0.01706949 -0.006649181 -0.07173254 -0.01316949 -0.006151261 -0.07293464 -0.01706949 -0.006151261 -0.07293464 -0.01316949 -0.004949181 -0.07343254 -0.01706949 -0.004949181 -0.07343254 -0.01316949 -0.003747101 -0.07293464 -0.01706949 -0.003747101 -0.07293464 -0.01316949 0.01029372 0.04018046 -0.02706949 0.01100082 0.04047346 -0.02706949 -0.009549181 0.03847346 -0.02706949 0.01000082 0.03947346 -0.02706949 -0.01099918 0.04047346 -0.02706949 -0.01029208 0.04018046 -0.02706949 -0.009999181 0.03947346 -0.02706949 -0.009999181 0.03847346 -0.02706949 0.01000082 0.03847346 -0.02706949 0.009550819 0.03847346 -0.02706949 0.009550819 0.03667346 -0.02706949 -0.009549181 0.03667346 -0.02706949 -0.003137251 0.03667346 0.004880507 -0.003137251 0.03777346 0.004880507 -0.002474051 0.03777346 0.005805407 -0.002474051 0.03447346 0.005805407 -0.003499181 0.03447346 0.003330507 -0.003499181 0.03667346 0.003330507 -0.002474051 0.03667346 0.0008556074 -0.002474051 0.03447346 0.0008556074 8.194541e-07 0.03667346 -0.0001694926 8.194541e-07 0.03447346 -0.0001694926 0.002475689 0.03667346 0.0008556074 0.002475689 0.03447346 0.0008556074 0.003500819 0.03667346 0.003330507 0.003500819 0.03447346 0.003330507 0.003138889 0.03667346 0.004880507 0.002475689 0.03447346 0.005805407 0.003138889 0.03777346 0.004880507 8.194541e-07 0.03447346 0.006830507 8.194541e-07 0.03777346 0.006830507 0.002475689 0.03777346 0.005805407 -0.01895698 0.04061446 -0.02626949 -0.01895698 0.04061446 0.01218187 -0.01889708 0.04081346 0.01218199 -0.01604138 0.05033246 0.01253051 -0.01604138 0.05033246 -0.03081429 -0.01884728 0.04098046 0.0122975 -0.01878668 0.04118146 0.01252603 -0.01878538 0.04118646 0.01253051 -0.01878668 0.04118146 -0.02756359 -0.01828718 0.04284646 -0.02876949 -0.01749258 0.04549546 -0.02980499 -0.01765518 0.04147346 0.01353051 -0.01279918 0.04147346 0.01353051 -0.01499918 0.05032646 0.01353051 -0.01279918 0.07397346 0.01353051 -0.01499918 0.07397346 0.01353051 -0.008999181 0.07397346 -0.03186949 -0.008999181 0.07357346 -0.03186949 -0.01179918 0.07357346 -0.03186949 -0.01279918 0.07184146 -0.03186949 -0.01279918 0.04127146 -0.03186949 -0.01349518 0.04125946 -0.03186949 -0.01221638 0.07313646 -0.03186949 -0.01241448 0.07288946 -0.03186949 -0.01499918 0.07397346 -0.03186949 -0.01260838 0.07257546 -0.03186949 -0.01279918 0.07184846 -0.03186949 -0.01411558 0.04119346 -0.03186949 -0.01495878 0.05047346 -0.03186949 -0.01476558 0.04102746 -0.03186949 -0.01495878 0.04093946 -0.03186949 -0.01180368 0.07356946 -0.03186949 -0.01496608 0.05047346 -0.03186949 -0.01499918 0.05047346 -0.03186949 0.01879502 0.04115946 0.01262301 0.01895862 0.04061446 0.01289194 0.01895862 0.04061446 -0.02626949 0.01645862 0.04894746 -0.03059959 0.01604302 0.05033246 -0.03081429 0.01604302 0.05033246 0.01253051 0.01878832 0.04118146 -0.02756359 0.01828882 0.04284646 -0.02876949 0.01861462 0.04176046 0.01253051 0.01749422 0.04549546 -0.02980499 0.01496042 0.05047346 -0.03186949 0.01496042 0.04093946 -0.03186949 0.01471282 0.04104846 -0.03186949 0.009000819 0.07357346 -0.03186949 0.009000819 0.07397346 -0.03186949 0.01180082 0.07357346 -0.03186949 0.01500082 0.07397346 -0.03186949 0.01180532 0.07356946 -0.03186949 0.01242422 0.07287746 -0.03186949 0.01280082 0.04127146 -0.03186949 0.01280082 0.07184146 -0.03186949 0.01339702 0.04126446 -0.03186949 0.01355522 0.04125546 -0.03186949 0.01500622 0.05047346 -0.03186949 0.01500082 0.05062046 -0.03186949 0.01268642 0.07240846 -0.03186949 0.01500082 0.07397346 0.01353051 0.01280082 0.07397346 0.01353051 0.01500082 0.05062046 0.01353051 0.01280082 0.04147346 0.01353051 0.01508512 0.05004546 0.01353051 0.01765682 0.04147346 0.01353051 -0.004199181 -0.04852654 -0.006169493 -0.004199181 -0.04852654 -0.01451869 -0.003121681 -0.04852654 -0.006169493 -3.703515e-05 -0.04852654 -0.01479729 8.194541e-07 -0.04852654 -0.006669493 0.003123319 -0.04852654 -0.006169493 0.004200819 -0.04852654 -0.01451869 0.004200819 -0.04852654 -0.006169493 0.004200819 -0.05652654 -0.006169493 0.004200819 -0.05652654 -0.01581689 0.003123319 -0.05652654 -0.006169493 8.194541e-07 -0.05652654 -0.01585279 8.194541e-07 -0.05652654 -0.006669493 -0.003121681 -0.05652654 -0.006169493 -0.004199181 -0.05652654 -0.01581689 -0.004199181 -0.05652654 -0.006169493 -0.005270691 -0.04973964 -0.005169493 -0.005267011 -0.04973814 -0.005169493 -0.005267011 -0.05531494 -0.005169493 -0.006179081 -0.05470644 -0.005169493 -0.006786041 -0.05379804 -0.005169493 -0.005270691 -0.05531344 -0.005169493 -0.006999181 -0.05272654 -0.005169493 -0.006179081 -0.05034664 -0.005169493 -0.006786041 -0.05125504 -0.005169493 -0.006999181 -0.05232654 -0.005169493 0.005272329 -0.05531344 -0.005169493 0.005268649 -0.05531494 -0.005169493 0.005268649 -0.04973814 -0.005169493 0.006180719 -0.05034664 -0.005169493 0.006787679 -0.05125504 -0.005169493 0.005272329 -0.04973964 -0.005169493 0.007000819 -0.05232654 -0.005169493 0.006180719 -0.05470644 -0.005169493 0.006787679 -0.05379804 -0.005169493 0.007000819 -0.05272654 -0.005169493 -0.007999181 -0.05232654 -0.01464439 -0.007999181 -0.05232654 -0.006169493 -0.007999181 -0.05272654 -0.01473089 -0.007999181 -0.05272654 -0.006169493 0.008000819 -0.05232654 -0.006169493 0.008000819 -0.05232654 -0.01464439 0.008000819 -0.05272654 -0.006169493 0.008000819 -0.05272654 -0.01473089 0.007885589 -0.05139784 -0.01440919 0.007412669 -0.05029574 -0.01421409 0.007711559 -0.05087234 -0.006169493 0.006888179 -0.04963994 -0.01417309 0.006887829 -0.04963954 -0.006169493 0.006578229 -0.04936214 -0.01418239 0.005655019 -0.04881584 -0.006169493 0.005457209 -0.04874024 -0.01431159 0.007711559 -0.05418074 -0.006169493 0.004948739 -0.05645224 -0.01578659 0.005655019 -0.05623724 -0.006169493 0.007777749 -0.05400934 -0.01509709 0.007130569 -0.05514654 -0.01542749 0.006887829 -0.05541354 -0.006169493 0.006889149 -0.05541224 -0.01550239 0.006140359 -0.05599434 -0.01566169 -0.005653381 -0.05623724 -0.006169493 -0.007889441 -0.05363314 -0.01498719 -0.007709921 -0.05418074 -0.006169493 -0.007389131 -0.05479154 -0.01532559 -0.006886191 -0.05541354 -0.006169493 -0.005443721 -0.05631694 -0.01574829 -0.006546641 -0.05571474 -0.01558599 -0.006887731 -0.05541204 -0.01550229 -0.005175511 -0.04865414 -0.01435559 -0.006279301 -0.04914644 -0.01420549 -0.005653381 -0.04881584 -0.006169493 -0.006885951 -0.04963934 -0.01417309 -0.006886191 -0.04963954 -0.006169493 -0.007183621 -0.04997424 -0.01418459 -0.007709921 -0.05087234 -0.006169493 -0.007792581 -0.05109064 -0.01434319 0.01100082 0.01017346 -0.009407193 0.01100082 0.01017346 -0.007994293 0.01100082 0.01779146 -0.009407193 0.01100082 0.03067346 -0.007994293 0.01100082 0.01832846 -0.01015459 0.01100082 0.03067346 -0.02579529 0.01100082 0.02997746 -0.02579529 0.01100082 0.02404546 -0.01867489 0.01100082 0.02176946 -0.01562859 0.01100082 0.02137346 -0.01492139 -0.003429721 0.006373456 -0.01280889 -0.006696141 0.006373456 -0.01283739 -0.006710331 0.006373456 -0.01174299 -0.007199181 0.006373456 -0.01261969 -0.007199181 0.006373456 -0.01151569 0.007200819 0.006373456 -0.01151569 0.007200819 0.006373456 -0.01261969 0.003431359 0.006373456 -0.01280889 0.003414899 0.006373456 -0.01383319 8.194541e-07 0.006373456 -0.01316949 8.194541e-07 0.006373456 -0.01416949 -0.003413261 0.006373456 -0.01383319 -0.01099918 0.01017346 -0.007994293 -0.01099918 0.01017346 -0.009407193 -0.01099918 0.01779146 -0.009407193 -0.01099918 0.03067346 -0.007994293 -0.01099918 0.01832846 -0.01015459 -0.01099918 0.01911646 -0.01129429 -0.01099918 0.02997746 -0.02579529 -0.01099918 0.03067346 -0.02579529 -0.01099918 0.02404546 -0.01867469 -0.01099918 0.02176946 -0.01562859 -0.01090958 0.03149346 -0.008112993 -0.008105461 0.03436346 -0.02639269 -0.009179631 0.03391646 -0.02587529 -0.008653381 0.03418446 -0.02256949 -0.009886191 0.03336046 -0.02573709 -0.009886191 0.03336046 -0.02256949 -0.01070998 0.03212746 -0.02574789 -0.01066078 0.03224146 -0.02256949 -0.01066078 0.03224146 -0.008430693 0.01071122 0.03212846 -0.02574789 0.01066242 0.03224146 -0.02256949 0.01066242 0.03224146 -0.008430693 0.01091212 0.03148946 -0.008111793 0.009887829 0.03336046 -0.02573709 0.009887829 0.03336046 -0.02256949 0.009181269 0.03391646 -0.02587529 0.008655019 0.03418446 -0.02256949 0.008108249 0.03436346 -0.02639189 0.008668559 0.006668456 -0.01164529 0.008672309 0.006669456 -0.01046039 0.009887829 0.007486456 -0.01059839 0.009887829 0.007486456 -0.009319193 0.01068702 0.008661456 -0.009769293 0.01068462 0.008655456 -0.008403093 -0.008671641 0.006670456 -0.01045959 -0.008668241 0.006668456 -0.01164429 -0.009886191 0.007486456 -0.009319193 -0.009886191 0.007486456 -0.01059839 -0.01068338 0.008656456 -0.008402593 -0.01068758 0.008666456 -0.009766793 -0.01091668 0.009385456 -0.008103693 0.01336042 0.04047346 -0.03225869 0.01350302 0.04047346 -0.03224839 0.01464532 0.03426846 -0.03203969 0.01450732 0.04047346 -0.03207729 0.01470862 0.04047346 -0.03202129 0.01534512 0.04047346 -0.03179249 0.01535232 0.04047346 -0.03178949 0.01609032 0.03372846 -0.03141299 0.01879642 0.04089446 -0.02782239 0.01893412 0.03428846 -0.02716189 0.01873822 0.03381046 -0.02802499 0.01866522 0.03364746 -0.02824809 0.01794022 0.03230546 -0.02967569 0.01819702 0.04255946 -0.02926949 0.01743872 0.03281346 -0.03030739 0.01724342 0.04520846 -0.03051209 0.01600082 0.04866046 -0.03146569 0.01550202 0.05004546 -0.03172329 0.01535232 0.05047346 -0.03178949 0.01540732 0.05047346 -0.03176579 0.01808762 0.03229946 0.01901245 0.01873722 0.03377646 0.01758948 0.01819702 0.03947346 0.01883051 0.01894692 0.03432146 0.01663271 0.01879642 0.03947346 0.01738342 0.01600082 0.03947346 0.02102666 0.01639002 0.02913746 0.0207816 0.01695132 0.03010446 0.02034639 0.01724342 0.03947346 0.02007315 0.01455372 0.03947346 0.02162606 0.01321752 0.03443446 0.0218266 0.01392892 0.03383746 0.0217583 -0.01761568 0.03134546 0.01966294 -0.01638838 0.02913746 0.0207816 -0.01572368 0.03057946 0.02117625 -0.01423468 0.03340946 0.02170192 -0.01356148 0.03422446 0.0218041 -0.01599918 0.03947346 0.02102666 -0.01325638 0.03441846 0.02182499 -0.01455208 0.03947346 0.02162606 -0.01879478 0.03947346 0.01738342 -0.01892838 0.03427446 0.01674937 -0.01819538 0.03947346 0.01883051 -0.01862098 0.03349846 0.01792696 -0.01818048 0.03250146 0.01885612 -0.01724178 0.03947346 0.02007315 -0.01494078 0.03418746 -0.03194669 -0.01649828 0.03350146 -0.03114359 -0.01535068 0.04047346 -0.03178949 -0.01893948 0.03430646 -0.02711409 -0.01879478 0.04089446 -0.02782239 -0.01674818 0.03334346 -0.03095409 -0.01819538 0.04255946 -0.02926949 -0.01793858 0.03230546 -0.02967569 -0.01868428 0.03369246 -0.02818789 -0.01724178 0.04520846 -0.03051209 -0.01541018 0.05029646 -0.03176379 -0.01539728 0.05029546 -0.03176939 -0.01535068 0.05029846 -0.03178949 -0.01344878 0.04047346 -0.03225259 -0.01341668 0.03446046 -0.03225499 -0.01534348 0.04047346 -0.03179249 -0.01470698 0.04047346 -0.03202129 -0.01455038 0.04047346 -0.03206549 -0.01399988 0.04047346 -0.03218549 -0.01339918 0.07457346 -0.02016949 -0.01539918 0.07457346 -0.03086949 -0.01539918 0.07457346 0.01253051 -0.008599181 0.07457346 -0.03086949 -0.008716341 0.07457346 -0.03115229 -0.008999181 0.07457346 -0.03126949 -0.01499918 0.07457346 -0.03126949 -0.01528198 0.07457346 -0.03115229 -0.01528198 0.07457346 0.01281335 -0.01499918 0.07457346 0.01293051 -0.01339918 0.07457346 0.01293051 -0.01109768 0.07457346 -0.02651799 -0.01144918 0.07457346 -0.02566949 -0.01024918 0.07457346 -0.02686949 -0.009400651 0.07457346 -0.02651799 -0.009049181 0.07457346 -0.02566949 -0.008599181 0.07457346 -0.02056949 -0.009400651 0.07457346 -0.02482099 -0.01024918 0.07457346 -0.02446949 -0.008716341 0.07457346 -0.02028669 -0.008999181 0.07457346 -0.02016949 -0.01109768 0.07457346 -0.02482099 -0.01599918 0.07397346 -0.03086949 -0.01599918 0.05061746 -0.03086949 -0.01599918 0.07397346 0.01253051 -0.01599918 0.05062046 -0.03081429 -0.01599918 0.05062046 0.01253051 -0.01179918 0.07357346 -0.01956949 -0.008999181 0.07357346 -0.01956949 -0.01179918 0.07397346 -0.01956949 -0.008999181 0.07397346 -0.01956949 -0.009400651 0.07257346 -0.02651799 -0.01024918 0.07257346 -0.02686949 -0.008999181 0.07257346 -0.03086949 -0.01179918 0.07257346 -0.03086949 -0.009049181 0.07257346 -0.02566949 -0.008999181 0.07257346 -0.02056949 -0.009400651 0.07257346 -0.02482099 -0.01109768 0.07257346 -0.02651799 -0.01144918 0.07257346 -0.02566949 -0.01179918 0.07257346 -0.02056949 -0.01109768 0.07257346 -0.02482099 -0.01024918 0.07257346 -0.02446949 -0.007999181 0.07397346 -0.02056949 -0.007999181 0.07357346 -0.02056949 -0.007999181 0.07397346 -0.03086949 -0.007999181 0.07357346 -0.03086949 0.01597522 0.05047346 -0.03113539 0.01601152 0.05047346 -0.03085609 0.01595012 0.05047346 -0.03118839 0.01583102 0.05047346 -0.03144039 0.01578232 0.05047346 -0.03148169 0.01559382 0.05047346 -0.03168029 0.01561222 0.05047346 -0.03164539 0.01540732 0.05047346 -0.03176579 0.01533962 0.05047346 -0.03181269 0.01535232 0.05047346 -0.03178949 0.01500622 0.05047346 -0.03186949 0.01496042 0.05047346 -0.03186949 0.01600082 0.07397346 -0.03085209 0.01600082 0.07397346 0.01253051 0.01600082 0.05062046 -0.03085209 0.01600082 0.05062046 0.01253051 0.008600819 0.07457346 -0.02056949 0.008717979 0.07457346 -0.02028669 0.009000819 0.07457346 -0.02016949 0.01534842 0.07457346 -0.03106749 0.01520182 0.07457346 -0.03121529 0.01500082 0.07457346 -0.03126949 0.01145082 0.07457346 -0.02566949 0.01109932 0.07457346 -0.02482099 0.01340082 0.07457346 -0.02016949 0.01025082 0.07457346 -0.02446949 0.009402289 0.07457346 -0.02482099 0.009050819 0.07457346 -0.02566949 0.008600819 0.07457346 -0.03086949 0.009402289 0.07457346 -0.02651799 0.01025082 0.07457346 -0.02686949 0.01540082 0.07457346 -0.03086949 0.01109932 0.07457346 -0.02651799 0.009000819 0.07457346 -0.03126949 0.008717979 0.07457346 -0.03115229 0.01340082 0.07457346 0.01293051 0.01500082 0.07457346 0.01293051 0.01540082 0.07457346 0.01253051 0.01528362 0.07457346 0.01281335 0.008000819 0.07397346 -0.03086949 0.008000819 0.07357346 -0.03086949 0.008000819 0.07397346 -0.02056949 0.008000819 0.07357346 -0.02056949 0.009000819 0.07257346 -0.02056949 0.009000819 0.07257346 -0.03086949 0.009050819 0.07257346 -0.02566949 0.009402289 0.07257346 -0.02651799 0.01180082 0.07257346 -0.02056949 0.01145082 0.07257346 -0.02566949 0.01180082 0.07257346 -0.03086949 0.01109932 0.07257346 -0.02651799 0.01025082 0.07257346 -0.02686949 0.009402289 0.07257346 -0.02482099 0.01025082 0.07257346 -0.02446949 0.01109932 0.07257346 -0.02482099 0.01180082 0.07397346 -0.01956949 0.009000819 0.07397346 -0.01956949 0.01180082 0.07357346 -0.01956949 0.009000819 0.07357346 -0.01956949 -0.01024918 0.07457346 -0.02686949 -0.01024918 0.07257346 -0.02686949 -0.009400651 0.07457346 -0.02651799 -0.009400651 0.07257346 -0.02651799 -0.009049181 0.07457346 -0.02566949 -0.009049181 0.07257346 -0.02566949 -0.009400651 0.07457346 -0.02482099 -0.009400651 0.07257346 -0.02482099 -0.01024918 0.07457346 -0.02446949 -0.01024918 0.07257346 -0.02446949 -0.01109768 0.07457346 -0.02482099 -0.01109768 0.07257346 -0.02482099 -0.01144918 0.07457346 -0.02566949 -0.01144918 0.07257346 -0.02566949 -0.01109768 0.07457346 -0.02651799 -0.01109768 0.07257346 -0.02651799 0.01025082 0.07457346 -0.02686949 0.01025082 0.07257346 -0.02686949 0.01109932 0.07457346 -0.02651799 0.01109932 0.07257346 -0.02651799 0.01145082 0.07457346 -0.02566949 0.01145082 0.07257346 -0.02566949 0.01109932 0.07457346 -0.02482099 0.01109932 0.07257346 -0.02482099 0.01025082 0.07457346 -0.02446949 0.01025082 0.07257346 -0.02446949 0.009402289 0.07457346 -0.02482099 0.009402289 0.07257346 -0.02482099 0.009050819 0.07457346 -0.02566949 0.009050819 0.07257346 -0.02566949 0.009402289 0.07457346 -0.02651799 0.009402289 0.07257346 -0.02651799 0.003800819 0.03777346 0.004880507 0.003800819 0.03777346 0.01893051 0.003800819 0.04047346 0.004880507 0.003800819 0.03947346 0.01893051 0.003800819 0.04047346 0.01919846 -0.003799181 0.03777346 0.01893051 -0.003799181 0.03777346 0.004880507 -0.003799181 0.03947346 0.01893051 -0.003799181 0.04047346 0.004880507 -0.003799181 0.04047346 0.01919846 -0.002799181 0.03947346 0.01993051 0.002800819 0.03947346 0.01993051 -0.002799181 0.03877346 0.01993051 0.002800819 0.03877346 0.01993051 0.003800819 0.03777346 0.004880507 0.003138889 0.03777346 0.004880507 0.003800819 0.03777346 0.01893051 0.002475689 0.03777346 0.005805407 -0.003799181 0.03777346 0.01893051 -0.003137251 0.03777346 0.004880507 -0.003799181 0.03777346 0.004880507 -0.002474051 0.03777346 0.005805407 8.194541e-07 0.03777346 0.006830507 -0.01024918 0.03847346 -0.02826949 -0.01024918 0.04047346 -0.02826949 -0.009400651 0.03847346 -0.02862099 -0.009400651 0.04047346 -0.02862099 -0.009049181 0.03847346 -0.02946949 -0.009049181 0.04047346 -0.02946949 -0.009400651 0.03847346 -0.03031799 -0.009400651 0.04047346 -0.03031799 -0.01024918 0.03847346 -0.03066949 -0.01024918 0.04047346 -0.03066949 -0.01109768 0.03847346 -0.03031799 -0.01109768 0.04047346 -0.03031799 -0.01144918 0.03847346 -0.02946949 -0.01144918 0.04047346 -0.02946949 -0.01109768 0.03847346 -0.02862099 -0.01109768 0.04047346 -0.02862099 0.01025082 0.03847346 -0.02826949 0.01025082 0.04047346 -0.02826949 0.01109932 0.03847346 -0.02862099 0.01109932 0.04047346 -0.02862099 0.01145082 0.03847346 -0.02946949 0.01145082 0.04047346 -0.02946949 0.01109932 0.03847346 -0.03031799 0.01109932 0.04047346 -0.03031799 0.01025082 0.03847346 -0.03066949 0.01025082 0.04047346 -0.03066949 0.009402289 0.03847346 -0.03031799 0.009402289 0.04047346 -0.03031799 0.009050819 0.03847346 -0.02946949 0.009050819 0.04047346 -0.02946949 0.009402289 0.03847346 -0.02862099 0.009402289 0.04047346 -0.02862099 0.01000082 0.03847346 -0.02698199 0.01000082 0.03847346 -0.02706949 0.01025082 0.03847346 -0.02696949 0.01275082 0.03847346 -0.02946949 0.01201862 0.03847346 -0.02770169 0.01145082 0.03847346 -0.02946949 0.01109932 0.03847346 -0.02862099 0.01025082 0.03847346 -0.02826949 0.009550819 0.03847346 -0.02706949 0.009402289 0.03847346 -0.02862099 0.008483049 0.03847346 -0.02770169 0.009050819 0.03847346 -0.02946949 0.007750819 0.03847346 -0.02946949 0.009402289 0.03847346 -0.03031799 0.008483049 0.03847346 -0.03123729 0.01025082 0.03847346 -0.03066949 0.01025082 0.03847346 -0.03196949 0.01109932 0.03847346 -0.03031799 0.01201862 0.03847346 -0.03123729 0.01000082 0.03667346 -0.02698199 0.01000082 0.03847346 -0.02698199 0.01025082 0.03847346 -0.02696949 0.009550819 0.03847346 -0.02706949 0.009550819 0.03667346 -0.02706949 0.008483049 0.03447346 -0.02770169 0.01025082 0.03447346 -0.02696949 0.01201862 0.03447346 -0.02770169 0.01201862 0.03847346 -0.02770169 0.01275082 0.03447346 -0.02946949 0.01275082 0.03847346 -0.02946949 0.01201862 0.03447346 -0.03123729 0.01201862 0.03847346 -0.03123729 0.01025082 0.03447346 -0.03196949 0.01025082 0.03847346 -0.03196949 0.008483049 0.03447346 -0.03123729 0.008483049 0.03847346 -0.03123729 0.007750819 0.03447346 -0.02946949 0.007750819 0.03847346 -0.02946949 0.008483049 0.03847346 -0.02770169 -0.009999181 0.03847346 -0.02706949 -0.009999181 0.03847346 -0.02698199 -0.01274918 0.03847346 -0.02946949 -0.01024918 0.03847346 -0.02696949 -0.01201698 0.03847346 -0.02770169 -0.009400651 0.03847346 -0.02862099 -0.009549181 0.03847346 -0.02706949 -0.01024918 0.03847346 -0.02826949 -0.01109768 0.03847346 -0.02862099 -0.01144918 0.03847346 -0.02946949 -0.01109768 0.03847346 -0.03031799 -0.01201698 0.03847346 -0.03123729 -0.01024918 0.03847346 -0.03066949 -0.01024918 0.03847346 -0.03196949 -0.009400651 0.03847346 -0.03031799 -0.008481411 0.03847346 -0.03123729 -0.009049181 0.03847346 -0.02946949 -0.007749181 0.03847346 -0.02946949 -0.008481411 0.03847346 -0.02770169 -0.009549181 0.03667346 -0.02706949 -0.009549181 0.03847346 -0.02706949 -0.008481411 0.03847346 -0.02770169 -0.008481411 0.03447346 -0.02770169 -0.01024918 0.03447346 -0.02696949 -0.009999181 0.03667346 -0.02698199 -0.007749181 0.03447346 -0.02946949 -0.007749181 0.03847346 -0.02946949 -0.008481411 0.03447346 -0.03123729 -0.008481411 0.03847346 -0.03123729 -0.01024918 0.03447346 -0.03196949 -0.01024918 0.03847346 -0.03196949 -0.01201698 0.03447346 -0.03123729 -0.01201698 0.03847346 -0.03123729 -0.01274918 0.03447346 -0.02946949 -0.01274918 0.03847346 -0.02946949 -0.01201698 0.03447346 -0.02770169 -0.01201698 0.03847346 -0.02770169 -0.01024918 0.03847346 -0.02696949 -0.009999181 0.03847346 -0.02698199 -0.01099918 0.03567346 -0.004569493 -0.01099918 0.03547346 -0.004569493 -0.01099918 0.03547346 -0.007994293 -0.01099918 0.03380946 -0.007994293 -0.01099918 0.03388946 -0.008430693 -0.01099918 0.03567346 -0.02056949 -0.01099918 0.03667346 -0.02083749 -0.01099918 0.03947346 -0.02083749 -0.01099918 0.03947346 -0.004569493 -0.01099918 0.03667346 -0.004301593 -0.01099918 0.03947346 -0.004301593 -0.01099918 0.03457246 -0.02056949 -0.01099918 0.03388946 -0.02064269 0.01100082 0.03388946 -0.008430693 0.01100082 0.03380946 -0.007994293 0.01100082 0.03547346 -0.007994293 0.01100082 0.03547346 -0.004569493 0.01100082 0.03567346 -0.004569493 0.01100082 0.03947346 -0.02083749 0.01100082 0.03667346 -0.004301593 0.01100082 0.03947346 -0.004301593 0.01100082 0.03667346 -0.02083749 0.01100082 0.03567346 -0.02056949 0.01100082 0.03457246 -0.02056949 0.01100082 0.03388946 -0.02064269 0.009037699 0.03510846 -0.02156949 0.01000082 0.03457246 -0.02156949 0.01000082 0.03567346 -0.02156949 -0.009999181 0.03457246 -0.02156949 -0.009036061 0.03510846 -0.02156949 -0.009999181 0.03567346 -0.02156949 -0.007199181 0.03547346 -0.02156949 0.007200819 0.03547346 -0.02156949 -0.009999181 0.03547346 -0.003569493 -0.009999181 0.03567346 -0.003569493 0.01000082 0.03547346 -0.003569493 0.01000082 0.03567346 -0.003569493 0.01110082 -0.06171384 0.02139618 -0.01109918 -0.06199584 0.02152603 0.01110082 -0.06069814 0.02065893 -0.01109918 -0.06069814 0.02065893 0.01110082 -0.06030804 0.02020561 -0.01109918 -0.06030804 0.02020561 0.01115802 -0.05975194 0.01915428 -0.01115638 -0.05975194 0.01915428 -0.01109918 -0.06171694 -0.01153679 0.01110082 -0.06199584 -0.01166499 -0.01109918 -0.06069814 -0.01079789 0.01110082 -0.06069814 -0.01079789 -0.01109918 -0.06031224 -0.01035029 0.01110082 -0.06031224 -0.01035029 -0.01115268 -0.05975194 -0.009293093 0.01115432 -0.05975194 -0.009293093 -0.01182898 -0.05802104 0.0265904 -0.01209028 -0.05945924 0.02589488 -0.01165918 -0.07228984 0.0267928 -0.01177938 -0.07226794 0.02665737 -0.01061168 -0.07248494 0.02723146 -0.01060468 -0.05980914 0.0272315 -0.01116808 -0.05925254 0.02711944 -0.01168478 -0.05842374 0.0267666 -0.01095188 -0.07242054 0.02718944 0.01178102 -0.07226794 0.02665737 0.01166082 -0.07228984 0.0267928 0.01235022 -0.07502094 0.02679217 -0.01177938 -0.07226794 0.02665737 -0.01095188 -0.07242054 0.02718944 -0.01165918 -0.07228984 0.0267928 -0.01234858 -0.07502094 0.02679217 0.01061332 -0.07248494 0.02723146 0.01095352 -0.07242054 0.02718944 -0.01242068 -0.07766994 0.02679217 -0.01193098 -0.08027424 0.02679217 -0.01090168 -0.08271614 0.02679217 -0.009379281 -0.08488514 0.02679217 -0.007432661 -0.08668314 0.02679217 -0.005149851 -0.08802884 0.02679217 -0.002634101 -0.08886144 0.02679217 8.194541e-07 -0.08914324 0.02679217 0.002635739 -0.08886144 0.02679217 0.005151489 -0.08802884 0.02679217 0.007434299 -0.08668314 0.02679217 0.009380919 -0.08488514 0.02679217 0.01090332 -0.08271614 0.02679217 0.01193262 -0.08027424 0.02679217 0.01242232 -0.07766994 0.02679217 0.01060632 -0.05980914 0.0272315 0.01209262 -0.05946474 0.02588789 0.01183062 -0.05802104 0.0265904 0.01168642 -0.05842374 0.0267666 0.01178102 -0.07226794 0.02665737 0.01166082 -0.07228984 0.0267928 0.01095352 -0.07242054 0.02718944 0.01116972 -0.05925254 0.02711944 -0.01061168 -0.07248494 -0.01706949 -0.01141248 -0.07233494 -0.01682989 -0.01060468 -0.05967254 -0.01706949 -0.01165908 -0.07228984 -0.01663099 -0.01090728 -0.05937384 -0.01703749 -0.01201668 -0.07222514 -0.01606009 -0.01209348 -0.05948334 -0.01569959 -0.01171398 -0.05738084 -0.01657309 0.01141412 -0.07233494 -0.01682989 0.01166072 -0.07228984 -0.01663099 0.01235022 -0.07502094 -0.01663019 0.01201832 -0.07222514 -0.01606009 -0.01201668 -0.07222514 -0.01606009 -0.01165908 -0.07228984 -0.01663099 -0.01234858 -0.07502094 -0.01663019 -0.01141248 -0.07233494 -0.01682989 0.01061332 -0.07248494 -0.01706949 -0.01242068 -0.07766994 -0.01663019 -0.01193098 -0.08027424 -0.01663019 -0.01090168 -0.08271614 -0.01663019 -0.009379281 -0.08488514 -0.01663019 -0.007432661 -0.08668314 -0.01663019 -0.005149851 -0.08802884 -0.01663019 -0.002634101 -0.08886144 -0.01663019 8.194541e-07 -0.08914324 -0.01663019 0.002635739 -0.08886144 -0.01663019 0.005151489 -0.08802884 -0.01663019 0.007434299 -0.08668314 -0.01663019 0.009380919 -0.08488514 -0.01663019 0.01090332 -0.08271614 -0.01663019 0.01193262 -0.08027424 -0.01663019 0.01242232 -0.07766994 -0.01663019 0.01060632 -0.05967254 -0.01706949 0.01209202 -0.05946014 -0.01573149 0.01201832 -0.07222514 -0.01606009 0.01166072 -0.07228984 -0.01663099 0.01090892 -0.05937384 -0.01703749 0.01171562 -0.05738084 -0.01657309 0.01141412 -0.07233494 -0.01682989 -0.01516648 0.05034746 -0.03184769 -0.01534648 0.04047846 -0.03179129 -0.01497898 0.05044446 -0.03186929 -0.01496238 0.05046846 -0.03186949 0.01534812 0.04047846 -0.03179129 -0.01552028 0.05032946 0.01339654 -0.01822028 0.04132946 0.01339654 -0.01590168 0.05033246 0.01303051 -0.01863398 0.04122446 0.01303051 -0.01279918 0.04102546 -0.03190019 -0.01279918 0.04047346 -0.03226619 -0.01299918 0.04047346 -0.03226949 -0.01346938 0.04082246 -0.03197039 -0.01405258 0.04080146 -0.03195189 -0.01465228 0.04073646 -0.03191979 -0.01482778 0.04069746 -0.03190819 -0.01344878 0.04047346 -0.03225259 -0.01399988 0.04047346 -0.03218549 -0.01455038 0.04047346 -0.03206549 -0.01470698 0.04047346 -0.03202129 -0.01864928 0.04093046 0.01323207 -0.01833688 0.04077446 0.0136457 -0.01807868 0.04053446 0.01413709 -0.01765518 0.04076646 0.0138234 -0.01828108 0.04073246 0.01372201 -0.01824828 0.04070546 0.01377066 -0.01876438 0.04096246 0.01301961 -0.01883798 0.04097846 0.01280475 -0.01884728 0.04098046 0.0122975 -0.01886058 0.04098246 0.01237517 -0.01886898 0.04098346 0.01260187 -0.01534348 0.04047346 -0.03179249 -0.01279918 0.04076646 0.0138234 0.01600352 0.05054646 -0.03084969 0.01534512 0.04047346 -0.03179249 0.01482942 0.04069746 -0.03190819 0.01470862 0.04047346 -0.03202129 0.01300082 0.04047346 -0.03226949 0.01280082 0.04047346 -0.03226619 0.01280082 0.04064646 -0.03208869 0.01337662 0.04082346 -0.03197209 0.01336042 0.04047346 -0.03225869 0.01352622 0.04082146 -0.03196919 0.01460422 0.04074446 -0.03192289 0.01350302 0.04047346 -0.03224839 0.01450732 0.04047346 -0.03207729 0.01783712 0.04117246 0.01357676 0.01280082 0.04076646 0.0138234 0.01800082 0.04090046 0.01371122 0.01800082 0.04076646 0.0138234 0.01800082 0.04058646 0.01406866 -0.01540888 0.05047346 -0.03178169 -0.01570628 0.05047346 -0.03157659 -0.01570628 0.07397346 -0.03157659 -0.01594348 0.05053246 -0.03119849 -0.01587528 0.05047346 -0.03135159 -0.01518748 0.05047346 -0.03185159 -0.01537378 0.05047346 -0.03179669 -0.01540128 0.05047346 -0.03178509 0.01600082 0.05062046 -0.03086079 0.01601152 0.05047346 -0.03085609 0.01587442 0.05062046 -0.03135619 0.01597522 0.05047346 -0.03113539 0.01583102 0.05047346 -0.03144039 0.01559382 0.05047346 -0.03168029 0.01550742 0.05062046 -0.03173169 0.01533962 0.05047346 -0.03181269 -0.004199181 -0.05643184 -0.005744693 -0.004737141 -0.05620554 -0.005475793 -0.004999181 -0.05597234 -0.005329793 -0.005541291 -0.05596664 -0.005462393 -0.007706291 -0.05272654 -0.005462393 -0.007439321 -0.05406864 -0.005462393 -0.006679081 -0.05520644 -0.005462393 -0.007706291 -0.05232654 -0.005462393 -0.004199181 -0.04862124 -0.005744693 0.01600082 0.07397346 -0.03086079 0.01586972 0.07397346 -0.03136449 0.01550332 0.07397346 -0.03173409 -0.008292071 0.07357346 -0.01986239 -0.008292071 0.07397346 -0.01986239 -0.008292071 0.07357346 -0.03157659 -0.008292071 0.07397346 -0.03157659 -0.004999181 -0.04908074 -0.005329793 -0.007439321 -0.05098444 -0.005462393 -0.006679081 -0.04984664 -0.005462393 -0.005541291 -0.04908644 -0.005462393 -0.004737141 -0.04884754 -0.005475793 -0.01179918 0.07286646 -0.01986239 -0.008999181 0.07286646 -0.01986239 -0.01179918 0.07307846 -0.03173869 -0.008999181 0.07286646 -0.03157659 -0.01179918 0.07286646 -0.03157659 -0.01179918 0.07270946 -0.03137219 0.008584489 -0.05213314 -0.01553279 0.008159299 -0.05221164 -0.01517219 0.008029139 -0.05126264 -0.01496199 0.008457269 -0.05108984 -0.01532439 0.006708699 -0.04923204 -0.01475889 0.007544119 -0.05016004 -0.01478989 0.005573719 -0.04859944 -0.01486789 0.004271819 -0.04836904 -0.01505269 0.007937759 -0.04987774 -0.01515429 0.007020519 -0.04886384 -0.01512419 0.005763649 -0.04818324 -0.01523349 0.004320449 -0.04794614 -0.01541849 0.009000819 0.07286646 -0.01986239 0.01180082 0.07286646 -0.01986239 0.008293709 0.07357346 -0.01986239 0.008293709 0.07397346 -0.01986239 0.01180082 0.07286646 -0.03157659 0.009000819 0.07286646 -0.03157659 0.008293709 0.07357346 -0.03157659 0.008293709 0.07397346 -0.03157659 -0.008157661 -0.05221164 -0.01517219 -0.008155951 -0.05261364 -0.01525639 -0.008582851 -0.05213314 -0.01553279 -0.008577121 -0.05253624 -0.01561719 0.004212079 -0.05677734 -0.01647919 0.004208709 -0.05664074 -0.01628099 0.004992689 -0.05655954 -0.01624959 0.005071469 -0.05686584 -0.01660719 0.004214799 -0.05695734 -0.01663899 0.007278219 -0.05516184 -0.01590179 0.006242929 -0.05606834 -0.01612649 0.007943859 -0.05395414 -0.01559189 0.008157589 -0.05261364 -0.01525639 0.006440149 -0.05632474 -0.01648339 0.007579859 -0.05533054 -0.01625899 0.008323489 -0.05400704 -0.01595029 0.008578759 -0.05253624 -0.01561719 -0.004318811 -0.04794614 -0.01541849 -0.004270181 -0.04836904 -0.01505269 -0.005284371 -0.04850904 -0.01490639 -0.005443021 -0.04808784 -0.01527199 -0.007314191 -0.04984114 -0.01476349 -0.006408501 -0.04901514 -0.01477759 -0.007931581 -0.05095294 -0.01490369 -0.006688771 -0.04862894 -0.01514299 -0.007686991 -0.04952824 -0.01512829 -0.008354851 -0.05074924 -0.01526669 -3.767585e-05 -0.04837454 -0.01532729 -3.812175e-05 -0.04796464 -0.01569619 8.194541e-07 -0.05678324 -0.01652179 -0.004210441 -0.05677734 -0.01647919 -0.008451551 -0.05357284 -0.01584939 -0.008055241 -0.05355814 -0.01549029 -0.006668731 -0.05576904 -0.01605329 -0.007546331 -0.05478334 -0.01580549 -0.007877571 -0.05491594 -0.01616299 -0.006907921 -0.05599634 -0.01641019 -0.005639711 -0.05670514 -0.01656859 -0.005512101 -0.05641424 -0.01621139 -0.01899918 0.04033346 0.01229766 -0.01895698 0.04061446 0.01218187 -0.01894968 0.04073446 0.01229537 -0.01889708 0.04081346 0.01218199 -0.01896388 0.04074546 0.01243746 -0.01896608 0.04074746 0.0125731 -0.01895798 0.04074146 0.0126964 -0.01893868 0.04072446 0.01283618 -0.01890748 0.04068646 0.01299322 -0.01878948 0.04042346 0.01355397 -0.01873388 0.04023446 0.01403024 -0.01870628 0.04018046 0.01450318 0.01848692 0.04127146 0.01327004 0.01862842 0.04089046 0.01342872 0.01883062 0.04079146 0.01320051 0.01833412 0.04167646 0.01323762 0.005000819 -0.05597234 -0.005329793 0.007707929 -0.05272654 -0.005462393 0.007440959 -0.05406864 -0.005462393 0.006680719 -0.05520644 -0.005462393 0.005542929 -0.05596664 -0.005462393 0.004738779 -0.05620554 -0.005475793 0.004200819 -0.05643184 -0.005744693 0.007707929 -0.05232654 -0.005462393 0.004200819 -0.04862124 -0.005744693 0.004738779 -0.04884754 -0.005475793 0.005000819 -0.04908074 -0.005329793 0.005542929 -0.04908644 -0.005462393 0.007440959 -0.05098444 -0.005462393 0.006680719 -0.04984664 -0.005462393 0.01870792 0.04032646 0.01393338 0.01870792 0.04018046 0.01453051 0.01835002 0.04086446 0.01365966 0.01870792 0.04073246 0.01347126 0.01870442 0.04073446 0.01347411 0.008500819 0.07307346 -0.01986239 0.008293709 0.07286646 -0.02056949 0.008293709 0.07286646 -0.03086949 0.008500819 0.07307346 -0.03157659 -0.008499181 0.07307346 -0.03157659 -0.008292071 0.07286646 -0.03086949 -0.008292071 0.07286646 -0.02056949 -0.008499181 0.07307346 -0.01986239 0.01570792 0.05062046 0.01323762 0.01570792 0.07397346 0.01323762 0.01576242 0.05024846 0.01323762 0.01870792 0.04018046 0.01583051 0.01300082 0.04018046 0.02153762 0.01447792 0.04018046 0.02134315 0.01585442 0.04018046 0.02077301 0.01703632 0.04018046 0.01986604 0.01794332 0.04018046 0.01868406 0.01851342 0.04018046 0.01730762 -0.01870628 0.04018046 0.01583051 -0.01851178 0.04018046 0.01730762 -0.01794168 0.04018046 0.01868406 -0.01703468 0.04018046 0.01986604 -0.01585278 0.04018046 0.02077301 -0.01447628 0.04018046 0.02134315 -0.01299918 0.04018046 0.02153762 -0.01899918 0.04033346 0.01229766 -0.01898858 0.04047146 -0.02626949 0.002800819 0.04047246 0.02088051 -0.002799181 0.04047246 0.02088051 0.002855509 0.04047246 0.02086553 -0.002877481 0.04047346 0.02084976 -0.01570058 0.05026646 -0.03158119 -0.01604068 0.05033346 -0.03084219 -0.01597978 0.05030846 -0.03117359 -0.01744378 0.04536546 -0.03019109 -0.01590848 0.05028946 -0.03132819 -0.01590458 0.05028846 -0.03133499 -0.01828278 0.04270946 -0.02903089 -0.01880918 0.04104146 -0.02769549 -0.01570628 0.07397346 0.01323762 -0.01586518 0.05058046 0.01303051 -0.01570528 0.05053446 0.01323861 -0.01549918 0.05047346 0.01339654 0.01105572 0.03347346 -0.007667393 0.01107152 0.03347346 -0.007624993 0.01106682 0.03511646 -0.007637093 -0.01105408 0.03347346 -0.007667493 0.01013482 0.03654946 -0.02206949 0.01028762 0.03644446 -0.02186849 0.01050082 0.03947346 -0.02170349 0.01035742 0.03641446 -0.02180399 0.01050082 0.03640546 -0.02170349 0.01013482 0.03947346 -0.02206949 -0.01057898 0.03277346 -0.008430693 -0.01078548 0.03327146 -0.02149529 -0.01078548 0.03327146 -0.008430693 -0.01060528 0.03291046 -0.02188079 -0.01065908 0.03224446 -0.02256479 -0.01061558 0.03264946 -0.008137893 -0.01066568 0.03290246 -0.008088493 -0.01068118 0.03242546 -0.008036993 -0.01078548 0.03323146 -0.008212493 -0.01080928 0.03313246 -0.007995693 -0.007490101 0.006080456 -0.01326419 -0.007555491 0.005873456 -0.01340909 -0.009323691 0.006270456 -0.01245229 -0.007404891 0.006239456 -0.01307549 -0.008983951 0.006617456 -0.01213079 -0.01075918 0.007265456 -0.01145619 -0.01165668 0.008607456 -0.01070669 -0.01197928 0.01017346 -0.01040699 -0.01024778 0.007541456 -0.01114609 -0.01101768 0.008768456 -0.01040419 -0.01128508 0.01017346 -0.01010729 -0.01133988 0.01740846 -0.01015909 -0.01101988 0.01768846 -0.009609593 -0.01099918 0.01778846 -0.009413493 -0.01187488 0.01728446 -0.01039949 -0.01246828 0.01734046 -0.01029039 0.01246992 0.01734046 -0.01029039 0.01128672 0.01017346 -0.01010729 0.01159082 0.01732646 -0.01031929 0.01198092 0.01017346 -0.01040699 0.01197972 0.01728146 -0.01040699 0.01218402 0.01728946 -0.01039029 0.01100082 0.01778846 -0.009413493 0.01114272 0.01752946 -0.009920793 0.01128332 0.01743646 -0.01010379 0.01107152 0.03067346 -0.007624993 0.01107152 0.01017346 -0.007624993 0.01096932 0.03158846 -0.007736193 0.01068282 0.03242546 -0.008036993 0.006892259 0.006080456 -0.01087949 0.003251309 0.005873456 -0.01196179 0.003327409 0.006239456 -0.01231989 8.194541e-07 0.006239456 -0.01266949 -0.006890621 0.006080456 -0.01087949 8.194541e-07 0.005873456 -0.01230349 -0.003325771 0.006239456 -0.01231989 -0.003249671 0.005873456 -0.01196179 -0.006506971 0.006239456 -0.01128619 -0.006358091 0.005873456 -0.01095179 0.01070822 0.008476456 -0.008010993 0.009803759 0.007194456 -0.008869593 0.008458339 0.006340456 -0.009923693 -0.008457771 0.006340456 -0.009922993 -0.009802121 0.007194456 -0.008869593 -0.01070708 0.008477456 -0.008010493 -0.01097478 0.009290456 -0.007728493 -0.01106988 0.01017346 -0.007624993 -0.01106988 0.03067346 -0.007624993 -0.01096668 0.03159246 -0.007737193 0.01013482 0.03947346 -0.003069493 0.01050082 0.03947346 -0.003435493 0.01050082 0.03667346 -0.003435493 0.01000372 0.03667046 -0.002645893 0.01022972 0.03647846 -0.003206193 0.01050082 0.03640546 -0.003435493 0.01165592 0.008602456 -0.01070879 0.01101732 0.008762456 -0.01040639 0.01076082 0.007265456 -0.01145619 0.009323759 0.006270456 -0.01245329 0.007557129 0.005873456 -0.01340909 0.007491739 0.006080456 -0.01326419 0.01024942 0.007541456 -0.01114609 0.008984199 0.006616456 -0.01213169 0.007406529 0.006239456 -0.01307549 0.003552849 0.006080456 -0.01452679 8.194541e-07 0.006080456 -0.01487659 -0.003551211 0.006080456 -0.01452679 -0.006966741 0.006080456 -0.01349069 -0.01105318 0.03346846 -0.007669993 -0.01103288 0.03339446 -0.007715093 -0.01098448 0.03330446 -0.007794393 -0.01086948 0.03317946 -0.007934693 -0.01081428 0.03313646 -0.007990793 0.01159082 0.01732646 -0.01031929 0.01128332 0.01743646 -0.01010379 0.01122852 0.01781046 -0.01052169 0.01100082 0.01778846 -0.009413493 0.01231162 0.02097346 -0.01615239 0.01124202 0.02080746 -0.01524419 0.01158962 0.02099646 -0.01611449 0.01184932 0.02051446 -0.01541119 0.01185422 0.02093046 -0.01615589 0.01224802 0.02094846 -0.01614509 0.01100102 0.02175446 -0.01563849 0.01111072 0.02138346 -0.01587169 0.01124362 0.02121546 -0.01597689 0.01114272 0.01752946 -0.009920793 0.01197972 0.01728146 -0.01040699 0.01180802 0.01752846 -0.01072159 0.01218402 0.01728946 -0.01039029 -0.01122688 0.01781046 -0.01052169 -0.01187488 0.01728446 -0.01039949 -0.01180638 0.01752846 -0.01072159 -0.01099918 0.01778846 -0.009413493 -0.01101988 0.01768846 -0.009609593 -0.01133988 0.01740846 -0.01015909 -0.01123058 0.01858646 -0.01165209 -0.01110908 0.02138346 -0.01587169 -0.01099938 0.02175446 -0.01563849 -0.01181778 0.01830146 -0.01184419 -0.01158798 0.02099646 -0.01611449 -0.01124198 0.02121546 -0.01597689 -0.01233238 0.02098746 -0.01616279 -0.01224638 0.02094846 -0.01614509 -0.01185258 0.02093046 -0.01615589 -0.01185258 0.02093046 -0.01615589 -0.01116448 0.02361146 -0.01901299 -0.01121808 0.02919346 -0.02584679 -0.01156218 0.02892446 -0.02595689 -0.01160568 0.02332046 -0.01923939 -0.01158798 0.02099646 -0.01611449 -0.01110908 0.02138346 -0.01587169 -0.01124198 0.02121546 -0.01597689 0.01066072 0.03224446 -0.02256479 0.01060692 0.03291046 -0.02188079 0.01058062 0.03277346 -0.008430693 0.01078712 0.03327146 -0.008430693 0.01078712 0.03327146 -0.02149529 0.01080792 0.03293246 -0.007850793 0.01064032 0.03281546 -0.008109293 0.01078712 0.03323146 -0.008212493 0.01081082 0.03313246 -0.007995693 0.01160732 0.02332046 -0.01923959 0.01116612 0.02361146 -0.01901309 0.01111072 0.02138346 -0.01587169 0.01124362 0.02121546 -0.01597689 0.01158962 0.02099646 -0.01611449 0.01185422 0.02093046 -0.01615589 0.01161252 0.02891046 -0.02597549 0.01127012 0.02912746 -0.02586069 0.01081592 0.03313646 -0.007990693 0.01105482 0.03346846 -0.007669893 0.01009492 0.03356746 -0.02186239 0.01026822 0.03384946 -0.02164649 0.008767099 0.03445446 -0.02186239 0.01060692 0.03291046 -0.02188079 0.007200819 0.03476646 -0.02186239 -0.01060528 0.03291046 -0.02188079 -0.007199181 0.03497346 -0.02170349 -0.008844721 0.03464646 -0.02170349 -0.01023978 0.03371446 -0.02170349 -0.008704651 0.03430846 -0.02206949 -0.009980921 0.03345546 -0.02206949 -0.007199181 0.03460746 -0.02206949 -0.007199181 0.03476646 -0.02186239 -0.01026658 0.03384946 -0.02164649 -0.009999181 0.03617646 -0.02170499 0.01000082 0.03638046 -0.02186239 -0.009999181 0.03638046 -0.02186239 -0.009999181 0.03654246 -0.02207499 -0.01013318 0.03947346 -0.02206949 -0.01013318 0.03654946 -0.02206949 -0.01028648 0.03644446 -0.02186809 -0.01049918 0.03947346 -0.02170349 -0.01049918 0.03640546 -0.02170349 -0.01049918 0.03667346 -0.003435493 -0.01049918 0.03947346 -0.003435493 -0.01013318 0.03947346 -0.003069493 -0.01014238 0.03654246 -0.003085193 -0.01036198 0.03641346 -0.003340193 -0.01044318 0.03640046 -0.003400693 -0.01049918 0.03640546 -0.003435493 0.01081592 0.03313646 -0.007990693 0.01105482 0.03346846 -0.007669893 -0.01078548 0.03327146 -0.02149529 -0.01079528 0.03374646 -0.02130329 -0.01099918 0.03388546 -0.02064759 -0.01070628 0.03457246 -0.02127659 0.01000082 0.03617646 -0.003433993 -0.009999181 0.03638046 -0.003276593 0.01000082 0.03638046 -0.003276593 0.01000082 0.03654246 -0.003063993 -0.01070628 0.03567346 -0.003862393 -0.01070628 0.03547346 -0.003862393 0.01086682 0.03947346 -0.003801493 0.01093442 0.03657246 -0.003943093 0.01100082 0.03667146 -0.004292893 0.01064722 0.04018046 -0.003181893 0.01112052 0.04018046 -0.003655093 0.01129372 0.04018046 -0.004301593 0.01038842 0.04018046 -0.002923093 0.01029372 0.04018046 -0.002569493 0.01129372 0.04018046 -0.02083749 0.01029372 0.04018046 0.004880507 0.01112052 0.04018046 -0.02148389 0.01086682 0.03947346 -0.02133739 0.01064722 0.04018046 -0.02195709 0.01038842 0.04018046 -0.02221589 0.01029372 0.04018046 -0.02256949 0.01013482 0.03654946 -0.02206949 0.01070792 0.03567346 -0.02127659 0.01050082 0.03640546 -0.02170349 0.01035742 0.03641446 -0.02180399 0.01028762 0.03644446 -0.02186849 0.01100082 0.03667146 -0.02084609 0.01093442 0.03657246 -0.02119589 0.01070812 0.03646146 -0.02154439 0.01070792 0.03457246 -0.02127659 0.01100082 0.03388546 -0.02064759 0.01079692 0.03374646 -0.02130329 0.01078712 0.03327146 -0.02149529 -0.01028648 0.03644446 -0.02186809 -0.01049918 0.03640546 -0.02170349 -0.01049918 0.03624346 -0.02158919 -0.01076098 0.03648146 -0.02148529 -0.01086518 0.03642746 -0.02127279 -0.01099918 0.03667146 -0.02084609 -0.01049918 0.03567346 -0.02143549 -0.01070628 0.03567346 -0.02127659 -0.01086518 0.03567346 -0.02106949 -0.01013318 0.03654946 -0.02206949 -0.01099918 0.03667146 -0.004292893 -0.01086518 0.03947346 -0.003801493 -0.01093278 0.03657246 -0.003943093 -0.01070648 0.03646146 -0.003594593 -0.01029208 0.04018046 0.004880507 -0.01029208 0.04018046 -0.002569493 -0.01081428 0.03313646 -0.007990793 -0.01086948 0.03317946 -0.007934693 -0.01105318 0.03346846 -0.007669993 -0.01098448 0.03330446 -0.007794393 -0.01103288 0.03339446 -0.007715093 0.01086682 0.03642746 -0.003866193 0.01093442 0.03657246 -0.003943093 0.01050082 0.03624346 -0.003549793 0.01050082 0.03640546 -0.003435493 0.01050082 0.03567346 -0.003703493 0.01070792 0.03567346 -0.003862393 0.01086682 0.03567346 -0.004069493 0.01022972 0.03647846 -0.003206193 0.01000372 0.03667046 -0.002645893 -0.01086518 0.03947346 -0.02133739 -0.01076098 0.03648146 -0.02148529 0.01093442 0.03657246 -0.02119589 0.01070812 0.03646146 -0.02154439 -0.01038678 0.04018046 -0.002923093 -0.01064558 0.04018046 -0.003181893 -0.01038678 0.04018046 -0.02221589 -0.01029208 0.04018046 -0.02256949 -0.01064558 0.04018046 -0.02195709 -0.01014238 0.03654246 -0.003085193 -0.01049918 0.03640546 -0.003435493 -0.01044318 0.03640046 -0.003400693 -0.01036198 0.03641346 -0.003340193 -0.01093278 0.03657246 -0.003943093 -0.01070648 0.03646146 -0.003594593 0.01070792 0.03547346 -0.003862393 -0.01029208 0.04018046 -0.02706949 -0.01111888 0.04018046 -0.02148389 -0.01129208 0.04018046 -0.02083749 -0.01129208 0.04018046 -0.004301593 -0.01111888 0.04018046 -0.003655093 0.01029372 0.04018046 -0.02706949 0.01500082 0.07439746 0.01335477 0.01558362 0.07439746 0.01311335 0.01582512 0.07439746 0.01253051 0.01600082 0.07397746 -0.03085709 0.01600062 0.07398746 -0.03086949 0.01582512 0.07439746 -0.03086949 0.01571702 0.07439746 -0.03127749 0.01600082 0.07397746 -0.03086139 0.01541502 0.07439746 -0.03158209 0.01500082 0.07439746 -0.03169379 0.01297652 0.07439746 -0.01903809 0.01297652 0.07439746 0.01335477 0.01284652 0.07420346 -0.01869129 0.01284652 0.07420346 0.01348484 -0.01284488 0.07420346 0.01348484 -0.01284488 0.07420346 -0.01869129 -0.01297488 0.07439746 0.01335477 -0.01297488 0.07439746 -0.01903809 -0.01499918 0.07439746 -0.03169379 -0.008999181 0.07439746 -0.03169379 -0.01499918 0.07439746 0.01335477 -0.01297488 0.07439746 0.01335477 -0.01284488 0.07420346 0.01348484 -0.01558198 0.07439746 -0.03145229 -0.01582348 0.07439746 -0.03086949 -0.01582348 0.07439746 0.01253051 -0.01558198 0.07439746 0.01311335 0.009000819 0.07439746 -0.01974519 0.01226942 0.07439746 -0.01974519 0.01192262 0.07420346 -0.01961519 -0.01192098 0.07420346 -0.01961519 -0.008999181 0.07439746 -0.01974519 -0.01226778 0.07439746 -0.01974519 -0.008174921 0.07439746 -0.03086949 -0.008416341 0.07439746 -0.03145229 -0.008416341 0.07439746 -0.01998669 -0.008174921 0.07439746 -0.02056949 0.009000819 0.07439746 -0.03169379 0.008417979 0.07439746 -0.03145229 0.008176559 0.07439746 -0.03086949 0.008176559 0.07439746 -0.02056949 0.008417979 0.07439746 -0.01998669 0.01284652 0.07420346 0.01348484 0.01297652 0.07439746 0.01335477 0.01183992 -0.05950834 0.01927308 0.01185752 -0.06003554 0.02041942 0.01180792 -0.06007804 0.02038722 0.01128332 -0.06029594 0.02021756 0.01113532 -0.06030784 0.02020634 0.01188702 -0.05927804 0.01784823 0.01196682 -0.07186334 0.02233051 0.01158142 -0.07099934 0.02195358 0.01180792 -0.06352654 0.0221234 0.01205702 -0.07209374 0.0225379 -0.01196518 -0.06034454 0.02101249 -0.01179278 -0.06008864 0.0203792 -0.01159918 -0.06060334 0.02075367 -0.01159678 -0.06020534 0.02028977 -0.01113368 -0.06030784 0.02020634 -0.01209908 -0.05952904 0.02080873 -0.01209848 -0.05954194 0.02078777 -0.01202958 -0.05980584 0.0205919 -0.01196518 -0.06352654 0.02233051 -0.01196518 -0.06180444 0.02198797 -0.01159918 -0.06194454 0.0216498 -0.01159918 -0.06352654 0.02196448 -0.01180628 -0.06352654 0.0221234 -0.01196518 -0.07186334 -0.01246949 -0.01157978 -0.07099934 -0.01209259 -0.01180628 -0.06352654 -0.01226239 -0.01205538 -0.07209374 -0.01267689 -0.01209898 -0.05953244 -0.01094299 -0.01209878 -0.05953844 -0.01093649 -0.01203268 -0.05980254 -0.01073999 -0.01179588 -0.06008944 -0.01052439 -0.01180628 -0.06158444 -0.01179799 -0.01113838 -0.06031184 -0.01035109 -0.01160428 -0.06020534 -0.01043599 0.01180792 -0.06352654 -0.01226239 0.01196682 -0.06352654 -0.01246949 0.01196682 -0.06180444 -0.01212699 0.01160082 -0.06060334 -0.01089269 0.01114002 -0.06031184 -0.01035109 0.01210072 -0.05952844 -0.01095269 0.01210042 -0.05953844 -0.01093649 0.01186312 -0.06003354 -0.01056669 0.01196682 -0.06034454 -0.01115149 0.01129172 -0.06029864 -0.01036279 0.01160082 -0.06194454 -0.01178879 0.01160082 -0.06352654 -0.01210349 -0.009999181 0.03476646 -0.003276593 -0.01091338 0.03476646 -0.003655293 -0.01129208 0.03476646 -0.004569493 0.01129372 0.03476646 -0.004569493 0.01091502 0.03476646 -0.003655293 0.01000082 0.03476646 -0.003276593 -0.01202958 -0.05980584 0.0205919 -0.01179278 -0.06008864 0.0203792 -0.01183828 -0.05950834 0.01927308 -0.01159678 -0.06020534 0.02028977 -0.01188538 -0.05927804 0.01784823 0.01210042 -0.05953424 0.02079621 0.01210012 -0.05954194 0.02078777 0.01185752 -0.06003554 0.02041942 0.01180792 -0.06007804 0.02038722 0.01180792 -0.06158104 0.02165727 -0.01188138 -0.05927834 -0.007987293 -0.01203268 -0.05980254 -0.01073999 -0.01179588 -0.06008944 -0.01052439 -0.01183518 -0.05950764 -0.009411893 -0.01160428 -0.06020534 -0.01043599 0.01183682 -0.05950764 -0.009411893 0.01186312 -0.06003354 -0.01056669 0.01188302 -0.05927834 -0.007987293 0.01197162 -0.05934354 0.004930407 -0.01196998 -0.05934354 0.004930407 -0.01206578 -0.07212094 0.02257409 -0.01180628 -0.07148614 0.0221234 0.01106682 0.03511646 -0.007637093 0.01150462 0.03460546 -0.007057593 0.01127352 0.03478746 -0.007307893 -0.01127188 0.03478746 -0.007307893 -0.01150298 0.03460546 -0.007057593 0.01206742 -0.07212094 -0.01271309 0.01180792 -0.07148614 -0.01226239 0.01600082 0.05062046 -0.03086079 0.01600082 0.07397346 -0.03086079 0.01600082 0.07397746 -0.03085709 0.01600082 0.07397746 -0.03086139 0.01600062 0.07398746 -0.03086949 0.01601152 0.05047346 -0.03085609 0.01595012 0.05047346 -0.03118839 0.01590692 0.05021746 -0.03135769 0.01578232 0.05047346 -0.03148169 0.01561222 0.05047346 -0.03164539 0.01876642 0.04077146 0.01335634 0.01899022 0.04047146 -0.02626949 0.01881082 0.04104146 -0.02769549 0.01828442 0.04270946 -0.02903089 0.01744542 0.04536546 -0.03019109 0.01634852 0.04882746 -0.03110319 -0.002799181 0.04047246 0.02088051 0.002800819 0.04047246 0.02088051 0.002800819 0.04016246 0.02020594 -0.002799181 0.04016246 0.02020594 0.01267772 0.07428846 -0.01944639 0.01253272 0.07408046 -0.01930139 0.01250792 0.07397346 -0.01927659 -0.01267608 0.07428846 -0.01944639 -0.01253108 0.07408046 -0.01930139 -0.01250628 0.07397346 -0.01927659 -0.01499918 0.05047346 -0.03186949 -0.01518748 0.05047346 -0.03185159 -0.01537378 0.05047346 -0.03179669 -0.01540888 0.05047346 -0.03178169 -0.01540128 0.05047346 -0.03178509 -0.01570628 0.05047346 -0.03157659 -0.002877481 0.04047346 0.02084976 -0.002898931 0.04047346 0.02083051 -0.003456701 0.04047346 0.02018626 -0.003506291 0.04036446 0.01999372 -0.003506291 0.03947346 0.01963761 -0.003769871 0.04047346 0.01948259 -0.003723061 0.03784946 0.01931319 -0.003506291 0.03806646 0.01963761 -0.003723061 0.03784946 0.01931319 0.003724699 0.03784946 0.01931319 -0.003506291 0.03806646 0.01963761 0.003507929 0.03806646 0.01963761 0.003507929 0.03806646 0.01963761 0.003666849 0.03947346 0.01943051 0.003724699 0.03784946 0.01931319 0.003507929 0.03947346 0.01963761 0.003300819 0.03947346 0.01979653 0.003614579 0.04047346 0.01992404 0.003300819 0.04025546 0.02010886 0.003230819 0.04047346 0.02047908 0.002900569 0.04047346 0.02083051 0.002855509 0.04047246 0.02086553 0.003702169 0.04047346 0.01972418 -0.01241448 0.07288946 -0.03186949 -0.01221638 0.07313646 -0.03186949 -0.01229918 0.07259346 -0.03143959 -0.01260838 0.07257546 -0.03186949 -0.01229918 0.07243946 -0.03086949 -0.01250628 0.07228046 -0.03086949 -0.01266518 0.07227646 -0.03162359 -0.01266518 0.07207346 -0.03086949 -0.01279918 0.07184846 -0.03186949 -0.01250628 0.07228046 -0.02056949 -0.01250628 0.07265946 -0.01965529 -0.01250628 0.07357346 -0.01927659 0.01242422 0.07287746 -0.03186949 0.01268642 0.07240846 -0.03186949 0.01250792 0.07228046 -0.03086949 0.01250792 0.07228046 -0.02056949 0.01250792 0.07357346 -0.01927659 0.01250792 0.07265946 -0.01965529 -0.01496608 0.05047346 -0.03186949</float_array>
          <technique_common>
            <accessor count="2974" source="#verts-array-array" stride="3">
              <param type="float" name="X"/>
              <param type="float" name="Y"/>
              <param type="float" name="Z"/>
            </accessor>
          </technique_common>
        </source>
        <source id="normals-array">
          <float_array count="8922" id="normals-array-array">0 1 0 0.004610037 0.9903112 0.138789 0 1 0 -0.04233164 0.9770775 0.2086326 0 1 0 0 1 0 1 0 0 0.9807793 0.1951205 0 1 0 0 0.9734836 0.1907201 0.1263155 1 0 0 0.9902032 0 0.1396338 0 1 0 0 1 0 0 1 0 0.0405094 0.9770563 -0.2090931 0 1 0 0 1 0 -0.06947934 0.9890296 -0.1303571 0 1 0 0 1 0 0 1 0 0 1 0 0.9807793 0.1951205 0 1 0 0 0.9735146 0.1903725 -0.1266004 0.9894914 0 -0.144592 0 0 -1 0 0 -1 0 0 -1 0 0 -1 0 0 -1 0 0 -1 0 0 -1 0 0 -1 -0.9807793 0.1951205 0 -1 0 0 -1 0 0 -1 0 0 -0.9902032 0 0.1396338 -0.9734799 0.190732 0.1263257 -0.9733266 0.1921924 -0.1252894 -0.9998156 0 -0.01920269 -0.9807793 0.1951205 0 -1 0 0 0 0 -1 0 0 -1 0 0 -1 0 0 -1 0 0 -1 0 0 -1 0 0 -1 0 0 -1 -1 0 0 -1 0 0 -1 0 0 -1 0 0 -0.9958027 0.09152559 0 -0.9769876 0.1340712 0.1658921 -0.9847695 -0.03062691 0.1711465 -1 0 0 -0.9890726 -0.1042462 0.1042506 -0.9847673 -0.1711562 0.03064063 -1 0 0 -0.9856054 -0.1655811 -0.03413104 -0.992804 -0.1156689 -0.03099925 0.2028993 0.9791017 0.01384489 0.1967178 0.9732037 0.1190657 0.003326688 0.9954759 0.09495625 0.2035164 0.9775516 0.05453472 0 0.9952749 0.09709701 0 1 0 0 1 0 0.01384245 0.9791025 0.2028956 0.05453093 0.977552 0.2035153 0.1053471 0.9775529 0.1824618 0 1 0 0.09709822 0.9952748 0 0 1 0 0 1 0 0 1 0 0 1 0 -0.1489832 0.9775526 0.1489794 -0.105345 0.9775529 0.1824631 0.1489818 0.9775526 0.148981 0.1824636 0.9775529 0.1053443 -0.09709822 0.9952748 0 0 1 0 0 1 0 0 1 0 0.01807646 0.9984378 0.05287015 -0.1869986 0.9768983 0.1034468 -0.2028994 0.9791017 0.01384501 -0.0310344 0.9855819 0.1663288 -0.2035157 0.9775518 0.05453227 -0.1824615 0.977553 0.1053465 -0.05453255 0.9775518 0.2035156 -0.01429609 0.9791541 0.2026148 0.1792768 0.9835536 0.02195551 0 1 0 0.1792791 0.9835533 -0.02195319 0.1416058 0.9865418 -0.08175051 0.2121954 0.9729646 -0.09117523 0.141601 0.9865422 0.08175334 0.2121959 0.972965 0.09116997 0.09709822 0.9952748 0 0 1 0 0 1 0 0 1 0 0 1 0 0 1 0 0 1 0 0 1 0 0 1 0 0 1 0 0 1 0 0 1 0 0 1 0 0 1 0 0 1 0 0 1 0 0 1 0 0 1 0 -0.09709822 0.9952748 0 -0.2121954 0.9729646 0.09117523 -0.1416065 0.9865414 0.08175344 0 1 0 0 1 0 -0.1792775 0.9835535 0.02195498 -0.2121959 0.972965 -0.09116997 -0.1416006 0.9865425 -0.08175103 -0.1792789 0.9835533 -0.02195331 -0.02431765 0.01415584 0.9996041 0 0 1 -0.06369737 0.193223 0.979085 -9.222599e-14 -0.007780781 0.9999697 0.06369762 0.1932232 0.979085 0 0 1 0.02242069 0.0145591 0.9996426 0.979083 0.1932361 0.06368979 0.9990503 0.008244632 0.04278477 0.9833486 0.1805843 0.02036884 1 0 0 0.9861017 0.1473692 0.0767185 1 0 0 0.9869552 0.1169787 0.1106138 1 0 0 0.9976673 0.03245324 -0.06005698 1 0 0 1 0 0 1 0 0 1 0 0 0.998977 0.006000576 -0.04482155 -0.01759815 0.0001028066 -0.9998451 -0.01878453 0 -0.9998236 0 0 -1 0.01501161 0 -0.9998873 0 0 -1 0.06901461 -0.00398262 -0.9976077 -0.9975622 0.05681929 -0.04051289 -1 8.942095e-05 -0.0002041397 -0.9949175 0.06992434 0.0724546 -0.9978107 0.03356345 -0.0569849 -0.9993028 0 -0.03733509 -1 0 0 -0.9988581 0.006991991 0.04726101 -0.9790847 0.1932296 0.06368185 -1 0 0 -0.9831583 0.1819266 0.01739169 -0.9869688 0.1502339 0.0576404 -0.9900226 0.1074224 0.09119084 -1 0 0 -1 0 0 -1 0 0 -1 0 0 -1 0 0 -0.9971448 0.06783807 0.03316919 -0.9974034 0.07171079 0.006640489 -0.9968199 0.07607378 -0.02372353 -0.9963009 0.0655379 0.05558222 -0.9963034 0.07169006 -0.04733039 0.9847697 -0.03062818 0.1711447 0.9767738 0.1331974 0.1678431 0.9958027 0.09152559 0 0.9849906 -0.1701518 0.02901619 0.9890717 -0.1042455 0.1042594 1 0 0 1 0 0 1 0 0 1 0 0 1 0 0 1 0 0 0.9927202 -0.1195133 -0.01493595 1 0 0 0 -1 0 0 -1 0 0.01565164 -0.9998775 0 0 -1 0 0 -1 0 0 -1 0 0 -1 0 0 -1 0 0 -1 0 0 -1 0 0 -1 0 0 -1 0 -0.01563511 -0.9998778 0 0 -1 0 -0.09324863 -0.9769281 0.1921357 0.1038332 -0.9852754 0.1358349 0 -1 0 0 -1 0 0 -1 0 0 -1 0 0 -1 0 0 -1 0 0 -1 0 0 -1 0 0 -1 0 0 -1 0 0 -1 0 0 -1 0 0 -1 0 0 -1 0 0 -1 0 0 -1 0 0 -1 0 -0.1670245 -0.9856466 -0.02456617 -0.2140223 -0.9768288 0 0 -1 0 0 -1 0 0 -1 0 0 -1 0 0 -1 0 0 -1 0 0 -1 0 0 -1 0 0 -1 0 0.2589432 -0.965549 0.02576046 0.1712012 -0.9847597 -0.03063374 0 -1 0 0.1042725 -0.9890675 -0.1042719 0 -1 0 0 -1 0 0 -1 0 0 -1 0 0 -1 0 0.03063334 -0.9847596 -0.1712018 -0.03063374 -0.9847597 -0.1712012 -0.1042719 -0.9890675 -0.1042725 0.320295 -0.8089032 -0.4930382 0.2771922 -0.878702 -0.388648 0.2444472 -0.1061206 -0.9638382 -0.3372701 -0.03447065 -0.9407766 -0.2869694 -0.002735856 -0.9579358 -0.4342721 -0.06672069 -0.8983074 -0.2785372 -0.002446811 -0.9604223 -0.4252972 -0.03969276 -0.9041829 -0.1924681 -0.02715602 -0.9809274 -0.05249473 -0.09918464 -0.9936834 0.2792151 0 -0.9602286 -0.305188 -0.459941 -0.8338552 -0.6647094 -0.06064045 -0.7446369 -0.8627959 -0.06153247 -0.5017937 -0.8643026 0.01285018 -0.5028081 -0.988149 -0.06443751 0.1393174 -0.8544707 -0.1962433 0.4810076 -0.8882996 -0.1400864 0.4373782 -0.9455015 -0.02129422 0.3249207 -0.9939925 -0.04242716 -0.1008907 0.9050662 -0.1098028 0.410851 0.8519492 -0.2101849 0.4795882 0.9873427 -0.06438473 0.1449451 0.4035508 -0.05353212 -0.9133899 0.1925811 -0.02712817 -0.980906 0.2746753 -0.003086732 -0.9615321 0.3713489 -0.004619322 -0.9284819 0.2798434 -0.002287676 -0.9600429 0.324832 -0.0285979 -0.9453393 -0.2771748 -0.8787183 -0.3886236 -0.3202646 -0.8089966 -0.4929048 -0.202078 -0.05590772 -0.9777724 -0.1368008 -0.06400514 -0.9885286 0.04684219 -0.1603033 -0.9859557 0.8737371 -0.03487763 -0.4851464 0.9339553 -0.003699324 -0.3573706 0.9994612 -0.02267703 -0.02372881 0.4491125 -0.001356308 -0.8934742 0.5466859 -0.01734602 -0.8371581 0.6965044 -0.0323006 -0.7168251 0.001832418 -0.7436755 -0.6685382 -0.00478568 -0.762986 -0.6463972 0.01505176 -0.7524827 -0.65844 0.02514945 -0.7643084 -0.6443603 0.03530886 -0.766341 -0.6414629 0.02130098 -0.7535301 -0.6570682 0 -0.7430968 -0.6691839 0.007378997 -0.7424629 -0.6698466 0.008891304 -0.7466501 -0.6651575 0.2468943 -0.7913943 -0.55923 0.133176 -0.7987574 -0.5867289 0.2071265 -0.7846911 -0.5842589 0.03014151 -0.7895562 -0.6129376 0.1043142 -0.7713241 -0.6278357 0.00835346 -0.7704089 -0.6374954 0.0680171 -0.7773444 -0.6253874 0.0640531 -0.7686323 -0.6364759 0.02347547 -0.7487387 -0.6624494 -4.709405e-05 -0.7427631 -0.6695543 0 -0.7427757 -0.6695403 -0.006781902 -0.7462232 -0.6656613 -0.001090742 -0.7426737 -0.6696526 -0.02754443 -0.7580063 -0.6516654 -0.01528178 -0.7531281 -0.6576963 -0.008006827 -0.7478089 -0.6638657 -0.04756267 -0.7692394 -0.637188 -0.02533179 -0.7689214 -0.6388413 -0.02257538 -0.7606586 -0.6487595 -0.05786988 -0.7543988 -0.6538605 -0.06737826 -0.7688821 -0.6358306 -0.1040247 -0.7704131 -0.6290012 -0.09329319 -0.7698573 -0.6313605 -0.1315786 -0.7952356 -0.5918508 -0.2267858 -0.7803672 -0.582748 -0.02941589 -0.7889559 -0.6137453 -0.1986737 -0.7860991 -0.5853008 -0.0005125434 -0.7720291 -0.635587 -0.1806493 -0.7900518 -0.585819 0.1620208 -0.2653113 0.9504521 0.1620112 -0.2656126 0.9503696 0.1211311 -0.1048773 0.9870806 -0.3453326 -0.3101264 0.8857579 -0.5380566 -0.3716388 0.7565578 -0.3459558 -0.1934302 0.9180955 -0.3053257 -0.1257566 0.9439076 -0.2596694 -0.2480339 0.9333011 -0.1209544 -0.1046797 0.9871232 -0.05242872 -0.1227018 0.9910578 -0.06913089 -0.2019668 0.9769495 -0.04536289 -0.06619035 0.9967753 -0.1079474 -0.2113706 0.9714267 -0.1619912 -0.2660441 0.9502523 0 -0.05266133 0.9986124 -0.006140958 -0.05903192 0.9982372 -0.016447 -0.07031814 0.997389 -0.02949197 -0.08593864 0.9958638 -0.1334091 -0.2681279 0.9541014 -0.03415112 -0.2130862 0.9764364 0.1080504 -0.1755605 0.9785211 0.03370914 -0.1360583 0.9901272 0.04933368 -0.06490483 0.9966712 0 -0.05266133 0.9986124 0.2622721 -0.2493087 0.9322331 -8.897562e-13 -0.0216607 0.9997654 0.4882678 -0.3529551 0.7981336 0.3249744 -0.160868 0.9319405 0.3646153 -0.1818062 0.9132372 0.1780409 -0.08560539 0.9802924 0.2388096 -0.1039076 0.9654912 0.0003753457 -0.01529476 0.999883 -0.1780409 -0.08560539 0.9802924 -0.2388096 -0.1039076 0.9654912 0.9775319 -0.2062919 -0.0433006 0.986489 -0.1638272 0 0.991225 -0.1275816 -0.03458121 0.9556007 -0.2943545 -0.01351541 0.9835169 -0.01839327 0.1798782 0.9952501 -0.04013912 0.08869111 0.969315 -0.1028508 0.2232715 0.9787963 -0.1440659 0.145612 0.9266925 -0.2791952 0.2515773 0.4241322 -0.7830989 -0.4548274 0.6298955 -0.6762785 -0.3819411 0.7303915 -0.570878 -0.3750021 0.5305166 -0.665637 -0.5248615 0.5079539 -0.6686824 -0.5429979 0.4435863 -0.7138916 -0.5418395 0.4003035 -0.7439148 -0.5351148 0.6608494 -0.5849581 -0.470215 0.865189 -0.388732 -0.3167577 0.7741923 -0.4604991 -0.4342428 0.9010764 -0.2979756 -0.3150744 0.9724999 -0.1707303 -0.1584145 0.9730754 -0.1484321 -0.1763297 0.9994016 -0.03390864 0.006826311 0.9989855 -0.04497139 -0.002338753 0.9989168 -0.04056407 0.02279742 0.9683743 0.03121613 0.2475413 0.936447 -0.005804968 0.350761 0.9421807 -0.05801644 0.3300448 0.8809843 -0.08005276 0.4663242 0.9095123 -0.1435508 0.3901033 0.8158859 -0.1613916 0.5552324 0.851147 -0.2229624 0.4752226 0.7437953 -0.2555064 0.6176448 0.9494507 -0.3002722 0.09154185 0.8907486 -0.4393119 0.1164984 0.8915142 -0.4140285 0.1838012 0.9523257 -0.3044748 0.01925915 0.9456421 -0.3206683 0.05415625 0.9238498 -0.3691087 0.1012934 0.8889103 -0.4396555 -0.1286138 0.886506 -0.4546547 -0.08600164 0.9181256 -0.3913629 -0.06229269 0.9359991 -0.3499269 -0.03816947 0.9450234 -0.3262521 -0.02214434 0.9521245 -0.3056614 -0.0054734 0.9887119 -0.1387087 0.05664467 0.9539277 -0.3000367 0 0.9537863 -0.3004641 0.003594139 0.931843 -0.3128229 -0.1838764 0.8045506 -0.5378921 -0.2517348 0.8018369 -0.5591049 -0.2108537 0.834564 -0.5398281 -0.1099478 0.9800788 -0.1582876 -0.1199609 0.6685957 -0.3458966 0.6582821 0.7317537 -0.3992184 0.5524139 0.817718 -0.320853 0.4779022 0.8488433 -0.4301445 0.307312 0.84287 -0.464613 0.2714866 0.9978849 -0.06500494 0 -0.9872106 -0.1414316 0.07356841 -0.986489 -0.1638272 0 -0.9980575 -0.05627906 0.0267178 -0.9286062 -0.03041417 0.3698182 -0.867579 -0.02702893 0.4965643 -0.94634 -0.08332668 0.3122454 -0.7395193 -0.4577594 0.4935256 -0.7638373 -0.4012493 0.5055212 -0.8936488 -0.4483489 0.01936835 -0.8889461 -0.4576203 -0.01893251 -0.8871024 -0.4558409 -0.07251442 -0.8959596 -0.4431099 0.03016587 -0.8952879 -0.4041323 0.1874481 -0.904705 -0.4099743 0.1158877 -0.9476131 -0.293367 0.1263533 -0.9289777 -0.3579647 0.09413617 -0.9443664 -0.32477 0.05192845 -0.6862405 -0.2644373 0.6776038 -0.8550533 -0.2884866 0.430882 -0.7538912 -0.1719743 0.6340922 -0.8894924 -0.2102107 0.4057274 -0.8170749 -0.07861424 0.5711465 -0.9739834 0.0009055923 0.2266177 -0.9841764 0.01389814 0.1766454 -0.9988222 -0.03699264 0.03139558 -0.697945 -0.6080484 -0.3783516 -0.5956667 -0.6446824 -0.4791303 -0.8437315 -0.3878185 -0.3710982 -0.3542961 -0.7561389 -0.5502074 -0.3450614 -0.7577748 -0.553814 -0.5149404 -0.6785034 -0.5238984 -0.3982092 -0.7680667 -0.5015007 -0.5305166 -0.665637 -0.5248615 -0.9089402 -0.4023167 -0.1094028 -0.8636227 -0.4472907 -0.2325658 -0.9654224 -0.2410988 -0.09915142 -0.9344877 -0.2964185 -0.1971519 -0.9887015 -0.1197164 -0.09020736 -0.9621004 -0.2708532 0.03164322 -0.9511579 -0.308472 0.01198174 -0.9232648 -0.3839761 -0.01201935 -0.8958066 -0.2491895 -0.368015 -0.9651163 -0.1803778 -0.1897745 -0.9662308 -0.188835 -0.1753267 -0.9985863 -0.05237756 -0.009054363 -0.9936418 -0.05294659 0.09936115 -0.9743453 -0.1427564 0.1739883 -0.9250158 -0.2730992 0.2641261 -0.8018039 -0.5502648 -0.2330647 -0.5862692 -0.7234036 -0.3646584 -0.5678987 -0.7227425 -0.393871 -0.8741444 -0.3864144 -0.2942031 -0.8477143 -0.4175417 0.3271689 -0.9986599 -0.05062421 -0.01075395 -0.9935243 -0.1102473 -0.02747832 -0.9704709 -0.2380164 -0.03917066 -0.9196732 -0.3905597 -0.04079641 -0.8974475 -0.4410112 0.009853316 -0.739474 -0.4578043 0.4935519 0.6984303 0.03159432 0.7149804 0.6955187 -0.001484113 0.7185064 0.8673502 -0.003156415 0.4976884 0.4076057 0.01703519 0.9129991 0.4723503 0.001478811 0.8814097 0.5140914 0.02960494 0.8572243 0.6335631 0.04229109 0.7725343 0.8670871 0.003211552 0.4981462 -0.5214625 0.04653023 0.8520046 -0.506835 0 0.8620431 -0.4723503 0.001478811 0.8814097 -0.4076057 0.01703519 0.9129991 -0.2716089 0.05677933 0.9607313 0.0266584 0.02696892 0.9992807 0.0341862 0.03027105 0.9989569 0.2274708 0.1278444 0.9653563 -0.6962622 0.00469962 0.7177721 -0.868143 0.00423496 0.4962961 -0.6956987 -0.01865871 0.7180914 -0.4103336 -0.00705933 0.9119082 -0.4726416 -0.0006573088 0.8812545 -0.5024509 -0.009645614 0.864552 -0.6103671 -0.04018083 0.791099 -0.8663102 -0.001484077 0.4995042 0.5098408 -0.02500301 0.8599053 0.506835 0 0.8620431 0.4726416 -0.0006573088 0.8812545 0.4103336 -0.00705933 0.9119082 0.2704257 -0.01571447 0.9626126 -0.01393106 -0.01750475 0.9997497 -0.02080482 -0.02300758 0.9995188 -0.248569 -0.04937139 0.9673551 1 0 0 1 0 0 0.8660252 0 -0.5000003 0.8660252 0 -0.5000003 0.5000003 0 -0.8660252 0.5000003 0 -0.8660252 9.146537e-17 0 -1 1.280515e-16 0 -1 -0.5000003 0 -0.8660252 -0.5000003 0 -0.8660252 -0.8660252 0 -0.5000003 -0.8660252 0 -0.5000003 -1 0 0 -1 0 0 1 0 0 0.9807855 -0.1950891 0 1 0 0 0.9807855 -0.1950891 0 -1 0 0 -1 0 0 -1 0 0 -1 0 0 -1 0 0 -0.9807855 -0.1950891 0 -1 0 0 -0.9807855 -0.1950891 0 1 0 0 1 0 0 1 0 0 1 0 0 -1 0 0 -1 0 0 -1 0 0 -1 0 0 -1 0 0 -0.987688 -0.1564365 0 -1 0 0 -0.987688 -0.1564365 0 1 0 0 0.987688 -0.1564365 0 1 0 0 0.987688 -0.1564365 0 1 0 0 1 0 0 1 0 0 1 0 0 0.3557047 -0.9345798 0.005895915 0.4004195 -0.9163319 0 0.4862818 -0.8734928 -0.02324536 0.9928843 0.107273 -0.0517031 0.5708784 0.1982104 -0.79675 0.6294103 0.2144477 -0.7468968 0.9287202 0.2838668 -0.2385341 0.9602815 0.2652569 -0.0865927 0.9685256 0.2481404 -0.01961114 0.9595727 -0.2792475 -0.03522852 0.9396312 -0.2828345 0.1926078 0.8606974 -0.4745122 0.1844943 0.8948338 -0.4463995 0 0.8445257 -0.5352766 0.01598043 0.7059973 -0.7080189 0.01664291 0.7275846 -0.6627535 0.1771398 1.06596e-16 -0.9982844 -0.05855194 -0.2060305 -0.9785139 -0.007875204 -0.3557047 -0.9345798 0.005895915 -0.4134312 -0.8877334 0.2024944 -0.4004195 -0.9163319 0 0.6157654 -0.7806735 0.1066858 0.413437 -0.8877308 0.2024941 0.2060292 -0.9785141 -0.007879661 -2.1343e-06 -0.9812781 0.1925962 -0.4769452 -0.8785 -0.02758624 -0.5886486 -0.791932 0.1622852 -0.713808 -0.6997964 -0.02762294 -0.7350496 -0.6485533 0.1976884 -0.8576661 -0.5141799 -0.005276962 -0.8733809 -0.4601959 0.159454 -0.9453535 -0.2787311 0.1691619 -0.9732944 0.1291156 0.1898081 -0.9564835 0.2380173 0.1687811 -0.9943376 0.09625365 -0.0450338 -0.9688112 0.2472235 -0.01689234 -0.9568133 0.2700255 -0.1076781 -0.8106768 0.271705 -0.5186323 -0.7595903 0.2637316 -0.5945319 -0.8948338 -0.4463995 0 -0.9634957 -0.2677238 0 -0.9848485 -0.09951415 0.1420226 0.9808987 -0.07797535 0.1782065 0.9722871 0.1325825 0.1925607 0.9573542 0.2295246 0.1754749 0 0 -1 0 0 -1 0 0 -1 0 0 -1 0.1203877 0.005674832 -0.9927107 0 0 -1 0.1966301 -0.116686 -0.9735096 0 0 -1 0 0 -1 0 0 -1 0 0 -1 0 0 -1 -0.1598649 -0.003830657 -0.9871315 0 0 -1 -0.1317307 -0.09847138 -0.9863825 0 0 -1 0 0 -1 0.2071011 -0.01646068 0.9781811 0.2063257 0.02636265 0.9781282 0 0 1 -0.1239326 -0.1667309 0.9781828 -0.08587592 -0.1891719 0.9781816 0 0 1 0 0 1 0 0 1 0 0 1 0 0 1 0 0 1 0.04393089 -0.2030487 0.9781827 0 0 1 -0.04393017 -0.2030478 0.9781829 4.352278e-07 -0.2077448 0.9781831 0 0 1 0.08587372 -0.1891726 0.9781817 0.1239316 -0.1667294 0.9781832 0 0 1 0.1563826 -0.136749 0.9781841 0 0 1 0.1817696 -0.1005948 0.9781822 0.1989414 -0.05988798 0.9781798 -0.2023506 0.01909445 0.979127 0 0 1 0 0 1 0 0 1 -0.01789764 -0.01087283 0.9997807 -0.001791731 0.0002381614 0.9999984 0 0 1 0 0 1 0 0 1 0 0 1 -0.1563811 -0.1367508 0.9781841 0 0 1 -0.1817669 -0.1005947 0.9781827 0 0 1 -0.1989415 -0.05988445 0.97818 0 0 1 -0.2071028 -0.01646048 0.9781807 0 0 1 0 0 1 0 0 1 0 0 1 0.00139145 0.094646 0.99551 0 0 1 -0.0001983067 0.07323381 0.9973148 0.003143334 0.09107839 0.9958388 0 0 1 0.001791731 0.0002381614 0.9999984 0 0 1 -0.02091104 0.06788593 0.9974739 0 0 1 0 0 1 0 0 1 0 0 1 0.9914448 -0.1305266 0 0.9914448 -0.1305266 0 0.8660265 -0.4999981 0 0.8660265 -0.4999981 0 0.4999995 -0.8660257 0 0.4999995 -0.8660257 0 1.280513e-16 -1 0 1.280513e-16 -1 0 -0.4999995 -0.8660257 0 -0.4999995 -0.8660257 0 -0.8660265 -0.4999981 0 -0.8660265 -0.4999981 0 -0.9914448 -0.1305266 0 -0.9914448 -0.1305266 0 0 0 -1 0 0 -1 0 0 -1 0 0 -1 0 0 -1 0 0 -1 0 0 -1 0 0 -1 0 0 -1 0 0 -1 0 0 -1 0 0 -1 0 0 -1 0 0 -1 0 0 -1 0 0 -1 0 0 -1 0 0 -1 0 0 -1 0 0 -1 0 0 -1 0 0 -1 0 0 -1 0 0 -1 0 0 -1 0 0 -1 0 0 -1 0 0 -1 0 0 -1 0 0 -1 0 0 -1 0 0 -1 0 0 -1 0 0 -1 0 0 -1 0 0 -1 0 0 -1 0 0 -1 0 0 -1 0 0 -1 0 0 -1 0 0 -1 0 0 -1 0 0 -1 0 0 -1 0 0 -1 0 0 -1 0 0 -1 0 0 -1 0 0 -1 0 0 -1 0 0 -1 0 0 -1 0 0 -1 0 0 -1 0 0 -1 0 0 -1 0 0 -1 0 0 -1 0 0 -1 0 0 -1 0 0 -1 0 0 -1 0 0 -1 0 0 -1 0 0 -1 0 0 -1 0 0 -1 0 0 -1 0 0 -1 0.8090191 -0.5877823 0 0.8090191 -0.5877823 0 0.3090224 -0.9510547 0 0.3090224 -0.9510547 0 -0.3090224 -0.9510547 0 -0.3090224 -0.9510547 0 -0.8090191 -0.5877823 0 -0.8090191 -0.5877823 0 0.9991647 -0.0110031 0.03935409 0.9856921 0 0.1685559 0.997941 0 -0.06413855 0.9999287 -0.008443355 -0.008445732 1 0 0 0.9860233 -0.07596871 -0.1482797 0.9835838 -0.01793168 -0.179559 -1 0 0 -0.9999888 -0.003572462 -0.003098606 -0.9930612 -0.08025651 -0.08595532 -0.9995434 0 0.03021474 -0.998372 0 -0.05703737 -0.9858931 -0.001803509 0.1673666 -0.9924923 -0.01040993 -0.121863 -0.993429 -0.04379739 -0.1057382 -0.9350208 -0.2848284 0.2112082 -0.9470848 -0.3209605 0.003842795 -0.9482921 -0.317341 0.006072088 -0.9142656 -0.1983532 0.3532342 -0.9531166 -0.2755861 0.1249841 -0.8735594 0.2141953 -0.4370519 -0.8812505 0.2510675 -0.400453 -0.9189814 0.1057235 -0.3798628 -0.724306 0.2755454 -0.632025 -0.7242741 0.2756716 -0.6320065 -0.7620176 0.1954992 -0.6173404 -0.9766081 -0.2046523 0.06598528 -0.9367296 -0.3346815 0.1025956 -0.9765087 -0.1789009 -0.1201051 -0.9940557 -0.09830188 0.04679819 -0.9907399 -0.1354817 -0.008897797 -0.9971038 -0.05926597 -0.04766173 -0.9873226 0.02985604 -0.1558932 -0.9842054 0.1770237 -0.001503955 -0.9839 0.1781915 0.01373501 -0.9703346 0.1536916 -0.1866271 -0.9918621 0.1174177 -0.04922114 -0.9999684 -0.00795178 0 -0.8691541 -0.09561835 -0.4852095 -0.7178864 -0.01727924 -0.6959458 -0.81763 0.05705963 -0.5729095 -0.6100405 0.1183746 -0.7834781 -0.4981347 0.2355319 -0.8344978 -0.8302622 0.1048836 0.5474158 -0.7756549 0.09282397 0.6242941 -0.8767905 -0.04894943 0.4783747 -0.8400149 -0.07732469 0.537025 -0.9933155 -0.1065075 -0.04450331 -0.9997778 -0.0210702 -0.0006385407 -0.9941523 -0.1030566 -0.03225641 -0.9872737 -0.01382603 0.1584282 -0.9797481 -0.1982444 -0.02815647 -0.9729006 -0.2309058 0.01212478 -0.9813938 0.1903763 -0.02496127 -0.9841942 0.1770908 -0.0007928132 -0.9836443 0.1800198 -0.00606164 -0.9781536 0.1357649 0.1574277 -0.9969977 0.05518461 0.0543159 -0.9998713 -0.01598645 -0.001370481 -0.9454267 -0.3230999 0.04212854 -0.975127 -0.1906959 0.1129711 -0.8913944 -0.4522329 0.03002431 -0.8810068 -0.472901 -0.01384228 -0.8796652 -0.4755821 0.003274572 -0.9381885 -0.03744415 -0.3440935 -0.941731 -0.1767585 -0.2861803 -0.9202363 -0.1887467 -0.3428409 -0.897222 -0.2818311 -0.3399469 -0.8665608 -0.2548394 -0.4291028 -0.948355 -0.2470893 -0.1989215 -0.8511133 -0.1833656 -0.4919179 -0.4380529 0.4174498 0.796144 -0.5845533 0.3351024 0.7389207 -0.6821683 0.3521678 0.6407997 -0.7486244 0.1807553 0.6378786 -0.7693898 0.2917047 0.5682849 -0.915165 0.1247283 0.3832961 -0.8701054 0.316929 0.3774554 -0.953614 -0.1341544 0.2694865 -0.9535368 -0.2362925 0.1869049 -0.922861 -0.3076665 -0.2316657 -0.9432935 -0.3056229 -0.1295842 -0.9330784 -0.3500045 -0.08283451 -0.7666657 -0.0810375 -0.6369117 -0.9438281 -0.3304352 -0.001016795 0.1402475 0.4041797 0.9038636 0.1639361 0.3919307 0.9052708 0.0980898 0.3506401 0.9313592 0.4380509 0.4174582 0.7961407 0.3171748 0.3729183 0.8719702 0.3918799 0.4191059 0.8190118 0.01996332 0.3947663 0.9185647 0.07548 0.3693584 0.9262166 0.02973767 0.2977939 0.9541669 0.007021819 0.2517157 0.9677758 -0.007069148 0.305129 0.9522848 -0.004222973 0.2219061 0.9750589 -0.004264194 0.3928331 0.9195999 -0.005040374 0.3372059 0.9414174 -0.003993063 0.2924373 0.9562764 -0.003310351 0.392518 0.9197384 -0.01996332 0.3947663 0.9185647 -0.01393805 0.2518057 0.9676774 -0.1212592 0.3771588 0.9181761 -0.1088417 0.3280198 0.9383797 -0.2137829 0.3923743 0.8946168 -0.149513 0.3230687 0.9344905 -0.2645279 0.3901555 0.8819318 0.200829 0.311198 0.928883 6.959263e-17 0.287397 0.9578116 -0.1852081 0.3248302 0.9274607 -0.3316147 0.3932236 0.8575587 0 -1 0 0 -1 0 0.1830116 -0.9801533 0.07619841 -0.1836328 -0.9800138 0.07649856 0 -1 0 0 -1 0 -0.1547569 -0.9879523 -0.0007343833 0 -1 0 -0.1830871 -0.9801371 -0.0762257 0 -1 0 0 -1 0 0 -1 0 0.183654 -0.9800018 -0.07660129 0 -1 0 0 -1 0 0.1547588 -0.987952 0.0006951098 0 -1 0 0 -1 0 0.9332691 -0.2965965 -0.2025818 0.9452339 -0.3042124 -0.1182692 0.8928249 -0.4496935 -0.02528798 0.7746909 -0.01793827 -0.6320856 0.8346537 -0.00222536 -0.5507705 0.7813062 0.1236008 -0.6117871 0.8236886 -0.1787346 -0.5381366 0.8711317 -0.1408466 -0.4704166 0.984105 0.1775751 0.002092961 0.9843457 0.1757712 -0.01295989 0.9650438 0.1883757 0.1822226 0.9904361 0.1313997 0.04207629 0.9858403 0.05804035 0.1573221 0.6178266 0.2924981 0.7298871 0.6830589 0.3528316 0.6394845 0.8733037 -0.002592547 0.4871692 0.7163752 0.1114429 0.6887576 0.8067923 0.168018 0.5664416 0.7569052 0.2787033 0.5911167 0.7242741 0.2756716 -0.6320065 0.7067578 0.2328368 -0.6680423 0.6062061 0.2023441 -0.7691365 0.4604959 0.2775107 -0.8431675 0.982035 0.187242 0.02340098 0.984227 0.1769093 0.0004683989 0.9837242 0.1795724 0.006362117 0.9789983 0.1109966 -0.1710034 0.9825944 -0.1670685 0.08121751 0.9842862 -0.1536767 0.08697201 0.9998268 -0.01860455 0.0004795395 0.9570111 -0.2875807 -0.03777606 0.9785176 -0.2045205 0.02597348 0.9853136 -0.03921954 -0.1661893 0.9998733 -0.01575619 0.002248282 0.9994302 0.02173052 -0.02582616 0.9453869 -0.3258346 0.008687806 0.9389493 -0.343384 0.02148659 0.9803314 -0.1497305 0.128573 0.8924561 -0.4505371 0.02320487 0.9571857 -0.283754 0.0572653 0.8830911 -0.4691114 0.009193144 0.9904928 -0.1372661 0.009056376 0.9976929 -0.05247441 0.04307324 0.9998735 -0.01590306 0 0.981043 -0.1708049 -0.09154418 0.9538387 -0.2784155 -0.1125904 0.9275695 -0.3593077 -0.1025318 0.8567944 0.2959573 0.4222707 0.9105158 0.1737299 0.3752051 0.9400062 0.02769034 0.3400317 0.9496721 -0.1201235 0.2892977 0.9298358 -0.1232941 0.3467044 0.9494094 -0.2884566 0.1241552 0.9129245 -0.2228897 0.3418904 0.9566636 -0.2101966 0.2015244 0.8843662 -0.175564 0.4325203 0.864191 -0.09737258 0.4936522 0.888529 0.248899 -0.3854419 0.9285392 0.03468339 -0.3696108 0.8811288 0.2102919 -0.4235437 0.9377358 -0.3467114 -0.02104397 0.9815864 -0.1771537 -0.07144653 0.9471289 -0.2070841 -0.2450777 0.8822801 -0.4706497 -0.008404509 0.9442299 -0.329241 -0.005500473 0.7716155 0.041873 0.6347096 0.8994374 -0.2569095 -0.3535673 0.9214622 -0.3203905 -0.2196757 0.9457189 -0.324463 -0.0184239 0.9369988 -0.2677918 0.2243229 -0.178379 0.1597333 -0.97091 -0.2179882 0.1505644 -0.9642673 9.125559e-05 0.1245873 -0.9922086 0.3477158 0.237936 -0.9069069 0.269616 0.2218805 -0.9370572 0.08640258 0.2240814 -0.9707328 0.06019837 0.2171376 -0.974283 -0.03200622 0.2541899 -0.9666246 0.02566518 0.1619845 -0.9864595 -0.02844177 0.2528047 -0.9670992 0.003020727 0.1186141 -0.9929358 -0.005752491 0.2520609 -0.9676943 -0.02357735 0.2313514 -0.9725845 0.001806449 0.2310367 -0.9729434 0.1498206 0.2469619 -0.9573733 0.03488019 0.2062021 -0.9778876 0.173324 0.2444763 -0.9540389 0.05443213 0.1923444 -0.9798167 0.2107556 0.2534563 -0.9441091 0.1098041 0.1571896 -0.9814451 0.1332086 0.1204975 -0.9837356 0.1571525 0.05918077 -0.9857995 0.1710336 0.1552056 -0.9729639 0.09297533 0.01784492 -0.9955085 2.540471e-05 -0.0274551 -0.999623 -0.3325559 0.2073599 -0.9200046 -0.2632574 0.2286656 -0.937234 -0.01252192 0.1355246 -0.9906948 -0.002378914 0.1917576 -0.9814394 -0.04866021 0.2036782 -0.9778279 0.0297935 0.2517145 -0.9673428 0.03818039 0.2467576 -0.9683248 0.02708217 0.2360294 -0.9713685 -0.1165301 0.2396292 -0.9638457 0.02326384 0.2552315 -0.9666001 0.005230725 0.290264 -0.9569323 -0.00105119 0.08001215 -0.9967933 -0.004489834 0.28293 -0.95913 0.005512134 0.2472913 -0.9689255 -0.1579834 0.04816743 -0.9862663 -0.1398617 0.1154345 -0.9834193 -0.2280483 0.2550943 -0.9396387 -0.1038803 0.1460106 -0.9838139 -0.1961256 0.2470303 -0.9489525 -0.05702557 0.1726799 -0.9833259 -0.1776045 0.2420182 -0.9538783 -0.009672138 0.215785 -0.976393 0.02473555 0.2189542 -0.9754216 0.2023612 0.1647907 -0.9653466 -0.09405854 0.01776875 -0.9954081 0.8574521 -0.514537 0.005247286 0.714287 -0.6992931 0.02798634 0.734922 -0.6486564 -0.1978246 -0.290044 -0.9570129 -0.0008727649 -0.3432893 -0.9392297 0 -0.4583769 -0.8884363 0.02390666 -0.9926963 0.1085583 0.05262201 -0.5709667 0.1982411 0.796679 -0.6294806 0.2144727 0.7468304 -0.9287174 0.2838676 0.2385437 -0.9602817 0.2652567 0.08659028 -0.9685255 0.2481406 0.0196118 -0.9594574 -0.279419 0.03696717 -0.9396324 -0.2828349 -0.1926014 -0.860982 -0.4744205 -0.183399 -0.8948338 -0.4463995 0 -0.8444136 -0.5354082 -0.01742821 -0.7062891 -0.7077227 -0.01686393 -0.727413 -0.6629619 -0.1770645 -0.6165551 -0.7806204 -0.102429 -0.4097957 -0.8906842 -0.196848 -0.1974187 -0.9631126 -0.1828658 0.01108402 -0.9998958 0.00924548 0.006179361 -0.9821472 -0.1880125 0.285852 -0.9582688 -0.003073506 0.1895174 -0.9666578 -0.1722087 0.4097899 -0.8906868 -0.1968483 0.588848 -0.7922003 -0.1602398 0.4490488 -0.8930673 0.02803594 0.3432893 -0.9392297 0 0.9570652 -0.2888696 0.02409574 0.8948338 -0.4463995 0 0.9669262 0.240616 -0.08460308 0.9688111 0.2472239 0.01689366 0.9926511 0.1089841 0.05259548 0.9568132 0.270026 0.1076771 0.8106845 0.2717075 0.518619 0.7595995 0.2637348 0.5945188 0.8739443 -0.459754 -0.1576311 0.9380006 -0.2940513 -0.1835451 0.9812891 -0.07800011 -0.1760332 0.9725466 0.1307473 -0.192505 -0.9812885 -0.07800632 -0.1760341 -0.9745225 0.1243907 -0.1866355 -0.9669262 0.240616 -0.08460308 -0.2070844 -0.01645935 -0.9781846 -0.2023682 0.02038591 -0.9790973 0 0 -1 0 0 -1 0 0 -1 0 0 -1 0 0 -1 0 0 -1 0 0 -1 0 0 -1 0 0 -1 0 0 -1 0 0 -1 0 0 -1 0.01686204 -0.01145281 -0.9997922 0.0003200174 0.04500501 -0.9989867 0 0 -1 0.0002682354 0.0266125 -0.9996458 0 0 -1 -0.000568861 0.04495922 -0.9989887 0 0 -1 -0.1239216 -0.166716 -0.9781867 0 0 -1 -0.15637 -0.136738 -0.9781877 0 0 -1 -0.181755 -0.1005867 -0.9781858 -0.1989253 -0.05988316 -0.9781834 0 0 -1 -0.04392736 -0.2030323 -0.9781862 -0.08586681 -0.1891574 -0.9781852 0 0 -1 0.08586901 -0.1891567 -0.9781852 0 0 -1 0.04392663 -0.2030315 -0.9781864 -4.351951e-07 -0.207728 -0.9781866 0 0 -1 0 0 -1 0 0 -1 -0.004294385 0.001563074 -0.9999896 0 0 -1 0 0 -1 0 0 -1 0 0 -1 0 0 -1 0 0 -1 0 0 -1 0 0 -1 0.02767143 -0.02215575 -0.9993715 0.2065296 0.02948656 -0.9779959 0 0 -1 0.2070861 -0.01645916 -0.9781843 0.1989255 -0.05987963 -0.9781836 0.1817523 -0.1005866 -0.9781863 0 0 -1 0.1563685 -0.1367398 -0.9781877 0.1239226 -0.1667175 -0.9781863 0 0 1 0 0 1 0 0 1 0 0 1 -0.1204084 0.005673027 0.9927082 0 0 1 -0.1966358 -0.1164537 0.9735363 0 0 1 0 0 1 0 0 1 0 0 1 0 0 1 0.1598726 -0.003829432 0.9871302 0 0 1 0.1317481 -0.0984703 0.9863803 0 0 1 0 0 1 0.9999811 -0.004638533 0.004023526 0.9930063 -0.08014879 0.08668728 0.9995464 0 -0.030116 0.9983718 0 0.05704115 0.9965066 -0.0007163361 -0.0835108 0.9924923 -0.01041008 0.121863 0.9934283 -0.04380011 0.1057443 -0.999655 -0.002535901 -0.02614178 -0.9964674 0 -0.08398009 -0.9979409 0 0.06414036 -0.9999596 -0.006580564 0.006129311 -0.9860176 -0.07643476 0.1480775 -0.983579 -0.017899 0.1795886 0.4230027 0.1194588 -0.8982195 0.4782933 0.1179111 -0.8702485 0.7103334 0.005229586 -0.7038459 0.5282388 0.1124735 -0.8416136 0.5532906 0.0736012 -0.8297303 0.5529106 0.02246905 -0.8329376 0.5903976 0.008398659 -0.8070689 0.4815204 0.001457654 -0.8764337 0.3261869 0.1732843 -0.9292872 0.3744838 0.001060229 -0.9272329 0.193632 0.1942469 -0.9616521 0.2239376 0.001063532 -0.9746029 0.0004668987 0.1921634 -0.9813628 0.0007075695 -0.001067338 -0.9999992 -0.1911562 0.1931389 -0.9623703 -0.2239357 -0.001063833 -0.9746033 -0.3246602 0.1783949 -0.9288547 -0.5537831 0.01990408 -0.832423 -0.5521907 0.07374947 -0.8304495 -0.6889987 0.001333743 -0.7247613 -0.5279154 0.1137808 -0.8416408 -0.4805044 0.1215199 -0.8685323 -0.5878187 0.002998571 -0.8089871 -0.419683 0.1222819 -0.8993961 -0.4815199 0.001457461 -0.8764339 -0.3751415 0 -0.9269676 -0.6436444 0 -0.7653247 -0.709268 0 -0.704939 -0.7678111 0.0005204891 -0.6406761 -0.7682027 0.0009521842 -0.640206 -0.8587341 0.0007710118 -0.5124209 -0.8385225 0.0007215244 -0.5448665 -0.8956199 -0.0003679891 -0.44482 -0.925719 0.0002483751 -0.3782119 -0.9289904 0.0003702747 -0.3701036 -0.9743857 -0.0008338555 -0.2248819 -0.9699829 0.0003419311 -0.243173 -0.9999995 -0.000789331 -0.0005277013 -0.9999996 -0.0007000436 -0.0004637893 -0.9743069 0.0002345426 0.2252242 -0.9699288 -0.000720788 0.2433876 -0.9255918 0.0002732409 0.3785232 -0.9156284 -0.0006073587 0.4020252 -0.8731332 0.0002488753 0.4874816 -0.8348653 -0.001158648 0.5504531 -0.5657543 0.0009306841 0.8245734 -0.6837801 0 0.7296881 -0.7133051 -0.0005499508 0.7008535 -0.7488033 -0.0006719049 0.6627919 -0.8094865 -0.000406137 0.5871383 -0.587729 -2.350307e-05 0.8090578 -0.4806896 1.989542e-05 0.8768908 -0.4141447 0.0009302653 0.9102106 -0.3753614 -0.0003650244 0.9268784 -0.2529096 0.001165647 0.9674892 -0.2230225 -0.0002933876 0.9748133 0.0009264236 0.00138054 0.9999986 0.2525822 -0.0005852036 0.9675753 0.2223473 0.001474244 0.9749664 0.4137705 0.0002979664 0.9103812 0.3751501 0 0.9269641 0.4806899 1.995406e-05 0.8768907 0.5657547 0.0009292975 0.8245731 0.5877237 -2.219323e-05 0.8090617 0.6837787 -1.166765e-06 0.7296895 0.6897433 -0.0001091577 0.724054 0.7484303 0.0002107751 0.6632135 0.76762 -0.0004300043 0.6409051 0.8098169 0.0004743364 0.5866825 0.8393708 0.0002838068 0.5435591 0.8734385 -0.0007288707 0.4869339 0.9254213 -0.0009331107 0.3789387 0.8953277 0.0006569474 0.4454075 0.9289886 0.0003702747 0.3701081 0.9743857 -0.0008338555 0.2248819 0.9699829 0.0003419311 0.243173 0.9999995 -0.000789331 0.0005277013 0.9999996 -0.0007000436 0.0004637893 0.9743069 0.0002345426 -0.2252242 0.9699288 -0.000720788 -0.2433876 0.9255918 0.0002732409 -0.3785232 0.9156279 -0.0006074075 -0.4020264 0.8589351 0.0008598176 -0.5120837 0.8348658 -0.001107653 -0.5504524 0.7676617 0.0008409143 -0.6408548 0.709268 0 -0.704939 0.6436444 0 -0.7653247 0.7956566 0.008247596 0.6056919 0.878846 0.009261241 0.4770156 0.7444182 -2.538783e-06 0.6677137 -0.8198258 0.0009665959 0.5726121 -0.7444182 -2.538783e-06 0.6677137 -0.7435939 0.001327239 0.6686302 -0.8137994 0 0.5811459 -0.7890026 0.008011324 0.6143376 -0.7825075 0.02931524 0.6219507 -0.7894321 -0.00650486 0.6138034 -0.7658299 0.06643563 0.6396021 -0.7785522 -0.02644886 0.6270223 -0.7942576 0.01338119 0.6074338 -0.7866834 0.01207127 0.6172386 -0.7588694 0.04948125 0.6493604 -0.6988844 0.09997573 0.7082129 -0.5896252 0.1501505 0.7935975 -0.4674563 0.1888188 0.8636157 -0.4082304 0.004578799 0.9128675 -0.95448 0.000975759 0.2982732 -0.9510548 0 0.3090223 -0.9945217 0 -0.1045304 -0.9945217 0 -0.1045304 -0.8660248 0 -0.500001 -0.8660248 0 -0.500001 -0.5877851 0 -0.8090171 -0.5877851 0 -0.8090171 -0.2092987 -0.002215991 -0.9778492 -0.2588191 0 -0.9659258 -1.687873e-16 -0.000120895 -1 0.2092987 -0.002215991 -0.9778492 0.2588191 0 -0.9659258 0.5877851 0 -0.8090171 0.5877851 0 -0.8090171 0.8660248 0 -0.500001 0.8660248 0 -0.500001 0.9945217 0 -0.1045304 0.9945217 0 -0.1045304 0.9546718 0 0.2976605 0.9512305 0.000873495 0.3084797 0.8194774 4.279318e-05 0.5731115 0.7427791 0.00130733 0.6695353 0.7880684 0.03261392 0.6147232 0.7893819 -0.006596387 0.613867 0.7776026 0.06786098 0.6250832 0.778232 -0.02643885 0.6274201 0.7588712 0.1019464 0.6432119 0.7926806 0.06465763 0.6061987 0.5879805 0.1485482 0.7951178 0.698263 0.09999042 0.7088235 0.7578398 0.05654731 0.6499856 0.7791227 0.02557048 0.6263497 0.7896257 0.006285918 0.6135566 1.26328e-16 0.007053588 0.9999751 0.206094 0.1317761 0.9696187 0.4088339 0.00352854 0.912602 0.366278 0.1369667 0.9203698 0.4513554 0.1778267 0.8744461 -0.3499759 0.1694059 0.9213135 -0.203749 0.1334201 0.9698894 4.938987e-06 0.1316851 0.9912916 0 1 0 0 1 0 0 1 0 0 1 0 0 1 0 0 1 0 0 1 0 0 1 0 0 1 0 0 1 0 0 1 0 0 1 0 0 1 0 0 1 0 0 1 0 0 1 0 0 1 0 0 1 0 0 1 0 0 1 0 0 1 0 0 1 0 0 1 0 0 1 0 0 1 0 0 1 0 0 1 0 0 1 0 1 0 0 1 0 0 -1 0 0 -1 0 0 -0.2312296 -0.966976 -0.1071928 -0.3962418 -0.9181462 0 -0.7122937 -0.7018815 0 -0.7074848 -0.7067271 -0.00147087 -7.650199e-17 -1 0 0.1210014 -0.9893984 -0.08030838 0.7071038 -0.7071097 0 0.7071038 -0.7071097 0 1 2.02731e-15 0 1 2.046435e-15 0 0.7071038 0.7071097 0 0.7071038 0.7071097 0 0.1882143 0.982128 0 0.002946759 0.9999835 -0.004922331 -0.2737134 0.9618106 -0.001164427 -0.7089572 0.7052442 -0.003214663 -0.3962418 0.9181462 0 -1 2.02731e-15 0 -1 2.046435e-15 0 -0.7122937 0.7018815 0 0.2312296 0.966976 -0.1071928 0.3962418 0.9181462 0 0.7122937 0.7018815 0 0.7074848 0.7067271 -0.00147087 1.53004e-16 1 0 -0.1210014 0.9893984 -0.08030838 -0.7071038 0.7071097 0 -0.7071038 0.7071097 0 -1 2.065561e-15 0 -1 2.02731e-15 0 -0.7071038 -0.7071097 0 -0.7071038 -0.7071097 0 -0.1882143 -0.982128 0 -0.002946759 -0.9999835 -0.004922331 0.2737134 -0.9618106 -0.001164427 0.7089572 -0.7052442 -0.003214663 0.3962418 -0.9181462 0 1 2.02731e-15 0 1 2.02731e-15 0 0.7122937 -0.7018815 0 1 4.116777e-15 0 1 4.092871e-15 0 0.7071038 -0.7071097 0 0.7071038 -0.7071097 0 -3.825099e-17 -1 0 -5.737649e-17 -1 0 -0.7071038 -0.7071097 0 -0.7071038 -0.7071097 0 -1 4.092871e-15 0 -1 4.092871e-15 0 -0.7071038 0.7071097 0 -0.7071038 0.7071097 0 -3.825099e-17 1 0 -3.825099e-17 1 0 0.7071038 0.7071097 0 0.7071038 0.7071097 0 1 4.088089e-15 0 1 4.092871e-15 0 0.7071038 -0.7071097 0 0.7071038 -0.7071097 0 1.53004e-16 -1 0 1.721295e-16 -1 0 -0.7071038 -0.7071097 0 -0.7071038 -0.7071097 0 -1 4.092871e-15 0 -1 4.111996e-15 0 -0.7071038 0.7071097 0 -0.7071038 0.7071097 0 1.53004e-16 1 0 1.721295e-16 1 0 0.7071038 0.7071097 0 0.7071038 0.7071097 0 -0.9914448 -0.1305266 0 -0.9914448 -0.1305266 0 -0.8660265 -0.4999981 0 -0.8660265 -0.4999981 0 -0.4999995 -0.8660257 0 -0.4999995 -0.8660257 0 -1.646373e-16 -1 0 -1.66924e-16 -1 0 0.4999995 -0.8660257 0 0.4999995 -0.8660257 0 0.8660265 -0.4999981 0 0.8660265 -0.4999981 0 0.9914448 -0.1305266 0 0.9914448 -0.1305266 0 0 0 1 0 0 1 0 0 1 0 0 1 0 0 1 0 0 1 0 0 1 0 0 1 0 0 1 0 0 1 0 0 1 0 0 1 0 0 1 0 0 1 0 0 1 0 0 1 0 0 1 0 0 1 0 0 1 0 0 1 0 0 1 0 0 1 0 0 1 0 0 1 0 0 1 0 0 1 0 0 1 0 0 1 0 0 1 0 0 1 0 0 1 0 0 1 0 0 1 0 0 1 0 0 1 0 0 1 0 0 1 0 0 1 0 0 1 0 0 1 0 0 1 0 0 1 0 0 1 0 0 1 0 0 1 0 0 1 0 0 1 0 0 1 0 0 1 0 0 1 0 0 1 0 0 1 0 0 1 0 0 1 1 0 0 1 0 0 -1 0 0 -1 0 0 -0.7071046 -0.7071089 0 -0.7071046 -0.7071089 0 -3.825106e-17 -1 0 1.912553e-17 -1 0 0.7071046 -0.7071089 0 0.7071046 -0.7071089 0 0 0 1 0 0 1 0 0 1 0 0 1 0 0 1 0 0 1 0 0 1 0 0 1 0 0 1 0 0 1 0 0 1 0 0 1 0 0 1 0 0 1 0.8646977 0.5018881 0.02015417 0.7855226 0.618833 0 0.6036833 0.7972242 0 0.6981954 -0.7156536 0.01905683 0.859283 -0.5114864 0.003787688 0.9997891 0.01198455 0.01667973 0.9996538 0.016256 0.02068932 0.7063574 0.7078328 0.005658403 -7.650199e-17 1 0 -9.562749e-17 1 0 -0.7071038 0.7071097 0 -0.7071038 0.7071097 0 -1 2.065561e-15 0 -1 2.02731e-15 0 -0.7071038 -0.7071097 0 -0.7071038 -0.7071097 0 -7.650199e-17 -1 0 -9.562749e-17 -1 0 0.6036833 -0.7972242 0 0.7855226 -0.618833 0 -0.8646977 -0.5018881 0.02015417 -0.7855226 -0.618833 0 -0.6036833 -0.7972242 0 -0.6981954 0.7156536 0.01905683 -0.859283 0.5114864 0.003787688 -0.9997891 -0.01198455 0.01667973 -0.9996538 -0.016256 0.02068932 -0.7063574 -0.7078328 0.005658403 1.91255e-16 -1 0 2.103805e-16 -1 0 0.7071038 -0.7071097 0 0.7071038 -0.7071097 0 1 2.02731e-15 0 1 2.046435e-15 0 0.7071038 0.7071097 0 0.7071038 0.7071097 0 1.91255e-16 1 0 1.91255e-16 1 0 -0.6036833 0.7972242 0 -0.7855226 0.618833 0 -1 4.054619e-15 0 -1 4.054619e-15 0 -0.7071038 -0.7071097 0 -0.7071038 -0.7071097 0 -7.650199e-17 -1 0 -9.562749e-17 -1 0 0.7071038 -0.7071097 0 0.7071038 -0.7071097 0 1 4.092871e-15 0 1 4.092871e-15 0 0.7071038 0.7071097 0 0.7071038 0.7071097 0 -7.650199e-17 1 0 -9.562749e-17 1 0 -0.7071038 0.7071097 0 -0.7071038 0.7071097 0 -1 4.092871e-15 0 -1 4.092871e-15 0 -0.7071038 -0.7071097 0 -0.7071038 -0.7071097 0 1.91255e-16 -1 0 2.103805e-16 -1 0 0.7071038 -0.7071097 0 0.7071038 -0.7071097 0 1 4.054619e-15 0 1 4.054619e-15 0 0.7071038 0.7071097 0 0.7071038 0.7071097 0 1.91255e-16 1 0 1.91255e-16 1 0 -0.7071038 0.7071097 0 -0.7071038 0.7071097 0 0 0 1 0 0 1 0 0 1 0 0 1 0 0 1 0 0 1 0 0 1 0 0 1 0 0 1 0 0 1 0 0 1 0 0 1 0.8947658 0.08547487 -0.4382787 0.8126694 0 -0.582725 0.6215381 2.925328e-17 -0.783384 0.697449 0.02855226 -0.7160654 1 0 1.530046e-16 0.9982717 0.04640514 0.03605888 0.7071046 0 0.7071089 0.7071046 0 0.7071089 0 0 1 -3.825106e-17 0 1 -0.7071046 0 0.7071089 -0.7071046 0 0.7071089 -0.9966683 0 0.08156109 -0.9987467 0.03790646 0.03268223 -0.8816746 0.02730421 -0.4710674 -0.6812849 0.04394395 -0.7306982 -0.8126694 0 -0.582725 -7.650212e-17 -3.044762e-17 -1 1.338787e-16 3.044762e-17 -1 -0.6215381 0 -0.783384 -0.9690131 0.2467782 -0.0106803 -0.9774301 0.211259 0 -0.9577106 0.2877329 -0.0003877096 -0.967199 0.2161173 0.1334891 -0.9762666 0.2164071 -0.008455024 -0.9578048 0.2874146 -0.001703788 -0.9504077 0.311006 -0.000733032 -0.948899 0.3071602 0.07241038 -0.9687375 0.2454372 -0.03616842 -0.965094 0.2522033 -0.07061977 -0.9604196 0.2586506 -0.1034122 -0.1427907 0.2196056 0.9650825 0 0.1951146 0.9807805 -0.1159263 0.01701394 0.9931121 0 0.0914627 0.9958085 -0.1926374 0.1841817 0.9638298 0.1877044 0.1877725 -0.9641102 0.1711384 -0.1616766 -0.9718911 0.03097169 -0.09911244 -0.9945941 0 0 -1 -0.001057918 0.06135923 -0.9981152 -0.001640876 0.1023241 -0.9947498 0 0 -1 0 0 -1 -0.1871376 0.1885637 -0.964066 0 0 -1 0 0 -1 -0.02013372 0.09222669 -0.9955345 0 0 -1 -0.02644581 0.06724004 -0.9973863 -0.1358522 0.03644494 -0.9900586 0.1143671 -0.122889 -0.9858085 0 0 -1 -0.0473704 0 -0.9988774 0.9292173 0.3391097 0.1468328 0.9641811 0.2208299 0.1469316 0.96907 0.2465053 -0.01176922 0.9554003 0.2623387 -0.1356047 0.9715477 0.2013519 -0.1247094 0.9573597 0.2119395 0.1963264 0.9686748 0.2453925 -0.03810115 0.9649866 0.252018 -0.07271761 0.9370186 0.2974734 0.1830454 0.9604268 0.2579544 -0.105071 0.05019276 5.895525e-07 -0.9987395 0.1395936 0.0379355 -0.9894819 0.026961 0.0745361 -0.9968538 -0.1657242 -0.1657511 -0.972143 -0.1876915 0.1877606 -0.9641151 -0.0473274 -0.1503267 -0.9875029 0.1269869 0.1907649 -0.9733874 -0.1705398 -0.1796839 -0.9688291 0 0 -1 0.02639279 0.1438984 -0.9892404 0 0 -1 0.003868475 0.112254 -0.993672 0.01293998 0.108143 -0.9940511 0.08622767 0.003167547 -0.9962704 0.1135152 0.01616636 -0.9934047 0 0 -1 0.1926392 0.1841584 0.9638339 0 0.0914627 0.9958085 0.1863156 0.01303653 0.9824035 0.007055054 0.1906151 0.9816395 0.182195 0.04101744 0.9824065 0.1588303 0.1499358 0.9758546 0.1108194 -0.9872127 -0.1145872 0.04409337 -0.9877266 -0.1498396 0 -0.9996907 -0.02487044 8.637914e-05 -0.9894248 -0.1450465 0 -1 0 0 -0.9996907 -0.02487044 -0.06569654 -0.9865634 -0.1495884 -0.1062094 -0.9870767 -0.1199968 -0.1056759 0.9870338 -0.1208175 -0.04601668 0.9914323 -0.1222478 0 0.9996907 -0.02487044 -0.003211337 0.9835154 -0.180796 0 1 0 0 0.9996907 -0.02487044 0.08774758 0.9801619 -0.1777159 0.1069186 0.987119 -0.119015 0.1049019 -0.1684616 -0.9801103 0.07605893 -0.1865979 -0.9794878 0.1161013 0.230921 -0.9660207 0.1543743 0.1543748 -0.9758775 0.2016977 0.08354526 -0.9758782 0.09870223 0.1831675 -0.9781143 0.2066353 0.02164318 -0.9781786 0.1543752 -0.1543693 -0.9758783 0.2016974 -0.08354518 -0.9758782 0.2066352 -0.021643 -0.9781787 -0.1049019 0.1684616 -0.9801103 -0.07605893 0.1865979 -0.9794878 -0.1161013 -0.230921 -0.9660207 -0.1543743 -0.1543748 -0.9758775 -0.2016977 -0.08354526 -0.9758782 -0.09870223 -0.1831675 -0.9781143 -0.2066353 -0.02164318 -0.9781786 -0.1543752 0.1543693 -0.9758783 -0.2016974 0.08354518 -0.9758782 -0.2066352 0.021643 -0.9781787 0.9880441 -0.04718075 -0.1467747 0.9766372 -0.09436279 -0.1930685 0.9869242 0.09613539 -0.1293776 0.9765379 0.09383232 -0.193828 -0.9771726 -0.09871257 -0.1881212 -0.9889236 -0.02237924 -0.1467285 -0.9767676 0.09514591 -0.1920218 -0.9839324 0.1206005 -0.131653 -0.9609872 -0.228384 -0.156027 -0.8520682 -0.5006633 -0.152696 -0.9093588 -0.3726248 -0.1849791 -0.7360518 -0.6672345 -0.1141312 -0.6947501 -0.693046 -0.1923789 -0.5649999 -0.8115662 -0.1487796 -0.385019 -0.9045031 -0.1833971 -0.3046155 -0.9414129 -0.144745 -0.9070575 0.3746917 -0.1919709 -0.2188317 0.9678861 -0.12373 -0.3866655 0.9039611 -0.182604 -0.9169702 0.3754552 -0.1349042 -0.7807356 0.6111779 -0.1300518 -0.6932597 0.6946396 -0.1920071 -0.6492839 0.7573743 -0.06938712 -0.484224 0.8669282 -0.1181638 0.3845526 0.9049234 -0.1822992 0.9463336 0.2974826 -0.1263207 0.9062866 0.3753855 -0.1942427 0.8271748 0.5491061 -0.1194336 0.6934989 0.6938282 -0.1940663 0.3112721 0.9422939 -0.1232556 0.5514072 0.8256075 -0.1196762 0.7218811 0.6878442 -0.07588147 0.2483493 -0.9558947 -0.1568055 0.5126403 -0.8449065 -0.1527514 0.3822799 -0.9074441 -0.1743768 0.671655 -0.7321522 -0.1132816 0.6929826 -0.6947926 -0.1924537 0.8159548 -0.5587545 -0.1483615 0.9066166 -0.3750143 -0.1934183 0.9454597 -0.2926503 -0.1430448 -0.976413 0.1164695 -0.1818034 -0.9908449 0.08798023 0.1024002 -1 0 0 -0.9940379 -0.04823674 0.09778455 -0.985625 -0.1375566 -0.09808934 -0.9950619 -0.09923335 -0.002115461 -0.993804 -0.08539493 -0.07114246 -0.9888885 -0.1154525 -0.09364967 -0.9999832 -0.00486193 -0.003155825 -0.9865244 -0.1457996 -0.07424347 0.02536293 0.9925309 0.1193277 -0.04813452 0.9821437 -0.1818704 0.03770632 0.989097 0.1423565 0.02093225 0.990093 -0.1388444 0.1940443 0.9703286 0.1442538 -0.174416 0.9728196 0.1523194 -0.01118761 0.989046 -0.1471828 -0.02613341 0.9926126 0.1184792 0.03734312 0.9787226 -0.2017614 1.116192e-06 0.992533 0.1219764 2.383937e-06 0.9783767 -0.2068308 -0.04034796 0.9783815 -0.2028341 0.994134 0.04648294 0.09765669 0.9792021 0.1111668 -0.1697212 1 0 0 0.9939922 -0.04681802 0.0989326 0.9868187 -0.1243815 -0.1035284 0.9857481 -0.1422279 -0.08984338 0.995145 -0.07514849 -0.0635541 0.9950538 -0.09930076 -0.002710323 0.9890189 -0.1160017 -0.09157122 0.9998717 -0.004626681 -0.0153342 0.9783851 -0.177541 0.1060271 0.2165357 -0.9759979 -0.02324811 0.4667045 -0.8837035 -0.0354272 0.3714111 -0.917072 0.1450268 0.7207405 -0.6930761 -0.01336635 0.6747363 -0.7209242 0.1581114 0.9259147 -0.3777178 -0.003346425 0.9206219 -0.3902441 0.01284054 0.9711378 -0.2276012 0.07133714 -0.9266212 -0.3759951 -0.0008594477 -0.9265026 -0.3756168 0.02247095 -0.971688 -0.2275316 0.06365355 -0.9783835 -0.1805193 0.1008884 -0.7278374 -0.6857452 0.002513006 -0.6899832 -0.6970045 0.1952125 -0.492387 -0.8703671 0.00402617 -0.3752248 -0.9069382 0.1914928 -0.2073714 -0.9782609 0.001661347 -0.2702717 0.9531447 -0.1358985 -0.5006458 0.852902 0.1480268 -0.6101949 0.7777294 -0.1509941 -0.7779222 0.6159781 0.1241289 -0.8744982 0.4537967 -0.171235 -0.9421642 0.3167095 0.1096438 0.4906938 0.8602908 0.1382726 0.2821327 0.9511767 -0.1251561 0.7711132 0.6258662 0.1169444 0.6189631 0.7730481 -0.138857 0.920863 0.3740278 0.1100659 0.8758405 0.4581612 -0.1516302 0.9787514 0.1739942 0.1084976 0.0518432 -0.001309558 -0.9986544 0.1200617 -0.002869124 -0.9927623 0.2863487 -0.007476953 -0.9580963 0.2175344 -0.001076521 -0.9760521 0.303588 -0.0002716417 -0.9528034 0.3633083 -0.003857617 -0.931661 0.4180926 -0.002330615 -0.9084014 0.5497573 -0.004384413 -0.8353129 0.9653189 0.02954883 -0.2593962 0.9871706 0.004619445 -0.1596023 0.9592234 0.0002029717 -0.2826488 0.9072962 0.008269856 -0.4204109 0.8379412 0.005753415 -0.5457302 0.8770419 0.03741862 -0.4789544 0.739209 0.002232053 -0.6734724 0.7397448 0.0426029 -0.6715375 0.5960355 0.04103884 -0.8019086 0.5257739 0.01492288 -0.8504935 0.300503 -0.001401456 -0.9537798 0.4436162 0.009166422 -0.89617 0.799915 0.003020982 0.6001057 0.9379432 0.01345013 0.3465279 0.8523194 0.1866694 0.4885757 0.9841216 0.02560345 0.175639 0.9480439 0.1848163 0.2589513 0.4829227 0.1835675 0.856206 0.5096087 -0.001210369 0.8604054 0.642262 0.003672711 0.7664764 0.695334 0.1913072 0.692757 0.2649476 0.173677 0.9484931 0.1126439 0.04464134 0.9926321 0.2850336 0.01962026 0.9583167 -0.6719092 0.0104495 0.7405598 -0.6075862 0.06339297 0.7917199 -0.5735012 0.02650338 0.8187758 -0.3021688 0.01820556 0.9530806 -0.1723689 0.06552144 0.9828509 -0.4859416 0.1813378 0.8549722 -0.1000784 0.05163407 0.9936389 -0.2644632 0.1746418 0.9484511 -0.9479912 0.1864607 0.2579632 -0.9796967 0.01879692 0.1996021 -0.8521174 0.1890811 0.4880003 -0.9273787 0.009499879 0.3740032 -0.8370503 0.005517818 0.5470982 -0.6928399 0.1892872 0.695804 -0.3467472 0.000845588 -0.9379582 -0.5760898 0.02200298 -0.8170902 -0.4305959 -0.01183142 -0.9024673 -0.9861743 -0.001298967 -0.1657063 -0.9651931 0.02578318 -0.2602641 -0.6900185 0.023876 -0.7233978 -0.8683117 0.02563247 -0.4953562 -0.8140671 0.007277055 -0.5807252 -0.9212337 0.005605655 -0.3889692 -0.7236019 0.04117437 -0.6889884 -0.4688549 -0.04771251 -0.8819856 -0.3969621 -0.04285455 -0.916834 -0.340847 -0.04042268 -0.9392493 -0.07936154 -0.0001203123 -0.9968459 -0.126085 0.003480787 -0.9920133 -0.3658162 -0.04572286 -0.9295633 -0.3095144 -0.02947765 -0.9504377 -0.2459008 -0.01581919 -0.9691659 -0.1699535 -0.00509378 -0.9854389 0.04928677 0.9975679 0.04928677 -0.2179185 0.974709 -0.0495367 -0.2179149 0.9747103 0.04952691 0.2179276 0.974708 -0.04951702 0.1706215 0.9704542 -0.1706077 0.04952862 0.97471 -0.2179158 -0.04953213 0.9747098 -0.217916 -0.1706121 0.9704562 -0.1706057 -0.1706046 0.9704538 0.1706266 -0.04952119 0.9747072 0.2179299 0.1483357 0.9777463 0.1483532 0 1 0 0 1 0 0 1 0 0 1 0 0 1 0 0.2179299 0.9747072 0.04952119 0 1 0 0 1 0 0.1706266 0.9704538 0.1706046 0.04952691 0.9747103 0.2179149 0 1 0 -0.9640614 0.1885613 -0.1871635 -0.9933655 0.06368218 -0.09575805 -0.9641151 0.1877606 0.1876915 -0.9974437 0.07143195 -0.001907286 -0.9883271 0.07184163 0.1343444 0.1960339 -0.1960596 0.9607972 0.1657242 -0.1657511 0.972143 0.1658921 0.1340712 0.9769876 0.1914113 0.185074 0.9639032 0 -1 0 0 -1 0 0.1929775 -0.9638564 -0.1836861 0.1308355 -0.9825728 -0.1320331 0 -1 0 0.1877479 -0.9641061 0.1877503 0 -1 0 0 -1 0 0 -1 0 0.1951124 -0.9612945 0.1945352 0 -1 0 0 -1 0 0.9641077 0.1878007 0.1876891 0.9641255 -0.1877117 0.187687 0.9641088 0.1877981 -0.1876862 0.9641241 -0.1877151 -0.1876907 0 -1 0 0 -1 0 0 -1 0 0 -1 0 0 -1 0 0 -1 0 0 -1 0 0 -1 0 0 -1 0 0 -1 0 0 -1 0 0 -1 0 0.9868607 0.1552857 0.0446355 0.9641102 0.1877725 0.1877044 0.9998337 0.01823414 0 0.9779038 0.07186285 0.1963157 -0.2179276 0.974708 0.04951702 -0.1706215 0.9704542 0.1706077 -0.04952862 0.97471 0.2179158 0.1962444 0.9740846 -0.11246 0.1137423 0.9740394 -0.1957293 0.03037518 0.9770729 -0.210727 0 1 0 0 1 0 -0.04928677 0.9975679 0.04928677 0 1 0 0 1 0 0 1 0 -0.2179299 0.9747072 -0.04952119 0 1 0 0 1 0 0.2104768 0.9771457 -0.02976365 0 1 0 -0.04952691 0.9747103 -0.2179149 -0.1706266 0.9704538 -0.1706046 -0.1483357 0.9777463 0.1483532 0.04951702 0.974708 0.2179276 0.2179158 0.97471 0.04952862 0.1706077 0.9704542 0.1706215 -0.9641077 0.1878007 -0.1876891 -0.9641255 -0.1877117 -0.187687 -0.9641088 0.1877981 0.1876862 -0.9641241 -0.1877151 0.1876907 -0.1877241 -0.9641158 0.1877243 -0.1877479 -0.9641061 -0.1877503 0 -1 0 0 -1 0 -0.1960943 -0.9607778 0.1960943 0 -1 0 -0.1763247 -0.9597536 -0.2185925 0 -1 0 0 -1 0 0 -1 0 0 -1 0 0 -1 0 -0.1766933 0.1426381 0.9738757 -0.1877044 0.1877725 0.9641102 -0.1960278 -0.1960661 0.9607972 -0.1657242 -0.1657511 0.972143 6.250519e-06 0 1 6.250519e-06 0 1 -0.707113 0 0.7071005 -0.707113 0 0.7071005 -1 0 3.825135e-17 -1 0 -1.912568e-17 -0.707113 0 -0.7071005 -0.707113 0 -0.7071005 6.250519e-06 0 -1 6.250519e-06 0 -1 0.7071068 0 -0.7071068 0.7071068 0 -0.7071068 1 0 3.825183e-17 1 0 -1.912591e-17 0.7071068 0 0.7071068 0.7071068 0 0.7071068 -6.250519e-06 0 1 -6.250519e-06 0 1 -0.7071068 0 0.7071068 -0.7071068 0 0.7071068 -1 0 -3.825183e-17 -1 0 1.912591e-17 -0.7071068 0 -0.7071068 -0.7071068 0 -0.7071068 -6.250519e-06 0 -1 -6.250519e-06 0 -1 0.707113 0 -0.7071005 0.707113 0 -0.7071005 1 0 -3.825135e-17 1 0 1.912568e-17 0.707113 0 0.7071005 0.707113 0 0.7071005 -1 0 0 -0.9952898 -0.007815801 -0.09662896 -1 0 0 -0.993215 0.0191465 -0.1147058 -0.9937504 0.02889086 -0.1078218 0.9957939 0 -0.09162194 1 0 0 0.9867121 0.02304592 -0.1608355 1 0 0 0.9980755 0.01604957 -0.05989762 0.1961295 0.1897576 -0.9620422 -0.1400941 0.2024545 -0.9692192 0.1481422 0.1481711 -0.9778033 -0.1481422 0.1481711 -0.9778033 0 1 0 0 1 0 0 0.9958078 -0.09147076 0 1 0 0 0.9958078 -0.09147076 0 1 0 0 1 0 0 1 0 0 1 0 6.250519e-06 0 -1 6.250519e-06 0 -1 -0.707113 0 -0.7071005 -0.707113 0 -0.7071005 -1 0 -3.825135e-17 -1 0 1.912568e-17 -0.707113 0 0.7071005 -0.707113 0 0.7071005 6.250519e-06 0 1 6.250519e-06 0 1 0.7071068 0 0.7071068 0.7071068 0 0.7071068 1 0 -3.825183e-17 1 0 1.912591e-17 0.7071068 0 -0.7071068 0.7071068 0 -0.7071068 -6.250519e-06 0 -1 -6.250519e-06 0 -1 -0.7071068 0 -0.7071068 -0.7071068 0 -0.7071068 -1 0 3.825183e-17 -1 0 -1.912591e-17 -0.7071068 0 0.7071068 -0.7071068 0 0.7071068 -6.250519e-06 0 1 -6.250519e-06 0 1 0.707113 0 0.7071005 0.707113 0 0.7071005 1 0 3.825135e-17 1 0 -1.912568e-17 0.707113 0 -0.7071005 0.707113 0 -0.7071005 0 -1 0 0 -1 0 0 -1 0 0 -1 0 0 -1 0 0 -1 0 0 -1 0 0 -1 0 0 -1 0 0 -1 0 0 -1 0 0 -1 0 0 -1 0 0 -1 0 0 -1 0 0 -1 0 0 -1 0 0 -1 0 0 -1 0 0.1005081 0.005768418 -0.9949195 0.04993762 0 -0.9987523 -0.1705217 0 -0.9853539 0.5094728 0 -0.8604868 0.4064475 0.01821613 -0.9134925 0.7230774 0.02884753 -0.6901644 -0.02495874 0.03553375 -0.9990568 -0.7071068 0 -0.7071068 -0.7071068 0 -0.7071068 -1 0 -3.825084e-17 -1 0 1.912542e-17 -0.7071068 0 0.7071068 -0.7071068 0 0.7071068 2.999852e-06 0 1 2.999852e-06 0 1 0.7071038 0 0.7071098 0.7071038 0 0.7071098 1 0 -3.825107e-17 1 0 1.912553e-17 0.7554487 0 -0.6552078 0 -1 0 0 -1 0 0 -1 0 0 -1 0 0 -1 0 0 -1 0 0 -1 0 0 -1 0 0 -1 0 0 -1 0 0 -1 0 0 -1 0 0 -1 0 0 -1 0 0 -1 0 0 -1 0 0 -1 0 0 -1 0 0 -1 0 -0.3752732 0.08314874 -0.9231773 -0.5094728 0 -0.8604868 -0.7554487 0 -0.6552078 -0.7168117 0.02143571 -0.6969373 0.01219288 0.01917857 -0.9997417 -0.1320369 0.04368015 -0.9902819 -1 0 0 -1 0 0 -0.7071038 0 0.7071098 -0.7071038 0 0.7071098 -2.999852e-06 0 1 -2.999852e-06 0 1 0.7071068 0 0.7071068 0.7071068 0 0.7071068 1 0 3.825084e-17 1 0 -1.912542e-17 0.7071068 0 -0.7071068 0.7071068 0 -0.7071068 0.1705217 0 -0.9853539 -0.04993762 0 -0.9987523 0.9854251 0.03374553 -0.1667294 0.9610753 -0.1955034 -0.1952247 0.9976416 -0.04853097 0.04853852 0.9708675 0.1462405 0.1898157 0.9876174 0.1563033 0.01346218 0.9927288 0.01503013 0.1194305 0.9998768 -0.01185501 0.01029013 0.9718025 0.1966606 0.1300944 0.9807793 0.1951205 0 1 0 0 0.9718652 0.1964674 -0.1299174 0.9837225 0.00148752 0.1796883 0.9929426 -0.06228612 0.1009227 -0.9876143 0.1563201 0.0134893 -0.9804823 0.1228726 0.1534825 -0.9994716 -0.0229823 0.0229858 -0.9708985 -0.172288 -0.1663521 -0.9927288 0.01503013 -0.1194305 -0.9718574 0.1964771 0.1299616 -0.9998773 -0.01184122 -0.01025521 -0.9718092 0.1966607 -0.1300441 -1 0 0 -0.9854251 0.03374553 0.1667294 -0.9820601 -0.01032891 0.1882852 -0.9999249 0.01051089 -0.006308768 -0.06132202 -0.1652966 0.9843356 -0.2525969 -0.1343452 0.9581995 -0.1868044 0.2078685 0.9601535 0.2312656 -0.08637572 0.9690487 0.0410063 -0.1104797 0.9930321 0.1308052 0.1315273 0.9826447 0.01138162 -0.1224957 0.9924038 -0.01592429 -0.182511 0.9830748 0.1960359 -0.1960577 -0.9607972 0.1877121 0.2049015 -0.9606142 -0.1960339 -0.1960596 -0.9607972 -0.1572131 0.1523128 -0.9757484 0.1896252 -0.4233949 -0.8858776 -0.1334881 -0.3787773 -0.9158104 0.1250608 -0.6606711 -0.7401848 -0.1313686 -0.657804 -0.7416443 0.008218404 -0.8265062 -0.5628676 -0.008218404 -0.8265062 -0.5628676 0.1895678 -0.9324712 -0.3075086 -0.187842 -0.9329754 -0.307038 -0.1892518 -0.4235223 0.8858965 0.1335059 -0.3787883 0.9158032 -0.1193006 -0.6606572 0.7411474 0.1236318 -0.6653139 0.7362558 -0.009835297 -0.8259569 0.5636474 0.009835297 -0.8259569 0.5636474 -0.1822312 -0.9310486 0.3161333 0.1826535 -0.930993 0.3160533 -0.8635877 -0.003124956 0.5041889 -0.9622213 -0.004038978 0.2722386 -0.6165135 0.01470534 0.787207 -0.8527655 0.01038672 0.5221907 -0.05728979 0.00748535 0.9983295 -0.07759889 0.06459042 0.9948902 -0.479867 -0.003904892 0.8773326 -0.7374514 -8.533562e-05 0.6754002 -0.2937011 0.005027355 0.9558841 0.8389244 0.1982706 0.5068477 0.5919123 0.1307137 0.7953325 0.7131741 0.09627766 0.6943438 -0.8336007 0.2062298 0.5124247 -0.293208 0.06984632 0.9534939 -0.5990547 0.1510354 0.7863344 -0.7158912 0.0863867 0.6928471 0.05728979 0.00748535 0.9983295 0.3097955 0.05360189 0.9492911 -0.7173698 -0.0570217 0.6943552 -0.6890782 -0.2074257 0.6943672 -0.6296332 -0.3484452 0.6943688 -0.5417045 -0.473706 0.6943766 -0.4292861 -0.5775401 0.6943781 -0.2974474 -0.6552502 0.6943863 -0.1521719 -0.7033426 0.6943723 -2.265405e-06 -0.7196226 0.6943654 0.15217 -0.7033391 0.6943763 0.2974528 -0.6552476 0.6943863 0.4292855 -0.5775444 0.6943748 0.5417065 -0.4737048 0.6943759 0.6296318 -0.3484449 0.6943702 0.6890801 -0.2074238 0.6943659 0.7173709 -0.05702964 0.6943534 0.02045661 0.08469055 0.9961973 0.9489082 -0.01366178 0.3152564 0.8602148 -0.08827811 0.5022325 0.8284815 -0.05185155 0.5576108 0.8532022 0.01212166 0.5214395 0.61665 0.01483566 0.7870976 0.2936514 0.004925736 0.9558999 0.479867 -0.003904892 0.8773326 -0.1304719 0.01704474 -0.9913055 -0.4538578 0.01216173 -0.8909911 -0.05015588 0.02694718 -0.9983778 -0.7346914 0.0172223 -0.6781828 -0.4117465 -0.004714063 -0.9112862 -0.9306895 0.005337224 -0.3657713 -0.9560279 -0.002638952 -0.2932637 -0.7429272 -0.0001361628 -0.6693722 0.4340353 0.0845816 -0.8969166 0.737009 0.1586248 -0.6570053 0.713493 0.09692949 -0.6939253 0.9052544 0.1852304 -0.3823664 -0.905825 0.2214796 -0.3611479 -0.7179022 0.1810464 -0.6721895 -0.7143908 0.081135 -0.6950272 -0.4421036 0.1076785 -0.8904773 0.125445 -0.04331261 -0.9911547 -0.7173652 -0.05702918 -0.6943593 -0.6890746 -0.2074221 -0.6943718 -0.6296267 -0.3484422 -0.6943762 -0.5417021 -0.473701 -0.6943818 -0.429282 -0.5775398 -0.6943808 -0.2974504 -0.6552424 -0.6943923 -0.1521688 -0.7033334 -0.6943823 2.265438e-06 -0.7196169 -0.6943713 0.1521707 -0.7033369 -0.6943783 0.297445 -0.6552449 -0.6943922 0.4292826 -0.5775355 -0.6943841 0.5417001 -0.4737022 -0.6943826 0.6296281 -0.3484424 -0.6943747 0.6890727 -0.207424 -0.6943732 0.717364 -0.05702124 -0.6943611 0.05202013 0.02524451 -0.9983269 0.9512214 -0.001102216 -0.3085071 0.9306915 0.004042632 -0.3657826 0.7344151 0.01685934 -0.6784911 0.4117465 -0.004714063 -0.9112862 0.7373101 -9.146968e-05 -0.6755545 0.4539185 0.01230136 -0.8909583 -0.1951437 -0.03123947 -0.980277 -0.3350583 0.01790299 -0.9420273 -0.04376309 -0.01591967 -0.9989151 -0.002919961 -0.001302516 -0.9999949 0.3320198 0.02156336 -0.9430259 -0.4734292 0.1041588 0.8746518 -0.5154663 0.3165575 0.7962951 -0.847909 0.1735 0.5009472 -0.805493 0.322529 0.4971479 -0.02121583 0.3337023 -0.9424397 0.01375048 0.5525556 -0.8333626 -0.03290622 0.5797993 -0.8140945 -0.04144798 0.439326 -0.897371 -0.07703516 0.3785995 -0.9223492 -0.1063823 0.2831488 -0.9531577 -0.1980596 0.2028615 -0.958968 -0.05992667 0.6254911 -0.7779265 -0.1140519 0.5773943 -0.8084603 -0.1706397 0.456101 -0.8734151 -0.2527707 0.3565631 -0.8994274 -0.7306218 0.3779991 0.5686022 -0.5483567 0.5124327 0.6608462 -0.2783899 0.8898549 0.3614655 -0.09436816 0.6999228 0.7079567 -0.4248989 0.574295 0.6997472 -0.3154735 0.7789049 0.5420181 -0.8091992 0.4065054 0.4242052 -0.8753958 0.4231541 0.2337151 -0.9004764 0.402569 -0.1645613 -0.9076047 0.4046047 -0.1120214 -0.9156809 0.3967624 0.06409471 -0.310719 0.0660773 -0.9482022 0 0.7070793 0.7071343 0.9876695 0.09374042 0.1253858 0.3051138 0.07929472 -0.9490089 0.208514 0.2017624 -0.9569816 0.2764443 0.3101825 -0.9095963 0.01131906 0.7286989 -0.6847406 -0.01151576 0.7160787 -0.6979246 0.02678568 0.5615713 -0.8269947 0.01876496 0.4335882 -0.9009157 0.01161178 0.6446962 -0.7643506 0.04410916 0.4296912 -0.9018979 0.1028383 0.3063589 -0.9463448 0.0724706 0.6083203 -0.7903762 0.1702335 0.4255476 -0.8887799 0.1644928 0.386675 0.9074274 0.014697 0.7071068 0.706954 0.1455433 0.5996264 0.7869341 0.1641575 0.6985911 0.6964358 0.2001516 0.8883347 0.4132806 -0.4893211 0.001418899 -0.8721025 -0.6926546 0 -0.7212695 -0.6944657 0.188376 -0.6944292 -0.9493014 0.05881551 -0.3088165 -0.8524917 0.05019164 -0.5203255 -0.1900015 0.0007746108 -0.9817835 -0.3366722 0.002345399 -0.941619 -0.3984355 0.002966452 -0.9171916 0.9684692 0.03174522 -0.2471024 0.9647376 0.1386882 -0.223712 0.8724417 0.04967076 -0.4861876 0.9147025 0.3642275 -0.1750932 0.777549 0.1235948 -0.6165565 0.6379732 0.1107364 -0.7620549 0.5066768 0.04403859 -0.8610106 0.2920577 0.1423003 -0.9457552 0.1857233 0.9590598 -0.2138017 0.2195443 0.8973486 -0.382839 0.204299 0.5471527 -0.8117178 0.3324794 0.6599272 -0.6737607 0.7163179 0.07077388 -0.6941756 0.6739088 0.279142 -0.6840516 0.5157867 0.5157959 -0.6840458 0.7163184 -0.07077497 -0.6941749 0.1857233 -0.9590598 -0.2138017 0.973772 -0.04922336 -0.2221375 0.8522839 0.1882908 -0.488015 0.4933821 0.1893299 -0.8489572 0.7193589 -0.1447673 0.6793859 0.6946854 0.1866758 0.6946685 0.7193615 -0.1447747 -0.6793815 0.6946727 0.1866863 -0.6946784 0.2041457 -0.5472737 -0.8116748 0.6739099 -0.2791395 -0.6840517 0.5157876 -0.5157976 -0.6840438 0.3325354 -0.6599687 -0.6736924 0.2195443 -0.8973486 -0.382839 0.2048073 -0.6921058 0.6921297 0.1447425 -0.719349 0.6794016 0.0990103 -0.4580037 -0.8834193 0.1567905 -0.7180011 -0.6781527 0.08272274 -0.6881625 -0.7208254 0.1335077 -0.8887367 -0.4385463 -0.4083542 0.1641976 -0.8979343 -0.8382566 0.06508524 -0.5413777 -0.8177323 -0.1241272 -0.5620555 -0.3768498 0.05866909 -0.9244145 -0.4889661 -0.6534204 -0.5778875 -0.7064708 -0.3997861 -0.5840121 -0.2118837 -0.7942774 -0.5694108 -0.01655793 -0.8314683 -0.5553254 -0.2987178 -0.1039205 -0.9486665 -0.1691775 -0.2583566 -0.9511208 -0.01915404 -0.3594684 -0.9329606 0.05766092 -0.4032337 -0.9132786 -0.1446903 -0.7193304 0.6794325 -0.204827 -0.6920777 0.6921519 -0.7193615 -0.1447747 0.6793815 -0.6946727 0.1866863 0.6946784 -0.1453795 -0.7294512 -0.6684053 -0.1447425 -0.719349 -0.6794016 -0.7193589 -0.1447673 -0.6793859 -0.6946854 0.1866758 -0.6946685 0.8347072 0.0411016 -0.5491581 0.8385981 0.169471 -0.5177189 0.4029174 0.1524781 -0.9024456 0.4125967 0.2213756 -0.8836045 -0.0204793 0.7470924 -0.6644047 -0.03689251 0.9097985 -0.4134072 -0.1693966 0.8664417 -0.4696633 -0.07425465 0.5460044 -0.8344851 -0.008097067 0.5129872 -0.8583581 -0.6211047 0.6185513 -0.4812726 -0.402277 0.7788932 -0.4811431 -0.7668782 0.3942086 -0.5064557 -0.8377922 0.1848962 -0.5137291 -0.1970896 0.514217 -0.8347075 -0.3035859 0.4423871 -0.8438775 -0.3751319 0.3338603 -0.864762 -0.4108202 0.2306143 -0.8820679 -0.06583698 -0.4079054 -0.9106474 -0.003121782 -0.8348207 -0.5505131 0.1600026 -0.8117078 -0.5617203 -0.006486598 -0.3775619 -0.9259616 0.6617874 -0.4766387 -0.5786649 0.4183744 -0.6983149 -0.5807918 0.7998275 -0.1853542 -0.5708939 0.1285448 -0.2963231 -0.9463978 0.2630215 -0.1546638 -0.9523123 0.357417 0.02238264 -0.9336767 0.0003356177 -0.8427561 -0.5382954 0.0007153442 -0.4335349 -0.9011365 -0.006628765 0.7423318 -0.6699997 0.05493166 0.732572 -0.6784694 0.3859196 0.3052169 -0.8705795 0.7920241 0.3339415 -0.5110586 0.4844664 0.7373785 -0.4707072 0.6755254 0.5480317 -0.4932815 0.3302366 0.4102099 -0.850101 0.2397337 0.4915437 -0.8372052 0.1329749 0.524511 -0.8409554 0.2537353 0.8430793 -0.4741684 -0.9980988 0.05138731 -0.03403133 -0.9790171 0.1680023 -0.1153291 -0.9556078 0.2569325 -0.1442199 -0.9196471 0.3451212 -0.187458 -0.9644161 0.2558049 -0.06682362 -0.9655932 0.2588312 0.02522319 -0.9598045 0.2516908 0.1242057 -0.9425046 0.2548445 0.2161928 -0.8954079 0.3043372 0.3249978 -0.7954513 0.4971413 0.3465656 -0.7581006 0.6093506 0.2323259 -0.7159426 0.6946588 0.06982359 0.6697111 0.405629 0.6220548 0.6076589 0.5411616 0.5812871 0.864577 0.3671344 0.343102 0.6663846 0.2638892 0.6973479 -0.2041457 0.5472737 -0.8116748 -0.7163184 0.07077497 -0.6941749 -0.6739099 0.2791395 -0.6840517 -0.5157876 0.5157976 -0.6840438 -0.3325354 0.6599687 -0.6736924 -0.2195443 0.8973486 -0.382839 -0.1857233 0.9590598 -0.2138017 -0.7163179 -0.07077388 -0.6941756 -0.1857233 -0.9590598 -0.2138017 -0.2195443 -0.8973486 -0.382839 -0.204299 -0.5471527 -0.8117178 -0.3324794 -0.6599272 -0.6737607 -0.6739088 -0.279142 -0.6840516 -0.5157867 -0.5157959 -0.6840458 0.7334788 0.6048521 0.3101014 0.7200944 0.6888364 0.08347765 0.3675957 0.5576179 0.7442686 0.7609582 0.3833994 0.5234 0.5986573 0.035713 0.8002088 -0.5293347 -0.5293882 0.6629878 -0.6947317 -0.6946611 0.186531 -0.6947091 -0.6946769 -0.186556 -0.5293084 -0.5294457 -0.6629629 0.5293347 -0.5293882 -0.6629878 0.6947317 -0.6946611 -0.186531 0.6947091 -0.6946769 0.186556 0.5293084 -0.5294457 0.6629629 0.6968734 0.05088386 0.7153868 0.6946784 0.1866863 0.6946727 0.6821108 0.1513279 0.7154192 0.713904 0.6986735 0.04686687 0.04688347 0.6986706 0.7139057 0.1869607 0.6915064 0.6977568 0.3611942 0.6915014 0.6255914 0.5107876 0.691514 0.510788 0.6255693 0.6915316 0.3611746 0.6977244 0.6915429 0.1869469 -0.7138995 0.6986788 0.04685689 -0.6977192 0.6915449 0.1869589 -0.6255722 0.6915262 0.3611799 -0.5107931 0.6915095 0.5107886 -0.3611973 0.6915004 0.6255907 -0.1869602 0.6915077 0.6977556 -0.0473201 0.6984524 0.7140903 -0.9984654 0.05537454 -0.0006890578 -0.9901013 0.1355414 -0.03644204 0.002268204 0.9264268 0.3764681 -4.489976e-05 0.9294732 0.3688898 0.02342533 0.9965702 0.07936674 -4.917291e-05 0.9996657 0.0258539 -0.6483776 0.007585193 -0.7612811 -0.9740434 0.1981588 -0.109419 -0.9342291 0.1637815 -0.3168462 -0.9053856 0.1561899 -0.3948185 -0.8726022 0.1281934 -0.4713087 -0.8143749 0.09344434 -0.5727667 -0.9531754 0.1401994 -0.2679565 -0.9830414 0.1264683 -0.1327985 -0.694668 0.1866986 0.6946798 -0.8898538 0.06486533 0.4516113 -0.6849111 -0.04475532 0.7272509 -0.4549671 0.01680589 0.8903497 -0.9135355 0.1099431 0.391619 -0.9128112 -0.0492342 0.4054032 -0.9599624 -1.682383e-05 0.280129 0.8833964 0.02427135 0.4679976 -0.8748015 0.01232967 0.4843245 -0.7263141 0.01368694 0.6872267 -0.6933851 0.186847 0.6959205 -0.6224286 0.003464541 0.7826689 -0.5905509 0 0.8070004 -0.8503773 0.1892049 0.4909786 0.9844437 0.1421587 0.1032542 0.9068804 0.4213881 0 0.9382791 0.3437918 0.03794091 0.9983057 0.05815111 -0.002064978 0.8656097 -0.491911 0.0935067 0.9708261 -0.02936734 0.2379794 0.9337385 0.236659 0.268561 0.9275337 -0.1404631 0.34634 0.9307288 0.3382137 0.1391239 0.8072616 0.3922099 0.4410217 -0.2537983 0.7043575 -0.662923 -0.3362648 0.4288031 -0.838483 -0.2885261 0.4976716 -0.8179705 -0.1068962 0.8877719 -0.4476988 0.05363207 0.8634228 -0.5016221 -0.1903198 0.4595722 -0.867509 -0.08557345 0.3039723 -0.9488298 -0.006492871 0.09181612 -0.9957548 0.3331281 0.7570216 -0.5620889 0.5867955 0.4813385 -0.6511407 0.7058055 0.147859 -0.6928033 0.7157684 -0.008487285 -0.6982862 0.9667251 -0.004226106 -0.2557826 0.9993094 -3.07417e-05 -0.03715841 0.1335875 -0.0009160112 -0.9910366 -0.4060614 0.001358581 -0.9138448 0.4706309 -0.004895368 -0.8823166 -0.7079328 0.1357819 -0.6931049 -0.4260395 -0.0002824834 -0.9047045 0.006890363 0.09202539 -0.9957328 -0.06389234 -0.01388615 -0.9978602 0.2108452 -0.02016023 -0.9773116 -0.9953093 -8.003733e-05 -0.09674353 -0.9158092 -0.0004435091 -0.4016133 -0.7139784 3.175097e-06 -0.7001678 -0.9254996 -0.02801518 0.377711 -0.9223726 0.05083461 0.3829421 -0.9136175 -0.1090663 0.3916728 -0.9314867 -0.1209181 0.3430909 -0.3480771 0.7012982 0.6221118 -0.1825022 0.5032802 0.8446313 -0.1059348 0.8747371 0.4728772 -2.858027e-06 0.8734768 0.4868658 0.3603508 0.7062092 0.609439 -7.028998e-07 0.50763 0.8615752 0.1012205 0.8734975 0.4761895 0.1791402 0.5076338 0.8427436 0.1190819 0.8855077 0.4491054 0.3050712 0.4925731 0.8150481 -0.8901898 0.2012719 0.4087196 -0.7922349 0.4027075 0.4584655 -0.6061317 0.5817186 0.5424092 0.6043059 0.5737939 0.5527883 0.788954 0.3976158 0.4684584 0.879319 0.2272838 0.4184974 0.9144845 0.1053178 0.3906742 0.9256459 0.02704621 0.3774231 0.9259026 -0.0272333 0.3767793 0.9153726 -0.1087029 0.3876553 -0.8496837 0.190431 -0.4917049 -0.6943342 0.1891465 -0.6943513 -0.7067253 0.007677294 -0.7074464 -0.9753145 -0.006084667 -0.2207366 -0.7825747 0.0001816138 -0.6225567 -0.7044758 0 -0.709728 0.07924413 0.3059546 -0.9487424 -0.593569 0.4761607 -0.6488042 0.183673 0.4639871 -0.8665912 0.2894662 0.5011654 -0.8155014 0.3134244 0.4444824 -0.8391666 0.211644 0.6933657 -0.6888039 -0.3389804 0.7586316 -0.5563906 -0.05335028 0.8706602 -0.4889832 0.109237 0.8884898 -0.4457053 0.1425509 0.6925428 -0.7071518 -2.677453e-06 0.6953317 -0.718689 -0.1402064 0.6953141 -0.7048975 -0.202633 0.6982334 -0.686593 0.8682932 -0.04862751 0.4936622 0.8782782 0.02722469 0.4773742 0.8536726 0.1327646 0.5036037 0.8062403 0.2122408 0.552205 0.7745284 0.2408216 0.5849023 -0.364159 -0.5779858 -0.7302881 -0.7756864 -0.4645248 -0.4272323 -0.7810039 -0.5199064 -0.3460207 -0.9954639 -0.07689322 -0.05602798 0.3636678 -0.8213869 -0.4393965 -0.7620139 -0.5688012 -0.3095158 -0.4460895 -0.7891759 -0.422144 -0.1420782 -0.8563222 -0.4965139 -0.08227891 -0.8866002 -0.4551596 0.1572144 -0.9006827 -0.4050362 -0.9908821 -0.1126042 -0.07397966 -0.9126768 -0.3651463 -0.1835465 -0.7216977 -0.6040967 -0.3379639 -0.8981838 -0.2626681 -0.3525213 -0.1117863 -0.7617009 -0.6382128 -0.2386853 -0.8239503 -0.5139409 0.1942934 -0.7491099 -0.6333123 0.7681376 -0.5172434 -0.377391 0.1333397 -0.7832132 -0.6072871 0.2060306 -0.8054938 -0.5556358 0.9993322 -0.02953146 -0.02151799 0.9689162 -0.1997867 -0.1458998 0.6703087 -0.592012 -0.4474461 0.7713591 -0.5364572 -0.3423723 0.9135853 -0.3472241 -0.2116536 0.9919051 -0.09756958 -0.08126761 0.1819153 -0.8278041 -0.5307044 0.4475079 -0.7631897 -0.4661311 0.7241215 -0.5884792 -0.359639 -0.3355947 -0.8053472 -0.4886635 -0.1761279 -0.8419406 -0.5100147 0.1153312 -0.8476923 -0.5177996 0.115787 -0.7965972 -0.593318 0.8328617 -0.4346328 -0.342689 0.8525648 -0.4011806 -0.3349439 0.4037145 -0.7053539 -0.5826581 0.3925091 -0.7207082 -0.571416 0.4455614 -0.7149128 -0.5388642 0.9112792 -0.328129 -0.2488003 0.7169098 -0.5560574 -0.4205241 -0.9210693 -0.3888668 -0.0203465 -0.9984845 0.05503317 5.92779e-05 -0.9911937 0.1132768 0.06858078 -0.9347912 0.3536846 0.03275045 -0.9068804 0.4213881 0 -0.8166911 0.2494764 0.5203626 -0.9358486 0.1612121 0.3133655 -0.9320944 0.3274586 0.1548252 -0.8794793 0.3389886 0.3340701 -0.3925879 -0.7200473 -0.5721946 -0.8336502 -0.4312116 -0.3450853 -0.91128 -0.3281314 -0.2487941 -0.7189087 -0.5569037 -0.4159669 -0.4433763 -0.7180483 -0.5364923 -0.1157876 -0.7966154 -0.5932935 -0.356848 -0.7203005 -0.5948333 -0.8216217 -0.4396993 -0.3627702 -0.7981779 0.2402882 0.5524252 -0.8900803 0.0003052285 0.4558036 -0.5183311 -0.5464073 0.6578541 -0.4279434 -0.2946423 0.8544299 -0.2598183 -0.6272999 0.7341589 -0.6541254 -0.4957144 0.571303 -0.06600188 -0.6928023 0.7181008 0.6802554 -0.4961357 0.5395387 0.0421232 -0.4320061 0.9008864 0.1763906 -0.4376645 0.8816667 0.3575528 -0.4136908 0.8372669 0.3280366 -0.7922233 0.5145622 0.5707533 -0.658719 0.4902346 0.07898772 -0.8885891 0.4518521 0.0598884 -0.7063061 0.7053688 0.4060104 -0.3097049 0.8597897 0.1154762 0.4559425 0.8824861 -0.1260757 0.6768318 0.7252611 0.06472991 0.7084763 0.7027598 0.03257001 0.8981462 0.438489 0.8508574 0.1918862 0.4891026 0.8805849 0 0.4738885 0.6925082 0.0006672094 0.7214097 0.6927287 0.1917647 0.6952361 0.6288984 -0.006774724 0.7774579 0.7056536 -0.009902591 -0.7084878 0.69585 0.1929261 -0.6917892 0.8505782 0.1888334 -0.4907736 0.838259 0.02606691 -0.5446489 0.6736382 0.08643849 -0.7339891 0.5668979 0.01128626 -0.8237108 0.5651435 0 -0.8249926 -0.8747272 0.3671964 0.3162581 -0.6326974 -0.2522043 0.7321796 0.6867139 -0.324041 0.6507084 0.7998427 -0.179808 0.5726437 0.9908473 0.04766606 0.1262919 0.7085254 -0.01242676 0.7055759 -0.1353355 0.4367282 -0.8893553 0.1470209 0.6859971 -0.7125959 -0.111004 0.7184185 -0.6866972 -0.001004057 0.9084832 -0.4179203 0.7243978 0.1483916 -0.673222 0.6921057 -0.2048785 -0.6921087 -0.8481854 0.2017969 -0.4897546 -0.8847033 0.0003033836 -0.4661545 -0.9936261 0.01632065 -0.111538 -0.5061097 0.6983287 -0.5061521 -0.5823358 0.7401604 -0.3362255 -0.686865 0.72106 -0.09104357 -0.6375898 0.6767515 -0.368085 -0.7180856 0.6894395 -0.09500628 -0.6868636 0.7210602 0.09105242 -0.7071318 0.7070818 0 -0.5823019 0.7401816 0.3362377 -0.8495913 0.1985648 0.4886375 -0.5061055 0.6983492 0.5061282 -0.6376101 0.6767385 0.3680739 -0.7180959 0.6894261 0.09502626 -0.4001693 0.8196453 0.4099342 -0.7243978 0.1483916 0.673222 -0.5112807 0.3719162 0.7747712 -0.3395998 0.524272 0.7809039 -0.1693576 0.8121493 0.5583292 -0.9947954 0.008379957 0.1015474 -0.9302046 0.1290882 0.3435924 -0.7508226 0.2127035 0.625318 -0.7235408 -0.06840537 0.6868838 -0.9864033 0.1028425 0.1281874 -0.8125703 -0.1581774 0.5609896 -0.6867139 -0.324041 0.6507084 0.2323651 0.6988658 0.6764563 0.5419854 0.4844878 0.6866756 0.5116006 0.3862263 0.7675246 0.7474436 0.4241402 0.5113054 0.8925587 0.04280618 0.4488949 0.9860683 0.0009926094 0.166338 0.4450385 0.1257053 0.8866447 0.7090942 0.0878203 0.6996234 0.9016647 0.06313668 0.4278019 0.09822911 0.8785936 0.4673589 0.9947956 0.008381479 -0.1015458 0.8459882 0.2058261 -0.4918736 0.8844741 -0.04744662 -0.4641707 0.723131 -0.2143272 -0.6566166 0.7071318 0.7070818 0 0.7180959 0.6894261 -0.09502626 0.87574 0.3225519 0.359221 0.474815 -0.4097843 0.778863 0.6518958 -0.2449332 0.7176626 0.5564938 -0.3414388 0.7574524 0.6999894 -0.2217162 0.6788643 -0.8109722 0.03675546 -0.5839291 -0.9142209 0.3365288 -0.2257179 -0.5198431 0.3355171 -0.7856153 -0.4696698 0.557429 -0.6846044 -0.3862064 0.2964177 -0.873488 -0.7090942 0.0878203 -0.6996234 -0.8960798 0.1643275 -0.4123561 -0.1419264 0.8525081 -0.5030774 -0.9556344 0.283442 -0.08014645 0.8482315 0.2018832 0.4896392 0.7844506 -0.003337305 0.6201823 -0.9174714 -0.001976156 0.3977967 -0.7153054 0.002140869 0.6988087 0.6376101 0.6767385 -0.3680739 0.5061024 0.698341 -0.5061425 0.6375898 0.6767515 0.368085 0.7180856 0.6894395 0.09500628 0.5061097 0.6983287 0.5061521 0.37276 0.8269207 -0.4210132 0.5150103 0.3691489 -0.7736236 0.3964488 0.5069031 -0.7654264 0.1572493 0.8852776 -0.4376714 0.9302046 0.1290882 -0.3435924 0.7508226 0.2127035 -0.625318 -0.6948601 -0.1323048 -0.7068698 0.7071318 0.7070818 0 0.5823245 0.7401673 0.3362298 0.6868569 0.7210655 0.09106145 0.6868678 0.7210578 -0.0910403 0.5823264 0.7401693 -0.3362223 -0.7071318 0.7070818 0 0.1500842 0.6813578 0.7163981 0.529371 0.6629514 0.5293976 0.719457 0.679269 0.144828 0.8776642 0.3759333 0.2972872 0.978632 0.2002428 -0.04671356 0.7169792 0.6908111 -0.09338537 0.6388348 0.6767954 -0.3658388 0.9995309 -0.004543322 -0.03028881 0.3700401 0.6765761 -0.6366436 0.09566489 0.6892185 -0.7182103 -0.5155571 0.8540756 0.0689624 -0.7288351 0.6846892 0 -0.8631219 0.4876982 0.1310385 -0.9414842 0.3370572 0 0.9414842 0.3370572 0 0.8605299 0.4895454 0.1408319 0.7288351 0.6846892 0 0.4934108 0.8669079 0.0708275 -0.1448087 0.6792812 -0.7194494 0.144828 0.679269 -0.719457 -0.1500905 0.6813559 0.7163987 0 0.6848188 0.7287133 -0.001628246 0.3370867 0.9414722 -0.5293911 0.6629735 -0.5293498 -0.7194564 0.6792676 -0.144838 -0.7194506 0.679281 0.1448036 -0.5293435 0.6629607 0.5294134 -0.1452731 0.6792498 0.7193855 -0.0708275 0.8669079 0.4934108 -0.1463671 0.4874727 0.8607828 0.1314281 0.4876732 0.8630767 0.1487858 0.6807947 0.7172038 0.0689624 0.8540756 0.5155571 0.7194386 0.679298 -0.1447837 0.5293976 0.6629514 -0.529371 0.5294134 0.6629607 0.5293435 0.7194392 0.679296 0.1447899 -0.1448036 0.679281 -0.7194506 -0.5294134 0.6629607 -0.5293435 -0.7194392 0.679296 -0.1447899 -0.7194386 0.679298 0.1447837 -0.5293976 0.6629514 0.529371 0.001628246 0.3370867 0.9414722 0 0.6848188 0.7287133 0.7010772 -0.6840416 -0.2014394 0.854135 -0.4671871 -0.2284507 0.5957863 -0.7134699 -0.3687809 0.3173584 -0.7987096 -0.5112207 0.06340313 -0.8257788 -0.5604189 0.6700019 -0.7414803 -0.03611776 0.8898823 0.005629012 -0.4561554 0.6304633 -0.001469682 -0.7762177 0.7190907 -0.07954038 -0.6903491 0.9751241 0.00235678 -0.2216472 -0.8779357 -0.3260421 -0.3506072 -0.7216943 -0.5247918 -0.4513877 -0.5024579 -0.5810018 -0.6402913 -0.4426508 -0.6820073 -0.5821738 -0.1585145 -0.8129806 -0.5602997 -0.9998025 -0.01521011 -0.01278838 -0.9900563 -0.1188886 -0.07519363 -0.9344992 -0.2816588 -0.2176683 -0.9007064 -0.04116296 -0.4324737 -0.8801231 -0.1808593 -0.4389456 -0.5144927 -0.3281467 -0.7922228 -0.4514736 -0.07954915 -0.8887314 -0.7055605 -0.06039732 -0.7060712 -0.8898866 0.005629851 0.456147 -0.630443 -0.001470773 0.7762341 -0.71907 -0.0793838 0.6903887 -0.9751241 0.00235707 0.2216471 -0.9994509 -0.03313554 0.0001656777 -0.9949132 -0.06828921 0.07405664 -0.9258162 -0.2669492 0.2675865 -0.6903268 -0.5480122 0.4723681 -0.7370682 -0.3042831 0.603442 -0.1547878 -0.8191803 0.552254 -0.512054 -0.7834469 0.352153 0.7055305 -0.06039103 0.7061017 0.9007008 -0.04116101 0.4324856 0.8801256 -0.1808575 0.4389413 0.5394611 -0.5007936 0.6768955 0.06835997 -0.8251199 0.5608066 0.999902 -0.01064408 0.0090964 0.9820001 -0.1295418 0.137458 0.7311761 -0.5400218 0.4168429 0.8653176 -0.3196335 0.3860828 0.3189231 -0.7887386 0.5255277 0.5145282 -0.3281416 0.7922019 0.4514749 -0.07954701 0.8887309 0.136294 -0.726281 -0.6737506 0.4617695 -0.7573232 -0.4617688 0.673764 -0.726771 -0.1335888 -0.6752969 -0.7271492 -0.1234026 -0.4617688 -0.7573232 -0.4617695 -0.1362945 -0.7262793 -0.6737523 -0.916725 -0.3498214 -0.1929773 -0.7454152 -0.5887391 -0.3126378 -0.7014997 -0.6829116 -0.2037888 -0.4249455 -0.7905257 -0.4410107 -0.6686097 -0.7425776 -0.03923758 0.9993903 -0.03469961 -0.003865665 0.9825064 -0.1246344 -0.1383743 0.8375073 -0.4005103 -0.3717162 0.6073723 -0.5821515 -0.5405539 0.7364815 -0.3053577 -0.6036155 -0.6722462 -0.7391776 0.04124975 -0.9269093 -0.3428129 0.1527038 -0.73102 -0.6149265 0.2957619 -0.7027524 -0.6749119 0.2250177 -0.4465404 -0.7933281 0.4138021 0.7055841 -0.6786342 0.2039773 0.7818746 -0.5603165 0.2733449 0.6681942 -0.7429485 0.03929487 0.5767943 -0.8168892 0.0005454954 -0.5781329 -0.815935 -0.003519844 -0.973106 -0.0009736755 -0.2303559 -0.8045915 -0.004986279 -0.5938078 -0.9598803 -0.2803995 0.002434564 -0.5380207 -0.8429299 0.001730399 -0.7944535 -0.6073238 0.00120295 0.8684284 -0.4958147 -6.474538e-05 0.536318 -0.8439664 0.009151205 0.9731048 -0.0009739205 0.2303606 0.8045962 -0.004986578 0.5938014 0.999738 0.01977357 0.01153149 1 0 0 0.9999907 0.004314884 0 0.9999249 0.01225652 0 0.9998001 0.019996 0 0.9634001 0.1420419 -0.2273419 0.9457032 0.07351097 -0.3166095 0.8322264 0.1045611 -0.5444871 0.7532246 0.04888553 -0.6559443 0.6159889 -0.008834178 -0.7877053 0.8358268 0.3172177 0.4480698 0.9901144 0.134546 -0.03963373 0.982243 0.1273711 -0.1377512 0.9518186 0.1407411 -0.2724579 0.9050162 0.1533857 -0.3967601 0.8459614 0.1585329 -0.5091332 0.08898266 0.9102986 -0.4042753 -0.05213812 0.9074088 -0.4170022 -0.1343812 0.6836155 -0.7173643 0.2129141 0.6711299 -0.7101072 -0.3364459 0.8706598 0.3588254 -0.5814131 0.537142 0.6110952 -0.6927139 0.1686326 0.7012208 0.3588254 0.8706598 0.3364459 0.6110952 0.537142 0.5814131 0.7012208 0.1686326 0.6927139 -0.05929572 -0.04281849 -0.9973217 -0.198405 -0.06333501 -0.9780716 -0.3389169 -0.08364233 -0.9370909 -0.4725314 -0.0714863 -0.8784098 -0.3967425 -0.08931899 -0.913574 -0.6835386 0.0114019 -0.7298253 0.02269424 0.9994226 -0.02528655 0.2610592 0.8947034 -0.3624279 0.4921641 0.7327237 -0.4699898 0.7212248 0.395177 -0.56892 0.7175989 0.129571 -0.6842976 0.9431176 0.1327995 -0.3047843 0.9415649 -0.007801046 -0.3367414 0.7293963 0 -0.6840914 0 0.9415801 -0.3367892 0 0.9415801 -0.3367892 0 0.729152 -0.6843518 0 0.729152 -0.6843518 -0.7305797 0.008188788 -0.6827784 -0.9021535 0.08816175 -0.4223109 -0.9448934 -0.01316761 -0.3271133 -0.7075578 0.1428239 -0.6920717 -0.4337145 0.1927843 -0.8801852 -0.7705137 0.3020826 -0.5612974 -0.5184894 0.524721 -0.6751568 -0.5655465 0.659459 -0.4952484 -0.3278663 0.8546178 -0.4026563 -0.1914025 0.89431 -0.4044438 -0.9404393 0.1156715 -0.3196779 0.6877217 -0.4985515 -0.5277171 0.329754 -0.5087816 -0.795238 0.5211333 -0.7351736 -0.4335202 0.7919241 -0.4483867 -0.4144944 0.4589524 -0.8825421 -0.1023825 0.7008363 -0.7097263 -0.07153362 0.8893883 -0.4197236 -0.1811647 0.9018033 -0.4284356 -0.05651311 0.9873854 -0.1521202 -0.04392685 0.7266746 -0.6740037 0.1329024 0.7573215 -0.4617218 0.4618194 0.7263114 -0.1363116 0.6737143 -0.5417547 -0.6546405 -0.5272074 -0.9087548 -0.3815435 -0.1690835 -0.7297036 -0.6611944 -0.1742258 -0.7263282 -0.673685 0.1363664 -0.7263167 -0.13631 0.6737088 -0.7573053 -0.4617409 0.4618268 -0.001955808 -0.003976731 -0.9999902</float_array>
          <technique_common>
            <accessor count="2974" source="#normals-array-array" stride="3">
              <param type="float" name="X"/>
              <param type="float" name="Y"/>
              <param type="float" name="Z"/>
            </accessor>
          </technique_common>
        </source>
        <vertices id="verts-array-vertices">
          <input semantic="POSITION" source="#verts-array"/>
        </vertices>
        <triangles count="4146" material="material0">
          <input offset="0" semantic="VERTEX" source="#verts-array-vertices"/>
          <input offset="1" semantic="NORMAL" source="#normals-array"/>
          <p>0 0 1 1 2 2 3 3 2 2 1 1 2 2 3 3 4 4 5 5 4 4 3 3 6 6 7 7 8 8 9 9 8 8 7 7 8 8 9 9 10 10 11 11 10 10 9 9 12 12 13 13 14 14 12 12 14 14 15 15 14 14 16 16 15 15 17 17 15 15 16 16 15 15 17 17 18 18 19 19 18 18 17 17 18 18 19 19 20 20 21 21 20 20 19 19 20 20 21 21 22 22 23 23 24 24 25 25 26 26 25 25 24 24 27 27 28 28 29 29 30 30 31 31 32 32 33 33 32 32 31 31 32 32 33 33 29 29 34 34 29 29 33 33 29 29 34 34 27 27 35 35 36 36 37 37 38 38 39 39 37 37 40 40 37 37 39 39 37 37 40 40 35 35 41 41 42 42 43 43 44 44 43 43 42 42 45 45 46 46 47 47 48 48 49 49 50 50 51 51 50 50 49 49 50 50 51 51 47 47 52 52 47 47 51 51 47 47 52 52 45 45 53 53 54 54 55 55 56 56 55 55 54 54 57 57 58 58 59 59 57 57 59 59 60 60 61 61 60 60 59 59 60 60 61 61 55 55 55 55 61 61 53 53 62 62 53 53 61 61 53 53 62 62 63 63 64 64 63 63 62 62 63 63 64 64 65 65 66 66 67 67 68 68 66 66 68 68 69 69 70 70 71 71 72 72 73 73 74 74 68 68 75 75 68 68 74 74 76 76 77 77 78 78 70 70 78 78 77 77 78 78 70 70 79 79 72 72 79 79 70 70 68 68 80 80 81 81 70 70 82 82 83 83 75 75 84 84 68 68 85 85 68 68 84 84 68 68 85 85 69 69 86 86 87 87 68 68 88 88 68 68 87 87 68 68 88 88 80 80 81 81 89 89 68 68 90 90 68 68 89 89 68 68 90 90 73 73 91 91 92 92 93 93 94 94 93 93 92 92 93 93 94 94 70 70 95 95 70 70 94 94 70 70 95 95 82 82 83 83 96 96 70 70 97 97 70 70 96 96 70 70 97 97 71 71 98 98 99 99 100 100 70 70 100 100 99 99 100 100 70 70 101 101 77 77 101 101 70 70 101 101 77 77 102 102 98 98 103 103 99 99 104 104 99 99 103 103 99 99 104 104 105 105 105 105 106 106 107 107 105 105 107 107 99 99 108 108 99 99 107 107 99 99 108 108 109 109 110 110 111 111 112 112 99 99 112 112 111 111 109 109 113 113 99 99 114 114 99 99 113 113 99 99 114 114 112 112 115 115 112 112 114 114 112 112 115 115 116 116 117 117 118 118 105 105 116 116 105 105 118 118 105 105 116 116 106 106 118 118 119 119 116 116 120 120 116 116 119 119 116 116 120 120 112 112 121 121 112 112 120 120 112 112 121 121 122 122 123 123 124 124 125 125 117 117 105 105 126 126 123 123 126 126 105 105 126 126 123 123 127 127 125 125 127 127 123 123 127 127 125 125 128 128 129 129 86 86 130 130 68 68 130 130 86 86 130 130 68 68 131 131 112 112 131 131 68 68 131 131 112 112 128 128 122 122 128 128 112 112 128 128 122 122 127 127 132 132 133 133 134 134 135 135 134 134 133 133 134 134 135 135 136 136 137 137 136 136 135 135 136 136 137 137 138 138 139 139 140 140 141 141 142 142 141 141 140 140 141 141 142 142 143 143 144 144 143 143 142 142 143 143 144 144 145 145 146 146 147 147 148 148 145 145 148 148 147 147 148 148 145 145 149 149 144 144 149 149 145 145 146 146 150 150 147 147 151 151 147 147 150 150 147 147 151 151 152 152 153 153 154 154 155 155 156 156 155 155 154 154 155 155 156 156 157 157 158 158 157 157 156 156 159 159 160 160 161 161 162 162 163 163 164 164 165 165 166 166 167 167 168 168 167 167 166 166 167 167 168 168 169 169 161 161 160 160 170 170 164 164 171 171 162 162 172 172 162 162 171 171 162 162 172 172 160 160 173 173 160 160 172 172 160 160 173 173 174 174 169 169 170 170 167 167 160 160 167 167 170 170 167 167 160 160 175 175 174 174 175 175 160 160 176 176 177 177 178 178 161 161 179 179 159 159 176 176 159 159 179 179 159 159 176 176 180 180 178 178 180 180 176 176 181 181 182 182 183 183 184 184 185 185 186 186 181 181 183 183 185 185 187 187 185 185 183 183 185 185 187 187 186 186 188 188 189 189 186 186 190 190 186 186 189 189 186 186 190 190 184 184 191 191 184 184 190 190 184 184 191 191 192 192 193 193 192 192 191 191 194 194 195 195 196 196 197 197 198 198 199 199 200 200 199 199 198 198 199 199 200 200 201 201 194 194 196 196 202 202 203 203 204 204 205 205 206 206 205 205 204 204 205 205 206 206 207 207 206 206 208 208 209 209 201 201 200 200 210 210 211 211 210 210 200 200 210 210 211 211 212 212 213 213 212 212 211 211 212 212 213 213 203 203 214 214 203 203 213 213 203 203 214 214 204 204 209 209 196 196 206 206 195 195 206 206 196 196 206 206 195 195 207 207 215 215 207 207 195 195 207 207 215 215 197 197 216 216 197 197 215 215 197 197 216 216 198 198 217 217 198 198 216 216 198 198 217 217 218 218 219 219 218 218 217 217 218 218 219 219 220 220 221 221 220 220 219 219 220 220 221 221 222 222 202 202 222 222 221 221 222 222 202 202 223 223 196 196 223 223 202 202 224 224 225 225 226 226 227 227 228 228 226 226 224 224 226 226 229 229 230 230 231 231 232 232 233 233 232 232 231 231 232 232 233 233 234 234 226 226 235 235 229 229 236 236 229 229 235 235 229 229 236 236 230 230 237 237 230 230 236 236 230 230 237 237 231 231 238 238 239 239 240 240 241 241 240 240 239 239 240 240 241 241 242 242 233 233 243 243 234 234 244 244 234 234 243 243 234 234 244 244 245 245 244 244 242 242 245 245 241 241 245 245 242 242 245 245 241 241 246 246 247 247 246 246 241 241 246 246 247 247 225 225 248 248 225 225 247 247 225 225 248 248 226 226 249 249 226 226 248 248 226 226 249 249 227 227 250 250 251 251 252 252 253 253 254 254 255 255 256 256 255 255 254 254 255 255 256 256 257 257 256 256 258 258 257 257 259 259 257 257 258 258 257 257 259 259 252 252 260 260 252 252 259 259 252 252 260 260 250 250 261 261 255 255 262 262 257 257 262 262 255 255 262 262 257 257 263 263 264 264 263 263 257 257 263 263 264 264 265 265 265 265 266 266 267 267 267 267 268 268 265 265 269 269 265 265 268 268 265 265 269 269 263 263 270 270 271 271 272 272 273 273 274 274 275 275 273 273 275 275 276 276 277 277 276 276 275 275 276 276 277 277 278 278 279 279 280 280 281 281 282 282 281 281 280 280 281 281 282 282 273 273 283 283 273 273 282 282 273 273 283 283 274 274 284 284 285 285 272 272 286 286 272 272 285 285 272 272 286 286 270 270 276 276 287 287 273 273 288 288 273 273 287 287 273 273 288 288 284 284 289 289 284 284 288 288 284 284 289 289 285 285 290 290 291 291 292 292 293 293 294 294 295 295 293 293 295 295 292 292 296 296 290 290 297 297 292 292 297 297 290 290 297 297 292 292 298 298 295 295 298 298 292 292 299 299 300 300 301 301 302 302 301 301 300 300 301 301 302 302 303 303 304 304 303 303 302 302 303 303 304 304 305 305 306 306 305 305 304 304 305 305 306 306 294 294 307 307 294 294 306 306 294 294 307 307 295 295 308 308 309 309 310 310 308 308 310 310 311 311 312 312 313 313 310 310 314 314 310 310 313 313 310 310 314 314 311 311 315 315 316 316 312 312 317 317 312 312 316 316 312 312 317 317 313 313 312 312 318 318 315 315 319 319 315 315 318 318 315 315 319 319 320 320 321 321 320 320 319 319 322 322 323 323 324 324 325 325 324 324 323 323 321 321 326 326 320 320 324 324 320 320 326 326 320 320 324 324 327 327 325 325 327 327 324 324 328 328 329 329 330 330 331 331 332 332 333 333 331 331 334 334 335 335 336 336 335 335 334 334 337 337 338 338 339 339 340 340 339 339 338 338 339 339 340 340 336 336 341 341 336 336 340 340 336 336 341 341 335 335 339 339 342 342 343 343 343 343 344 344 339 339 345 345 339 339 344 344 339 339 345 345 337 337 346 346 347 347 348 348 349 349 348 348 347 347 348 348 349 349 350 350 351 351 350 350 349 349 350 350 351 351 135 135 328 328 330 330 352 352 329 329 348 348 330 330 350 350 330 330 348 348 330 330 350 350 353 353 135 135 353 353 350 350 354 354 355 355 356 356 357 357 356 356 355 355 356 356 357 357 358 358 359 359 358 358 357 357 331 331 333 333 334 334 360 360 334 334 333 333 334 334 360 360 336 336 353 353 336 336 360 360 336 336 353 353 339 339 135 135 339 339 353 353 339 339 135 135 342 342 354 354 352 352 355 355 330 330 355 355 352 352 355 355 330 330 357 357 353 353 357 357 330 330 357 357 353 353 359 359 360 360 359 359 353 353 359 359 360 360 361 361 333 333 361 361 360 360 362 362 363 363 364 364 363 363 362 362 365 365 366 366 367 367 368 368 369 369 368 368 367 367 368 368 369 369 370 370 371 371 372 372 373 373 374 374 375 375 373 373 375 375 376 376 373 373 377 377 373 373 376 376 373 373 377 377 371 371 374 374 373 373 378 378 379 379 378 378 373 373 378 378 379 379 380 380 380 380 379 379 381 381 382 382 381 381 379 379 381 381 382 382 383 383 364 364 384 384 385 385 367 367 385 385 384 384 385 385 367 367 386 386 366 366 386 386 367 367 386 386 366 366 387 387 388 388 389 389 390 390 391 391 390 390 389 389 390 390 391 391 392 392 393 393 392 392 391 391 392 392 393 393 394 394 395 395 396 396 397 397 398 398 399 399 395 395 400 400 395 395 399 399 395 395 400 400 396 396 401 401 402 402 403 403 403 403 404 404 401 401 405 405 401 401 404 404 401 401 405 405 406 406 407 407 408 408 395 395 409 409 395 395 408 408 395 395 409 409 398 398 410 410 411 411 401 401 411 411 412 412 401 401 413 413 401 401 412 412 401 401 413 413 402 402 406 406 365 365 401 401 362 362 401 401 365 365 401 401 362 362 410 410 364 364 410 410 362 362 410 410 364 364 414 414 385 385 414 414 364 364 354 354 415 415 416 416 417 417 416 416 415 415 416 416 417 417 418 418 370 370 418 418 417 417 418 418 370 370 419 419 415 415 394 394 417 417 393 393 417 417 394 394 417 417 393 393 370 370 391 391 370 370 393 393 370 370 391 391 368 368 389 389 368 368 391 391 368 368 389 389 366 366 388 388 366 366 389 389 366 366 388 388 387 387 384 384 420 420 367 367 407 407 367 367 420 420 367 367 407 407 369 369 395 395 369 369 407 407 369 369 395 395 370 370 397 397 370 370 395 395 370 370 397 397 419 419 386 386 383 383 385 385 382 382 385 385 383 383 385 385 382 382 414 414 379 379 414 414 382 382 414 414 379 379 410 410 373 373 410 410 379 379 410 410 373 373 411 411 372 372 411 411 373 373 411 411 372 372 412 412 421 421 422 422 423 423 424 424 425 425 426 426 332 332 427 427 428 428 429 429 430 430 431 431 429 429 431 431 432 432 433 433 434 434 435 435 436 436 435 435 434 434 435 435 436 436 437 437 332 332 428 428 438 438 439 439 438 438 428 428 438 438 439 439 440 440 441 441 440 440 439 439 440 440 441 441 442 442 424 424 426 426 443 443 444 444 443 443 426 426 443 443 444 444 445 445 446 446 447 447 448 448 449 449 450 450 451 451 446 446 452 452 449 449 449 449 451 451 446 446 453 453 446 446 451 451 446 446 453 453 447 447 454 454 455 455 456 456 457 457 456 456 455 455 456 456 457 457 458 458 422 422 421 421 459 459 435 435 459 459 421 421 459 459 435 435 460 460 437 437 460 460 435 435 460 460 437 437 461 461 462 462 463 463 464 464 445 445 464 464 463 463 464 464 445 445 465 465 444 444 465 465 445 445 465 465 444 444 466 466 426 426 466 466 444 444 466 466 426 426 467 467 468 468 467 467 426 426 469 469 470 470 446 446 471 471 446 446 470 470 446 446 471 471 452 452 455 455 472 472 457 457 464 464 457 457 472 472 457 457 464 464 458 458 465 465 458 458 464 464 462 462 464 464 448 448 472 472 448 448 464 464 448 448 472 472 446 446 455 455 446 446 472 472 446 446 455 455 469 469 454 454 469 469 455 455 469 469 454 454 431 431 473 473 433 433 468 468 435 435 468 468 433 433 468 468 435 435 467 467 421 421 467 467 435 435 467 467 421 421 466 466 423 423 466 466 421 421 466 466 423 423 465 465 474 474 465 465 423 423 465 465 474 474 458 458 475 475 458 458 474 474 458 458 475 475 456 456 476 476 456 456 475 475 456 456 476 476 454 454 477 477 454 454 476 476 454 454 477 477 431 431 478 478 431 431 477 477 431 431 478 478 432 432 425 425 442 442 426 426 441 441 426 426 442 442 426 426 441 441 468 468 439 439 468 468 441 441 468 468 439 439 473 473 428 428 473 473 439 439 473 473 428 428 479 479 427 427 479 479 428 428 480 480 481 481 482 482 483 483 484 484 485 485 486 486 485 485 484 484 485 485 486 486 487 487 488 488 489 489 490 490 490 490 491 491 488 488 492 492 488 488 491 491 488 488 492 492 493 493 494 494 493 493 492 492 493 493 494 494 485 485 495 495 485 485 494 494 485 485 495 495 483 483 489 489 488 488 496 496 497 497 496 496 488 488 496 496 497 497 498 498 499 499 500 500 501 501 502 502 501 501 500 500 501 501 502 502 503 503 482 482 481 481 504 504 505 505 504 504 481 481 504 504 505 505 506 506 506 506 507 507 504 504 508 508 504 504 507 507 504 504 508 508 509 509 510 510 509 509 508 508 509 509 510 510 501 501 511 511 501 501 510 510 501 501 511 511 499 499 486 486 480 480 487 487 482 482 487 487 480 480 487 487 482 482 512 512 513 513 512 512 482 482 512 512 513 513 514 514 515 515 514 514 513 513 514 514 515 515 516 516 517 517 516 516 515 515 516 516 517 517 518 518 519 519 518 518 517 517 518 518 519 519 520 520 521 521 520 520 519 519 520 520 521 521 522 522 523 523 522 522 521 521 522 522 523 523 524 524 525 525 524 524 523 523 524 524 525 525 497 497 503 503 497 497 525 525 497 497 503 503 498 498 502 502 498 498 503 503 526 526 527 527 528 528 529 529 528 528 527 527 530 530 531 531 532 532 533 533 532 532 531 531 534 534 535 535 536 536 537 537 536 536 535 535 538 538 539 539 540 540 541 541 540 540 539 539 542 542 543 543 544 544 545 545 544 544 543 543 546 546 547 547 548 548 549 549 548 548 547 547 550 550 551 551 552 552 553 553 552 552 551 551 554 554 555 555 556 556 557 557 556 556 555 555 558 558 559 559 560 560 561 561 562 562 563 563 563 563 564 564 561 561 565 565 561 561 564 564 561 561 565 565 566 566 567 567 568 568 569 569 570 570 567 567 571 571 569 569 571 571 567 567 571 571 569 569 572 572 573 573 572 572 569 569 572 572 573 573 560 560 574 574 575 575 576 576 577 577 576 576 575 575 576 576 577 577 578 578 573 573 579 579 560 560 580 580 560 560 579 579 560 560 580 580 558 558 581 581 558 558 580 580 558 558 581 581 574 574 582 582 574 574 581 581 574 574 582 582 575 575 578 578 577 577 583 583 584 584 583 583 577 577 583 583 584 584 585 585 586 586 585 585 584 584 585 585 586 586 587 587 588 588 587 587 586 586 587 587 588 588 589 589 590 590 591 591 592 592 593 593 592 592 591 591 593 593 594 594 592 592 595 595 592 592 594 594 592 592 595 595 596 596 597 597 587 587 598 598 589 589 598 598 587 587 598 598 589 589 592 592 599 599 592 592 589 589 592 592 599 599 590 590 568 568 567 567 600 600 561 561 600 600 567 567 600 600 561 561 601 601 566 566 601 601 561 561 601 601 566 566 602 602 603 603 604 604 605 605 606 606 605 605 604 604 605 605 606 606 607 607 608 608 607 607 606 606 607 607 608 608 609 609 610 610 611 611 612 612 613 613 612 612 611 611 612 612 613 613 614 614 615 615 614 614 613 613 614 614 615 615 616 616 617 617 616 616 615 615 616 616 617 617 618 618 609 609 618 618 617 617 618 618 609 609 619 619 608 608 619 619 609 609 620 620 621 621 622 622 623 623 624 624 625 625 626 626 627 627 628 628 629 629 630 630 631 631 625 625 624 624 632 632 633 633 632 632 624 624 632 632 633 633 634 634 628 628 627 627 635 635 631 631 636 636 629 629 637 637 629 629 636 636 629 629 637 637 638 638 639 639 638 638 637 637 638 638 639 639 640 640 641 641 640 640 639 639 640 640 641 641 622 622 642 642 622 622 641 641 622 622 642 642 620 620 643 643 644 644 645 645 646 646 647 647 645 645 648 648 645 645 647 647 645 645 648 648 643 643 634 634 631 631 632 632 630 630 632 632 631 631 632 632 630 630 649 649 650 650 649 649 630 630 649 649 650 650 651 651 626 626 651 651 650 650 651 651 626 626 652 652 628 628 652 652 626 626 623 623 625 625 653 653 654 654 653 653 625 625 653 653 654 654 655 655 656 656 655 655 654 654 655 655 656 656 657 657 658 658 657 657 656 656 657 657 658 658 659 659 643 643 659 659 644 644 658 658 644 644 659 659 644 644 658 658 660 660 661 661 660 660 658 658 660 660 661 661 662 662 663 663 664 664 665 665 666 666 665 665 664 664 665 665 666 666 646 646 667 667 646 646 666 666 646 646 667 667 647 647 627 627 622 622 635 635 621 621 635 635 622 622 635 635 621 621 668 668 669 669 668 668 621 621 668 668 669 669 670 670 671 671 670 670 669 669 670 670 671 671 672 672 664 664 672 672 671 671 672 672 664 664 673 673 663 663 673 673 664 664 673 673 663 663 674 674 675 675 674 674 663 663 674 674 675 675 652 652 662 662 652 652 675 675 652 652 662 662 651 651 661 661 651 651 662 662 676 676 677 677 678 678 679 679 678 678 677 677 678 678 679 679 680 680 681 681 680 680 679 679 680 680 681 681 682 682 683 683 682 682 681 681 682 682 683 683 684 684 685 685 684 684 683 683 684 684 685 685 686 686 687 687 686 686 685 685 686 686 687 687 688 688 689 689 688 688 687 687 690 690 691 691 692 692 693 693 694 694 695 695 690 690 692 692 696 696 697 697 696 696 692 692 696 696 697 697 698 698 699 699 698 698 697 697 698 698 699 699 700 700 701 701 700 700 699 699 700 700 701 701 702 702 703 703 704 704 705 705 695 695 706 706 693 693 707 707 693 693 706 706 693 693 707 707 708 708 709 709 708 708 707 707 708 708 709 709 701 701 710 710 701 701 709 709 701 701 710 710 702 702 711 711 712 712 713 713 714 714 713 713 712 712 715 715 700 700 716 716 702 702 716 716 700 700 716 716 702 702 717 717 718 718 717 717 702 702 717 717 718 718 719 719 720 720 719 719 718 718 714 714 721 721 722 722 714 714 722 722 713 713 723 723 713 713 722 722 713 713 723 723 724 724 725 725 724 724 723 723 724 724 725 725 726 726 703 703 705 705 727 727 728 728 727 727 705 705 727 727 728 728 729 729 712 712 729 729 728 728 729 729 712 712 730 730 711 711 730 730 712 712 730 730 711 711 731 731 711 711 732 732 731 731 733 733 731 731 732 732 731 731 733 733 734 734 735 735 734 734 733 733 734 734 735 735 694 694 736 736 694 694 735 735 694 694 736 736 695 695 726 726 695 695 736 736 695 695 726 726 720 720 725 725 720 720 726 726 720 720 725 725 719 719 737 737 738 738 739 739 740 740 741 741 742 742 743 743 742 742 741 741 744 744 743 743 745 745 746 746 745 745 743 743 745 745 746 746 747 747 748 748 747 747 746 746 747 747 748 748 749 749 750 750 749 749 748 748 737 737 739 739 751 751 752 752 751 751 739 739 751 751 752 752 753 753 743 743 741 741 746 746 754 754 746 746 741 741 746 746 754 754 755 755 756 756 755 755 754 754 755 755 756 756 752 752 757 757 752 752 756 756 752 752 757 757 753 753 758 758 753 753 757 757 753 753 758 758 759 759 553 553 551 551 760 760 761 761 760 760 551 551 760 760 761 761 762 762 763 763 762 762 761 761 762 762 763 763 764 764 765 765 764 764 763 763 764 764 765 765 766 766 767 767 766 766 765 765 766 766 767 767 547 547 549 549 547 547 767 767 768 768 769 769 770 770 771 771 772 772 773 773 768 768 773 773 772 772 773 773 768 768 774 774 770 770 774 774 768 768 775 775 776 776 777 777 775 775 777 777 778 778 779 779 780 780 781 781 778 778 781 781 780 780 781 781 778 778 782 782 777 777 782 782 778 778 783 783 784 784 785 785 786 786 783 783 787 787 788 788 789 789 790 790 791 791 792 792 793 793 794 794 795 795 796 796 797 797 794 794 798 798 796 796 798 798 794 794 798 798 796 796 799 799 800 800 799 799 796 796 801 801 802 802 803 803 804 804 803 803 802 802 803 803 804 804 800 800 805 805 800 800 804 804 800 800 805 805 799 799 806 806 807 807 808 808 809 809 808 808 807 807 808 808 809 809 793 793 810 810 793 793 809 809 793 793 810 810 791 791 811 811 812 812 813 813 814 814 813 813 812 812 813 813 814 814 786 786 815 815 816 816 817 817 818 818 817 817 816 816 817 817 818 818 819 819 820 820 819 819 818 818 821 821 822 822 823 823 824 824 823 823 822 822 823 823 824 824 825 825 818 818 825 825 824 824 825 825 818 818 826 826 816 816 826 826 818 818 820 820 818 818 827 827 828 828 827 827 818 818 827 827 828 828 829 829 830 830 831 831 785 785 829 829 785 785 831 831 792 792 788 788 793 793 790 790 793 793 788 788 793 793 790 790 808 808 832 832 808 808 790 790 808 808 832 832 806 806 833 833 806 806 832 832 806 806 833 833 834 834 835 835 836 836 837 837 838 838 837 837 836 836 839 839 840 840 841 841 842 842 841 841 840 840 841 841 842 842 843 843 844 844 843 843 842 842 843 843 844 844 845 845 840 840 812 812 842 842 811 811 842 842 812 812 842 842 811 811 844 844 813 813 844 844 811 811 844 844 813 813 846 846 786 786 846 846 813 813 846 846 786 786 847 847 787 787 847 847 786 786 848 848 835 835 849 849 837 837 849 849 835 835 849 849 837 837 850 850 796 796 850 850 837 837 789 789 803 803 790 790 800 800 790 790 803 803 790 790 800 800 832 832 796 796 832 832 800 800 832 832 796 796 833 833 837 837 833 833 796 796 833 833 837 837 834 834 838 838 834 834 837 837 834 834 838 838 806 806 851 851 806 806 838 838 806 806 851 851 807 807 795 795 852 852 796 796 830 830 796 796 852 852 796 796 830 830 850 850 785 785 850 850 830 830 850 850 785 785 849 849 784 784 849 849 785 785 849 849 784 784 848 848 783 783 785 785 787 787 829 829 787 787 785 785 787 787 829 829 847 847 828 828 847 847 829 829 847 847 828 828 846 846 818 818 846 846 828 828 846 846 818 818 844 844 824 824 844 844 818 818 844 844 824 824 845 845 853 853 854 854 855 855 856 856 857 857 858 858 854 854 858 858 857 857 859 859 853 853 860 860 855 855 860 860 853 853 860 860 855 855 861 861 861 861 855 855 862 862 863 863 862 862 855 855 862 862 863 863 864 864 865 865 866 866 867 867 868 868 869 869 865 865 865 865 867 867 868 868 870 870 868 868 867 867 868 868 870 870 871 871 872 872 871 871 870 870 871 871 872 872 873 873 874 874 873 873 872 872 873 873 874 874 875 875 854 854 857 857 855 855 876 876 855 855 857 857 855 855 876 876 863 863 877 877 863 863 876 876 863 863 877 877 878 878 870 870 864 864 872 872 863 863 872 872 864 864 872 872 863 863 874 874 878 878 874 874 863 863 874 874 878 878 875 875 879 879 875 875 878 878 875 875 879 879 839 839 880 880 881 881 882 882 882 882 881 881 883 883 881 881 884 884 883 883 885 885 883 883 884 884 883 883 885 885 886 886 887 887 886 886 885 885 886 886 887 887 888 888 889 889 888 888 887 887 889 889 890 890 888 888 891 891 888 888 890 890 888 888 891 891 892 892 891 891 893 893 892 892 894 894 892 892 893 893 892 892 894 894 895 895 896 896 895 895 894 894 895 895 896 896 882 882 897 897 882 882 896 896 882 882 897 897 880 880 898 898 899 899 900 900 901 901 902 902 903 903 901 901 904 904 905 905 906 906 907 907 908 908 909 909 908 908 907 907 908 908 909 909 910 910 911 911 856 856 912 912 913 913 914 914 915 915 911 911 915 915 914 914 915 915 911 911 916 916 912 912 916 916 911 911 903 903 917 917 918 918 901 901 903 903 919 919 918 918 919 919 903 903 919 919 918 918 920 920 921 921 922 922 923 923 924 924 923 923 922 922 925 925 926 926 927 927 928 928 929 929 930 930 925 925 930 930 929 929 925 925 927 927 930 930 931 931 930 930 927 927 930 930 931 931 932 932 933 933 934 934 935 935 936 936 935 935 934 934 935 935 936 936 937 937 938 938 937 937 936 936 939 939 935 935 940 940 910 910 940 940 935 935 940 940 910 910 941 941 909 909 941 941 910 910 939 939 942 942 943 943 939 939 943 943 935 935 944 944 935 935 943 943 935 935 944 944 933 933 912 912 945 945 916 916 946 946 916 916 945 945 916 916 946 946 915 915 947 947 915 915 946 946 915 915 947 947 913 913 948 948 913 913 947 947 913 913 948 948 949 949 950 950 951 951 952 952 953 953 952 952 951 951 952 952 953 953 954 954 924 924 955 955 956 956 957 957 956 956 955 955 901 901 905 905 902 902 956 956 902 902 905 905 902 902 956 956 903 903 957 957 903 903 956 956 903 903 957 957 917 917 958 958 928 928 959 959 930 930 959 959 928 928 959 959 930 930 960 960 900 900 899 899 961 961 962 962 961 961 899 899 961 961 962 962 938 938 950 950 938 938 962 962 938 938 950 950 937 937 952 952 937 937 950 950 937 937 952 952 935 935 945 945 908 908 946 946 910 910 946 946 908 908 946 946 910 910 947 947 935 935 947 947 910 910 947 947 935 935 948 948 952 952 948 948 935 935 948 948 952 952 949 949 954 954 949 949 952 952 949 949 954 954 913 913 963 963 913 913 954 954 913 913 963 963 914 914 958 958 959 959 900 900 960 960 900 900 959 959 900 900 960 960 898 898 964 964 898 898 960 960 898 898 964 964 899 899 965 965 899 899 964 964 899 899 965 965 962 962 966 966 962 962 965 965 962 962 966 966 950 950 967 967 950 950 966 966 950 950 967 967 951 951 904 904 964 964 905 905 960 960 905 905 964 964 905 905 960 960 956 956 930 930 956 956 960 960 956 956 930 930 924 924 932 932 924 924 930 930 924 924 932 932 923 923 968 968 969 969 970 970 971 971 920 920 972 972 973 973 974 974 975 975 976 976 975 975 974 974 975 975 976 976 977 977 978 978 977 977 976 976 977 977 978 978 979 979 975 975 980 980 973 973 981 981 973 973 980 980 973 973 981 981 982 982 983 983 982 982 981 981 982 982 983 983 984 984 985 985 984 984 983 983 984 984 985 985 986 986 987 987 986 986 985 985 986 986 987 987 972 972 987 987 988 988 972 972 989 989 972 972 988 988 972 972 989 989 990 990 991 991 990 990 989 989 990 990 991 991 992 992 969 969 968 968 993 993 994 994 993 993 968 968 993 993 994 994 810 810 995 995 996 996 997 997 998 998 995 995 999 999 997 997 999 999 995 995 999 999 997 997 1000 1000 1001 1001 1000 1000 997 997 998 998 1002 1002 995 995 1003 1003 995 995 1002 1002 995 995 1003 1003 1004 1004 1005 1005 1004 1004 1003 1003 1004 1004 1005 1005 978 978 1006 1006 978 978 1005 1005 978 978 1006 1006 979 979 968 968 1007 1007 994 994 1008 1008 994 994 1007 1007 994 994 1008 1008 1009 1009 1010 1010 1009 1009 1008 1008 1009 1009 1010 1010 1011 1011 1012 1012 1011 1011 1010 1010 1011 1011 1012 1012 1013 1013 1014 1014 1013 1013 1012 1012 1013 1013 1014 1014 1001 1001 1015 1015 1001 1001 1014 1014 1001 1001 1015 1015 1000 1000 971 971 972 972 1016 1016 990 990 1016 1016 972 972 1016 1016 990 990 970 970 992 992 970 970 990 990 970 970 992 992 968 968 1017 1017 968 968 992 992 968 968 1017 1017 1007 1007 1018 1018 1019 1019 1020 1020 1021 1021 1022 1022 1023 1023 1024 1024 1025 1025 1026 1026 1026 1026 1027 1027 1024 1024 1028 1028 1024 1024 1027 1027 1024 1024 1028 1028 1029 1029 1030 1030 1031 1031 1032 1032 1033 1033 1030 1030 1034 1034 1032 1032 1034 1034 1030 1030 1034 1034 1032 1032 1035 1035 1036 1036 1035 1035 1032 1032 1035 1035 1036 1036 1023 1023 1036 1036 1037 1037 1023 1023 1038 1038 1023 1023 1037 1037 1023 1023 1038 1038 1021 1021 1039 1039 1021 1021 1038 1038 1021 1021 1039 1039 1040 1040 1041 1041 1040 1040 1039 1039 1040 1040 1041 1041 1042 1042 1043 1043 1042 1042 1041 1041 1042 1042 1043 1043 1044 1044 1020 1020 1019 1019 1045 1045 1046 1046 1045 1045 1019 1019 1045 1045 1046 1046 1044 1044 1047 1047 1044 1044 1046 1046 1044 1044 1047 1047 1042 1042 1048 1048 1049 1049 1018 1018 1050 1050 1051 1051 1052 1052 1051 1051 1053 1053 1052 1052 1054 1054 1052 1052 1053 1053 1052 1052 1054 1054 1055 1055 1020 1020 1056 1056 1018 1018 1057 1057 1018 1018 1056 1056 1018 1018 1057 1057 1048 1048 1058 1058 1048 1048 1057 1057 1048 1048 1058 1058 1052 1052 1059 1059 1052 1052 1058 1058 1052 1052 1059 1059 1050 1050 1031 1031 1030 1030 1060 1060 1024 1024 1060 1060 1030 1030 1060 1060 1024 1024 1061 1061 1029 1029 1061 1061 1024 1024 1061 1061 1029 1029 1062 1062 1063 1063 1064 1064 1065 1065 1066 1066 1067 1067 1068 1068 1068 1068 1067 1067 1069 1069 1070 1070 1071 1071 1072 1072 1073 1073 1072 1072 1071 1071 1072 1072 1073 1073 1074 1074 1075 1075 1076 1076 1077 1077 1077 1077 1076 1076 1078 1078 1079 1079 1078 1078 1076 1076 1078 1078 1079 1079 1080 1080 1081 1081 1080 1080 1079 1079 1080 1080 1081 1081 1082 1082 1083 1083 1084 1084 1085 1085 1086 1086 1085 1085 1084 1084 1085 1085 1086 1086 1087 1087 1088 1088 1087 1087 1086 1086 1087 1087 1088 1088 1065 1065 1089 1089 1065 1065 1088 1088 1065 1065 1089 1089 1063 1063 1090 1090 1091 1091 1083 1083 1092 1092 1083 1083 1091 1091 1083 1083 1092 1092 1084 1084 1093 1093 1094 1094 1095 1095 1096 1096 1095 1095 1094 1094 1095 1095 1096 1096 1097 1097 1068 1068 1065 1065 1066 1066 1064 1064 1066 1066 1065 1065 1066 1066 1064 1064 1098 1098 1099 1099 1098 1098 1064 1064 1098 1098 1099 1099 1100 1100 1101 1101 1100 1100 1099 1099 1100 1100 1101 1101 1102 1102 1082 1082 1102 1102 1101 1101 1102 1102 1082 1082 1103 1103 1081 1081 1103 1103 1082 1082 1103 1103 1081 1081 1104 1104 1105 1105 1104 1104 1081 1081 1104 1104 1105 1105 1106 1106 1072 1072 1106 1106 1105 1105 1106 1106 1072 1072 1107 1107 1074 1074 1107 1107 1072 1072 1067 1067 1106 1106 1069 1069 1107 1107 1069 1069 1106 1106 1069 1069 1107 1107 1108 1108 1109 1109 1108 1108 1107 1107 1108 1108 1109 1109 1090 1090 1095 1095 1090 1090 1109 1109 1090 1090 1095 1095 1091 1091 1097 1097 1091 1091 1095 1095 1077 1077 1110 1110 1075 1075 1111 1111 1075 1075 1110 1110 1075 1075 1111 1111 1112 1112 1113 1113 1112 1112 1111 1111 1112 1112 1113 1113 1070 1070 1114 1114 1070 1070 1113 1113 1070 1070 1114 1114 1071 1071 1115 1115 1071 1071 1114 1114 1071 1071 1115 1115 1116 1116 1117 1117 1116 1116 1115 1115 1116 1116 1117 1117 1093 1093 1118 1118 1093 1093 1117 1117 1093 1093 1118 1118 1094 1094 1119 1119 1120 1120 1121 1121 1122 1122 1121 1121 1120 1120 1121 1121 1122 1122 1123 1123 1124 1124 1123 1123 1122 1122 1123 1123 1124 1124 1125 1125 1126 1126 1127 1127 1128 1128 1129 1129 1128 1128 1127 1127 1128 1128 1129 1129 1130 1130 1131 1131 1130 1130 1129 1129 1130 1130 1131 1131 1132 1132 1133 1133 1132 1132 1131 1131 1132 1132 1133 1133 1134 1134 1125 1125 1134 1134 1133 1133 1134 1134 1125 1125 1135 1135 1124 1124 1135 1135 1125 1125 932 932 1136 1136 1137 1137 932 932 1137 1137 1138 1138 1139 1139 1140 1140 1141 1141 1138 1138 1141 1141 1140 1140 1141 1141 1138 1138 1142 1142 1137 1137 1142 1142 1138 1138 1143 1143 1144 1144 1145 1145 1146 1146 805 805 1147 1147 1143 1143 1147 1147 805 805 1147 1147 1143 1143 1148 1148 1145 1145 1148 1148 1143 1143 1149 1149 1150 1150 1151 1151 1150 1150 1152 1152 1151 1151 1153 1153 1151 1151 1152 1152 1151 1151 1153 1153 1154 1154 1151 1151 1155 1155 1149 1149 1156 1156 1149 1149 1155 1155 1149 1149 1156 1156 1157 1157 1158 1158 1157 1157 1156 1156 1157 1157 1158 1158 1159 1159 1160 1160 1159 1159 1158 1158 1159 1159 1160 1160 1161 1161 1162 1162 1161 1161 1160 1160 1161 1161 1162 1162 1163 1163 1164 1164 1163 1163 1162 1162 1163 1163 1164 1164 1165 1165 1166 1166 1167 1167 1168 1168 1167 1167 1169 1169 1168 1168 1170 1170 1168 1168 1169 1169 1168 1168 1170 1170 1171 1171 1172 1172 1171 1171 1170 1170 1171 1171 1172 1172 1173 1173 1165 1165 1173 1173 1172 1172 1173 1173 1165 1165 1174 1174 1164 1164 1174 1174 1165 1165 1175 1175 1166 1166 1176 1176 1168 1168 1176 1176 1166 1166 1176 1176 1168 1168 1177 1177 1178 1178 1177 1177 1168 1168 1177 1177 1178 1178 1179 1179 1178 1178 1180 1180 1179 1179 1181 1181 1179 1179 1180 1180 1179 1179 1181 1181 1182 1182 1183 1183 1182 1182 1181 1181 1182 1182 1183 1183 1184 1184 1185 1185 1184 1184 1183 1183 1184 1184 1185 1185 1186 1186 1187 1187 1186 1186 1185 1185 1186 1186 1187 1187 1188 1188 1189 1189 1188 1188 1187 1187 1188 1188 1189 1189 1190 1190 1191 1191 1190 1190 1189 1189 1190 1190 1191 1191 1192 1192 1193 1193 1192 1192 1191 1191 1194 1194 1195 1195 1196 1196 1197 1197 1196 1196 1195 1195 1196 1196 1197 1197 1193 1193 1198 1198 1193 1193 1197 1197 1193 1193 1198 1198 1192 1192 1196 1196 1199 1199 1194 1194 1200 1200 1194 1194 1199 1199 1194 1194 1200 1200 1201 1201 1202 1202 1201 1201 1200 1200 1201 1201 1202 1202 1203 1203 1204 1204 1203 1203 1202 1202 1203 1203 1204 1204 359 359 1205 1205 359 359 1204 1204 359 359 1205 1205 1206 1206 1207 1207 1206 1206 1205 1205 1206 1206 1207 1207 1208 1208 1207 1207 1209 1209 1208 1208 1210 1210 1208 1208 1209 1209 1208 1208 1210 1210 1211 1211 1212 1212 1211 1211 1210 1210 1211 1211 1212 1212 1213 1213 1214 1214 1213 1213 1212 1212 1213 1213 1214 1214 1215 1215 1216 1216 1215 1215 1214 1214 1215 1215 1216 1216 1217 1217 1218 1218 1217 1217 1216 1216 1217 1217 1218 1218 1219 1219 1220 1220 1219 1219 1218 1218 1218 1218 1221 1221 1220 1220 1222 1222 1220 1220 1221 1221 1220 1220 1222 1222 1223 1223 1224 1224 1223 1223 1222 1222 1223 1223 1224 1224 1225 1225 1226 1226 1225 1225 1224 1224 1225 1225 1226 1226 1227 1227 1228 1228 1227 1227 1226 1226 1227 1227 1228 1228 1229 1229 1230 1230 1229 1229 1228 1228 1229 1229 1230 1230 1231 1231 1232 1232 1231 1231 1230 1230 1231 1231 1232 1232 1233 1233 1151 1151 1233 1233 1232 1232 1233 1233 1151 1151 1234 1234 1154 1154 1234 1234 1151 1151 1234 1234 1154 1154 1235 1235 1236 1236 1237 1237 1238 1238 1239 1239 1240 1240 1241 1241 1240 1240 1242 1242 1243 1243 1243 1243 1244 1244 1245 1245 1246 1246 1245 1245 1244 1244 1245 1245 1246 1246 1247 1247 1248 1248 1247 1247 1246 1246 1243 1243 1245 1245 1240 1240 1249 1249 1240 1240 1245 1245 1240 1240 1249 1249 1241 1241 1250 1250 1241 1241 1249 1249 1241 1241 1250 1250 1251 1251 1251 1251 1252 1252 1241 1241 1253 1253 1241 1241 1252 1252 1241 1241 1253 1253 1254 1254 1239 1239 1241 1241 1255 1255 1256 1256 1255 1255 1241 1241 1255 1255 1256 1256 1257 1257 1258 1258 1257 1257 1256 1256 1257 1257 1258 1258 1259 1259 1260 1260 1259 1259 1258 1258 1259 1259 1260 1260 1261 1261 1262 1262 1261 1261 1260 1260 1261 1261 1262 1262 1263 1263 1262 1262 1264 1264 1263 1263 1265 1265 1263 1263 1264 1264 1263 1263 1265 1265 1266 1266 1267 1267 1266 1266 1265 1265 1266 1266 1267 1267 1268 1268 1269 1269 1268 1268 1267 1267 1268 1268 1269 1269 1270 1270 1271 1271 1270 1270 1269 1269 1270 1270 1271 1271 1272 1272 1273 1273 1272 1272 1271 1271 1272 1272 1273 1273 1274 1274 1275 1275 1274 1274 1273 1273 1274 1274 1275 1275 1276 1276 1277 1277 1276 1276 1275 1275 1276 1276 1277 1277 1238 1238 1278 1278 1279 1279 1280 1280 1281 1281 1280 1280 1279 1279 1280 1280 1281 1281 1282 1282 1283 1283 1282 1282 1281 1281 1284 1284 1285 1285 1277 1277 1286 1286 1277 1277 1285 1285 1286 1286 1287 1287 1277 1277 1288 1288 1277 1277 1287 1287 1277 1277 1288 1288 1238 1238 1279 1279 1238 1238 1288 1288 1238 1238 1279 1279 1236 1236 1278 1278 1236 1236 1279 1279 1289 1289 1290 1290 1291 1291 1292 1292 1291 1291 1290 1290 1291 1291 1292 1292 1277 1277 1293 1293 1277 1277 1292 1292 1277 1277 1293 1293 1284 1284 1253 1253 1294 1294 1254 1254 1295 1295 1254 1254 1294 1294 1254 1254 1295 1295 1289 1289 1296 1296 1289 1289 1295 1295 1289 1289 1296 1296 1290 1290 1297 1297 1298 1298 1299 1299 1300 1300 1299 1299 1298 1298 1299 1299 1300 1300 1301 1301 1302 1302 1301 1301 1300 1300 1301 1301 1302 1302 1303 1303 1304 1304 1303 1303 1302 1302 1303 1303 1304 1304 1305 1305 1306 1306 1305 1305 1304 1304 1297 1297 1307 1307 1298 1298 1308 1308 1298 1298 1307 1307 1298 1298 1308 1308 1309 1309 1310 1310 1309 1309 1308 1308 1309 1309 1310 1310 1311 1311 1312 1312 1311 1311 1310 1310 1311 1311 1312 1312 1313 1313 1314 1314 1313 1313 1312 1312 1313 1313 1314 1314 1315 1315 1314 1314 1316 1316 1315 1315 1317 1317 1315 1315 1316 1316 1315 1315 1317 1317 1318 1318 1319 1319 1318 1318 1317 1317 1318 1318 1319 1319 1320 1320 1321 1321 1320 1320 1319 1319 1320 1320 1321 1321 1322 1322 1323 1323 1322 1322 1321 1321 1322 1322 1323 1323 1306 1306 1324 1324 1306 1306 1323 1323 1306 1306 1324 1324 1305 1305 677 677 676 676 1325 1325 1326 1326 1325 1325 676 676 688 688 689 689 1327 1327 1328 1328 1327 1327 689 689 1329 1329 1330 1330 1331 1331 1332 1332 1333 1333 1334 1334 1334 1334 1333 1333 1335 1335 1336 1336 1335 1335 1333 1333 1335 1335 1336 1336 1337 1337 1338 1338 1337 1337 1336 1336 1337 1337 1338 1338 1339 1339 1340 1340 1339 1339 1338 1338 1339 1339 1340 1340 1341 1341 1342 1342 1341 1341 1340 1340 1341 1341 1342 1342 1343 1343 1344 1344 1343 1343 1342 1342 1343 1343 1344 1344 1345 1345 1334 1334 1329 1329 1332 1332 1331 1331 1332 1332 1329 1329 1332 1332 1331 1331 1346 1346 1347 1347 1346 1346 1331 1331 1346 1346 1347 1347 1344 1344 1348 1348 1344 1344 1347 1347 1344 1344 1348 1348 1345 1345 1349 1349 1350 1350 1351 1351 1352 1352 1353 1353 1354 1354 1354 1354 1353 1353 1355 1355 1356 1356 1355 1355 1353 1353 1355 1355 1356 1356 1357 1357 1358 1358 1357 1357 1356 1356 1357 1357 1358 1358 1359 1359 1360 1360 1359 1359 1358 1358 1359 1359 1360 1360 1361 1361 1362 1362 1361 1361 1360 1360 1361 1361 1362 1362 1363 1363 1364 1364 1363 1363 1362 1362 1363 1363 1364 1364 1365 1365 1354 1354 1349 1349 1352 1352 1351 1351 1352 1352 1349 1349 1352 1352 1351 1351 1366 1366 1367 1367 1366 1366 1351 1351 1366 1366 1367 1367 1364 1364 1368 1368 1364 1364 1367 1367 1364 1364 1368 1368 1365 1365 1369 1369 1370 1370 1371 1371 1372 1372 1371 1371 1370 1370 1371 1371 1372 1372 1373 1373 1374 1374 1373 1373 1372 1372 1373 1373 1374 1374 1375 1375 1376 1376 1375 1375 1374 1374 1375 1375 1376 1376 1377 1377 1378 1378 1377 1377 1376 1376 1377 1377 1378 1378 1379 1379 1380 1380 1379 1379 1378 1378 1379 1379 1380 1380 1381 1381 1382 1382 1381 1381 1380 1380 1381 1381 1382 1382 1383 1383 1384 1384 1383 1383 1382 1382 1383 1383 1384 1384 1369 1369 1370 1370 1369 1369 1384 1384 1385 1385 1386 1386 1387 1387 1388 1388 1387 1387 1386 1386 1387 1387 1388 1388 1389 1389 1390 1390 1389 1389 1388 1388 1389 1389 1390 1390 1391 1391 1392 1392 1391 1391 1390 1390 1391 1391 1392 1392 1393 1393 1394 1394 1393 1393 1392 1392 1393 1393 1394 1394 1395 1395 1396 1396 1395 1395 1394 1394 1395 1395 1396 1396 1397 1397 1398 1398 1397 1397 1396 1396 1397 1397 1398 1398 1399 1399 1400 1400 1399 1399 1398 1398 1399 1399 1400 1400 1385 1385 1386 1386 1385 1385 1400 1400 1401 1401 1402 1402 1403 1403 1404 1404 1403 1403 1402 1402 1403 1403 1404 1404 1405 1405 1406 1406 1405 1405 1404 1404 1405 1405 1406 1406 1407 1407 1408 1408 1407 1407 1406 1406 1407 1407 1408 1408 1409 1409 1410 1410 1409 1409 1408 1408 1409 1409 1410 1410 1411 1411 1412 1412 1411 1411 1410 1410 1411 1411 1412 1412 1413 1413 1414 1414 1413 1413 1412 1412 1415 1415 1416 1416 1417 1417 1418 1418 1419 1419 1420 1420 1421 1421 1422 1422 1423 1423 1424 1424 1425 1425 1426 1426 1427 1427 1428 1428 1429 1429 1430 1430 1429 1429 1428 1428 1429 1429 1430 1430 1431 1431 1432 1432 1431 1431 1430 1430 1431 1431 1432 1432 1433 1433 1434 1434 1433 1433 1432 1432 1433 1433 1434 1434 1435 1435 1436 1436 1435 1435 1434 1434 1435 1435 1436 1436 1437 1437 1438 1438 1417 1417 1439 1439 1416 1416 1439 1439 1417 1417 1439 1439 1416 1416 1440 1440 1441 1441 1440 1440 1416 1416 1440 1440 1441 1441 1442 1442 1443 1443 1442 1442 1441 1441 1442 1442 1443 1443 1444 1444 1445 1445 1444 1444 1443 1443 1444 1444 1445 1445 1446 1446 1447 1447 1446 1446 1445 1445 1446 1446 1447 1447 1448 1448 1423 1423 1426 1426 1421 1421 1425 1425 1421 1421 1426 1426 1421 1421 1425 1425 1449 1449 1450 1450 1449 1449 1425 1425 1449 1449 1450 1450 1451 1451 1420 1420 1452 1452 1418 1418 1453 1453 1418 1418 1452 1452 1418 1418 1453 1453 1454 1454 1455 1455 1454 1454 1453 1453 1454 1454 1455 1455 1427 1427 1424 1424 1427 1427 1455 1455 1427 1427 1424 1424 1428 1428 1426 1426 1428 1428 1424 1424 1456 1456 1457 1457 1438 1438 1458 1458 1438 1438 1457 1457 1438 1438 1458 1458 1417 1417 1417 1417 1459 1459 1415 1415 1460 1460 1415 1415 1459 1459 1415 1415 1460 1460 1461 1461 1462 1462 1461 1461 1460 1460 1461 1461 1462 1462 1419 1419 1463 1463 1419 1419 1462 1462 1419 1419 1463 1463 1420 1420 1464 1464 1420 1420 1463 1463 1420 1420 1464 1464 1465 1465 1450 1450 1465 1465 1451 1451 1464 1464 1451 1451 1465 1465 1451 1451 1464 1464 1466 1466 1457 1457 1466 1466 1464 1464 1466 1466 1457 1457 1467 1467 1456 1456 1467 1467 1457 1457 1467 1467 1456 1456 1468 1468 1413 1413 1414 1414 1469 1469 1470 1470 1469 1469 1414 1414 1402 1402 1401 1401 1471 1471 1472 1472 1471 1471 1401 1401 537 537 535 535 1473 1473 1474 1474 1473 1473 535 535 1473 1473 1474 1474 1475 1475 1476 1476 1475 1475 1474 1474 1475 1475 1476 1476 1477 1477 1478 1478 1477 1477 1476 1476 1477 1477 1478 1478 527 527 529 529 527 527 1478 1478 1479 1479 1480 1480 1481 1481 1482 1482 1479 1479 1483 1483 1481 1481 1483 1483 1479 1479 1483 1483 1481 1481 1484 1484 1485 1485 1484 1484 1481 1481 1484 1484 1485 1485 1486 1486 1487 1487 1486 1486 1485 1485 1486 1486 1487 1487 1488 1488 1489 1489 1490 1490 1491 1491 1488 1488 1491 1491 1490 1490 1491 1491 1488 1488 1492 1492 1487 1487 1492 1492 1488 1488 1493 1493 1494 1494 1495 1495 1496 1496 1497 1497 1498 1498 1499 1499 1498 1498 1497 1497 1498 1498 1499 1499 1500 1500 1499 1499 1493 1493 1500 1500 1495 1495 1500 1500 1493 1493 1500 1500 1495 1495 1501 1501 1502 1502 1501 1501 1495 1495 1501 1501 1502 1502 1503 1503 1504 1504 1503 1503 1502 1502 1503 1503 1504 1504 1505 1505 1506 1506 1505 1505 1504 1504 1505 1505 1506 1506 1507 1507 1508 1508 1507 1507 1506 1506 1507 1507 1508 1508 1509 1509 1510 1510 1509 1509 1508 1508 1509 1509 1510 1510 1496 1496 1511 1511 1496 1496 1510 1510 1496 1496 1511 1511 1497 1497 1512 1512 1497 1497 1511 1511 1513 1513 1514 1514 1515 1515 1516 1516 1517 1517 1518 1518 1519 1519 1518 1518 1517 1517 1518 1518 1519 1519 1520 1520 1519 1519 1513 1513 1520 1520 1515 1515 1520 1520 1513 1513 1520 1520 1515 1515 1521 1521 1522 1522 1521 1521 1515 1515 1521 1521 1522 1522 1523 1523 1524 1524 1523 1523 1522 1522 1523 1523 1524 1524 1525 1525 1526 1526 1525 1525 1524 1524 1525 1525 1526 1526 1527 1527 1528 1528 1527 1527 1526 1526 1527 1527 1528 1528 1529 1529 1530 1530 1529 1529 1528 1528 1529 1529 1530 1530 1516 1516 1531 1531 1516 1516 1530 1530 1516 1516 1531 1531 1517 1517 1532 1532 1517 1517 1531 1531 1533 1533 1534 1534 1535 1535 1536 1536 1535 1535 1534 1534 1535 1535 1536 1536 1537 1537 1538 1538 1537 1537 1536 1536 1537 1537 1538 1538 1539 1539 1540 1540 1539 1539 1538 1538 1539 1539 1540 1540 1541 1541 1542 1542 1541 1541 1540 1540 1541 1541 1542 1542 1543 1543 1544 1544 1543 1543 1542 1542 1543 1543 1544 1544 1545 1545 1546 1546 1545 1545 1544 1544 1545 1545 1546 1546 1547 1547 1548 1548 1547 1547 1546 1546 1547 1547 1548 1548 1533 1533 1534 1534 1533 1533 1548 1548 1549 1549 1550 1550 1551 1551 1552 1552 1551 1551 1550 1550 1551 1551 1552 1552 1553 1553 1554 1554 1553 1553 1552 1552 1553 1553 1554 1554 1555 1555 1556 1556 1555 1555 1554 1554 1555 1555 1556 1556 1557 1557 1558 1558 1557 1557 1556 1556 1557 1557 1558 1558 1559 1559 1560 1560 1559 1559 1558 1558 1559 1559 1560 1560 1561 1561 1562 1562 1561 1561 1560 1560 1561 1561 1562 1562 1563 1563 1564 1564 1563 1563 1562 1562 1563 1563 1564 1564 1549 1549 1550 1550 1549 1549 1564 1564 1565 1565 1566 1566 1567 1567 1565 1565 1567 1567 1568 1568 1569 1569 1570 1570 1566 1566 1571 1571 1566 1566 1570 1570 1566 1566 1571 1571 1567 1567 1572 1572 1567 1567 1571 1571 1573 1573 1568 1568 1574 1574 1567 1567 1574 1574 1568 1568 1574 1574 1567 1567 1575 1575 1576 1576 1575 1575 1567 1567 1577 1577 1578 1578 1579 1579 1580 1580 1581 1581 1582 1582 1582 1582 1581 1581 1583 1583 1584 1584 1583 1583 1581 1581 1583 1583 1584 1584 1585 1585 1586 1586 1585 1585 1584 1584 1585 1585 1586 1586 1587 1587 1588 1588 1587 1587 1586 1586 1587 1587 1588 1588 1589 1589 1590 1590 1589 1589 1588 1588 1589 1589 1590 1590 1591 1591 1592 1592 1591 1591 1590 1590 1591 1591 1592 1592 1593 1593 1582 1582 1577 1577 1580 1580 1579 1579 1580 1580 1577 1577 1580 1580 1579 1579 1594 1594 1595 1595 1594 1594 1579 1579 1594 1594 1595 1595 1592 1592 1596 1596 1592 1592 1595 1595 1592 1592 1596 1596 1593 1593 1597 1597 1598 1598 1599 1599 1600 1600 1601 1601 1599 1599 1599 1599 1602 1602 1600 1600 1603 1603 1600 1600 1602 1602 1600 1600 1603 1603 1604 1604 1605 1605 1597 1597 1606 1606 1599 1599 1606 1606 1597 1597 1606 1606 1599 1599 1607 1607 1601 1601 1607 1607 1599 1599 1608 1608 1609 1609 1610 1610 1611 1611 1610 1610 1609 1609 1610 1610 1611 1611 1612 1612 1613 1613 1614 1614 1615 1615 1616 1616 1617 1617 1618 1618 1619 1619 1620 1620 1621 1621 1622 1622 1621 1621 1620 1620 1621 1621 1622 1622 1623 1623 1618 1618 1624 1624 1625 1625 1626 1626 1625 1625 1624 1624 1625 1625 1626 1626 1627 1627 1613 1613 1615 1615 1621 1621 1628 1628 1621 1621 1615 1615 1621 1621 1628 1628 1619 1619 1616 1616 1618 1618 1623 1623 1625 1625 1623 1623 1618 1618 1623 1623 1625 1625 1621 1621 1629 1629 1621 1621 1625 1625 1621 1621 1629 1629 1630 1630 1631 1631 1632 1632 1633 1633 1634 1634 1635 1635 1636 1636 1633 1633 1637 1637 1638 1638 1631 1631 1633 1633 1639 1639 1638 1638 1639 1639 1633 1633 1639 1639 1638 1638 1636 1636 1640 1640 1636 1636 1638 1638 1636 1636 1640 1640 1634 1634 1641 1641 1642 1642 1643 1643 1644 1644 1645 1645 1646 1646 1647 1647 1646 1646 1645 1645 1646 1646 1647 1647 1648 1648 1649 1649 1648 1648 1647 1647 1650 1650 1651 1651 1652 1652 1641 1641 1652 1652 1651 1651 1652 1652 1641 1641 1653 1653 1643 1643 1653 1653 1641 1641 1654 1654 1641 1641 1655 1655 1651 1651 1655 1655 1641 1641 1655 1655 1651 1651 1647 1647 1656 1656 1647 1647 1651 1651 1647 1647 1656 1656 1649 1649 1657 1657 1658 1658 1659 1659 1660 1660 1659 1659 1658 1658 1659 1659 1660 1660 1661 1661 1662 1662 1661 1661 1660 1660 1663 1663 1664 1664 1665 1665 1666 1666 1665 1665 1664 1664 1665 1665 1666 1666 1667 1667 1667 1667 1666 1666 1668 1668 1669 1669 1668 1668 1666 1666 1668 1668 1669 1669 1670 1670 1671 1671 1672 1672 1673 1673 1674 1674 1673 1673 1672 1672 1673 1673 1674 1674 1675 1675 1675 1675 1674 1674 1676 1676 1677 1677 1676 1676 1674 1674 1676 1676 1677 1677 1678 1678 1679 1679 1680 1680 1681 1681 1682 1682 1683 1683 1684 1684 1685 1685 1684 1684 1683 1683 1684 1684 1685 1685 1681 1681 1686 1686 1679 1679 1687 1687 1681 1681 1687 1687 1679 1679 1687 1687 1681 1681 1688 1688 1685 1685 1688 1688 1681 1681 1689 1689 1690 1690 1691 1691 1692 1692 1693 1693 1694 1694 1695 1695 1694 1694 1693 1693 1694 1694 1695 1695 1691 1691 1696 1696 1689 1689 1697 1697 1691 1691 1697 1697 1689 1689 1697 1697 1691 1691 1698 1698 1695 1695 1698 1698 1691 1691 1699 1699 1700 1700 1701 1701 1702 1702 1701 1701 1700 1700 1703 1703 1704 1704 1705 1705 1706 1706 1705 1705 1704 1704 1707 1707 1704 1704 1703 1703 1707 1707 1703 1703 1708 1708 1709 1709 1708 1708 1703 1703 1708 1708 1709 1709 1710 1710 1711 1711 1710 1710 1709 1709 1710 1710 1711 1711 1712 1712 1713 1713 1712 1712 1711 1711 1712 1712 1713 1713 1714 1714 1670 1670 1714 1714 1713 1713 1714 1714 1670 1670 1669 1669 1715 1715 1705 1705 1706 1706 1672 1672 1671 1671 1716 1716 1717 1717 1716 1716 1671 1671 1706 1706 1718 1718 1715 1715 1719 1719 1715 1715 1718 1718 1715 1715 1719 1719 1720 1720 1721 1721 1720 1720 1719 1719 1720 1720 1721 1721 1717 1717 1722 1722 1717 1717 1721 1721 1717 1717 1722 1722 1716 1716 1723 1723 1678 1678 1677 1677 1701 1701 1702 1702 1724 1724 1725 1725 1724 1724 1702 1702 1724 1724 1725 1725 1726 1726 1727 1727 1726 1726 1725 1725 1677 1677 1728 1728 1723 1723 1729 1729 1723 1723 1728 1728 1723 1723 1729 1729 1727 1727 1730 1730 1727 1727 1729 1729 1727 1727 1730 1730 1726 1726 1731 1731 1664 1664 1663 1663 1731 1731 1663 1663 1732 1732 1733 1733 1732 1732 1663 1663 1732 1732 1733 1733 1734 1734 1735 1735 1734 1734 1733 1733 1734 1734 1735 1735 1736 1736 1737 1737 1736 1736 1735 1735 1736 1736 1737 1737 1738 1738 1700 1700 1738 1738 1737 1737 1738 1738 1700 1700 1699 1699 1739 1739 1740 1740 1741 1741 1742 1742 1741 1741 1740 1740 1741 1741 1742 1742 1743 1743 1744 1744 1745 1745 1742 1742 1746 1746 1742 1742 1745 1745 1746 1746 1747 1747 1742 1742 1748 1748 1742 1742 1747 1747 1742 1742 1748 1748 1743 1743 1749 1749 1750 1750 1751 1751 1752 1752 1751 1751 1750 1750 1751 1751 1752 1752 1753 1753 1754 1754 1755 1755 1756 1756 1757 1757 1756 1756 1755 1755 1756 1756 1757 1757 1758 1758 1759 1759 1758 1758 1757 1757 1758 1758 1759 1759 1749 1749 1760 1760 1749 1749 1759 1759 1749 1749 1760 1760 1750 1750 1761 1761 1762 1762 1763 1763 1761 1761 1763 1763 1764 1764 1765 1765 1764 1764 1763 1763 1764 1764 1765 1765 1766 1766 1767 1767 1768 1768 1769 1769 1764 1764 1769 1769 1768 1768 1769 1769 1764 1764 1770 1770 1766 1766 1770 1770 1764 1764 1771 1771 1764 1764 1768 1768 1772 1772 196 196 209 209 1772 1772 209 209 1773 1773 1774 1774 1773 1773 209 209 1773 1773 1774 1774 1775 1775 1776 1776 1775 1775 1774 1774 1775 1775 1776 1776 1777 1777 1778 1778 1777 1777 1776 1776 1777 1777 1778 1778 1768 1768 1779 1779 1768 1768 1778 1778 1768 1768 1779 1779 1771 1771 1780 1780 1744 1744 1781 1781 1782 1782 1781 1781 1783 1783 1744 1744 1783 1783 1781 1781 1783 1783 1744 1744 1742 1742 1780 1780 1781 1781 1784 1784 1785 1785 1784 1784 1781 1781 1784 1784 1785 1785 1786 1786 1787 1787 1786 1786 1785 1785 1786 1786 1787 1787 1788 1788 208 208 1788 1788 1787 1787 1788 1788 208 208 206 206 1755 1755 1754 1754 1789 1789 1790 1790 1789 1789 1754 1754 1789 1789 1790 1790 1791 1791 1792 1792 1791 1791 1790 1790 1791 1791 1792 1792 1793 1793 1794 1794 1793 1793 1792 1792 1793 1793 1794 1794 1739 1739 1740 1740 1739 1739 1794 1794 1753 1753 1752 1752 1795 1795 1796 1796 1795 1795 1752 1752 1795 1795 1796 1796 1797 1797 1798 1798 1797 1797 1796 1796 1797 1797 1798 1798 1799 1799 1800 1800 1799 1799 1798 1798 1799 1799 1800 1800 1801 1801 1762 1762 1801 1801 1800 1800 1801 1801 1762 1762 1761 1761 156 156 1802 1802 158 158 1803 1803 158 158 1802 1802 158 158 1803 1803 1804 1804 1805 1805 1804 1804 1803 1803 1804 1804 1805 1805 1806 1806 1806 1806 1807 1807 1804 1804 1808 1808 1804 1804 1807 1807 1804 1804 1808 1808 1809 1809 147 147 152 152 1810 1810 1811 1811 1810 1810 152 152 1810 1810 1811 1811 1812 1812 1812 1812 1813 1813 1810 1810 1814 1814 1810 1810 1813 1813 1810 1810 1814 1814 1815 1815 1816 1816 1815 1815 1814 1814 1815 1815 1816 1816 1817 1817 1809 1809 1817 1817 1816 1816 1817 1817 1809 1809 1818 1818 1808 1808 1818 1818 1809 1809 1818 1818 1808 1808 1819 1819 1820 1820 1819 1819 1808 1808 1819 1819 1820 1820 1821 1821 1822 1822 1823 1823 1824 1824 1825 1825 1824 1824 1823 1823 1824 1824 1825 1825 1826 1826 140 140 1826 1826 1825 1825 1826 1826 140 140 139 139 1827 1827 1828 1828 1829 1829 1822 1822 1824 1824 1829 1829 1830 1830 1829 1829 1824 1824 1829 1829 1830 1830 1827 1827 136 136 138 138 1831 1831 1832 1832 1831 1831 138 138 1831 1831 1832 1832 1827 1827 1833 1833 1827 1827 1832 1832 1827 1827 1833 1833 1828 1828 1834 1834 1835 1835 1836 1836 1837 1837 1838 1838 1839 1839 1840 1840 1839 1839 1838 1838 1839 1839 1840 1840 1841 1841 132 132 1841 1841 1840 1840 1841 1841 132 132 134 134 166 166 165 165 1842 1842 1843 1843 1842 1842 165 165 1842 1842 1843 1843 1844 1844 1843 1843 1845 1845 1844 1844 1846 1846 1844 1844 1845 1845 1844 1844 1846 1846 1847 1847 1834 1834 1847 1847 1846 1846 1847 1847 1834 1834 1839 1839 1836 1836 1839 1839 1834 1834 1839 1839 1836 1836 1837 1837 1848 1848 1849 1849 1850 1850 163 163 162 162 1851 1851 1852 1852 1851 1851 162 162 1849 1849 1853 1853 1854 1854 1855 1855 1854 1854 1853 1853 1854 1854 1855 1855 1852 1852 1856 1856 1852 1852 1855 1855 1852 1852 1856 1856 1851 1851 1854 1854 1857 1857 1849 1849 1858 1858 1849 1849 1857 1857 1849 1849 1858 1858 1850 1850 1859 1859 1850 1850 1858 1858 1850 1850 1859 1859 1860 1860 154 154 153 153 1861 1861 1862 1862 1861 1861 153 153 1848 1848 1850 1850 1862 1862 1863 1863 1862 1862 1850 1850 1862 1862 1863 1863 1864 1864 1864 1864 1865 1865 1862 1862 1866 1866 1862 1862 1865 1865 1862 1862 1866 1866 1861 1861 1867 1867 1868 1868 1869 1869 1870 1870 1871 1871 1872 1872 1873 1873 1874 1874 1868 1868 1869 1869 1875 1875 1867 1867 1876 1876 1867 1867 1875 1875 1867 1867 1876 1876 1877 1877 1872 1872 1873 1873 1878 1878 1868 1868 1878 1878 1873 1873 1878 1878 1868 1868 1879 1879 1867 1867 1879 1879 1868 1868 1878 1878 1880 1880 1872 1872 1881 1881 1872 1872 1880 1880 1872 1872 1881 1881 1870 1870 1882 1882 1870 1870 1881 1881 1870 1870 1882 1882 1883 1883 1884 1884 1883 1883 1882 1882 1883 1883 1884 1884 1885 1885 1886 1886 1883 1883 1887 1887 1885 1885 1887 1887 1883 1883 1887 1887 1885 1885 1867 1867 1888 1888 1867 1867 1885 1885 1867 1867 1888 1888 1879 1879 1889 1889 1890 1890 1891 1891 1892 1892 1891 1891 1890 1890 1891 1891 1892 1892 1893 1893 1894 1894 1895 1895 1896 1896 1897 1897 1896 1896 1895 1895 1898 1898 1899 1899 1900 1900 1900 1900 1899 1899 1901 1901 1898 1898 1900 1900 1902 1902 1903 1903 1902 1902 1900 1900 1902 1902 1903 1903 1904 1904 1899 1899 1905 1905 1901 1901 1906 1906 1901 1901 1905 1905 1901 1901 1906 1906 1907 1907 1908 1908 1907 1907 1906 1906 1907 1907 1908 1908 1903 1903 1909 1909 1903 1903 1908 1908 1903 1903 1909 1909 1904 1904 1910 1910 1911 1911 1912 1912 1913 1913 1912 1912 1911 1911 1914 1914 1915 1915 1916 1916 1914 1914 1916 1916 1917 1917 1918 1918 1917 1917 1916 1916 1917 1917 1918 1918 1919 1919 1918 1918 1920 1920 1919 1919 1921 1921 1919 1919 1920 1920 1919 1919 1921 1921 1922 1922 1923 1923 1922 1922 1921 1921 1922 1922 1923 1923 1924 1924 1925 1925 1924 1924 1923 1923 1926 1926 1927 1927 1928 1928 1929 1929 1928 1928 1927 1927 1930 1930 1931 1931 1932 1932 1933 1933 1934 1934 1935 1935 1936 1936 1937 1937 1938 1938 1939 1939 1938 1938 1937 1937 1938 1938 1939 1939 1932 1932 1940 1940 1932 1932 1939 1939 1932 1932 1940 1940 1930 1930 1941 1941 1930 1930 1940 1940 1930 1930 1941 1941 1942 1942 1943 1943 1942 1942 1941 1941 1942 1942 1943 1943 1944 1944 1945 1945 1933 1933 1946 1946 1935 1935 1946 1946 1933 1933 1946 1946 1935 1935 1944 1944 1947 1947 1944 1944 1935 1935 1944 1944 1947 1947 1942 1942 1948 1948 1942 1942 1947 1947 1938 1938 1949 1949 1950 1950 1946 1946 1936 1936 1945 1945 1938 1938 1945 1945 1936 1936 1945 1945 1938 1938 1951 1951 1950 1950 1951 1951 1938 1938 1951 1951 1950 1950 1952 1952 1953 1953 1954 1954 1955 1955 1956 1956 1955 1955 1954 1954 1957 1957 1958 1958 1959 1959 1960 1960 1959 1959 1958 1958 1961 1961 1962 1962 1963 1963 1964 1964 1963 1963 1962 1962 1963 1963 1964 1964 1958 1958 1965 1965 1958 1958 1964 1964 1958 1958 1965 1965 1960 1960 1959 1959 1966 1966 1957 1957 1967 1967 1957 1957 1966 1966 1957 1957 1967 1967 1961 1961 1968 1968 1961 1961 1967 1967 1961 1961 1968 1968 1962 1962 1969 1969 1970 1970 1971 1971 1972 1972 1971 1971 1970 1970 1973 1973 1974 1974 1975 1975 1976 1976 1975 1975 1974 1974 1975 1975 1976 1976 1977 1977 1978 1978 1977 1977 1976 1976 1977 1977 1978 1978 1979 1979 1980 1980 1979 1979 1978 1978 1979 1979 1980 1980 1981 1981 1982 1982 1981 1981 1980 1980 1981 1981 1982 1982 1983 1983 1984 1984 1983 1983 1982 1982 1983 1983 1984 1984 1985 1985 1986 1986 1985 1985 1984 1984 1985 1985 1986 1986 1987 1987 1988 1988 1987 1987 1986 1986 1987 1987 1988 1988 1973 1973 1974 1974 1973 1973 1988 1988 1989 1989 1990 1990 1991 1991 1992 1992 1991 1991 1990 1990 1991 1991 1992 1992 1993 1993 1994 1994 1993 1993 1992 1992 1993 1993 1994 1994 1995 1995 1996 1996 1995 1995 1994 1994 1995 1995 1996 1996 1997 1997 1998 1998 1997 1997 1996 1996 1997 1997 1998 1998 1999 1999 2000 2000 1999 1999 1998 1998 1999 1999 2000 2000 2001 2001 2002 2002 2001 2001 2000 2000 2001 2001 2002 2002 2003 2003 2004 2004 2003 2003 2002 2002 2003 2003 2004 2004 1989 1989 1990 1990 1989 1989 2004 2004 2005 2005 2006 2006 2007 2007 2008 2008 2007 2007 2006 2006 2007 2007 2008 2008 2009 2009 2010 2010 2011 2011 2012 2012 2013 2013 2012 2012 2011 2011 2012 2012 2013 2013 2014 2014 2015 2015 2016 2016 2017 2017 2018 2018 2017 2017 2016 2016 2019 2019 2020 2020 2021 2021 2022 2022 2021 2021 2020 2020 2021 2021 2022 2022 2023 2023 2024 2024 2025 2025 2026 2026 2023 2023 2026 2026 2025 2025 2026 2026 2023 2023 2027 2027 2022 2022 2027 2027 2023 2023 2028 2028 2029 2029 2030 2030 2031 2031 2030 2030 2029 2029 2030 2030 2031 2031 2032 2032 2033 2033 2032 2032 2031 2031 2032 2032 2033 2033 2034 2034 2035 2035 2034 2034 2033 2033 2034 2034 2035 2035 2036 2036 2037 2037 2036 2036 2035 2035 2036 2036 2037 2037 2038 2038 2039 2039 2038 2038 2037 2037 2038 2038 2039 2039 2040 2040 2041 2041 2040 2040 2039 2039 2040 2040 2041 2041 2042 2042 2043 2043 2042 2042 2041 2041 2042 2042 2043 2043 2028 2028 2029 2029 2028 2028 2043 2043 2044 2044 2045 2045 2046 2046 2047 2047 2046 2046 2045 2045 2046 2046 2047 2047 2048 2048 2049 2049 2048 2048 2047 2047 2048 2048 2049 2049 2050 2050 2051 2051 2050 2050 2049 2049 2050 2050 2051 2051 2052 2052 2053 2053 2052 2052 2051 2051 2052 2052 2053 2053 2054 2054 2055 2055 2054 2054 2053 2053 2054 2054 2055 2055 2056 2056 2057 2057 2056 2056 2055 2055 2056 2056 2057 2057 2058 2058 2059 2059 2058 2058 2057 2057 2058 2058 2059 2059 2044 2044 2045 2045 2044 2044 2059 2059 2060 2060 2061 2061 2062 2062 2063 2063 2062 2062 2061 2061 2062 2062 2063 2063 2064 2064 2065 2065 2063 2063 2066 2066 2061 2061 2066 2066 2063 2063 2066 2066 2061 2061 2067 2067 2068 2068 2067 2067 2061 2061 2067 2067 2068 2068 2069 2069 2070 2070 2069 2069 2068 2068 2069 2069 2070 2070 2071 2071 2072 2072 2071 2071 2070 2070 2071 2071 2072 2072 2073 2073 2074 2074 2073 2073 2072 2072 2073 2073 2074 2074 2075 2075 2076 2076 2075 2075 2074 2074 2075 2075 2076 2076 2077 2077 2078 2078 2077 2077 2076 2076 2077 2077 2078 2078 2065 2065 2063 2063 2065 2065 2078 2078 2079 2079 2080 2080 2081 2081 2082 2082 2083 2083 2084 2084 2084 2084 2083 2083 2085 2085 2083 2083 2079 2079 2085 2085 2081 2081 2085 2085 2079 2079 2085 2085 2081 2081 2086 2086 2087 2087 2086 2086 2081 2081 2086 2086 2087 2087 2088 2088 2089 2089 2088 2088 2087 2087 2088 2088 2089 2089 2090 2090 2091 2091 2090 2090 2089 2089 2090 2090 2091 2091 2092 2092 2093 2093 2092 2092 2091 2091 2092 2092 2093 2093 2094 2094 2095 2095 2094 2094 2093 2093 2094 2094 2095 2095 2096 2096 2097 2097 2096 2096 2095 2095 2096 2096 2097 2097 2084 2084 2098 2098 2084 2084 2097 2097 2084 2084 2098 2098 2082 2082 2099 2099 2100 2100 2101 2101 2102 2102 2101 2101 2100 2100 2101 2101 2102 2102 2103 2103 2104 2104 2105 2105 2106 2106 2099 2099 2106 2106 2105 2105 2106 2106 2099 2099 2107 2107 2101 2101 2107 2107 2099 2099 2107 2107 2101 2101 2108 2108 2108 2108 2101 2101 2109 2109 2110 2110 2109 2109 2101 2101 2109 2109 2110 2110 2111 2111 2112 2112 2111 2111 2110 2110 2111 2111 2112 2112 2113 2113 2114 2114 2113 2113 2112 2112 2113 2113 2114 2114 2115 2115 2116 2116 2115 2115 2114 2114 2115 2115 2116 2116 2104 2104 2117 2117 2104 2104 2116 2116 2104 2104 2117 2117 2105 2105 2118 2118 2119 2119 2120 2120 2121 2121 2122 2122 2123 2123 2123 2123 2118 2118 2121 2121 2120 2120 2121 2121 2118 2118 2121 2121 2120 2120 2124 2124 2125 2125 2124 2124 2120 2120 2124 2124 2125 2125 2126 2126 2127 2127 2126 2126 2125 2125 2126 2126 2127 2127 2128 2128 2129 2129 2128 2128 2127 2127 2128 2128 2129 2129 2130 2130 2131 2131 2130 2130 2129 2129 2130 2130 2131 2131 2132 2132 2133 2133 2132 2132 2131 2131 2132 2132 2133 2133 2134 2134 2135 2135 2134 2134 2133 2133 2134 2134 2135 2135 2122 2122 2136 2136 2122 2122 2135 2135 2122 2122 2136 2136 2123 2123 2137 2137 2123 2123 2136 2136 2138 2138 2139 2139 2140 2140 2140 2140 2141 2141 2142 2142 2143 2143 2144 2144 2140 2140 2145 2145 2140 2140 2144 2144 2140 2140 2145 2145 2138 2138 2146 2146 2138 2138 2145 2145 2138 2138 2146 2146 2147 2147 2148 2148 2147 2147 2146 2146 2143 2143 2140 2140 2149 2149 2142 2142 2149 2149 2140 2140 2149 2149 2142 2142 2150 2150 2151 2151 2152 2152 2153 2153 2153 2153 2154 2154 2155 2155 2153 2153 2155 2155 2156 2156 2157 2157 2156 2156 2155 2155 2156 2156 2157 2157 2158 2158 2156 2156 2159 2159 2153 2153 2160 2160 2153 2153 2159 2159 2153 2153 2160 2160 2151 2151 2161 2161 2151 2151 2160 2160 2151 2151 2161 2161 2162 2162 2163 2163 2164 2164 2165 2165 2166 2166 2167 2167 2168 2168 2169 2169 2168 2168 2167 2167 2168 2168 2169 2169 2165 2165 2170 2170 2165 2165 2169 2169 2165 2165 2170 2170 2163 2163 2171 2171 2172 2172 2173 2173 2174 2174 2173 2173 2172 2172 609 609 617 617 2175 2175 2176 2176 2175 2175 617 617 2175 2175 2176 2176 2177 2177 2178 2178 2177 2177 2176 2176 2177 2177 2178 2178 2179 2179 2180 2180 2179 2179 2178 2178 2179 2179 2180 2180 2181 2181 2182 2182 2181 2181 2180 2180 2181 2181 2182 2182 892 892 888 888 892 892 2182 2182 1125 1125 1133 1133 2183 2183 2184 2184 2183 2183 1133 1133 2183 2183 2184 2184 2185 2185 2186 2186 2185 2185 2184 2184 2185 2185 2186 2186 2187 2187 2188 2188 2187 2187 2186 2186 2187 2187 2188 2188 2189 2189 2190 2190 2189 2189 2188 2188 2189 2189 2190 2190 883 883 882 882 883 883 2190 2190 2191 2191 2192 2192 2193 2193 778 778 780 780 2192 2192 2194 2194 2192 2192 780 780 2192 2192 2194 2194 2193 2193 2195 2195 648 648 647 647 2196 2196 2197 2197 2193 2193 2198 2198 2193 2193 2197 2197 2193 2193 2198 2198 2191 2191 2196 2196 2193 2193 647 647 2199 2199 647 647 2193 2193 647 647 2199 2199 2195 2195 2200 2200 2201 2201 2202 2202 2203 2203 591 591 590 590 2204 2204 2205 2205 2206 2206 2203 2203 2206 2206 2205 2205 2204 2204 643 643 2195 2195 648 648 2195 2195 643 643 669 669 621 621 2207 2207 2208 2208 2207 2207 621 621 2204 2204 2206 2206 643 643 2209 2209 643 643 2206 2206 643 643 2209 2209 659 659 2210 2210 659 659 2209 2209 659 659 2210 2210 657 657 2211 2211 657 657 2210 2210 657 657 2211 2211 655 655 2212 2212 655 655 2211 2211 655 655 2212 2212 653 653 2213 2213 653 653 2212 2212 653 653 2213 2213 623 623 2214 2214 623 623 2213 2213 623 623 2214 2214 624 624 2215 2215 624 624 2214 2214 624 624 2215 2215 633 633 2216 2216 633 633 2215 2215 633 633 2216 2216 634 634 2217 2217 634 634 2216 2216 634 634 2217 2217 631 631 2218 2218 631 631 2217 2217 631 631 2218 2218 636 636 2219 2219 636 636 2218 2218 636 636 2219 2219 637 637 2220 2220 637 637 2219 2219 637 637 2220 2220 639 639 2221 2221 639 639 2220 2220 639 639 2221 2221 641 641 2222 2222 641 641 2221 2221 641 641 2222 2222 642 642 2223 2223 642 642 2222 2222 642 642 2223 2223 620 620 2202 2202 620 620 2223 2223 620 620 2202 2202 621 621 2201 2201 621 621 2202 2202 621 621 2201 2201 2208 2208 2203 2203 590 590 2206 2206 599 599 2206 2206 590 590 2206 2206 599 599 2209 2209 589 589 2209 2209 599 599 2209 2209 589 589 2210 2210 588 588 2210 2210 589 589 2210 2210 588 588 2211 2211 586 586 2211 2211 588 588 2211 2211 586 586 2212 2212 584 584 2212 2212 586 586 2212 2212 584 584 2213 2213 577 577 2213 2213 584 584 2213 2213 577 577 2214 2214 575 575 2214 2214 577 577 2214 2214 575 575 2215 2215 582 582 2215 2215 575 575 2215 2215 582 582 2216 2216 581 581 2216 2216 582 582 2216 2216 581 581 2217 2217 580 580 2217 2217 581 581 2217 2217 580 580 2218 2218 579 579 2218 2218 580 580 2218 2218 579 579 2219 2219 573 573 2219 2219 579 579 2219 2219 573 573 2220 2220 569 569 2220 2220 573 573 2220 2220 569 569 2221 2221 568 568 2221 2221 569 569 2221 2221 568 568 2222 2222 600 600 2222 2222 568 568 2222 2222 600 600 2223 2223 601 601 2223 2223 600 600 2223 2223 601 601 2202 2202 602 602 2202 2202 601 601 2202 2202 602 602 2200 2200 2224 2224 861 861 862 862 2196 2196 647 647 667 667 866 866 2196 2196 867 867 667 667 867 867 2196 2196 867 867 667 667 870 870 666 666 870 870 667 667 870 870 666 666 864 864 664 664 864 864 666 666 864 864 664 664 862 862 671 671 862 862 664 664 862 862 671 671 2224 2224 2225 2225 2226 2226 2227 2227 769 769 768 768 2228 2228 2225 2225 2228 2228 768 768 2228 2228 2225 2225 2229 2229 2227 2227 2229 2229 2225 2225 669 669 2207 2207 671 671 2230 2230 671 671 2207 2207 671 671 2230 2230 2224 2224 2229 2229 2224 2224 2230 2230 2224 2224 2229 2229 2231 2231 2227 2227 2231 2231 2229 2229 1099 1099 2232 2232 1101 1101 2233 2233 1101 1101 2232 2232 1101 1101 2233 2233 2234 2234 2235 2235 2234 2234 2233 2233 2234 2234 2235 2235 2236 2236 1144 1144 1143 1143 2237 2237 2238 2238 2237 2237 1143 1143 2237 2237 2238 2238 2235 2235 2239 2239 2235 2235 2238 2238 2235 2235 2239 2239 2236 2236 2240 2240 2241 2241 2242 2242 2243 2243 1050 1050 1059 1059 2232 2232 1099 1099 1064 1064 2244 2244 2245 2245 2246 2246 2247 2247 2246 2246 2245 2245 2232 2232 1064 1064 2247 2247 1061 1061 1062 1062 2244 2244 2240 2240 2242 2242 2248 2248 2244 2244 2246 2246 1061 1061 2249 2249 1061 1061 2246 2246 1061 1061 2249 2249 1060 1060 2250 2250 1060 1060 2249 2249 1060 1060 2250 2250 1031 1031 2251 2251 1031 1031 2250 2250 1031 1031 2251 2251 1032 1032 2252 2252 1032 1032 2251 2251 1032 1032 2252 2252 1036 1036 2253 2253 1036 1036 2252 2252 1036 1036 2253 2253 1037 1037 2254 2254 1037 1037 2253 2253 1037 1037 2254 2254 1038 1038 2255 2255 1038 1038 2254 2254 1038 1038 2255 2255 1039 1039 2256 2256 1039 1039 2255 2255 1039 1039 2256 2256 1041 1041 2257 2257 1041 1041 2256 2256 1041 1041 2257 2257 1043 1043 2258 2258 1043 1043 2257 2257 1043 1043 2258 2258 1044 1044 2259 2259 1044 1044 2258 2258 1044 1044 2259 2259 1045 1045 2260 2260 1045 1045 2259 2259 1045 1045 2260 2260 1020 1020 2261 2261 1020 1020 2260 2260 1020 1020 2261 2261 1056 1056 2262 2262 1056 1056 2261 2261 1056 1056 2262 2262 1057 1057 2263 2263 1057 1057 2262 2262 1057 1057 2263 2263 1058 1058 2242 2242 1058 1058 2263 2263 1058 1058 2242 2242 1059 1059 2241 2241 1059 1059 2242 2242 1059 1059 2241 2241 2243 2243 2247 2247 1064 1064 2246 2246 1063 1063 2246 2246 1064 1064 2246 2246 1063 1063 2249 2249 1089 1089 2249 2249 1063 1063 2249 2249 1089 1089 2250 2250 1088 1088 2250 2250 1089 1089 2250 2250 1088 1088 2251 2251 1086 1086 2251 2251 1088 1088 2251 2251 1086 1086 2252 2252 1084 1084 2252 2252 1086 1086 2252 2252 1084 1084 2253 2253 1092 1092 2253 2253 1084 1084 2253 2253 1092 1092 2254 2254 1091 1091 2254 2254 1092 1092 2254 2254 1091 1091 2255 2255 1097 1097 2255 2255 1091 1091 2255 2255 1097 1097 2256 2256 1096 1096 2256 2256 1097 1097 2256 2256 1096 1096 2257 2257 1094 1094 2257 2257 1096 1096 2257 2257 1094 1094 2258 2258 1118 1118 2258 2258 1094 1094 2258 2258 1118 1118 2259 2259 1117 1117 2259 2259 1118 1118 2259 2259 1117 1117 2260 2260 1115 1115 2260 2260 1117 1117 2260 2260 1115 1115 2261 2261 1114 1114 2261 2261 1115 1115 2261 2261 1114 1114 2262 2262 1113 1113 2262 2262 1114 1114 2262 2262 1113 1113 2263 2263 1111 1111 2263 2263 1113 1113 2263 2263 1111 1111 2242 2242 1110 1110 2242 2242 1111 1111 2242 2242 1110 1110 2248 2248 2264 2264 1077 1077 1078 1078 2234 2234 996 996 995 995 978 978 976 976 2264 2264 2264 2264 1078 1078 978 978 1080 1080 978 978 1078 1078 978 978 1080 1080 1004 1004 1082 1082 1004 1004 1080 1080 1004 1004 1082 1082 995 995 1101 1101 995 995 1082 1082 995 995 1101 1101 2234 2234 1138 1138 1140 1140 2265 2265 2266 2266 2265 2265 1140 1140 2265 2265 2266 2266 2267 2267 2248 2248 1110 1110 1077 1077 2264 2264 2268 2268 2267 2267 2269 2269 2267 2267 2268 2268 2267 2267 2269 2269 2265 2265 2264 2264 2267 2267 1077 1077 2270 2270 1077 1077 2267 2267 1077 1077 2270 2270 2248 2248 2271 2271 1627 1627 1860 1860 2272 2272 1860 1860 1627 1627 1860 1860 2272 2272 1850 1850 2271 2271 2273 2273 1627 1627 2274 2274 1627 1627 2273 2273 1627 1627 2274 2274 1625 1625 1820 1820 1808 1808 1641 1641 2275 2275 1641 1641 1808 1808 1641 1641 2275 2275 1642 1642 1608 1608 1610 1610 2276 2276 1608 1608 2276 2276 2277 2277 2278 2278 2277 2277 2276 2276 2277 2277 2278 2278 2279 2279 1600 1600 2279 2279 2278 2278 2279 2279 1600 1600 1604 1604 1618 1618 1617 1617 2280 2280 2281 2281 2282 2282 2280 2280 2283 2283 2280 2280 2282 2282 2280 2280 2283 2283 1618 1618 2284 2284 1618 1618 2283 2283 1618 1618 2284 2284 1624 1624 2285 2285 1624 1624 2284 2284 1624 1624 2285 2285 1626 1626 2286 2286 1626 1626 2285 2285 1626 1626 2286 2286 1627 1627 2282 2282 2287 2287 2283 2283 2288 2288 2283 2283 2287 2287 2283 2283 2288 2288 2284 2284 2289 2289 2284 2284 2288 2288 2284 2284 2289 2289 2285 2285 2290 2290 2285 2285 2289 2289 2285 2285 2290 2290 2286 2286 2291 2291 2292 2292 2277 2277 91 91 93 93 2293 2293 2294 2294 2293 2293 93 93 2277 2277 2292 2292 1608 1608 2295 2295 1608 1608 2292 2292 1608 1608 2295 2295 2294 2294 2296 2296 2294 2294 2295 2295 2294 2294 2296 2296 2293 2293 2291 2291 2277 2277 2297 2297 2279 2279 2297 2297 2277 2277 2297 2297 2279 2279 2298 2298 1603 1603 2299 2299 2300 2300 2279 2279 1604 1604 2298 2298 1603 1603 2298 2298 1604 1604 2298 2298 1603 1603 2301 2301 2300 2300 2301 2301 1603 1603 1850 1850 2272 2272 2302 2302 2272 2272 1627 1627 2302 2302 2286 2286 2302 2302 1627 1627 2302 2302 2286 2286 2290 2290 1609 1609 1608 1608 2303 2303 2294 2294 2303 2303 1608 1608 2303 2303 2294 2294 70 70 93 93 70 70 2294 2294 1928 1928 1929 1929 2304 2304 1636 1636 2304 2304 1929 1929 2304 2304 1636 1636 1635 1635 1808 1808 2305 2305 2275 2275 1642 1642 2275 2275 2306 2306 2305 2305 2306 2306 2275 2275 2306 2306 2305 2305 2307 2307 2308 2308 2309 2309 2310 2310 2311 2311 2310 2310 1650 1650 2308 2308 2310 2310 2312 2312 1650 1650 1652 1652 2311 2311 1653 1653 2311 2311 1652 1652 2311 2311 1653 1653 2313 2313 1643 1643 2313 2313 1653 1653 2313 2313 1643 1643 2314 2314 1642 1642 2314 2314 1643 1643 2314 2314 1642 1642 2306 2306 2310 2310 2311 2311 2312 2312 2313 2313 2312 2312 2311 2311 2312 2312 2313 2313 2315 2315 2314 2314 2315 2315 2313 2313 2315 2315 2314 2314 2316 2316 2306 2306 2316 2316 2314 2314 2316 2316 2306 2306 2307 2307 1662 1662 1660 1660 2317 2317 2318 2318 2317 2317 1660 1660 2317 2317 2318 2318 2319 2319 2320 2320 2319 2319 2318 2318 2320 2320 2318 2318 2321 2321 68 68 2321 2321 2318 2318 2321 2321 68 68 67 67 2322 2322 2323 2323 2324 2324 1890 1890 1889 1889 2325 2325 2324 2324 2325 2325 1889 1889 2325 2325 2324 2324 2326 2326 2323 2323 2326 2326 2324 2324 1630 1630 2327 2327 1621 1621 2328 2328 1621 1621 2327 2327 1621 1621 2328 2328 2324 2324 2329 2329 2324 2324 2328 2328 2324 2324 2329 2329 2322 2322 2330 2330 2331 2331 2332 2332 2333 2333 2332 2332 2331 2331 2333 2333 2334 2334 2332 2332 2335 2335 2332 2332 2334 2334 2332 2332 2335 2335 2336 2336 2337 2337 2336 2336 2335 2335 2336 2336 2337 2337 1655 1655 1654 1654 1655 1655 2337 2337 1676 1676 1678 1678 2338 2338 2338 2338 1678 1678 2339 2339 1723 1723 2339 2339 1678 1678 1681 1681 2340 2340 2341 2341 2342 2342 1685 1685 2343 2343 1683 1683 2343 2343 1685 1685 2343 2343 1683 1683 2344 2344 1682 1682 2344 2344 1683 1683 2344 2344 1682 1682 2341 2341 1684 1684 2341 2341 1682 1682 2341 2341 1684 1684 1681 1681 2340 2340 2339 2339 2341 2341 1723 1723 2341 2341 2339 2339 2341 2341 1723 1723 2344 2344 1727 1727 2344 2344 1723 1723 2344 2344 1727 1727 2343 2343 1725 1725 2343 2343 1727 1727 2343 2343 1725 1725 2342 2342 1702 1702 2342 2342 1725 1725 1688 1688 1685 1685 2345 2345 2342 2342 2345 2345 1685 1685 2345 2345 2342 2342 1700 1700 1702 1702 1700 1700 2342 2342 2346 2346 1663 1663 1665 1665 2347 2347 2330 2330 2332 2332 2347 2347 2332 2332 2348 2348 2336 2336 2348 2348 2332 2332 2348 2348 2336 2336 2349 2349 1655 1655 2349 2349 2336 2336 2349 2349 1655 1655 1647 1647 1897 1897 1895 1895 2350 2350 1897 1897 2350 2350 2351 2351 1911 1911 2351 2351 2350 2350 2351 2351 1911 1911 1910 1910 1912 1912 1913 1913 2352 2352 1912 1912 2352 2352 2353 2353 1614 1614 2353 2353 2352 2352 2353 2353 1614 1614 1613 1613 2354 2354 1680 1680 1679 1679 1688 1688 2345 2345 1687 1687 2355 2355 1687 1687 2345 2345 1687 1687 2355 2355 1686 1686 2356 2356 1686 1686 2355 2355 1686 1686 2356 2356 1679 1679 2357 2357 1679 1679 2356 2356 1679 1679 2357 2357 2354 2354 2358 2358 2354 2354 2357 2357 2345 2345 1700 1700 2355 2355 1737 1737 2355 2355 1700 1700 2355 2355 1737 1737 2356 2356 1735 1735 2356 2356 1737 1737 2356 2356 1735 1735 2357 2357 1733 1733 2357 2357 1735 1735 2357 2357 1733 1733 2358 2358 1663 1663 2358 2358 1733 1733 2358 2358 1663 1663 2346 2346 1895 1895 1894 1894 2359 2359 1895 1895 2359 2359 2360 2360 1907 1907 2360 2360 2359 2359 2360 2360 1907 1907 1903 1903 1615 1615 1614 1614 2361 2361 2362 2362 2361 2361 1614 1614 2361 2361 2362 2362 2363 2363 2363 2363 2362 2362 2364 2364 1900 1900 2364 2364 2362 2362 2364 2364 1900 1900 1901 1901 2365 2365 2366 2366 2367 2367 983 983 2365 2365 2368 2368 1708 1708 2367 2367 1707 1707 2366 2366 1707 1707 2367 2367 1707 1707 2366 2366 1704 1704 1710 1710 2369 2369 1708 1708 2370 2370 1708 1708 2369 2369 1708 1708 2370 2370 2367 2367 1710 1710 1712 1712 2369 2369 1714 1714 2369 2369 1712 1712 2369 2369 1714 1714 2371 2371 1669 1669 2371 2371 1714 1714 2371 2371 1669 1669 2372 2372 2365 2365 2367 2367 2368 2368 2370 2370 2368 2368 2367 2367 2368 2368 2370 2370 2373 2373 2369 2369 2373 2373 2370 2370 2373 2373 2369 2369 2374 2374 2371 2371 2374 2374 2369 2369 2374 2374 2371 2371 2375 2375 2372 2372 2375 2375 2371 2371 2375 2375 2372 2372 2376 2376 983 983 2368 2368 985 985 2373 2373 985 985 2368 2368 985 985 2373 2373 987 987 2374 2374 987 987 2373 2373 987 987 2374 2374 988 988 2375 2375 988 988 2374 2374 988 988 2375 2375 989 989 2376 2376 989 989 2375 2375 989 989 2376 2376 991 991 1971 1971 1972 1972 2377 2377 1971 1971 2377 2377 2378 2378 1957 1957 2378 2378 2377 2377 2378 2378 1957 1957 1961 1961 1955 1955 1956 1956 2379 2379 1955 1955 2379 2379 2380 2380 1972 1972 2380 2380 2379 2379 2380 2380 1972 1972 1970 1970 1644 1644 1646 1646 2381 2381 1644 1644 2381 2381 2382 2382 1963 1963 2382 2382 2381 2381 2382 2382 1963 1963 1958 1958 1645 1645 1644 1644 2383 2383 1645 1645 2383 2383 2384 2384 1954 1954 2384 2384 2383 2383 2384 2384 1954 1954 1953 1953 1699 1699 1701 1701 2385 2385 2386 2386 2385 2385 1701 1701 2385 2385 2386 2386 2387 2387 2388 2388 2387 2387 2386 2386 2387 2387 2388 2388 1014 1014 1015 1015 1014 1014 2388 2388 2389 2389 2390 2390 2391 2391 2392 2392 2393 2393 2389 2389 2393 2393 2392 2392 1006 1006 1722 1722 2391 2391 1716 1716 2390 2390 1716 1716 2391 2391 1716 1716 2390 2390 1672 1672 1721 1721 2394 2394 1722 1722 2395 2395 1722 1722 2394 2394 1722 1722 2395 2395 2391 2391 1721 1721 1719 1719 2394 2394 1718 1718 2394 2394 1719 1719 2394 2394 1718 1718 2396 2396 1706 1706 2396 2396 1718 1718 2396 2396 1706 1706 2397 2397 2389 2389 2391 2391 2392 2392 2395 2395 2392 2392 2391 2391 2392 2392 2395 2395 2398 2398 2394 2394 2398 2398 2395 2395 2398 2398 2394 2394 2399 2399 2396 2396 2399 2399 2394 2394 2399 2399 2396 2396 2400 2400 2397 2397 2400 2400 2396 2396 2400 2400 2397 2397 2401 2401 1006 1006 2392 2392 979 979 2398 2398 979 979 2392 2392 979 979 2398 2398 977 977 2399 2399 977 977 2398 2398 977 977 2399 2399 975 975 2400 2400 975 975 2399 2399 975 975 2400 2400 980 980 2401 2401 980 980 2400 2400 980 980 2401 2401 981 981 2402 2402 2403 2403 2404 2404 1017 1017 2402 2402 2405 2405 1732 1732 2404 2404 1731 1731 2403 2403 1731 1731 2404 2404 1731 1731 2403 2403 1664 1664 1734 1734 2406 2406 1732 1732 2407 2407 1732 1732 2406 2406 1732 1732 2407 2407 2404 2404 1734 1734 1736 1736 2406 2406 1738 1738 2406 2406 1736 1736 2406 2406 1738 1738 2408 2408 1699 1699 2408 2408 1738 1738 2408 2408 1699 1699 2385 2385 2402 2402 2404 2404 2405 2405 2407 2407 2405 2405 2404 2404 2405 2405 2407 2407 2409 2409 2406 2406 2409 2409 2407 2407 2409 2409 2406 2406 2410 2410 2408 2408 2410 2410 2406 2406 2410 2410 2408 2408 2411 2411 2385 2385 2411 2411 2408 2408 2411 2411 2385 2385 2387 2387 1017 1017 2405 2405 1007 1007 2409 2409 1007 1007 2405 2405 1007 1007 2409 2409 1008 1008 2410 2410 1008 1008 2409 2409 1008 1008 2410 2410 1010 1010 2411 2411 1010 1010 2410 2410 1010 1010 2411 2411 1012 1012 2387 2387 1012 1012 2411 2411 1012 1012 2387 2387 1014 1014 1706 1706 1704 1704 2397 2397 2366 2366 2397 2397 1704 1704 2397 2397 2366 2366 2401 2401 2365 2365 2401 2401 2366 2366 2401 2401 2365 2365 981 981 983 983 981 981 2365 2365 1666 1666 1664 1664 2412 2412 2403 2403 2412 2412 1664 1664 2412 2412 2403 2403 2413 2413 2402 2402 2413 2413 2403 2403 2413 2413 2402 2402 992 992 1017 1017 992 992 2402 2402 1669 1669 1666 1666 2372 2372 2412 2412 2372 2372 1666 1666 2372 2372 2412 2412 2376 2376 2413 2413 2376 2376 2412 2412 2376 2376 2413 2413 991 991 992 992 991 991 2413 2413 1006 1006 1005 1005 2393 2393 2414 2414 2393 2393 1005 1005 2393 2393 2414 2414 2389 2389 2389 2389 2414 2414 2390 2390 1674 1674 2390 2390 2414 2414 2390 2390 1674 1674 1672 1672 1677 1677 1674 1674 2415 2415 2414 2414 2415 2415 1674 1674 2415 2415 2414 2414 1003 1003 1005 1005 1003 1003 2414 2414 1015 1015 2388 2388 2416 2416 1726 1726 2417 2417 1724 1724 2386 2386 1724 1724 2417 2417 1724 1724 2386 2386 1701 1701 1730 1730 2418 2418 1726 1726 2419 2419 1726 1726 2418 2418 1726 1726 2419 2419 2417 2417 1015 1015 2416 2416 1000 1000 2420 2420 1000 1000 2416 2416 1000 1000 2420 2420 999 999 2421 2421 999 999 2420 2420 999 999 2421 2421 998 998 2422 2422 998 998 2421 2421 998 998 2422 2422 1002 1002 1730 1730 1729 1729 2418 2418 1728 1728 2418 2418 1729 1729 2418 2418 1728 1728 2423 2423 1677 1677 2423 2423 1728 1728 2423 2423 1677 1677 2415 2415 1003 1003 1002 1002 2415 2415 2422 2422 2415 2415 1002 1002 2415 2415 2422 2422 2423 2423 2421 2421 2423 2423 2422 2422 2423 2423 2421 2421 2418 2418 2420 2420 2418 2418 2421 2421 2418 2418 2420 2420 2419 2419 2416 2416 2419 2419 2420 2420 2419 2419 2416 2416 2417 2417 2388 2388 2417 2417 2416 2416 2417 2417 2388 2388 2386 2386 160 160 159 159 2424 2424 2424 2424 159 159 2425 2425 2426 2426 2425 2425 159 159 2425 2425 2426 2426 2427 2427 2300 2300 2427 2427 2426 2426 2427 2427 2300 2300 2299 2299 2426 2426 2428 2428 2300 2300 2429 2429 2300 2300 2428 2428 2300 2300 2429 2429 2301 2301 2430 2430 2301 2301 2429 2429 2301 2301 2430 2430 2298 2298 2431 2431 2298 2298 2430 2430 2298 2298 2431 2431 2297 2297 2432 2432 2297 2297 2431 2431 2297 2297 2432 2432 2291 2291 2291 2291 2432 2432 2292 2292 2433 2433 2292 2292 2432 2432 2292 2292 2433 2433 2295 2295 159 159 180 180 2426 2426 178 178 2426 2426 180 180 2426 2426 178 178 2428 2428 177 177 2428 2428 178 178 2428 2428 177 177 2429 2429 176 176 2429 2429 177 177 2429 2429 176 176 2430 2430 179 179 2430 2430 176 176 2430 2430 179 179 2431 2431 161 161 2431 2431 179 179 2431 2431 161 161 2432 2432 170 170 2432 2432 161 161 2432 2432 170 170 2433 2433 169 169 2433 2433 170 170 2433 2433 169 169 2434 2434 168 168 2434 2434 169 169 2434 2434 168 168 2435 2435 2295 2295 2433 2433 2296 2296 2434 2434 2296 2296 2433 2433 2296 2296 2434 2434 2293 2293 2435 2435 2293 2293 2434 2434 2293 2293 2435 2435 91 91 2317 2317 2319 2319 2436 2436 2437 2437 2436 2436 2319 2319 2436 2436 2437 2437 1631 1631 2438 2438 1631 1631 2437 2437 1631 1631 2438 2438 1632 1632 1662 1662 2317 2317 2439 2439 2436 2436 2439 2439 2317 2317 2439 2439 2436 2436 1639 1639 1631 1631 1639 1639 2436 2436 2440 2440 1690 1690 1689 1689 1698 1698 2441 2441 1697 1697 2442 2442 1697 1697 2441 2441 1697 1697 2442 2442 1696 1696 2443 2443 1696 1696 2442 2442 1696 1696 2443 2443 1689 1689 2444 2444 1689 1689 2443 2443 1689 1689 2444 2444 2440 2440 2445 2445 2440 2440 2444 2444 2441 2441 1705 1705 2442 2442 1715 1715 2442 2442 1705 1705 2442 2442 1715 1715 2443 2443 1720 1720 2443 2443 1715 1715 2443 2443 1720 1720 2444 2444 1717 1717 2444 2444 1720 1720 2444 2444 1717 1717 2445 2445 1671 1671 2445 2445 1717 1717 2445 2445 1671 1671 2446 2446 2446 2446 1671 1671 1673 1673 1698 1698 1695 1695 2441 2441 2447 2447 2441 2441 1695 1695 2441 2441 2447 2447 1705 1705 1703 1703 1705 1705 2447 2447 2448 2448 1670 1670 2449 2449 1713 1713 2449 2449 1670 1670 1691 1691 2450 2450 2451 2451 2447 2447 1695 1695 2452 2452 1693 1693 2452 2452 1695 1695 2452 2452 1693 1693 2453 2453 1692 1692 2453 2453 1693 1693 2453 2453 1692 1692 2451 2451 1694 1694 2451 2451 1692 1692 2451 2451 1694 1694 1691 1691 2450 2450 2449 2449 2451 2451 1713 1713 2451 2451 2449 2449 2451 2451 1713 1713 2453 2453 1711 1711 2453 2453 1713 1713 2453 2453 1711 1711 2452 2452 1709 1709 2452 2452 1711 1711 2452 2452 1709 1709 2447 2447 1703 1703 2447 2447 1709 1709 2320 2320 2321 2321 2454 2454 141 141 143 143 2455 2455 2454 2454 2455 2455 143 143 2455 2455 2454 2454 67 67 2321 2321 67 67 2454 2454 2456 2456 2319 2319 2320 2320 143 143 145 145 2454 2454 2457 2457 2454 2454 145 145 2454 2454 2457 2457 2320 2320 2458 2458 2320 2320 2457 2457 2320 2320 2458 2458 2456 2456 1957 1957 2377 2377 2459 2459 1972 1972 2379 2379 2459 2459 1957 1957 2459 2459 2460 2460 2379 2379 2460 2460 2459 2459 2460 2460 2379 2379 1956 1956 2377 2377 1972 1972 2459 2459 1956 1956 1954 1954 2461 2461 1956 1956 2461 2461 2460 2460 1958 1958 2460 2460 2461 2461 2460 2460 1958 1958 1957 1957 2462 2462 2383 2383 1644 1644 2462 2462 1644 1644 2382 2382 2382 2382 1958 1958 2461 2461 2382 2382 2461 2461 2462 2462 1954 1954 2462 2462 2461 2461 2462 2462 1954 1954 2383 2383 2463 2463 2362 2362 1614 1614 2463 2463 1614 1614 2352 2352 2352 2352 1913 1913 2464 2464 2352 2352 2464 2464 2463 2463 1900 1900 2463 2463 2464 2464 2463 2463 1900 1900 2362 2362 1913 1913 1911 1911 2465 2465 1913 1913 2465 2465 2464 2464 1903 1903 2464 2464 2465 2465 2464 2464 1903 1903 1900 1900 1911 1911 2350 2350 2466 2466 1895 1895 2360 2360 2466 2466 1911 1911 2466 2466 2465 2465 2360 2360 2465 2465 2466 2466 2465 2465 2360 2360 1903 1903 2350 2350 1895 1895 2466 2466 1668 1668 1670 1670 2448 2448 1657 1657 1659 1659 2467 2467 1657 1657 2467 2467 2468 2468 1929 1929 2468 2468 2467 2467 2468 2468 1929 1929 1927 1927 1659 1659 1661 1661 2467 2467 2469 2469 2467 2467 1661 1661 2467 2467 2469 2469 1929 1929 1636 1636 1929 1929 2469 2469 1639 1639 1636 1636 2469 2469 1639 1639 2469 2469 2439 2439 1661 1661 2439 2439 2469 2469 2439 2439 1661 1661 1662 1662 139 139 141 141 2455 2455 139 139 2455 2455 2470 2470 67 67 2470 2470 2455 2455 2470 2470 67 67 66 66 73 73 2471 2471 2472 2472 2471 2471 136 136 1831 1831 2471 2471 1831 1831 2472 2472 1827 1827 2472 2472 1831 1831 2472 2472 1827 1827 2473 2473 1830 1830 2473 2473 1827 1827 2473 2473 1830 1830 2474 2474 1824 1824 2474 2474 1830 1830 2474 2474 1824 1824 2475 2475 1826 1826 2475 2475 1824 1824 2475 2475 1826 1826 2476 2476 139 139 2476 2476 1826 1826 2476 2476 139 139 2470 2470 73 73 2472 2472 74 74 2473 2473 74 74 2472 2472 74 74 2473 2473 75 75 2474 2474 75 75 2473 2473 75 75 2474 2474 84 84 2475 2475 84 84 2474 2474 84 84 2475 2475 85 85 2476 2476 85 85 2475 2475 85 85 2476 2476 69 69 2470 2470 69 69 2476 2476 69 69 2470 2470 66 66 92 92 2477 2477 2478 2478 2477 2477 166 166 1842 1842 2477 2477 1842 1842 2478 2478 1844 1844 2478 2478 1842 1842 2478 2478 1844 1844 2479 2479 1847 1847 2479 2479 1844 1844 2479 2479 1847 1847 2480 2480 1839 1839 2480 2480 1847 1847 2480 2480 1839 1839 2481 2481 1841 1841 2481 2481 1839 1839 2481 2481 1841 1841 2482 2482 134 134 2482 2482 1841 1841 2482 2482 134 134 2483 2483 92 92 2478 2478 94 94 2479 2479 94 94 2478 2478 94 94 2479 2479 95 95 2480 2480 95 95 2479 2479 95 95 2480 2480 82 82 2481 2481 82 82 2480 2480 82 82 2481 2481 83 83 2482 2482 83 83 2481 2481 83 83 2482 2482 96 96 2483 2483 96 96 2482 2482 96 96 2483 2483 97 97 168 168 166 166 2477 2477 168 168 2477 2477 2435 2435 92 92 2435 2435 2477 2477 2435 2435 92 92 91 91 2484 2484 1598 1598 1597 1597 2484 2484 1597 1597 160 160 2485 2485 160 160 1597 1597 160 160 2485 2485 162 162 2486 2486 2487 2487 2483 2483 73 73 90 90 2471 2471 2488 2488 2471 2471 90 90 2471 2471 2488 2488 2486 2486 2483 2483 2487 2487 97 97 2489 2489 97 97 2487 2487 97 97 2489 2489 71 71 2486 2486 2483 2483 2471 2471 134 134 2471 2471 2483 2483 2471 2471 134 134 136 136 2490 2490 1858 1858 1857 1857 1607 1607 1601 1601 2491 2491 2491 2491 2492 2492 2493 2493 2494 2494 2493 2493 2492 2492 2493 2493 2494 2494 2495 2495 2490 2490 1857 1857 2495 2495 2495 2495 1857 1857 2493 2493 1854 1854 2493 2493 1857 1857 2493 2493 1854 1854 2496 2496 1852 1852 2496 2496 1854 1854 2496 2496 1852 1852 2497 2497 162 162 2497 2497 1852 1852 2497 2497 162 162 2485 2485 2491 2491 2493 2493 1607 1607 2496 2496 1607 1607 2493 2493 1607 1607 2496 2496 1606 1606 2497 2497 1606 1606 2496 2496 1606 1606 2497 2497 1605 1605 2485 2485 1605 1605 2497 2497 1605 1605 2485 2485 1597 1597 2498 2498 1891 1891 1893 1893 1893 1893 2499 2499 2498 2498 2500 2500 2498 2498 2499 2499 2498 2498 2500 2500 1612 1612 2501 2501 1612 1612 2500 2500 1612 1612 2501 2501 1610 1610 2152 2152 2502 2502 2503 2503 2504 2504 2153 2153 2152 2152 2152 2152 2503 2503 2504 2504 1243 1243 2504 2504 2503 2503 2504 2504 1243 1243 1242 1242 1236 1236 2505 2505 1237 1237 2141 2141 1237 1237 2505 2505 1237 1237 2141 2141 2140 2140 2506 2506 2507 2507 2508 2508 2509 2509 2508 2508 2507 2507 2508 2508 2509 2509 2510 2510 2508 2508 2511 2511 2506 2506 40 40 2506 2506 2511 2511 2506 2506 40 40 39 39 2512 2512 1779 1779 1778 1778 2513 2513 2514 2514 2515 2515 2512 2512 2515 2515 2514 2514 2515 2515 2512 2512 2516 2516 1778 1778 2516 2516 2512 2512 1283 1283 2517 2517 2518 2518 2519 2519 2517 2517 1283 1283 2520 2520 2518 2518 2514 2514 2517 2517 2514 2514 2518 2518 2514 2514 2517 2517 2512 2512 2519 2519 2512 2512 2517 2517 2512 2512 2519 2519 1779 1779 2520 2520 2521 2521 2518 2518 1283 1283 2518 2518 2521 2521 2522 2522 2523 2523 2524 2524 2523 2523 1172 1172 1170 1170 2522 2522 2524 2524 2525 2525 1752 1752 2525 2525 2526 2526 2523 2523 1170 1170 2524 2524 1169 1169 2524 2524 1170 1170 2524 2524 1169 1169 2527 2527 1167 1167 2527 2527 1169 1169 2527 2527 1167 1167 2528 2528 1166 1166 2528 2528 1167 1167 2528 2528 1166 1166 2529 2529 2525 2525 2524 2524 2526 2526 2527 2527 2526 2526 2524 2524 2526 2526 2527 2527 2530 2530 2528 2528 2530 2530 2527 2527 2530 2530 2528 2528 2531 2531 2529 2529 2531 2531 2528 2528 2531 2531 2529 2529 2532 2532 1752 1752 2526 2526 1796 1796 2530 2530 1796 1796 2526 2526 1796 1796 2530 2530 1798 1798 2531 2531 1798 1798 2530 2530 1798 1798 2531 2531 1800 1800 2532 2532 1800 1800 2531 2531 1800 1800 2532 2532 1762 1762 2533 2533 2534 2534 1762 1762 2535 2535 1762 1762 2534 2534 1762 1762 2535 2535 1763 1763 1762 1762 2532 2532 2533 2533 2529 2529 2533 2533 2532 2532 2533 2533 2529 2529 2536 2536 2536 2536 2529 2529 2537 2537 1166 1166 2537 2537 2529 2529 2537 2537 1166 1166 1175 1175 2538 2538 1235 1235 1154 1154 2539 2539 2540 2540 2541 2541 2542 2542 2541 2541 2540 2540 2541 2541 2542 2542 1154 1154 2543 2543 1154 1154 2542 2542 1154 1154 2543 2543 2538 2538 1741 1741 2544 2544 1739 1739 2545 2545 1739 1739 2544 2544 1739 1739 2545 2545 2539 2539 2546 2546 2539 2539 2545 2545 2539 2539 2546 2546 2540 2540 1742 1742 1740 1740 2547 2547 2548 2548 2547 2547 1740 1740 2547 2547 2548 2548 1245 1245 1249 1249 1245 1245 2548 2548 1247 1247 1248 1248 2549 2549 2550 2550 2549 2549 1248 1248 2549 2549 2550 2550 1783 1783 1782 1782 1783 1783 2550 2550 1245 1245 1247 1247 2547 2547 2549 2549 2547 2547 1247 1247 2547 2547 2549 2549 1742 1742 1783 1783 1742 1742 2549 2549 1294 1294 1253 1253 2551 2551 2552 2552 2553 2553 2554 2554 1751 1751 1753 1753 2555 2555 2552 2552 2554 2554 2556 2556 2557 2557 2556 2556 2554 2554 2556 2556 2557 2557 2558 2558 2559 2559 2558 2558 2557 2557 2558 2558 2559 2559 2560 2560 1294 1294 2551 2551 1295 1295 1754 1754 2553 2553 2551 2551 2552 2552 2551 2551 2553 2553 2551 2551 2552 2552 1295 1295 2556 2556 1295 1295 2552 2552 1295 1295 2556 2556 1296 1296 2558 2558 1296 1296 2556 2556 1296 1296 2558 2558 1290 1290 2560 2560 1290 1290 2558 2558 1290 1290 2560 2560 1292 1292 1754 1754 1756 1756 2553 2553 1758 1758 2553 2553 1756 1756 2553 2553 1758 1758 2554 2554 1749 1749 2554 2554 1758 1758 2554 2554 1749 1749 2557 2557 1751 1751 2557 2557 1749 1749 2557 2557 1751 1751 2559 2559 2555 2555 2559 2559 1751 1751 2559 2559 2555 2555 2560 2560 1293 1293 2560 2560 2555 2555 2560 2560 1293 1293 1292 1292 2548 2548 1740 1740 1794 1794 1249 1249 2548 2548 2561 2561 2548 2548 1794 1794 2561 2561 1792 1792 2561 2561 1794 1794 2561 2561 1792 1792 2562 2562 1790 1790 2562 2562 1792 1792 2562 2562 1790 1790 2563 2563 1754 1754 2563 2563 1790 1790 2563 2563 1754 1754 2551 2551 1249 1249 2561 2561 1250 1250 2562 2562 1250 1250 2561 2561 1250 1250 2562 2562 1251 1251 2563 2563 1251 1251 2562 2562 1251 1251 2563 2563 1252 1252 2551 2551 1252 1252 2563 2563 1252 1252 2551 2551 1253 1253 2555 2555 1753 1753 1795 1795 1293 1293 2555 2555 2564 2564 2555 2555 1795 1795 2564 2564 1797 1797 2564 2564 1795 1795 2564 2564 1797 1797 2565 2565 1799 1799 2565 2565 1797 1797 2565 2565 1799 1799 2566 2566 1801 1801 2566 2566 1799 1799 2566 2566 1801 1801 2567 2567 1761 1761 2567 2567 1801 1801 2567 2567 1761 1761 2568 2568 1293 1293 2564 2564 1284 1284 2565 2565 1284 1284 2564 2564 1284 1284 2565 2565 1285 1285 2566 2566 1285 1285 2565 2565 1285 1285 2566 2566 1286 1286 2567 2567 1286 1286 2566 2566 1286 1286 2567 2567 1287 1287 2568 2568 1287 1287 2567 2567 1287 1287 2568 2568 1288 1288 1279 1279 1288 1288 2569 2569 2568 2568 2569 2569 1288 1288 2569 2569 2568 2568 1764 1764 1761 1761 1764 1764 2568 2568 1281 1281 1279 1279 2570 2570 2569 2569 2570 2570 1279 1279 2570 2570 2569 2569 1771 1771 1764 1764 1771 1771 2569 2569 1283 1283 1281 1281 2519 2519 2570 2570 2519 2519 1281 1281 2519 2519 2570 2570 1779 1779 1771 1771 1779 1779 2570 2570 2571 2571 2572 2572 2573 2573 42 42 41 41 2574 2574 2571 2571 2574 2574 41 41 2574 2574 2571 2571 2575 2575 2573 2573 2575 2575 2571 2571 2575 2575 2573 2573 2576 2576 2541 2541 1154 1154 1153 1153 2539 2539 2541 2541 2577 2577 1739 1739 2539 2539 2578 2578 2541 2541 1153 1153 2577 2577 1152 1152 2577 2577 1153 1153 2577 2577 1152 1152 2579 2579 1150 1150 2579 2579 1152 1152 2579 2579 1150 1150 2580 2580 1150 1150 1149 1149 2580 2580 2581 2581 2580 2580 1149 1149 2580 2580 2581 2581 2582 2582 2539 2539 2577 2577 2578 2578 2579 2579 2578 2578 2577 2577 2578 2578 2579 2579 2583 2583 2580 2580 2583 2583 2579 2579 2583 2583 2580 2580 2584 2584 2582 2582 2584 2584 2580 2580 2584 2584 2582 2582 2585 2585 1739 1739 2578 2578 1793 1793 2583 2583 1793 1793 2578 2578 1793 1793 2583 2583 1791 1791 2584 2584 1791 1791 2583 2583 1791 1791 2584 2584 1789 1789 2585 2585 1789 1789 2584 2584 1789 1789 2585 2585 1755 1755 2585 2585 2582 2582 2586 2586 1149 1149 1157 1157 2581 2581 1159 1159 2581 2581 1157 1157 2581 2581 1159 1159 2582 2582 2582 2582 1159 1159 2586 2586 1161 1161 2586 2586 1159 1159 2586 2586 1161 1161 2587 2587 1163 1163 2587 2587 1161 1161 2587 2587 1163 1163 2588 2588 1165 1165 2588 2588 1163 1163 2588 2588 1165 1165 2589 2589 1165 1165 1172 1172 2523 2523 1757 1757 1755 1755 2585 2585 1165 1165 2523 2523 2589 2589 2522 2522 2589 2589 2523 2523 2589 2589 2522 2522 2525 2525 2585 2585 2586 2586 1757 1757 2587 2587 1757 1757 2586 2586 1757 1757 2587 2587 1759 1759 2588 2588 1759 1759 2587 2587 1759 1759 2588 2588 1760 1760 2589 2589 1760 1760 2588 2588 1760 1760 2589 2589 1750 1750 2525 2525 1750 1750 2589 2589 1750 1750 2525 2525 1752 1752 2505 2505 1236 1236 2590 2590 1278 1278 2590 2590 1236 1236 2590 2590 1278 1278 2591 2591 1280 1280 2591 2591 1278 1278 2591 2591 1280 1280 2592 2592 1282 1282 2592 2592 1280 1280 2592 2592 1282 1282 2593 2593 2593 2593 1282 1282 2594 2594 1283 1283 2594 2594 1282 1282 2594 2594 1283 1283 2521 2521 2595 2595 2596 2596 2597 2597 2598 2598 1741 1741 1743 1743 2599 2599 372 372 371 371 2600 2600 2601 2601 2602 2602 2603 2603 2602 2602 2601 2601 2602 2602 2603 2603 371 371 2604 2604 371 371 2603 2603 371 371 2604 2604 2599 2599 1747 1747 2605 2605 1748 1748 2606 2606 1748 1748 2605 2605 1748 1748 2606 2606 2600 2600 2607 2607 2600 2600 2606 2606 2600 2600 2607 2607 2601 2601 2597 2597 2596 2596 1743 1743 2608 2608 1743 1743 2596 2596 1743 1743 2608 2608 2598 2598 2595 2595 2597 2597 2609 2609 2610 2610 2609 2609 2597 2597 2609 2609 2610 2610 2611 2611 377 377 2611 2611 2610 2610 2611 2611 377 377 376 376 1743 1743 1748 1748 2597 2597 2600 2600 2597 2597 1748 1748 2597 2597 2600 2600 2610 2610 2602 2602 2610 2610 2600 2600 2610 2610 2602 2602 377 377 371 371 377 377 2602 2602 2612 2612 2613 2613 2614 2614 450 450 2614 2614 2613 2613 2614 2614 450 450 449 449 1763 1763 2615 2615 1765 1765 2616 2616 1765 1765 2615 2615 1765 1765 2616 2616 2612 2612 2617 2617 2612 2612 2616 2616 2612 2612 2617 2617 2613 2613 2618 2618 2619 2619 1766 1766 2620 2620 1766 1766 2619 2619 1766 1766 2620 2620 1770 1770 2621 2621 2622 2622 2618 2618 2623 2623 2618 2618 2622 2622 2618 2618 2623 2623 2619 2619 471 471 2624 2624 452 452 2625 2625 452 452 2624 2624 452 452 2625 2625 2621 2621 2626 2626 2621 2621 2625 2625 2621 2621 2626 2626 2622 2622 1766 1766 1765 1765 2618 2618 2612 2612 2618 2618 1765 1765 2618 2618 2612 2612 2621 2621 2614 2614 2621 2621 2612 2612 2621 2621 2614 2614 452 452 449 449 452 452 2614 2614 2627 2627 322 322 324 324 2628 2628 2629 2629 1767 1767 2630 2630 2629 2629 2631 2631 2628 2628 2631 2631 2629 2629 2631 2631 2628 2628 2632 2632 2632 2632 2627 2627 2631 2631 324 324 2631 2631 2627 2627 2631 2631 324 324 2630 2630 326 326 2630 2630 324 324 1767 1767 1769 1769 2628 2628 1770 1770 2628 2628 1769 1769 2628 2628 1770 1770 2620 2620 2620 2620 2633 2633 2628 2628 2634 2634 2628 2628 2633 2633 2628 2628 2634 2634 2632 2632 2635 2635 1781 1781 1782 1782 2635 2635 1782 1782 2636 2636 1782 1782 2637 2637 2636 2636 2638 2638 2636 2636 2637 2637 2636 2636 2638 2638 2639 2639 2640 2640 2641 2641 1248 1248 2550 2550 1248 1248 2641 2641 2642 2642 2638 2638 2637 2637 1782 1782 2550 2550 2637 2637 2641 2641 2637 2637 2550 2550 2637 2637 2641 2641 2642 2642 2640 2640 2642 2642 2641 2641 2642 2642 2640 2640 2643 2643 304 304 302 302 2644 2644 1747 1747 1746 1746 2605 2605 2645 2645 2605 2605 1746 1746 2605 2605 2645 2645 2646 2646 2646 2646 2645 2645 2647 2647 2644 2644 2647 2647 2645 2645 2647 2647 2644 2644 2648 2648 2648 2648 2644 2644 2649 2649 302 302 2649 2649 2644 2644 2649 2649 302 302 300 300 304 304 2644 2644 2650 2650 2645 2645 2650 2650 2644 2644 2650 2650 2645 2645 2651 2651 1746 1746 2651 2651 2645 2645 2651 2651 1746 1746 1745 1745 2640 2640 1248 1248 1246 1246 2640 2640 1246 1246 2643 2643 1244 1244 1243 1243 2503 2503 2643 2643 1246 1246 2652 2652 1244 1244 2652 2652 1246 1246 2652 2652 1244 1244 2653 2653 2503 2503 2653 2653 1244 1244 2653 2653 2503 2503 2502 2502 2654 2654 2655 2655 2656 2656 2164 2164 2656 2656 2655 2655 1781 1781 2635 2635 2654 2654 2657 2657 2654 2654 2635 2635 2654 2654 2657 2657 2655 2655 2164 2164 2163 2163 2656 2656 2170 2170 2656 2656 2163 2163 2656 2656 2170 2170 2658 2658 1781 1781 2654 2654 1785 1785 2656 2656 1785 1785 2654 2654 1785 1785 2656 2656 1787 1787 2658 2658 1787 1787 2656 2656 1787 1787 2658 2658 208 208 2516 2516 1778 1778 1776 1776 2516 2516 1776 1776 2659 2659 2169 2169 2167 2167 2660 2660 2661 2661 2660 2660 2167 2167 2661 2661 2662 2662 2663 2663 2664 2664 2663 2663 2662 2662 2663 2663 2664 2664 1774 1774 1774 1774 209 209 2663 2663 2665 2665 2663 2663 209 209 2663 2663 2665 2665 2661 2661 2666 2666 2661 2661 2665 2665 2661 2661 2666 2666 2660 2660 2167 2167 2166 2166 2661 2661 2667 2667 2661 2661 2166 2166 2661 2661 2667 2667 2662 2662 2659 2659 2662 2662 2667 2667 2662 2662 2659 2659 2664 2664 1776 1776 2664 2664 2659 2659 2664 2664 1776 1776 1774 1774 2168 2168 2165 2165 2668 2668 2669 2669 2668 2668 2165 2165 2668 2668 2669 2669 2670 2670 2670 2670 2669 2669 2671 2671 3 3 2671 2671 2669 2669 2671 2671 3 3 1 1 9 9 2672 2672 11 11 2673 2673 11 11 2672 2672 2673 2673 2672 2672 2674 2674 2675 2675 2674 2674 2672 2672 2674 2674 2675 2675 2676 2676 2677 2677 2678 2678 2679 2679 2680 2680 2681 2681 2677 2677 2682 2682 2677 2677 2681 2681 2677 2677 2682 2682 2683 2683 2677 2677 2679 2679 2680 2680 25 25 2680 2680 2679 2679 2680 2680 25 25 26 26 2169 2169 2660 2660 2170 2170 2658 2658 2170 2170 2660 2660 209 209 208 208 2665 2665 2658 2658 2665 2665 208 208 2665 2665 2658 2658 2666 2666 2660 2660 2666 2666 2658 2658 2502 2502 2684 2684 2685 2685 2502 2502 2152 2152 2684 2684 2642 2642 2684 2684 2152 2152 2684 2684 2642 2642 2643 2643 2659 2659 2667 2667 2686 2686 2687 2687 2686 2686 2667 2667 2686 2686 2687 2687 2688 2688 2689 2689 2149 2149 2150 2150 2150 2150 2688 2688 2689 2689 2687 2687 2689 2689 2688 2688 2689 2689 2687 2687 2166 2166 2667 2667 2166 2166 2687 2687 2150 2150 2142 2142 2688 2688 2514 2514 2688 2688 2142 2142 2688 2688 2514 2514 2513 2513 2174 2174 2172 2172 2690 2690 2691 2691 2690 2690 2172 2172 2690 2690 2691 2691 2692 2692 2692 2692 2691 2691 2693 2693 15 15 2693 2693 2691 2691 2693 2693 15 15 18 18 2172 2172 2171 2171 2694 2694 2695 2695 2694 2694 2171 2171 2694 2694 2695 2695 2138 2138 2139 2139 2138 2138 2695 2695 2573 2573 2572 2572 2696 2696 2696 2696 2158 2158 2157 2157 2576 2576 2573 2573 2697 2697 2696 2696 2697 2697 2573 2573 2697 2697 2696 2696 2698 2698 2157 2157 2698 2698 2696 2696 129 129 130 130 2699 2699 2700 2700 2699 2699 130 130 2699 2699 2700 2700 2572 2572 2696 2696 2572 2572 2700 2700 130 130 131 131 2700 2700 2701 2701 2700 2700 131 131 2700 2700 2701 2701 2696 2696 2158 2158 2696 2696 2701 2701 2702 2702 2703 2703 129 129 2702 2702 129 129 2699 2699 2699 2699 2572 2572 2571 2571 2699 2699 2571 2571 2702 2702 41 41 2702 2702 2571 2571 2702 2702 41 41 2703 2703 131 131 128 128 2704 2704 131 131 2704 2704 2701 2701 2156 2156 2701 2701 2704 2704 2701 2701 2156 2156 2158 2158 86 86 129 129 2703 2703 86 86 2703 2703 2705 2705 41 41 2705 2705 2703 2703 2705 2705 41 41 43 43 128 128 125 125 2704 2704 2706 2706 2704 2704 125 125 2704 2704 2706 2706 2156 2156 2707 2707 2156 2156 2706 2706 125 125 124 124 2706 2706 2708 2708 2706 2706 124 124 2706 2706 2708 2708 2707 2707 2508 2508 2707 2707 2708 2708 2709 2709 2708 2708 124 124 2709 2709 124 124 2710 2710 2710 2710 40 40 2511 2511 2710 2710 2511 2511 2709 2709 2508 2508 2709 2709 2511 2511 2709 2709 2508 2508 2708 2708 2711 2711 3 3 2669 2669 2712 2712 2713 2713 2165 2165 2714 2714 2165 2165 2713 2713 2165 2165 2714 2714 2669 2669 2715 2715 2669 2669 2714 2714 2669 2669 2715 2715 2711 2711 2159 2159 2716 2716 2160 2160 2717 2717 2160 2160 2716 2716 2160 2160 2717 2717 2712 2712 2718 2718 2712 2712 2717 2717 2712 2712 2718 2718 2713 2713 2719 2719 2164 2164 2655 2655 2720 2720 2721 2721 2722 2722 2162 2162 2161 2161 2720 2720 2719 2719 2720 2720 2161 2161 2720 2720 2719 2719 2721 2721 2655 2655 2721 2721 2719 2719 2721 2721 2655 2655 2722 2722 2657 2657 2722 2722 2655 2655 2723 2723 2724 2724 2725 2725 2726 2726 2725 2725 2724 2724 2725 2725 2726 2726 2727 2727 2728 2728 2727 2727 2726 2726 2729 2729 2725 2725 2730 2730 2727 2727 2730 2730 2725 2725 2730 2730 2727 2727 2731 2731 2728 2728 2731 2731 2727 2727 2731 2731 2728 2728 2143 2143 2144 2144 2143 2143 2728 2728 2729 2729 2168 2168 2725 2725 2668 2668 2725 2725 2168 2168 2725 2725 2668 2668 2723 2723 2670 2670 2723 2723 2668 2668 2723 2723 2670 2670 2732 2732 2671 2671 2732 2732 2670 2670 2732 2732 2671 2671 1 1 2147 2147 2148 2148 2733 2733 2734 2734 2733 2733 2148 2148 2733 2733 2734 2734 2735 2735 2734 2734 2678 2678 2735 2735 2677 2677 2735 2735 2678 2678 2735 2735 2677 2677 2736 2736 2683 2683 2736 2736 2677 2677 2143 2143 2149 2149 2731 2731 2689 2689 2731 2731 2149 2149 2731 2731 2689 2689 2730 2730 2730 2730 2689 2689 2729 2729 2166 2166 2729 2729 2689 2689 2729 2729 2166 2166 2168 2168 102 102 77 77 2737 2737 102 102 2737 2737 2738 2738 23 23 2738 2738 2737 2737 2738 2738 23 23 25 25 2739 2739 2521 2521 2520 2520 2520 2520 2141 2141 2739 2739 2505 2505 2739 2739 2141 2141 2739 2739 2505 2505 2740 2740 2741 2741 2740 2740 2505 2505 2740 2740 2741 2741 2742 2742 2743 2743 2742 2742 2741 2741 2698 2698 2744 2744 2745 2745 2746 2746 2745 2745 2744 2744 2745 2745 2746 2746 2747 2747 2748 2748 2746 2746 2749 2749 2744 2744 2749 2749 2746 2746 2749 2749 2744 2744 2750 2750 2698 2698 2750 2750 2744 2744 2750 2750 2698 2698 2155 2155 2157 2157 2155 2155 2698 2698 2748 2748 2174 2174 2746 2746 2690 2690 2746 2746 2174 2174 2746 2746 2690 2690 2747 2747 2692 2692 2747 2747 2690 2690 2747 2747 2692 2692 2751 2751 2693 2693 2751 2751 2692 2692 2751 2751 2693 2693 2752 2752 18 18 2752 2752 2693 2693 2141 2141 2520 2520 2142 2142 2514 2514 2142 2142 2520 2520 2675 2675 2753 2753 2676 2676 2754 2754 2676 2676 2753 2753 2145 2145 2144 2144 2753 2753 2728 2728 2753 2753 2144 2144 2753 2753 2728 2728 2754 2754 2159 2159 2156 2156 2716 2716 2707 2707 2716 2716 2156 2156 2716 2716 2707 2707 2755 2755 2755 2755 2707 2707 2756 2756 2508 2508 2756 2756 2707 2707 2756 2756 2508 2508 2510 2510 2151 2151 2162 2162 2638 2638 2720 2720 2638 2638 2162 2162 2638 2638 2720 2720 2639 2639 2757 2757 2758 2758 102 102 2757 2757 102 102 2738 2738 2738 2738 25 25 2679 2679 2738 2738 2679 2679 2757 2757 2678 2678 2757 2757 2679 2679 2757 2757 2678 2678 2758 2758 2759 2759 2760 2760 104 104 2759 2759 104 104 2761 2761 2761 2761 2675 2675 2672 2672 2761 2761 2672 2672 2759 2759 9 9 2759 2759 2672 2672 2759 2759 9 9 2760 2760 2762 2762 15 15 2691 2691 2694 2694 2763 2763 2172 2172 2764 2764 2172 2172 2763 2763 2172 2172 2764 2764 2691 2691 2765 2765 2691 2691 2764 2764 2691 2691 2765 2765 2762 2762 2147 2147 2733 2733 2138 2138 2766 2766 2138 2138 2733 2733 2138 2138 2766 2766 2694 2694 2767 2767 2694 2694 2766 2766 2694 2694 2767 2767 2763 2763 2155 2155 2154 2154 2750 2750 2768 2768 2750 2750 2154 2154 2750 2750 2768 2768 2749 2749 2173 2173 2174 2174 2768 2768 2748 2748 2768 2768 2174 2174 2768 2768 2748 2748 2749 2749 2151 2151 2638 2638 2152 2152 2642 2642 2152 2152 2638 2638 105 105 104 104 2760 2760 105 105 2760 2760 2769 2769 9 9 2769 2769 2760 2760 2769 2769 9 9 7 7 104 104 103 103 2761 2761 2770 2770 2761 2761 103 103 2761 2761 2770 2770 2675 2675 2753 2753 2675 2675 2770 2770 103 103 98 98 2770 2770 2771 2771 2770 2770 98 98 2770 2770 2771 2771 2753 2753 2145 2145 2753 2753 2771 2771 98 98 100 100 2772 2772 2772 2772 2148 2148 2146 2146 98 98 2772 2772 2771 2771 2146 2146 2771 2771 2772 2772 2771 2771 2146 2146 2145 2145 100 100 101 101 2772 2772 2773 2773 2772 2772 101 101 2772 2772 2773 2773 2148 2148 2734 2734 2148 2148 2773 2773 101 101 102 102 2773 2773 2758 2758 2773 2773 102 102 2773 2773 2758 2758 2734 2734 2678 2678 2734 2734 2758 2758 124 124 123 123 2774 2774 124 124 2774 2774 2710 2710 35 35 2710 2710 2774 2774 2710 2710 35 35 40 40 2165 2165 2164 2164 2712 2712 2719 2719 2712 2712 2164 2164 2712 2712 2719 2719 2160 2160 2161 2161 2160 2160 2719 2719 1657 1657 2468 2468 2775 2775 2776 2776 2775 2775 2468 2468 2775 2775 2776 2776 1950 1950 1952 1952 1950 1950 2776 2776 2468 2468 1927 1927 2776 2776 2777 2777 2776 2776 1927 1927 2776 2776 2777 2777 1952 1952 1951 1951 1952 1952 2777 2777 2778 2778 2779 2779 2780 2780 2778 2778 2780 2780 1926 1926 2777 2777 1927 1927 1926 1926 1926 1926 2780 2780 2777 2777 1945 1945 2777 2777 2780 2780 2777 2777 1945 1945 1951 1951 1945 1945 2780 2780 2781 2781 2782 2782 2347 2347 2779 2779 2348 2348 2779 2779 2347 2347 2779 2779 2348 2348 2780 2780 2780 2780 2348 2348 2781 2781 2349 2349 2781 2781 2348 2348 2781 2781 2349 2349 2783 2783 1647 1647 2783 2783 2349 2349 2783 2783 1647 1647 2784 2784 1945 1945 2781 2781 1933 1933 2783 2783 1933 1933 2781 2781 1933 1933 2783 2783 1934 1934 2784 2784 1934 1934 2783 2783 1934 1934 2784 2784 1935 1935 1949 1949 1938 1938 2785 2785 1949 1949 2785 2785 2786 2786 2787 2787 2786 2786 2785 2785 2786 2786 2787 2787 2788 2788 58 58 2788 2788 2787 2787 2788 2788 58 58 57 57 183 183 182 182 2789 2789 2790 2790 2789 2789 182 182 2789 2789 2790 2790 2791 2791 2790 2790 2792 2792 2791 2791 1867 1867 2791 2791 2792 2792 2791 2791 1867 1867 1877 1877 1613 1613 1621 1621 2793 2793 1613 1613 2793 2793 2794 2794 1873 1873 2794 2794 2793 2793 2794 2794 1873 1873 1872 1872 1876 1876 2795 2795 1877 1877 2796 2796 1877 1877 2795 2795 2796 2796 2795 2795 2797 2797 1612 1612 2797 2797 2795 2795 2797 2797 1612 1612 1611 1611 1621 1621 2324 2324 2793 2793 2798 2798 2793 2793 2324 2324 2793 2793 2798 2798 1873 1873 1874 1874 1873 1873 2798 2798 2324 2324 1889 1889 2798 2798 2799 2799 2798 2798 1889 1889 2798 2798 2799 2799 1874 1874 1868 1868 1874 1874 2799 2799 1891 1891 2498 2498 2800 2800 2801 2801 2800 2800 2498 2498 2800 2800 2801 2801 1869 1869 1875 1875 1869 1869 2801 2801 2498 2498 1612 1612 2801 2801 2795 2795 2801 2801 1612 1612 2801 2801 2795 2795 1875 1875 1876 1876 1875 1875 2795 2795 1889 1889 1891 1891 2800 2800 1889 1889 2800 2800 2799 2799 1869 1869 2799 2799 2800 2800 2799 2799 1869 1869 1868 1868 1932 1932 2802 2802 1938 1938 2803 2803 1938 1938 2802 2802 1970 1970 1969 1969 2802 2802 2804 2804 2802 2802 1969 1969 2802 2802 2804 2804 2803 2803 1896 1896 1897 1897 2805 2805 2806 2806 2805 2805 1897 1897 2805 2805 2806 2806 2807 2807 1887 1887 2807 2807 2806 2806 2807 2807 1887 1887 1867 1867 1912 1912 2353 2353 2808 2808 2809 2809 2808 2808 2353 2353 2808 2808 2809 2809 1870 1870 1871 1871 1870 1870 2809 2809 2353 2353 1613 1613 2809 2809 2794 2794 2809 2809 1613 1613 2809 2809 2794 2794 1871 1871 1872 1872 1871 1871 2794 2794 1897 1897 2351 2351 2806 2806 2810 2810 2806 2806 2351 2351 2806 2806 2810 2810 1887 1887 1886 1886 1887 1887 2810 2810 2351 2351 1910 1910 2810 2810 2811 2811 2810 2810 1910 1910 2810 2810 2811 2811 1886 1886 1883 1883 1886 1886 2811 2811 1645 1645 2384 2384 2812 2812 2813 2813 2812 2812 2384 2384 2812 2812 2813 2813 1947 1947 1948 1948 1947 1947 2813 2813 2384 2384 1953 1953 2813 2813 2814 2814 2813 2813 1953 1953 2813 2813 2814 2814 1948 1948 1942 1942 1948 1948 2814 2814 1955 1955 2380 2380 2815 2815 2816 2816 2815 2815 2380 2380 2815 2815 2816 2816 1930 1930 1931 1931 1930 1930 2816 2816 2380 2380 1970 1970 2816 2816 2802 2802 2816 2816 1970 1970 2816 2816 2802 2802 1931 1931 1932 1932 1931 1931 2802 2802 1910 1910 1912 1912 2808 2808 1910 1910 2808 2808 2811 2811 1870 1870 2811 2811 2808 2808 2811 2811 1870 1870 1883 1883 1658 1658 1657 1657 2817 2817 2775 2775 2817 2817 1657 1657 2817 2817 2775 2775 2818 2818 1950 1950 2818 2818 2775 2775 2818 2818 1950 1950 1949 1949 1647 1647 1645 1645 2812 2812 1647 1647 2812 2812 2784 2784 1947 1947 2784 2784 2812 2812 2784 2784 1947 1947 1935 1935 1953 1953 1955 1955 2815 2815 1953 1953 2815 2815 2814 2814 1930 1930 2814 2814 2815 2815 2814 2814 1930 1930 1942 1942 2819 2819 2820 2820 2821 2821 2821 2821 2822 2822 2181 2181 2823 2823 2181 2181 2822 2822 2181 2181 2823 2823 2179 2179 2821 2821 2181 2181 2819 2819 892 892 2819 2819 2181 2181 2819 2819 892 892 2824 2824 942 942 2820 2820 943 943 2819 2819 943 943 2820 2820 943 943 2819 2819 944 944 2824 2824 944 944 2819 2819 944 944 2824 2824 933 933 2825 2825 2826 2826 2827 2827 607 607 2827 2827 2826 2826 2827 2827 607 607 609 609 2825 2825 2827 2827 2828 2828 774 774 2828 2828 2827 2827 2828 2828 774 774 770 770 2829 2829 2830 2830 2831 2831 2832 2832 2831 2831 2830 2830 2831 2831 2832 2832 2178 2178 2833 2833 2178 2178 2832 2832 2178 2178 2833 2833 2180 2180 776 776 2834 2834 777 777 2835 2835 777 777 2834 2834 777 777 2835 2835 2829 2829 2836 2836 2829 2829 2835 2835 2829 2829 2836 2836 2830 2830 781 781 782 782 2837 2837 2838 2838 2837 2837 782 782 2176 2176 617 617 2839 2839 2840 2840 2839 2839 617 617 2839 2839 2840 2840 2838 2838 2841 2841 2838 2838 2840 2840 2838 2838 2841 2841 2837 2837 782 782 777 777 2838 2838 2829 2829 2838 2838 777 777 2838 2838 2829 2829 2839 2839 2831 2831 2839 2839 2829 2829 2839 2839 2831 2831 2176 2176 2178 2178 2176 2176 2831 2831 2842 2842 2843 2843 2844 2844 1123 1123 2844 2844 2843 2843 2844 2844 1123 1123 1125 1125 2842 2842 2844 2844 2845 2845 1148 1148 2845 2845 2844 2844 2845 2845 1148 1148 1145 1145 2846 2846 1146 1146 2847 2847 1147 1147 2847 2847 1146 1146 2847 2847 1147 1147 2848 2848 2849 2849 2848 2848 1147 1147 1147 1147 2850 2850 2849 2849 2183 2183 2849 2849 2850 2850 2849 2849 2183 2183 2185 2185 2187 2187 2851 2851 2185 2185 2852 2852 2185 2185 2851 2851 2185 2185 2852 2852 2849 2849 1125 1125 2183 2183 2844 2844 2850 2850 2844 2844 2183 2183 2844 2844 2850 2850 1148 1148 1147 1147 1148 1148 2850 2850 2853 2853 2854 2854 2855 2855 2856 2856 2186 2186 2184 2184 2857 2857 2188 2188 2186 2186 1136 1136 2858 2858 1137 1137 2859 2859 1137 1137 2858 2858 2859 2859 2860 2860 2861 2861 2862 2862 2861 2861 2860 2860 2856 2856 2184 2184 2863 2863 1133 1133 2863 2863 2184 2184 2863 2863 1133 1133 2864 2864 2857 2857 2186 2186 2862 2862 2856 2856 2862 2862 2186 2186 2862 2862 2856 2856 2861 2861 2863 2863 2861 2861 2856 2856 2861 2861 2863 2863 2855 2855 2864 2864 2855 2855 2863 2863 2855 2855 2864 2864 2853 2853 2859 2859 2861 2861 1137 1137 2855 2855 1137 1137 2861 2861 1137 1137 2855 2855 1142 1142 2854 2854 1142 1142 2855 2855 1142 1142 2854 2854 1141 1141 247 247 241 241 2865 2865 2866 2866 2865 2865 241 241 2865 2865 2866 2866 2171 2171 2695 2695 2171 2171 2866 2866 241 241 239 239 2866 2866 2867 2867 2866 2866 239 239 2866 2866 2867 2867 2695 2695 2139 2139 2695 2695 2867 2867 227 227 249 249 2868 2868 2869 2869 2868 2868 249 249 2868 2868 2869 2869 2154 2154 2768 2768 2154 2154 2869 2869 249 249 248 248 2869 2869 2870 2870 2869 2869 248 248 2869 2869 2870 2870 2768 2768 2173 2173 2768 2768 2870 2870 815 815 817 817 2871 2871 819 819 2871 2871 817 817 2871 2871 819 819 2872 2872 2873 2873 2872 2872 819 819 2872 2872 2873 2873 2874 2874 2874 2874 2873 2873 2833 2833 2182 2182 2833 2833 2873 2873 2833 2833 2182 2182 2180 2180 888 888 2182 2182 2875 2875 2873 2873 2875 2875 2182 2182 2875 2875 2873 2873 820 820 819 819 820 820 2873 2873 2876 2876 771 771 2877 2877 773 773 2877 2877 771 771 2877 2877 773 773 2878 2878 2175 2175 2177 2177 2879 2879 2179 2179 2823 2823 2177 2177 2822 2822 2177 2177 2823 2823 2177 2177 2822 2822 2879 2879 773 773 774 774 2880 2880 2827 2827 2880 2880 774 774 2878 2878 773 773 2879 2879 2880 2880 2879 2879 773 773 2879 2879 2880 2880 2175 2175 2827 2827 2175 2175 2880 2880 2175 2175 2827 2827 609 609 2881 2881 852 852 795 795 2851 2851 2187 2187 2189 2189 2882 2882 2883 2883 2884 2884 2885 2885 2884 2884 2883 2883 883 883 2884 2884 2189 2189 2885 2885 2189 2189 2884 2884 2189 2189 2885 2885 2851 2851 883 883 2881 2881 2884 2884 795 795 2884 2884 2881 2881 2884 2884 795 795 2882 2882 794 794 2882 2882 795 795 2882 2882 794 794 797 797 925 925 929 929 2886 2886 926 926 925 925 2887 2887 2886 2886 2887 2887 925 925 2887 2887 2886 2886 2862 2862 2190 2190 2862 2862 2886 2886 2862 2862 2190 2190 2857 2857 2188 2188 2857 2857 2190 2190 882 882 2190 2190 2888 2888 2886 2886 2888 2888 2190 2190 2888 2888 2886 2886 928 928 929 929 928 928 2886 2886 934 934 933 933 2824 2824 895 895 882 882 2889 2889 2888 2888 2889 2889 882 882 928 928 958 958 2888 2888 900 900 2888 2888 958 958 2888 2888 900 900 2889 2889 961 961 2889 2889 900 900 2889 2889 961 961 938 938 934 934 2824 2824 936 936 892 892 895 895 2824 2824 2889 2889 2824 2824 895 895 2824 2824 2889 2889 936 936 938 938 936 936 2889 2889 2875 2875 820 820 827 827 830 830 2890 2890 831 831 829 829 831 831 2890 2890 886 886 888 888 2890 2890 2875 2875 2890 2890 888 888 2890 2890 2875 2875 829 829 827 827 829 829 2875 2875 883 883 886 886 2881 2881 2890 2890 2881 2881 886 886 2881 2881 2890 2890 852 852 830 830 852 852 2890 2890 779 779 781 781 2891 2891 2837 2837 2891 2891 781 781 2891 2891 2837 2837 2892 2892 617 617 615 615 2840 2840 2892 2892 2840 2840 615 615 2840 2840 2892 2892 2841 2841 2837 2837 2841 2841 2892 2892 2154 2154 2153 2153 2893 2893 2154 2154 2893 2893 2868 2868 228 228 227 227 2894 2894 2868 2868 2894 2894 227 227 2894 2894 2868 2868 2895 2895 2893 2893 2895 2895 2868 2868 2171 2171 2173 2173 2870 2870 2171 2171 2870 2870 2865 2865 248 248 2865 2865 2870 2870 2865 2865 248 248 247 247 2867 2867 239 239 238 238 2140 2140 2139 2139 2896 2896 2867 2867 2896 2896 2139 2139 2896 2896 2867 2867 2897 2897 238 238 2897 2897 2867 2867 1139 1139 1141 1141 2898 2898 2854 2854 2898 2898 1141 1141 2898 2898 2854 2854 2899 2899 1133 1133 1131 1131 2864 2864 2899 2899 2864 2864 1131 1131 2864 2864 2899 2899 2853 2853 2854 2854 2853 2853 2899 2899 1928 1928 2900 2900 1926 1926 2901 2901 1926 1926 2900 2900 1926 1926 2901 2901 2902 2902 2903 2903 2902 2902 2901 2901 2902 2902 2903 2903 2904 2904 2900 2900 1928 1928 2304 2304 2900 2900 2304 2304 2905 2905 1635 1635 2905 2905 2304 2304 2905 2905 1635 1635 2906 2906 2907 2907 2906 2906 1635 1635 2906 2906 2907 2907 2908 2908 2908 2908 2907 2907 2909 2909 1819 1819 2909 2909 2907 2907 2909 2909 1819 1819 1821 1821 2456 2456 2437 2437 2319 2319 2458 2458 2457 2457 2910 2910 145 145 2910 2910 2457 2457 2456 2456 2458 2458 2437 2437 2910 2910 2437 2437 2458 2458 2437 2437 2910 2910 2438 2438 145 145 2438 2438 2910 2910 2438 2438 145 145 1632 1632 145 145 147 147 1632 1632 2911 2911 1632 1632 147 147 1632 1632 2911 2911 1633 1633 2911 2911 147 147 1810 1810 1633 1633 2911 2911 2912 2912 2911 2911 1810 1810 2912 2912 1815 1815 2912 2912 1810 1810 2912 2912 1815 1815 2913 2913 1817 1817 2913 2913 1815 1815 2913 2913 1817 1817 2914 2914 1818 1818 2914 2914 1817 1817 2914 2914 1818 1818 2915 2915 1819 1819 2915 2915 1818 1818 2915 2915 1819 1819 2907 2907 1633 1633 2912 2912 1637 1637 2913 2913 1637 1637 2912 2912 1637 1637 2913 2913 1638 1638 2914 2914 1638 1638 2913 2913 1638 1638 2914 2914 1640 1640 2915 2915 1640 1640 2914 2914 1640 1640 2915 2915 1634 1634 2907 2907 1634 1634 2915 2915 1634 1634 2907 2907 1635 1635 2916 2916 2917 2917 2918 2918 2916 2916 2918 2918 2919 2919 2016 2016 2919 2919 2918 2918 2919 2919 2016 2016 2015 2015 1938 1938 2920 2920 2785 2785 2921 2921 2785 2785 2920 2920 2785 2785 2921 2921 2787 2787 2922 2922 2787 2787 2921 2921 2787 2787 2922 2922 58 58 1938 1938 2803 2803 2920 2920 2804 2804 2920 2920 2803 2803 2920 2920 2804 2804 2921 2921 1969 1969 2921 2921 2804 2804 2921 2921 1969 1969 2922 2922 1867 1867 2923 2923 2807 2807 2924 2924 2807 2807 2923 2923 2807 2807 2924 2924 2805 2805 2925 2925 2805 2805 2924 2924 2805 2805 2925 2925 1896 1896 1867 1867 2792 2792 2923 2923 2790 2790 2923 2923 2792 2792 2923 2923 2790 2790 2924 2924 182 182 2924 2924 2790 2790 2924 2924 182 182 2925 2925 2926 2926 2273 2273 2271 2271 2926 2926 2271 2271 2927 2927 1860 1860 2927 2927 2271 2271 2927 2927 1860 1860 2928 2928 1858 1858 2929 2929 2930 2930 1858 1858 2930 2930 1859 1859 2928 2928 1859 1859 2930 2930 1859 1859 2928 2928 1860 1860 2325 2325 2326 2326 2494 2494 2494 2494 2492 2492 2325 2325 2491 2491 2325 2325 2492 2492 2325 2325 2491 2491 1890 1890 1892 1892 1890 1890 1601 1601 2491 2491 1601 1601 1890 1890 1893 1893 1892 1892 1600 1600 1601 1601 1600 1600 1892 1892 2500 2500 2278 2278 2501 2501 2276 2276 2501 2501 2278 2278 2501 2501 2276 2276 1610 1610 2500 2500 2499 2499 2278 2278 1893 1893 2278 2278 2499 2499 2278 2278 1893 1893 1600 1600 2494 2494 2326 2326 2495 2495 2931 2931 2495 2495 2326 2326 2495 2495 2931 2931 2490 2490 2929 2929 2490 2490 2931 2931 2490 2490 2929 2929 1858 1858 2932 2932 2916 2916 2933 2933 2919 2919 2933 2933 2916 2916 2933 2933 2919 2919 2934 2934 2935 2935 2936 2936 2937 2937 2012 2012 2937 2937 2936 2936 2937 2937 2012 2012 2014 2014 2937 2937 2934 2934 2935 2935 2919 2919 2935 2935 2934 2934 2935 2935 2919 2919 2936 2936 2015 2015 2936 2936 2919 2919 2010 2010 2012 2012 2938 2938 2936 2936 2938 2938 2012 2012 2938 2938 2936 2936 2939 2939 2015 2015 2939 2939 2936 2936 2939 2939 2015 2015 2017 2017 2021 2021 2023 2023 2940 2940 2021 2021 2940 2940 2941 2941 2942 2942 2941 2941 2940 2940 2941 2941 2942 2942 2943 2943 2017 2017 2943 2943 2942 2942 2943 2943 2017 2017 2018 2018 2944 2944 2018 2018 2016 2016 2008 2008 2006 2006 2945 2945 2946 2946 2945 2945 2006 2006 2945 2945 2946 2946 2947 2947 2944 2944 2947 2947 2946 2946 2947 2947 2944 2944 2948 2948 2016 2016 2948 2948 2944 2944 2949 2949 2950 2950 2951 2951 2951 2951 2950 2950 2952 2952 2918 2918 2917 2917 2953 2953 2948 2948 2950 2950 2947 2947 2949 2949 2947 2947 2950 2950 2947 2947 2949 2949 2945 2945 2954 2954 2945 2945 2949 2949 2945 2945 2954 2954 2008 2008 2009 2009 2008 2008 2954 2954 2948 2948 2016 2016 2950 2950 2918 2918 2950 2950 2016 2016 2950 2950 2918 2918 2952 2952 2953 2953 2952 2952 2918 2918 2955 2955 2956 2956 2957 2957 1615 1615 2361 2361 1628 1628 2956 2956 1628 1628 2361 2361 2955 2955 2957 2957 2958 2958 2959 2959 2960 2960 2961 2961 2962 2962 2961 2961 2960 2960 2961 2961 2962 2962 2963 2963 192 192 2963 2963 2962 2962 2963 2963 192 192 193 193 2963 2963 2958 2958 2961 2961 2957 2957 2961 2961 2958 2958 2961 2961 2957 2957 2959 2959 2364 2364 2959 2959 2957 2957 2959 2959 2364 2364 1901 1901 2956 2956 2361 2361 2957 2957 2363 2363 2957 2957 2361 2361 2957 2957 2363 2363 2364 2364 1901 1901 1907 1907 2959 2959 2964 2964 2959 2959 1907 1907 2959 2959 2964 2964 2960 2960 2960 2960 2964 2964 2962 2962 184 184 2962 2962 2964 2964 2962 2962 184 184 192 192 184 184 2964 2964 185 185 2965 2965 185 185 2964 2964 185 185 2965 2965 181 181 2966 2966 181 181 2965 2965 2964 2964 1907 1907 2965 2965 2359 2359 2965 2965 1907 1907 2965 2965 2359 2359 2966 2966 1894 1894 2966 2966 2359 2359 1894 1894 1896 1896 2966 2966 2925 2925 2966 2966 1896 1896 2966 2966 2925 2925 181 181 182 182 181 181 2925 2925 2967 2967 2381 2381 1648 1648 1646 1646 1648 1648 2381 2381 65 65 64 64 2968 2968 2969 2969 2968 2968 64 64 2968 2968 2969 2969 2967 2967 1963 1963 2967 2967 2969 2969 2967 2967 1963 1963 2381 2381 1961 1961 1963 1963 2970 2970 2969 2969 2970 2970 1963 1963 2970 2970 2969 2969 62 62 64 64 62 62 2969 2969 59 59 2971 2971 61 61 2972 2972 61 61 2971 2971 61 61 2972 2972 62 62 2970 2970 62 62 2972 2972 2971 2971 1971 1971 2972 2972 2378 2378 2972 2972 1971 1971 2972 2972 2378 2378 2970 2970 1961 1961 2970 2970 2378 2378 59 59 58 58 2971 2971 2922 2922 2971 2971 58 58 2971 2971 2922 2922 1971 1971 1969 1969 1971 1971 2922 2922 1625 1625 2274 2274 2973 2973 2273 2273 2973 2973 2274 2274 2973 2973 2273 2273 2926 2926</p>
        </triangles>
      </mesh>
    </geometry>
  </library_geometries>
  <library_materials>
    <material id="ae450fd008564e2ca9f321b1af917a4e" name="defaultmaterial">
      <instance_effect url="#8a798f22513c4ba9818db29b6a65d2b0"/>
    </material>
  </library_materials>
  <library_visual_scenes>
    <visual_scene id="scene">
      <node id="node0" name="node0">
        <instance_geometry url="#48cb9f4ba85b40978cb0243dec7335d9">
          <bind_material>
            <technique_common>
              <instance_material symbol="material0" target="#ae450fd008564e2ca9f321b1af917a4e"/>
            </technique_common>
          </bind_material>
        </instance_geometry>
      </node>
    </visual_scene>
  </library_visual_scenes>
  <scene>
    <instance_visual_scene url="#scene"/>
  </scene>
</COLLADA>
