<COLLADA xmlns="http://www.collada.org/2005/11/COLLADASchema" version="1.4.1">
  <asset>
    <created>2026-10-05T22:47:04.993168</created>
    <modified>2026-10-05T22:47:04.993168</modified>
    <up_axis>Y_UP</up_axis>
  </asset>
  <library_effects>
    <effect id="35685335ce4f4a05901901f29f19a9dd" name="35685335ce4f4a05901901f29f19a9dd">
      <profile_COMMON>
        <technique sid="common">
          <phong>
            <emission>
              <color>0.0 0.0 0.0 1.0</color>
            </emission>
            <ambient>
              <color>0.0 0.0 0.0 1.0</color>
            </ambient>
            <diffuse>
              <color>0.9490196078431372 0.9490196078431372 0.9490196078431372 1.0</color>
            </diffuse>
            <specular>
              <color>0.0 0.0 0.0 1.0</color>
            </specular>
            <shininess>
              <float>0.0</float>
            </shininess>
            <reflective>
              <color>0.0 0.0 0.0 1.0</color>
            </reflective>
            <reflectivity>
              <float>0.0</float>
            </reflectivity>
            <transparent>
              <color>0.0 0.0 0.0 1.0</color>
            </transparent>
            <transparency>
              <float>1.0</float>
            </transparency>
          </phong>
        </technique>
        <extra>
          <technique profile="GOOGLEEARTH">
            <double_sided>0</double_sided>
          </technique>
        </extra>
      </profile_COMMON>
    </effect>
  </library_effects>
  <library_geometries>
    <geometry id="8518eb52c8d040a8bff2bc1579c30177" name="f66360bfcb884f5fb4e8a86210a08b05">
      <mesh>
        <source id="verts-array">
          <float_array count="9162" id="verts-array-array">-0.009999758 0.04490561 -0.02717695 -0.009999758 0.04490561 -0.02276445 -0.009549758 0.04490561 -0.02726445 0.01000024 0.04490561 -0.02276445 0.009550242 0.04490561 -0.02726445 0.01000024 0.04490561 -0.02717695 -0.009999758 0.04670561 -0.02726445 -0.009999758 0.04770561 -0.02726445 -0.009999758 0.04670561 -0.02717695 -0.009999758 0.04770561 -0.02276445 -0.009999758 0.04490561 -0.02717695 -0.009999758 0.04490561 -0.02276445 -0.009999758 0.04490561 0.004685548 -0.003137828 0.04490561 0.004685548 -0.003499758 0.04490561 0.003135548 -0.009999758 0.04490561 -0.002764452 -0.002474628 0.04490561 0.000660648 2.423529e-07 0.04490561 -0.000364452 0.01000024 0.04490561 -0.002764452 0.002475112 0.04490561 0.000660648 0.01000024 0.04490561 0.004685548 0.003500242 0.04490561 0.003135548 0.003138312 0.04490561 0.004685548 -0.009999758 0.04770561 0.004685548 -0.009999758 0.04490561 0.004685548 -0.009999758 0.04770561 -0.002764452 -0.009999758 0.04490561 -0.002764452 -0.01029266 0.04841261 0.004685548 -0.01099976 0.04870561 0.004685548 -0.003799758 0.04870561 0.004685548 -0.003137828 0.04600561 0.004685548 -0.003137828 0.04490561 0.004685548 -0.003799758 0.04600561 0.004685548 -0.009999758 0.04490561 0.004685548 -0.009999758 0.04770561 0.004685548 0.01000024 0.04770561 -0.002764452 0.01000024 0.04490561 -0.002764452 0.01000024 0.04770561 0.004685548 0.01000024 0.04490561 0.004685548 0.003138312 0.04490561 0.004685548 0.003138312 0.04600561 0.004685548 0.003800242 0.04600561 0.004685548 0.01100024 0.04870561 0.004685548 0.01029314 0.04841261 0.004685548 0.003800242 0.04870561 0.004685548 0.01000024 0.04770561 0.004685548 0.01000024 0.04490561 0.004685548 0.01000024 0.04770561 -0.02726445 0.01000024 0.04670561 -0.02726445 0.01000024 0.04670561 -0.02717695 0.01000024 0.04490561 -0.02717695 0.01000024 0.04490561 -0.02276445 0.01000024 0.04770561 -0.02276445 -0.01024976 0.08280561 -0.02706445 -0.01024976 0.08080561 -0.02706445 -0.009401228 0.08280561 -0.02671295 -0.009401228 0.08080561 -0.02671295 -0.009049758 0.08280561 -0.02586445 -0.009049758 0.08080561 -0.02586445 -0.009401228 0.08280561 -0.02501595 -0.009401228 0.08080561 -0.02501595 -0.01024976 0.08280561 -0.02466445 -0.01024976 0.08080561 -0.02466445 -0.01109826 0.08280561 -0.02501595 -0.01109826 0.08080561 -0.02501595 -0.01144976 0.08280561 -0.02586445 -0.01144976 0.08080561 -0.02586445 -0.01109826 0.08280561 -0.02671295 -0.01109826 0.08080561 -0.02671295 0.01025024 0.08280561 -0.02706445 0.01025024 0.08080561 -0.02706445 0.01109874 0.08280561 -0.02671295 0.01109874 0.08080561 -0.02671295 0.01145024 0.08280561 -0.02586445 0.01145024 0.08080561 -0.02586445 0.01109874 0.08280561 -0.02501595 0.01109874 0.08080561 -0.02501595 0.01025024 0.08280561 -0.02466445 0.01025024 0.08080561 -0.02466445 0.009401712 0.08280561 -0.02501595 0.009401712 0.08080561 -0.02501595 0.009050242 0.08280561 -0.02586445 0.009050242 0.08080561 -0.02586445 0.009401712 0.08280561 -0.02671295 0.009401712 0.08080561 -0.02671295 0.01280024 0.04887861 -0.03228365 0.01280024 0.04870561 -0.03246115 0.01280024 0.04899861 0.01362844 0.01280024 0.04870561 0.01433555 0.01280024 0.08420561 0.01333555 0.01280024 0.08420561 -0.01876445 0.01280024 0.08180561 -0.01876445 0.01280024 0.04970561 0.01333555 0.01280024 0.08039161 -0.01935025 0.01280024 0.07980561 -0.02076445 0.01280024 0.04950361 -0.03206445 0.01280024 0.07980561 -0.03106445 0.01280024 0.08007361 -0.03206445 -0.01299976 0.04270561 -0.03246445 -0.01299976 0.04870561 -0.03246445 -0.01274426 0.04270561 -0.03246445 0.01300024 0.04870561 -0.03246445 0.01274474 0.04270561 -0.03246445 0.01300024 0.04270561 -0.03246445 0.01800024 0.04870561 0.01563555 0.01800024 0.04870561 0.01430822 0.01765624 0.04870561 0.01433555 0.01300024 0.04870561 0.02063555 0.01429434 0.04870561 0.02046518 0.01280024 0.04870561 0.01433555 0.01550024 0.04870561 0.01996567 -0.003799758 0.04870561 0.004685548 -0.01099976 0.04870561 0.004685548 -0.003799758 0.04870561 0.0190035 -0.01279976 0.04870561 0.01433555 -0.003431728 0.04870561 0.02002799 -0.002899508 0.04870561 0.02063555 0.003701592 0.04870561 0.01952922 0.003614002 0.04870561 0.01972908 -0.01653526 0.04870561 0.01917108 -0.01549976 0.04870561 0.01996567 0.01653574 0.04870561 0.01917108 0.01733034 0.04870561 0.01813555 0.01782984 0.04870561 0.01692965 0.01100024 0.04870561 0.004685548 0.003800242 0.04870561 0.004685548 0.003800242 0.04870561 0.0190035 0.003230242 0.04870561 0.02028412 0.002899992 0.04870561 0.02063555 -0.01799976 0.04870561 0.01430822 -0.01799976 0.04870561 0.01563555 -0.01765576 0.04870561 0.01433555 -0.01782936 0.04870561 0.01692965 -0.01732986 0.04870561 0.01813555 -0.01429386 0.04870561 0.02046518 -0.01299976 0.04870561 0.02063555 -0.01199976 0.04870561 -0.02103245 -0.01279976 0.04870561 -0.03246115 -0.01199976 0.04870561 -0.004496552 -0.01173186 0.04870561 -0.003496552 -0.01099976 0.04870561 -0.002764452 -0.01173186 0.04870561 -0.02203235 -0.01099976 0.04870561 -0.02276445 -0.01099976 0.04870561 -0.02726445 -0.01024976 0.04870561 -0.02846445 -0.01109826 0.04870561 -0.02881595 -0.01144976 0.04870561 -0.02966445 -0.01109826 0.04870561 -0.03051295 0.01300024 0.04870561 -0.03246445 -0.01299976 0.04870561 -0.03246445 0.01280024 0.04870561 -0.03246115 -0.01024976 0.04870561 -0.03086445 -0.009401228 0.04870561 -0.03051295 -0.009049758 0.04870561 -0.02966445 -0.009401228 0.04870561 -0.02881595 0.009401712 0.04870561 -0.02881595 0.009050242 0.04870561 -0.02966445 0.009401712 0.04870561 -0.03051295 0.01025024 0.04870561 -0.03086445 0.01109874 0.04870561 -0.03051295 0.01145024 0.04870561 -0.02966445 0.01100024 0.04870561 -0.02726445 0.01100024 0.04870561 -0.02276445 0.01173234 0.04870561 -0.02203235 0.01025024 0.04870561 -0.02846445 0.01109874 0.04870561 -0.02881595 0.01200024 0.04870561 -0.02103245 0.01100024 0.04870561 -0.002764452 0.01173234 0.04870561 -0.003496552 0.01200024 0.04870561 -0.004496552 -0.01299976 0.04270561 0.02163555 -0.009499758 0.04270561 0.02163555 -0.01299976 0.04770561 0.02163555 2.423528e-07 0.04270561 0.02163555 0.01300024 0.04770561 0.02163555 0.009500242 0.04270561 0.02163555 0.01300024 0.04270561 0.02163555 0.01900024 0.04855861 0.0121056 0.01900024 0.04270561 0.01487305 0.01900024 0.04270561 0.008110548 0.01900024 0.04770561 0.01563555 0.01900024 0.04270561 0.01563555 0.01900024 0.04770561 0.01430822 0.01900024 0.04782761 0.01360764 0.01900024 0.04816961 0.01298574 0.01900024 0.04861861 0.01250579 0.01900024 0.04858361 0.01212988 0.01900024 0.04270561 0.001348048 0.01900024 0.04270561 -0.005414452 0.01900024 0.04855861 -0.02646445 0.01900024 0.04270561 -0.01217695 0.01900024 0.04270561 -0.01893945 0.01900024 0.04270561 -0.02570195 0.01900024 0.04270561 -0.02646445 0.01900024 0.04872361 0.01230952 0.01900024 0.04872561 0.01234733 0.01900024 0.04870261 0.01226487 0.01900024 0.04871561 0.01238336 0.01900024 0.04868461 0.01243253 -0.01899976 0.04858361 0.01212988 -0.01899976 0.04855861 0.0121056 -0.01899976 0.04861861 0.01250579 -0.01899976 0.04855861 -0.02646445 -0.01899976 0.04270561 -0.02646445 -0.01899976 0.04270561 -0.02570195 -0.01899976 0.04270561 0.01563555 -0.01899976 0.04770561 0.01563555 -0.01899976 0.04270561 0.01487305 -0.01899976 0.04770561 0.01430822 -0.01899976 0.04782761 0.01360764 -0.01899976 0.04816961 0.01298574 -0.01899976 0.04270561 -0.01893945 -0.01899976 0.04270561 -0.01217695 -0.01899976 0.04270561 -0.005414452 -0.01899976 0.04270561 0.001348048 -0.01899976 0.04270561 0.008110548 -0.01899976 0.04871561 0.01238336 -0.01899976 0.04872561 0.01234733 -0.01899976 0.04872361 0.01230952 -0.01899976 0.04868461 0.01243253 -0.01899976 0.04870261 0.01226487 -0.01279976 0.08180561 -0.01876445 -0.01279976 0.08420561 -0.01876445 -0.01279976 0.08420561 0.01333555 -0.01279976 0.07980561 -0.02076445 -0.01279976 0.08039161 -0.01935025 -0.01279976 0.04899861 0.01362844 -0.01279976 0.04970561 0.01333555 -0.01279976 0.04870561 0.01433555 -0.01279976 0.04870561 -0.03246115 -0.01279976 0.04925761 -0.03209515 -0.01279976 0.04950361 -0.03206445 -0.01279976 0.07980561 -0.03106445 -0.01279976 0.08007361 -0.03206445 -0.01354706 0.04179161 -0.03145065 -0.01274426 0.04270561 -0.03246445 -0.01393756 0.04270561 -0.03034465 -0.01168096 0.04270561 -0.02619825 -0.01071056 0.04035961 -0.02594285 -0.01099976 0.03890561 -0.02599025 -0.01156276 0.03715561 -0.02615185 -0.01099976 0.03820961 -0.02599025 -0.01121866 0.03742561 -0.02604175 -0.007199758 0.04270561 -0.02748275 -0.008106038 0.04259561 -0.02658765 -0.009180208 0.04270561 -0.02607025 -0.009180208 0.04214861 -0.02607025 -0.009886768 0.04159261 -0.02593205 -0.01354356 0.04270561 -0.02787185 -0.01384126 0.03926961 -0.02858585 -0.01397936 0.04056061 -0.03005535 -0.01206356 0.03722661 -0.02638225 -0.01213006 0.03726561 -0.02641995 -0.01312056 0.03806761 -0.02725185 -0.008481988 0.04270561 -0.02789665 -0.007749758 0.04270561 -0.02966445 -0.007199758 0.04270561 -0.02748275 0.008482472 0.04270561 -0.03143225 -0.01274426 0.04270561 -0.03246445 0.01025024 0.04270561 -0.03216445 0.01274474 0.04270561 -0.03246445 0.01201804 0.04270561 -0.03143225 -0.01024976 0.04270561 -0.02716445 0.01025024 0.04270561 -0.02716445 0.009180692 0.04270561 -0.02607025 0.008482472 0.04270561 -0.02789665 0.007200242 0.04270561 -0.02748275 0.007750242 0.04270561 -0.02966445 0.007200242 0.04270561 -0.02276445 -0.007199758 0.04270561 -0.02276445 0.01275024 0.04270561 -0.02966445 0.01393804 0.04270561 -0.03034465 0.01201804 0.04270561 -0.02789665 0.01354404 0.04270561 -0.02787185 0.01168144 0.04270561 -0.02619825 -0.008481988 0.04270561 -0.03143225 -0.01024976 0.04270561 -0.03216445 -0.01201756 0.04270561 -0.03143225 -0.01393756 0.04270561 -0.03034465 -0.01274976 0.04270561 -0.02966445 -0.01354356 0.04270561 -0.02787185 -0.01201756 0.04270561 -0.02789665 -0.01168096 0.04270561 -0.02619825 -0.009180208 0.04270561 -0.02607025 0.002475112 0.04270561 0.000660648 2.423529e-07 0.04270561 -0.000364452 0.01474164 0.04270561 -0.001654252 0.01200024 0.04270561 -0.004764452 0.01200024 0.04270561 -0.006675152 0.003500242 0.04270561 0.003135548 0.002475112 0.04270561 0.005610448 0.003222872 0.04270561 0.01829684 2.423529e-07 0.04270561 0.006635548 -0.003222388 0.04270561 0.01829684 -0.002474628 0.04270561 0.005610448 0.01541534 0.04270561 0.004755748 0.01342364 0.04270561 0.01088555 0.009110912 0.04270561 0.01567531 -0.01199976 0.04270561 -0.006675152 -0.01199976 0.04270561 -0.004764452 -0.01474116 0.04270561 -0.001654252 -0.01141396 0.04270561 -0.003350252 -0.01541486 0.04270561 0.004755748 -0.009110428 0.04270561 0.01567531 -0.01342316 0.04270561 0.01088555 -0.003499758 0.04270561 0.003135548 -0.002474628 0.04270561 0.000660648 -0.009999758 0.04270561 -0.002764452 0.01000024 0.04270561 -0.002764452 0.01141444 0.04270561 -0.003350252 0.008107672 0.04259561 -0.02658685 0.007200242 0.04270561 -0.02748275 0.009180692 0.04270561 -0.02607025 0.01126954 0.03735961 -0.02605565 0.01100024 0.03820961 -0.02599025 0.01161194 0.03714261 -0.02617045 0.01100024 0.03890561 -0.02599025 0.01168144 0.04270561 -0.02619825 0.01071064 0.04036061 -0.02594285 0.009887252 0.04159261 -0.02593205 0.009180692 0.04214861 -0.02607025 0.01206404 0.03722661 -0.02638225 0.01300214 0.03794161 -0.02711695 0.01375234 0.03903761 -0.02832365 0.01354404 0.04270561 -0.02787185 0.01393804 0.04270561 -0.03034465 0.01274474 0.04270561 -0.03246445 0.01366264 0.04158561 -0.03121945 0.01399154 0.04044061 -0.02991925 0.01300024 0.04270561 -0.03246445 0.01464474 0.04250061 -0.03223465 0.01608974 0.04196061 -0.03160795 0.01567154 0.03590261 -0.02432385 0.01300214 0.03794161 -0.02711695 0.01793964 0.04053761 -0.02987065 0.01375234 0.03903761 -0.02832365 0.01399154 0.04044061 -0.02991925 0.01274474 0.04270561 -0.03246445 0.01366264 0.04158561 -0.03121945 0.01746164 0.04102461 -0.03047645 0.01231104 0.02920561 -0.01634735 0.01224744 0.02918061 -0.01634005 0.01253854 0.02949861 -0.01666155 0.01217814 0.03150161 -0.01947425 0.01206404 0.03722661 -0.02638225 0.01478384 0.03408761 0.01994158 0.01481694 0.03415561 0.01995488 0.007602972 0.03415561 0.02118466 -0.01267516 0.02977861 0.0190946 -0.01063416 0.02560561 0.01827562 -0.007079398 0.02560561 0.02022732 -0.009791148 0.02988061 0.0201588 -0.01272486 0.02988061 0.01911455 -0.007602488 0.03415561 0.02118466 -0.01423526 0.04164161 0.02150696 -0.01575196 0.03875361 0.02096711 -0.008551128 0.03843061 0.02141011 -0.01638896 0.03736961 0.02058664 -0.01481646 0.03415561 0.01995488 -0.009499758 0.04270561 0.02163555 -0.01299976 0.04270561 0.02163555 -0.01325696 0.04265061 0.02163003 -0.01356206 0.04245661 0.02160914 0.01392834 0.04206961 0.02156334 0.01321694 0.04266661 0.02163164 0.01638944 0.03736961 0.02058664 0.01300024 0.04270561 0.02163555 0.008551612 0.03843061 0.02141011 0.009500242 0.04270561 0.02163555 0.01267564 0.02977861 0.0190946 2.423528e-07 0.03415561 0.02163555 0.01063464 0.02560561 0.01827561 0.009791632 0.02988061 0.0201588 0.007079882 0.02560561 0.02022732 0.006654342 0.02988061 0.02095922 0.005705712 0.02560561 0.02073378 2.423529e-07 0.02560561 0.02163555 -0.006653858 0.02988061 0.02095922 -0.005705228 0.02560561 0.02073378 -0.01299976 0.04270561 -0.03246445 -0.01274426 0.04270561 -0.03246445 -0.01354706 0.04179161 -0.03145065 -0.01341726 0.04269261 -0.03244995 -0.01397936 0.04056061 -0.03005535 -0.01649886 0.04173361 -0.03133855 -0.01494136 0.04241961 -0.03214165 -0.01689156 0.03839661 -0.02730865 -0.01793916 0.04053761 -0.02987065 -0.01671946 0.04159561 -0.03117225 -0.01384126 0.03926961 -0.02858585 -0.01312056 0.03806761 -0.02725185 -0.01478336 0.03408761 -0.02215275 -0.01213006 0.03726561 -0.02641995 -0.01224696 0.02918061 -0.01634005 -0.01233296 0.02921961 -0.01635775 -0.01217766 0.03150161 -0.01947405 -0.01253806 0.02949861 -0.01666155 -0.01206356 0.03722661 -0.02638225 -0.01267516 0.02977861 -0.01699695 -0.01828416 0.03839661 0.009126148 -0.01899976 0.04270561 0.008110548 -0.01899976 0.04270561 0.001348048 -0.01899976 0.04270561 0.01563555 -0.01899976 0.04270561 0.01487305 -0.01764446 0.03839661 0.01506983 -0.01868486 0.04192461 -0.02838285 -0.01793916 0.04053761 -0.02987065 -0.01689156 0.03839661 -0.02730865 -0.01894006 0.04253861 -0.02730905 -0.01892896 0.04250661 0.01655441 -0.01862156 0.04173061 0.017732 -0.01818106 0.04073361 0.01866116 -0.01763886 0.03962161 0.01944059 -0.01638896 0.03736961 0.02058664 -0.01628906 0.03408761 0.01526661 -0.01481646 0.03415561 0.01995488 -0.01709156 0.02560561 0.01021515 -0.01616006 0.02560561 0.01214085 -0.01685306 0.02977861 0.01115721 -0.01362106 0.02560561 0.01565398 -0.01493376 0.02977861 0.01546339 -0.01308126 0.02560561 0.01621703 -0.01383026 0.02977861 0.01736375 -0.01267516 0.02977861 0.0190946 -0.01788566 0.02560561 0.007862348 -0.01815756 0.02977861 0.006272448 -0.01849976 0.02560561 0.003135548 -0.01493376 0.02977861 -0.01336575 -0.01362106 0.02560561 -0.009382852 -0.01616006 0.02560561 -0.005869752 -0.01247426 0.02584261 -0.01085825 -0.01246886 0.02557261 -0.01048535 -0.01268546 0.02560561 -0.01033005 -0.01248826 0.02656161 -0.01188245 -0.01308126 0.02560561 -0.009945952 -0.01764446 0.03839661 -0.02158985 -0.01628906 0.03408761 -0.01747775 -0.01828416 0.03839661 -0.01564615 -0.01756866 0.03408761 -0.01235285 -0.01843836 0.03408761 -0.006842152 -0.01709156 0.02560561 -0.003944052 -0.01788566 0.02560561 -0.001591252 -0.01815756 0.02977861 -0.004174852 -0.01874776 0.03408761 -0.001105552 -0.01843836 0.03408761 0.004631048 -0.01756866 0.03408761 0.01014165 -0.01478336 0.03408761 -0.02215275 -0.01267516 0.02977861 -0.01699695 -0.01253806 0.02949861 -0.01666155 -0.01685306 0.02977861 -0.009059552 -0.01899976 0.04270561 -0.005414452 -0.01899976 0.04270561 -0.01217695 -0.01899976 0.04270561 -0.01893945 -0.01899976 0.04270561 -0.02570195 -0.01899976 0.04270561 -0.02646445 -0.01272486 0.02988061 0.01911455 0.01843884 0.03408761 0.004631048 0.01874824 0.03408761 -0.001105552 0.01900024 0.04270561 -0.005414452 0.01828464 0.03839661 -0.01564615 0.01900024 0.04270561 -0.01893945 0.01900024 0.04270561 -0.01217695 0.01900024 0.04270561 -0.02570195 0.01828464 0.03839661 0.009126148 0.01756914 0.03408761 0.01014165 0.01628954 0.03408761 0.01526661 0.01815804 0.02977861 0.006272448 0.01788614 0.02560561 0.007862348 0.01850024 0.02560561 0.003135548 0.01252994 0.02892461 -0.01563565 0.01253854 0.02949861 -0.01666155 0.01493424 0.02977861 -0.01336575 0.01308174 0.02560561 -0.009945952 0.01268594 0.02560561 -0.01033005 0.01246934 0.02557261 -0.01048535 0.01247474 0.02584261 -0.01085825 0.01362154 0.02560561 -0.009382852 0.01685354 0.02977861 -0.009059552 0.01616054 0.02560561 -0.005869752 0.01709204 0.02560561 -0.003944052 0.01815804 0.02977861 -0.004174852 0.01788614 0.02560561 -0.001591252 0.01709204 0.02560561 0.01021515 0.01685354 0.02977861 0.01115721 0.01616054 0.02560561 0.01214085 0.01493424 0.02977861 0.01546339 0.01362154 0.02560561 0.01565398 0.01764494 0.03839661 0.01506983 0.01692474 0.03829061 0.02017408 0.01638944 0.03736961 0.02058664 0.01894634 0.04255361 0.01643775 0.01873664 0.04200861 0.01739452 0.01808704 0.04053161 0.01881749 0.01867614 0.04190461 -0.02840985 0.01873764 0.04204261 -0.02821995 0.01764494 0.03839661 -0.02158985 0.01893354 0.04252061 -0.02735685 0.01900024 0.04270561 -0.02646445 0.01900024 0.04270561 0.008110548 0.01900024 0.04270561 0.01487305 0.01900024 0.04270561 0.01563555 0.01756914 0.03408761 -0.01235285 0.01628954 0.03408761 -0.01747775 0.01793964 0.04053761 -0.02987065 0.01567154 0.03590261 -0.02432385 0.01843884 0.03408761 -0.006842152 0.01308174 0.02560561 0.01621703 0.01267564 0.02977861 0.0190946 0.01383074 0.02977861 0.01736375 0.01478384 0.03408761 0.01994158 0.01481694 0.03415561 0.01995488 0.01900024 0.04270561 0.001348048 -0.005267588 -0.06608279 -0.005364452 -0.005267588 -0.06050599 -0.005364452 -0.008660008 -0.05229439 -0.001864452 -0.004199758 -0.06719969 -0.005939652 -0.004737718 -0.06697339 -0.005670752 -0.004999758 -0.07029439 -0.005524752 -0.004999758 -0.06674019 -0.005524752 -0.008660008 -0.07029439 -0.001864452 0.005000242 -0.07029439 -0.005524752 0.005000242 -0.06674019 -0.005524752 0.004738202 -0.06697339 -0.005670752 0.004200242 -0.06719969 -0.005939652 0.003122742 -0.06729439 -0.006364452 2.423529e-07 -0.07029439 -0.006864452 2.423529e-07 -0.06729439 -0.006864452 -0.003122258 -0.06729439 -0.006364452 0.005268072 -0.06608279 -0.005364452 0.008660492 -0.07029439 -0.001864452 0.005268072 -0.06050599 -0.005364452 0.004200242 -0.05938909 -0.005939652 0.004738202 -0.05961539 -0.005670752 0.005000242 -0.05229439 -0.005524752 0.005000242 -0.05984859 -0.005524752 0.008660492 -0.05229439 -0.001864452 -0.004999758 -0.05229439 -0.005524752 -0.004999758 -0.05984859 -0.005524752 -0.004737718 -0.05961539 -0.005670752 -0.004199758 -0.05938909 -0.005939652 -0.003122258 -0.05929439 -0.006364452 2.423529e-07 -0.05229439 -0.006864452 2.423529e-07 -0.05929439 -0.006864452 0.003122742 -0.05929439 -0.006364452 -0.009999758 -0.07029439 0.003135548 -0.009999758 -0.05229439 0.003135548 -0.008660008 -0.07029439 0.008135548 -0.008660008 -0.05229439 0.008135548 -0.004999758 -0.07029439 0.0117958 -0.004999758 -0.05229439 0.0117958 2.423529e-07 -0.07029439 0.01313555 2.423529e-07 -0.05229439 0.01313555 0.005000242 -0.07029439 0.0117958 0.005000242 -0.05229439 0.0117958 0.008660492 -0.07029439 0.008135548 0.008660492 -0.05229439 0.008135548 0.01000024 -0.07029439 0.003135548 0.01000024 -0.05229439 0.003135548 0.003500242 -0.09328779 -0.01446445 0.003500242 -0.09986649 -0.01446445 0.003500242 -0.09328779 -0.01336445 0.003500242 -0.09986649 -0.01336445 -0.003499758 -0.09151299 -0.01446445 -0.003499758 -0.08745039 -0.01446445 -0.003499758 -0.09151299 -0.01336445 -0.003499758 -0.08745039 -0.01336445 0.003500242 -0.09151299 -0.01336445 0.003500242 -0.08745039 -0.01336445 0.003500242 -0.09151299 -0.01446445 0.003500242 -0.08745039 -0.01446445 -0.003499758 -0.09328779 -0.01336445 -0.003499758 -0.09986649 -0.01336445 -0.003499758 -0.09328779 -0.01446445 -0.003499758 -0.09986649 -0.01446445 0.005000242 -0.09409969 0.02303555 0.005000242 -0.09934199 0.02303555 0.005000242 -0.09409969 0.02503655 0.005000242 -0.09934199 0.02503655 0.005000242 -0.09070109 0.02503655 0.005000242 -0.08745039 0.02503655 0.005000242 -0.09070109 0.02303555 0.005000242 -0.08745039 0.02303555 -0.004999758 -0.09070109 0.02303555 -0.004999758 -0.08745039 0.02303555 -0.004999758 -0.09070109 0.02503655 -0.004999758 -0.08745039 0.02503655 -0.004999758 -0.09409969 0.02503655 -0.004999758 -0.09934199 0.02503655 -0.004999758 -0.09409969 0.02303555 -0.004999758 -0.09934199 0.02303555 0.01040024 -0.09508259 0.02303555 0.01040024 -0.09508259 0.02163555 0.01194584 -0.09232009 0.02163555 0.01285214 -0.08633729 0.02163555 0.01110024 -0.08087769 0.02163555 0.01158084 -0.08176719 0.02175862 0.01196624 -0.08263119 0.02213555 0.01205644 -0.08286159 0.02234294 0.01210024 -0.08297829 0.02263555 0.003025762 -0.09999059 0.02503655 0.005000242 -0.09934199 0.02503655 0.005882502 -0.09893119 0.02553655 0.005000242 -0.09934199 0.02303555 0.008411102 -0.09723139 0.02303555 0.008411102 -0.09723139 0.02553655 0.003025762 -0.09999059 0.02553655 2.423529e-07 -0.1003504 0.02553655 -0.003025278 -0.09999059 0.02503655 -0.003025278 -0.09999059 0.02553655 -0.004999758 -0.09934199 0.02503655 -0.005882018 -0.09893119 0.02553655 -0.004999758 -0.09934199 0.02303555 -0.008410618 -0.09723139 0.02303555 -0.01194536 -0.09232009 0.02163555 -0.01039976 -0.09508259 0.02163555 -0.01194536 -0.09232009 0.02553655 -0.01039976 -0.09508259 0.02303555 -0.01047006 -0.09498589 0.02553655 -0.008410618 -0.09723139 0.02553655 -0.01285166 -0.08633729 0.02553655 -0.01209976 -0.08297829 0.02553655 -0.01285166 -0.08633729 0.02163555 -0.01209976 -0.08297829 0.02263555 -0.01206636 -0.08288879 0.02237913 -0.01180686 -0.08225399 0.02192844 -0.01109976 -0.08087769 0.02163555 -0.01275426 -0.08938259 0.02553655 0.01047054 -0.09498589 0.02553655 0.01194584 -0.09232009 0.02553655 0.01275474 -0.08938259 0.02553655 0.01285214 -0.08633729 0.02553655 0.01210024 -0.08297829 0.02553655 0.003748162 -0.09119829 0.02703655 0.004950242 -0.09070039 0.02703655 0.004950242 -0.08420039 0.02703655 0.009253022 -0.09410969 0.02703655 0.006650242 -0.09240039 0.02703655 0.007433092 -0.09609409 0.02703655 0.006152322 -0.09360249 0.02703655 0.005198522 -0.09759619 0.02703655 0.004950242 -0.09410039 0.02703655 0.002673962 -0.09853239 0.02703655 0.003748162 -0.09360249 0.02703655 0.01135774 -0.08646669 0.02703655 0.006152322 -0.09119829 0.02703655 0.01127164 -0.08915789 0.02703655 0.01055674 -0.09175379 0.02703655 -0.006649758 -0.09240039 0.02703655 -0.009252538 -0.09410969 0.02703655 -0.006151838 -0.09360249 0.02703655 -0.007432608 -0.09609409 0.02703655 -0.004949758 -0.09410039 0.02703655 -0.005198038 -0.09759619 0.02703655 -0.003747678 -0.09360249 0.02703655 -0.002673478 -0.09853239 0.02703655 2.423529e-07 -0.09885039 0.02703655 0.006152322 -0.08370249 0.02703655 -0.01135726 -0.08646669 0.02703655 -0.006151838 -0.08370249 0.02703655 -0.006649758 -0.08250039 0.02703655 -0.006151838 -0.09119829 0.02703655 -0.01127116 -0.08915789 0.02703655 -0.01055626 -0.09175379 0.02703655 -0.006151838 -0.08129829 0.02703655 -0.01059976 -0.07058249 0.02703655 -0.01059976 -0.08325519 0.02703655 -0.003249758 -0.09240039 0.02703655 0.003250242 -0.09240039 0.02703655 -0.003747678 -0.09119829 0.02703655 0.003748162 -0.08370249 0.02703655 -0.004949758 -0.08420039 0.02703655 -0.004949758 -0.09070039 0.02703655 -0.003747678 -0.08370249 0.02703655 -0.003747678 -0.08129829 0.02703655 0.01055614 -0.07058189 0.02703655 -0.004949758 -0.08080039 0.02703655 2.423529e-07 -0.07051459 0.02703655 -0.01055566 -0.07058189 0.02703655 0.006650242 -0.08250039 0.02703655 0.01060024 -0.08325519 0.02703655 0.006152322 -0.08129829 0.02703655 0.01060024 -0.07058249 0.02703655 0.004950242 -0.08080039 0.02703655 0.003748162 -0.08129829 0.02703655 0.003250242 -0.08250039 0.02703655 -0.003249758 -0.08250039 0.02703655 0.01194584 -0.09232009 0.02163555 0.01040024 -0.09508259 0.02163555 0.01285214 -0.08633729 0.02163555 0.01040024 -0.08745039 0.02163555 0.01110024 -0.08087769 0.02163555 0.009006902 -0.08225039 0.02163555 0.01110024 -0.07429439 0.02163555 -0.01039976 -0.09508259 0.02163555 -0.01194536 -0.09232009 0.02163555 -0.01039976 -0.08745039 0.02163555 -0.01285166 -0.08633729 0.02163555 -0.009006418 -0.08225039 0.02163555 -0.01109976 -0.08087769 0.02163555 -0.005199758 -0.07844369 0.02163555 -0.01109976 -0.07429439 0.02163555 2.423529e-07 -0.07705039 0.02163555 0.005200242 -0.07844369 0.02163555 -0.005199758 -0.07844369 0.02303555 2.423529e-07 -0.07705039 0.02303555 -0.003747678 -0.08129829 0.02303555 -0.004999758 -0.09409969 0.02303555 -0.004999758 -0.09934199 0.02303555 -0.006151838 -0.09360249 0.02303555 -0.008410618 -0.09723139 0.02303555 -0.006649758 -0.09240039 0.02303555 -0.01039976 -0.09508259 0.02303555 -0.006151838 -0.09119829 0.02303555 -0.01039976 -0.08745039 0.02303555 -0.004949758 -0.08420039 0.02303555 -0.004949758 -0.08080039 0.02303555 -0.006151838 -0.08129829 0.02303555 -0.009006418 -0.08225039 0.02303555 -0.006649758 -0.08250039 0.02303555 -0.006151838 -0.08370249 0.02303555 0.006152322 -0.08370249 0.02303555 0.006650242 -0.09240039 0.02303555 0.004950242 -0.08420039 0.02303555 0.006152322 -0.09119829 0.02303555 -0.004999758 -0.09070109 0.02303555 -0.004999758 -0.08745039 0.02303555 -0.004044838 -0.08451149 0.02303555 -0.003747678 -0.08370249 0.02303555 -0.001544838 -0.08269509 0.02303555 -0.003249758 -0.08250039 0.02303555 0.005000242 -0.09070109 0.02303555 0.005000242 -0.08745039 0.02303555 0.004045322 -0.08451149 0.02303555 0.003748162 -0.08370249 0.02303555 0.001545322 -0.08269509 0.02303555 0.003250242 -0.08250039 0.02303555 0.005000242 -0.09934199 0.02303555 0.005000242 -0.09409969 0.02303555 0.008411102 -0.09723139 0.02303555 0.006152322 -0.09360249 0.02303555 0.01040024 -0.09508259 0.02303555 0.01040024 -0.08745039 0.02303555 0.009006902 -0.08225039 0.02303555 0.006650242 -0.08250039 0.02303555 0.006152322 -0.08129829 0.02303555 0.005200242 -0.07844369 0.02303555 0.004950242 -0.08080039 0.02303555 0.003748162 -0.08129829 0.02303555 -0.01039976 -0.08745039 0.02303555 -0.01039976 -0.08745039 0.02163555 -0.009006418 -0.08225039 0.02303555 -0.009006418 -0.08225039 0.02163555 -0.005199758 -0.07844369 0.02303555 -0.005199758 -0.07844369 0.02163555 2.423529e-07 -0.07705039 0.02303555 2.423529e-07 -0.07705039 0.02163555 0.005200242 -0.07844369 0.02303555 0.005200242 -0.07844369 0.02163555 0.009006902 -0.08225039 0.02303555 0.009006902 -0.08225039 0.02163555 0.01040024 -0.08745039 0.02303555 0.01040024 -0.08745039 0.02163555 0.005000242 -0.08745039 0.02503655 0.005000242 -0.09070109 0.02503655 0.004950242 -0.09070039 0.02503655 -0.003747678 -0.09360249 0.02503655 0.003025762 -0.09999059 0.02503655 -0.004949758 -0.09410039 0.02503655 -0.003025278 -0.09999059 0.02503655 -0.004999758 -0.09409969 0.02503655 -0.004999758 -0.09934199 0.02503655 -0.003249758 -0.09240039 0.02503655 0.003250242 -0.09240039 0.02503655 0.003748162 -0.09360249 0.02503655 0.003748162 -0.09119829 0.02503655 -0.003747678 -0.09119829 0.02503655 0.004045322 -0.08451149 0.02503655 0.001545322 -0.08269509 0.02503655 -0.001544838 -0.08269509 0.02503655 -0.004044838 -0.08451149 0.02503655 -0.004949758 -0.09070039 0.02503655 -0.004999758 -0.08745039 0.02503655 -0.004999758 -0.09070109 0.02503655 0.005000242 -0.09409969 0.02503655 0.005000242 -0.09934199 0.02503655 0.004950242 -0.09410039 0.02503655 -0.004044838 -0.08451149 0.02503655 -0.004044838 -0.08451149 0.02303555 -0.001544838 -0.08269509 0.02503655 -0.001544838 -0.08269509 0.02303555 0.001545322 -0.08269509 0.02503655 0.001545322 -0.08269509 0.02303555 0.004045322 -0.08451149 0.02503655 0.004045322 -0.08451149 0.02303555 0.01210024 -0.07029439 0.02553655 0.01210024 -0.08297829 0.02553655 0.01210024 -0.08297829 0.02263555 0.01210024 -0.07029439 0.02063555 0.01210024 -0.07029439 0.02163555 0.01210024 -0.07202849 0.02209264 0.01210024 -0.07429439 0.02263555 -0.01209976 -0.07029439 0.02163555 -0.01209976 -0.07029439 0.02063555 -0.01209976 -0.07075889 0.02117108 -0.01209976 -0.07029439 0.02553655 -0.01209976 -0.08297829 0.02263555 -0.01209976 -0.08297829 0.02553655 -0.01209976 -0.07429439 0.02263555 -0.01209976 -0.07238099 0.02225495 -0.01048416 -0.06129439 -0.01518225 -0.01049526 -0.06135609 -0.01519655 -0.01137846 -0.06135609 -0.01325295 -0.01293426 -0.06588699 -0.006375852 -0.01225366 -0.06948129 -0.006225052 -0.01231826 -0.06959239 -0.000718252 -0.01221396 -0.06942489 -0.008191252 -0.01209956 -0.07030029 -0.01113795 -0.01209976 -0.07029439 -0.01116445 -0.01216986 -0.06588699 -0.01145235 -0.01209936 -0.07030629 -0.01113145 -0.01209976 -0.07029439 -0.01111495 -0.01215006 -0.06965389 -0.009840052 -0.01171456 -0.06814869 -0.01676805 -0.01209406 -0.07025119 -0.01589455 -0.01130856 -0.06588699 -0.01624475 -0.01209976 -0.07029439 -0.01576445 -0.01209976 -0.07029439 -0.01216445 -0.01101286 -0.05682529 0.0197754 -0.01064736 -0.05229439 0.01826432 -0.01308126 -0.05229439 0.01621703 -0.008869168 -0.05229439 0.01937207 -0.009671748 -0.05676839 0.02127637 -0.009681958 -0.05682529 0.02130061 -0.01209906 -0.07030979 0.02059281 -0.01209966 -0.07029689 0.02061377 -0.01209976 -0.07029439 0.02057158 -0.01216986 -0.06588699 0.02036725 -0.01215356 -0.06965579 0.01931112 -0.01221766 -0.06942379 0.01766218 -0.01209086 -0.07022709 0.02569992 -0.01182956 -0.06878889 0.02639544 -0.01209976 -0.07029439 0.02553655 -0.01130856 -0.06588699 0.02515963 -0.01209976 -0.07029439 0.02163555 -0.01209976 -0.07029439 0.02063555 -0.01225456 -0.06947719 0.01583364 -0.01293426 -0.06588699 0.01529071 -0.01231886 -0.06959069 0.01034397 -0.01527776 -0.06135609 0.004016848 -0.01488236 -0.06135609 0.009470748 -0.01629296 -0.05682529 0.008987748 -0.01379216 -0.06135609 0.01460133 -0.01224186 -0.06135609 0.01920388 -0.01465006 -0.05682529 0.01391195 -0.01231396 -0.05682529 0.0180405 -0.01049526 -0.06135609 0.02323012 -0.01550786 -0.05229439 0.01322257 -0.01709156 -0.05229439 0.01021515 -0.01849976 -0.05229439 0.003135548 -0.01770346 -0.05229439 -0.002233552 -0.01629296 -0.05682529 -0.001835352 -0.01709156 -0.05229439 -0.003944052 -0.01465006 -0.05682529 -0.006759552 -0.01550786 -0.05229439 -0.006951452 -0.01354296 -0.05682529 -0.008932452 -0.01308126 -0.05229439 -0.009945952 -0.01231396 -0.05682529 -0.01088815 -0.01064736 -0.05229439 -0.01199315 -0.01101286 -0.05682529 -0.01262305 -0.008869148 -0.05229439 -0.01310095 -0.009681958 -0.05682529 -0.01414825 -0.01770346 -0.05229439 0.008504648 -0.01488236 -0.06135609 -0.001437152 -0.01379216 -0.06135609 -0.006567752 -0.01224186 -0.06135609 -0.01117025 -0.01233616 -0.06962939 0.004735448 0.01130904 -0.06588699 0.02515963 0.01049574 -0.06135609 0.02323012 0.005345072 -0.06124229 0.02402203 0.008869632 -0.05229439 0.01937204 0.007079882 -0.05229439 0.02022732 0.009682442 -0.05682529 0.02130061 0.01183004 -0.06878889 0.02639544 0.01168584 -0.06919159 0.02657164 0.01116914 -0.07002039 0.02692448 0.01056274 -0.07002629 0.02692984 2.423529e-07 -0.06124229 0.02432042 2.423529e-07 -0.07008349 0.02697327 -0.01168536 -0.06919159 0.02657164 -0.01116866 -0.07002039 0.02692448 -0.01056226 -0.07002629 0.02692984 -0.01130856 -0.06588699 0.02515963 -0.01182956 -0.06878889 0.02639544 -0.006030868 -0.07006339 0.02695963 -0.01049526 -0.06135609 0.02323012 -0.005344588 -0.06124229 0.02402203 -0.009681958 -0.05682529 0.02130061 -0.004996058 -0.05676839 0.02253212 -0.009671748 -0.05676839 0.02127637 0.004648022 -0.05229439 0.0210422 2.423529e-07 -0.05229439 0.02163555 -0.004647538 -0.05229439 0.0210422 -0.007079398 -0.05229439 0.02022732 0.007079882 -0.05229439 -0.01395625 0.008869652 -0.05229439 -0.01310095 0.009676902 -0.05679439 -0.01414115 0.01130904 -0.06588699 -0.01624475 0.01171504 -0.06814869 -0.01676805 0.007960402 -0.06637909 -0.01660565 0.01090834 -0.07014169 -0.01723245 0.006685662 -0.06747189 -0.01684465 0.009262172 -0.07016119 -0.01724025 0.005166552 -0.06806909 -0.01697265 0.008811492 -0.06492149 -0.01626875 0.009131682 -0.06328629 -0.01589505 0.01049574 -0.06135609 -0.01519655 0.009141072 -0.06288379 -0.01580675 0.009021922 -0.06170679 -0.01556645 0.009682442 -0.05682529 -0.01414825 0.008448422 -0.06032069 -0.01536815 0.007398912 -0.05916029 -0.01533955 0.005961302 -0.05840229 -0.01547785 0.004998572 -0.05679439 -0.01539445 0.004330822 -0.05815899 -0.01569575 -0.0001286356 -0.05818939 -0.01598645 -0.004647538 -0.05229439 -0.01477105 -0.005598688 -0.05829999 -0.01552435 -0.007079398 -0.05229439 -0.01395625 -0.007019438 -0.05889519 -0.01536475 -0.009261748 -0.07016119 -0.01724025 -0.01090786 -0.07014169 -0.01723245 -0.01171456 -0.06814869 -0.01676805 -0.009681958 -0.05682529 -0.01414825 -0.008164688 -0.05991929 -0.01533895 -0.01048416 -0.06129439 -0.01518225 -0.008913798 -0.06131899 -0.01549915 -0.01049526 -0.06135609 -0.01519655 -0.009140588 -0.06288379 -0.01580675 -0.01130856 -0.06588699 -0.01624475 -0.007208278 -0.06711069 -0.01676735 -0.008298918 -0.06592319 -0.01650185 -0.008965498 -0.06444099 -0.01615665 -0.009131198 -0.06328629 -0.01589505 -0.005797948 -0.06789119 -0.01693325 -0.004216628 -0.06817179 -0.01700415 2.423529e-07 -0.07021589 -0.01725615 2.423529e-07 -0.06818939 -0.01704225 0.004217112 -0.06817179 -0.01700415 0.004648022 -0.05229439 -0.01477105 2.423529e-07 -0.05229439 -0.01536445 -0.004330338 -0.05815899 -0.01569575 0.01629344 -0.05682529 0.008987748 0.01488284 -0.06135609 0.009470748 0.01527824 -0.06135609 0.004016848 0.01049574 -0.06135609 0.02323012 0.01137894 -0.06135609 0.02128658 0.01101334 -0.05682529 0.0197754 0.01183004 -0.06878889 0.02639544 0.01209204 -0.07023259 0.02569293 0.01130904 -0.06588699 0.02515963 0.01210024 -0.07029439 0.02553655 0.01217034 -0.06588699 0.02036725 0.01064784 -0.05229439 0.01826432 0.009682442 -0.05682529 0.02130061 0.01465054 -0.05682529 -0.006759552 0.01231444 -0.05682529 -0.01088815 0.01308174 -0.05229439 -0.009945952 0.01209984 -0.07030629 -0.01113145 0.01210014 -0.07029629 -0.01114765 0.01210024 -0.07029439 -0.01111495 0.01217034 -0.06588699 -0.01145235 0.01209144 -0.07022799 -0.01592645 0.01171504 -0.06814869 -0.01676805 0.01210024 -0.07029439 -0.01576445 0.01130904 -0.06588699 -0.01624475 0.01210024 -0.07029439 -0.01216445 0.01210024 -0.07029439 -0.01116445 0.01231874 -0.06959239 -0.000718252 0.01225414 -0.06948129 -0.006225052 0.01293474 -0.06588699 -0.006375852 0.01221444 -0.06942489 -0.008191252 0.01215054 -0.06965389 -0.009840052 0.01209984 -0.07030209 0.02060125 0.01293474 -0.06588699 0.01529071 0.01210024 -0.07029439 0.02063555 0.01210024 -0.07029439 0.02163555 0.01209954 -0.07030979 0.02059281 0.01210024 -0.07029439 0.02057158 0.01215404 -0.06965579 0.01931112 0.01221814 -0.06942379 0.01766218 0.01231444 -0.05682529 0.0180405 0.01224234 -0.06135609 0.01920388 0.01354344 -0.05682529 0.01608482 0.01379264 -0.06135609 0.01460133 0.01465054 -0.05682529 0.01391195 0.01064784 -0.05229439 -0.01199315 0.009676902 -0.05679439 -0.01414115 0.01101334 -0.05682529 -0.01262305 0.009682442 -0.05682529 -0.01414825 0.01224234 -0.06135609 -0.01117025 0.01049574 -0.06135609 -0.01519655 0.01550834 -0.05229439 -0.006951452 0.01709204 -0.05229439 -0.003944052 0.01629344 -0.05682529 -0.001835352 0.01770394 -0.05229439 -0.002233552 0.01850024 -0.05229439 0.003135548 0.01379264 -0.06135609 -0.006567752 0.01488284 -0.06135609 -0.001437152 0.01770394 -0.05229439 0.008504648 0.01709204 -0.05229439 0.01021515 0.01550834 -0.05229439 0.01322257 0.01308174 -0.05229439 0.01621703 0.01225504 -0.06947719 0.01583364 0.01231934 -0.06959069 0.01034397 0.01233664 -0.06962939 0.004735448 0.005000242 -0.07029439 -0.005524752 2.423529e-07 -0.07029439 -0.006864452 0.01122334 -0.07029439 -0.008164452 -0.01122286 -0.07029439 -0.008164452 -0.004999758 -0.07029439 -0.005524752 -0.008660008 -0.07029439 -0.001864452 -0.01139396 -0.07029439 0.004735548 -0.009999758 -0.07029439 0.003135548 -0.01122636 -0.07029439 0.01763555 -0.008660008 -0.07029439 0.008135548 -0.004999758 -0.07029439 0.0117958 2.423529e-07 -0.07029439 0.01313555 0.01122684 -0.07029439 0.01763555 0.005000242 -0.07029439 0.0117958 0.008660492 -0.07029439 0.008135548 0.01139444 -0.07029439 0.004735548 0.01000024 -0.07029439 0.003135548 0.008660492 -0.07029439 -0.001864452 -0.01039976 -0.09508259 -0.01336445 -0.01039976 -0.09508259 -0.01216445 -0.01194536 -0.09232009 -0.01216445 -0.01285166 -0.08633729 -0.01216445 -0.01109976 -0.08087769 -0.01216445 -0.01158036 -0.08176719 -0.01228755 -0.01196576 -0.08263119 -0.01266445 -0.01205596 -0.08286159 -0.01287185 -0.01209976 -0.08297829 -0.01316445 -0.003025278 -0.09999059 -0.01446445 -0.003499758 -0.09986649 -0.01446445 -0.005882018 -0.09893119 -0.01576445 -0.003499758 -0.09986649 -0.01336445 -0.008410618 -0.09723139 -0.01336445 -0.008410618 -0.09723139 -0.01576445 -0.003025278 -0.09999059 -0.01576445 2.423529e-07 -0.1003504 -0.01576445 0.003025762 -0.09999059 -0.01446445 0.003025762 -0.09999059 -0.01576445 0.003500242 -0.09986649 -0.01446445 0.005882502 -0.09893119 -0.01576445 0.003500242 -0.09986649 -0.01336445 0.008411102 -0.09723139 -0.01336445 0.01194584 -0.09232009 -0.01576445 0.01040024 -0.09508259 -0.01336445 0.01047054 -0.09498589 -0.01576445 0.008411102 -0.09723139 -0.01576445 0.01285214 -0.08633729 -0.01576445 0.01210024 -0.08297829 -0.01576445 0.01285214 -0.08633729 -0.01216445 0.01210024 -0.08297829 -0.01316445 0.01206684 -0.08288879 -0.01290805 0.01180734 -0.08225399 -0.01245735 0.01110024 -0.08087769 -0.01216445 0.01275474 -0.08938259 -0.01576445 0.01194584 -0.09232009 -0.01216445 0.01040024 -0.09508259 -0.01216445 -0.01047006 -0.09498589 -0.01576445 -0.01194536 -0.09232009 -0.01576445 -0.01275426 -0.08938259 -0.01576445 -0.01285166 -0.08633729 -0.01576445 -0.01209976 -0.08297829 -0.01576445 -0.01135726 -0.08646669 -0.01726445 -0.006151838 -0.09119829 -0.01726445 -0.01127116 -0.08915789 -0.01726445 -0.006649758 -0.09240039 -0.01726445 -0.01055626 -0.09175379 -0.01726445 -0.004949758 -0.09070039 -0.01726445 -0.006151838 -0.08370249 -0.01726445 -0.003747678 -0.09119829 -0.01726445 0.003748162 -0.09119829 -0.01726445 -0.003249758 -0.09240039 -0.01726445 0.003250242 -0.09240039 -0.01726445 -0.003747678 -0.09360249 -0.01726445 2.423529e-07 -0.09885039 -0.01726445 -0.002673478 -0.09853239 -0.01726445 0.003748162 -0.09360249 -0.01726445 0.006650242 -0.08250039 -0.01726445 0.006152322 -0.08129829 -0.01726445 0.01060024 -0.07044579 -0.01726445 0.009259072 -0.07042939 -0.01726445 0.004950242 -0.08080039 -0.01726445 2.423529e-07 -0.07037329 -0.01726445 0.003748162 -0.08129829 -0.01726445 -0.009258638 -0.07042939 -0.01726445 -0.004949758 -0.08420039 -0.01726445 0.006152322 -0.09119829 -0.01726445 0.004950242 -0.09070039 -0.01726445 -0.004949758 -0.09410039 -0.01726445 -0.005198038 -0.09759619 -0.01726445 -0.006151838 -0.09360249 -0.01726445 -0.007432608 -0.09609409 -0.01726445 -0.009252538 -0.09410969 -0.01726445 0.01060024 -0.08325519 -0.01726445 0.01135774 -0.08646669 -0.01726445 0.006152322 -0.08370249 -0.01726445 0.006650242 -0.09240039 -0.01726445 0.009253022 -0.09410969 -0.01726445 0.006152322 -0.09360249 -0.01726445 0.007433092 -0.09609409 -0.01726445 0.004950242 -0.09410039 -0.01726445 0.005198522 -0.09759619 -0.01726445 0.002673962 -0.09853239 -0.01726445 0.01127164 -0.08915789 -0.01726445 0.01055674 -0.09175379 -0.01726445 0.004950242 -0.08420039 -0.01726445 0.003748162 -0.08370249 -0.01726445 -0.003747678 -0.08370249 -0.01726445 0.003250242 -0.08250039 -0.01726445 -0.003249758 -0.08250039 -0.01726445 -0.003747678 -0.08129829 -0.01726445 -0.004949758 -0.08080039 -0.01726445 -0.01059976 -0.07044579 -0.01726445 -0.006151838 -0.08129829 -0.01726445 -0.01059976 -0.08325519 -0.01726445 -0.006649758 -0.08250039 -0.01726445 -0.01194536 -0.09232009 -0.01216445 -0.01039976 -0.09508259 -0.01216445 -0.01285166 -0.08633729 -0.01216445 -0.01039976 -0.08745039 -0.01216445 -0.01109976 -0.08087769 -0.01216445 -0.009006418 -0.08225039 -0.01216445 -0.01109976 -0.07429439 -0.01216445 0.01040024 -0.09508259 -0.01216445 0.01194584 -0.09232009 -0.01216445 0.01040024 -0.08745039 -0.01216445 0.01285214 -0.08633729 -0.01216445 0.009006902 -0.08225039 -0.01216445 0.01110024 -0.08087769 -0.01216445 0.005200242 -0.07844369 -0.01216445 0.01110024 -0.07429439 -0.01216445 2.423529e-07 -0.07705039 -0.01216445 -0.005199758 -0.07844369 -0.01216445 -0.01209976 -0.07029439 -0.01576445 -0.01209976 -0.08297829 -0.01576445 -0.01209976 -0.08297829 -0.01316445 -0.01209976 -0.07029439 -0.01116445 -0.01209976 -0.07203239 -0.01262355 -0.01209976 -0.07429439 -0.01316445 0.01210024 -0.08297829 -0.01316445 0.01210024 -0.08297829 -0.01576445 0.01210024 -0.07429439 -0.01316445 0.01210024 -0.07029439 -0.01576445 0.01210024 -0.07238099 -0.01278385 0.01210024 -0.07029439 -0.01116445 0.007611672 0.01360561 -0.01372615 0.009571612 0.01397861 -0.01269605 0.01308174 -0.05229439 -0.009945952 0.01119974 0.01501161 -0.01158935 0.01226694 0.01649561 -0.01071285 0.01268594 0.01840561 -0.01033005 0.01064784 -0.05229439 -0.01199315 0.008869652 -0.05229439 -0.01310095 0.007079882 0.01360561 -0.01395625 0.007079882 -0.05229439 -0.01395625 0.003609412 0.01360561 -0.01500895 0.004648022 -0.05229439 -0.01477105 2.423529e-07 0.01360561 -0.01536445 2.423529e-07 -0.05229439 -0.01536445 -0.003608928 0.01360561 -0.01500895 -0.004647538 -0.05229439 -0.01477105 -0.007079398 0.01360561 -0.01395625 -0.01268546 0.01840561 -0.01033005 -0.01250506 0.01713661 -0.01049775 -0.01308126 -0.05229439 -0.009945952 -0.01200566 0.01600561 -0.01093955 -0.01118676 0.01499961 -0.01159875 -0.01014836 0.01424861 -0.01233235 -0.008939708 0.01377261 -0.01306095 -0.01064736 -0.05229439 -0.01199315 -0.007611188 0.01360561 -0.01372615 -0.008869148 -0.05229439 -0.01310095 -0.007079398 -0.05229439 -0.01395625 -0.01268546 0.02560561 -0.01033005 -0.01308126 0.02560561 -0.009945952 -0.01362106 0.02560561 -0.009382852 -0.01550786 -0.05229439 -0.006951452 -0.01063416 0.02560561 0.01827562 -0.01308126 0.02560561 0.01621703 -0.01308126 -0.05229439 0.01621703 -0.01362106 0.02560561 0.01565398 -0.01550786 -0.05229439 0.01322257 -0.01616006 0.02560561 0.01214085 -0.01709156 -0.05229439 0.01021515 -0.01709156 0.02560561 0.01021515 -0.01770346 -0.05229439 0.008504648 -0.01788566 0.02560561 0.007862348 -0.01849976 -0.05229439 0.003135548 -0.01849976 0.02560561 0.003135548 -0.01770346 -0.05229439 -0.002233552 -0.01788566 0.02560561 -0.001591252 -0.01709156 -0.05229439 -0.003944052 -0.01709156 0.02560561 -0.003944052 -0.01616006 0.02560561 -0.005869752 -0.01064736 -0.05229439 0.01826432 -0.008869168 -0.05229439 0.01937207 -0.007079398 0.02560561 0.02022732 -0.007079398 -0.05229439 0.02022732 -0.005705228 0.02560561 0.02073378 -0.004647538 -0.05229439 0.0210422 2.423529e-07 -0.05229439 0.02163555 0.005705712 0.02560561 0.02073378 0.004648022 -0.05229439 0.0210422 0.007079882 0.02560561 0.02022732 0.007079882 -0.05229439 0.02022732 0.008869632 -0.05229439 0.01937204 0.01063464 0.02560561 0.01827561 0.01064784 -0.05229439 0.01826432 0.01308174 0.02560561 0.01621703 0.01308174 -0.05229439 0.01621703 0.01362154 0.02560561 0.01565398 0.01550834 -0.05229439 0.01322257 0.01616054 0.02560561 0.01214085 0.01709204 0.02560561 0.01021515 0.01709204 -0.05229439 0.01021515 0.01788614 0.02560561 0.007862348 0.01770394 -0.05229439 0.008504648 0.01850024 0.02560561 0.003135548 0.01850024 -0.05229439 0.003135548 0.01788614 0.02560561 -0.001591252 0.01770394 -0.05229439 -0.002233552 0.01709204 0.02560561 -0.003944052 0.01709204 -0.05229439 -0.003944052 0.01616054 0.02560561 -0.005869752 0.01550834 -0.05229439 -0.006951452 0.01362154 0.02560561 -0.009382852 0.01308174 0.02560561 -0.009945952 0.01268594 0.02560561 -0.01033005 0.01200024 0.04270561 -0.006675152 0.01150404 0.04283761 -0.007252552 0.01151894 -0.05229439 -0.007235952 0.01127294 0.04301961 -0.007502852 0.01127294 0.04170561 -0.007502852 0.01123994 0.04144261 -0.007537752 0.01127294 0.03890561 -0.007502852 0.01115054 0.04121161 -0.007631152 0.01116764 0.03993661 -0.007613352 0.01087144 0.04088561 -0.007912852 0.01127294 0.01840561 -0.007502852 0.01089774 0.01648861 -0.007886952 0.009952292 0.01501161 -0.008747452 0.008509952 0.01397961 -0.009819552 0.006763882 0.01360561 -0.01081085 0.006304662 -0.05229439 -0.01102445 0.01474164 0.04270561 -0.001654252 0.01474164 -0.05229439 -0.001654252 0.01541534 0.04270561 0.004755748 0.01541534 -0.05229439 0.004755748 0.01342364 0.04270561 0.01088555 0.01342364 -0.05229439 0.01088555 0.009110912 0.04270561 0.01567531 0.009110912 -0.05229439 0.01567531 0.003222872 0.04270561 0.01829684 0.003222872 -0.05229439 0.01829684 2.423529e-07 -0.05229439 0.01863555 -0.003222388 0.04270561 0.01829684 -0.003222388 -0.05229439 0.01829684 -0.009110428 0.04270561 0.01567531 -0.009110428 -0.05229439 0.01567531 -0.01342316 0.04270561 0.01088555 -0.01342316 -0.05229439 0.01088555 -0.01541486 0.04270561 0.004755748 -0.01541486 -0.05229439 0.004755748 -0.01474116 0.04270561 -0.001654252 -0.01474116 -0.05229439 -0.001654252 -0.01199976 0.04270561 -0.006675152 -0.01151846 -0.05229439 -0.007235952 -0.01150356 0.04283761 -0.007252552 -0.01124046 0.04144661 -0.007536752 -0.01127246 0.03890561 -0.007502852 -0.01115446 0.04122061 -0.007626552 -0.01116616 0.03994161 -0.007614352 -0.01096606 0.04096661 -0.007818452 -0.01087096 0.04088561 -0.007912852 -0.007946198 0.01377361 -0.01017245 -0.009017938 0.01424861 -0.009470852 -0.009940088 0.01499861 -0.008757352 -0.01066836 0.01600561 -0.008108552 -0.01127246 0.04170561 -0.007502852 -0.01127246 0.04301961 -0.007502852 -0.01111056 0.01713061 -0.007671852 -0.01127246 0.01840561 -0.007502852 2.423529e-07 -0.05229439 -0.01236445 -0.003222388 0.01360561 -0.01202575 -0.006304178 -0.05229439 -0.01102445 -0.006304178 0.01360561 -0.01102445 -0.006763398 0.01360561 -0.01081085 0.006304662 0.01360561 -0.01102445 0.003222872 0.01360561 -0.01202575 2.423529e-07 0.01360561 -0.01236445 -0.003222388 -0.05229439 0.01829684 2.423529e-07 -0.05229439 0.01313555 -0.009110428 -0.05229439 0.01567531 -0.004999758 -0.05229439 0.0117958 -0.01342316 -0.05229439 0.01088555 -0.008660008 -0.05229439 0.008135548 -0.01541486 -0.05229439 0.004755748 -0.009999758 -0.05229439 0.003135548 -0.01474116 -0.05229439 -0.001654252 -0.008660008 -0.05229439 -0.001864452 2.423529e-07 -0.05229439 0.01863555 0.003222872 -0.05229439 0.01829684 0.005000242 -0.05229439 0.0117958 0.009110912 -0.05229439 0.01567531 0.008660492 -0.05229439 0.008135548 0.01342364 -0.05229439 0.01088555 0.01000024 -0.05229439 0.003135548 0.01541534 -0.05229439 0.004755748 0.008660492 -0.05229439 -0.001864452 0.01474164 -0.05229439 -0.001654252 0.01151894 -0.05229439 -0.007235952 0.005000242 -0.05229439 -0.005524752 0.006304662 -0.05229439 -0.01102445 2.423529e-07 -0.05229439 -0.006864452 2.423529e-07 -0.05229439 -0.01236445 -0.004999758 -0.05229439 -0.005524752 -0.006304178 -0.05229439 -0.01102445 -0.01151846 -0.05229439 -0.007235952 0.01040024 -0.09508259 0.02303555 0.01040024 -0.09508259 0.02163555 -0.01039976 -0.09508259 0.02163555 -0.01039976 -0.09508259 0.02303555 -0.006649758 -0.08250039 0.02703655 -0.006649758 -0.08250039 0.02303555 -0.006151838 -0.08129829 0.02703655 -0.006151838 -0.08129829 0.02303555 -0.004949758 -0.08080039 0.02703655 -0.004949758 -0.08080039 0.02303555 -0.003747678 -0.08129829 0.02703655 -0.003747678 -0.08129829 0.02303555 -0.003249758 -0.08250039 0.02703655 -0.003249758 -0.08250039 0.02303555 -0.003747678 -0.08370249 0.02703655 -0.003747678 -0.08370249 0.02303555 -0.004949758 -0.08420039 0.02703655 -0.004949758 -0.08420039 0.02303555 -0.006151838 -0.08370249 0.02703655 -0.006151838 -0.08370249 0.02303555 0.003250242 -0.08250039 0.02703655 0.003250242 -0.08250039 0.02303555 0.003748162 -0.08129829 0.02703655 0.003748162 -0.08129829 0.02303555 0.004950242 -0.08080039 0.02703655 0.004950242 -0.08080039 0.02303555 0.006152322 -0.08129829 0.02703655 0.006152322 -0.08129829 0.02303555 0.006650242 -0.08250039 0.02703655 0.006650242 -0.08250039 0.02303555 0.006152322 -0.08370249 0.02703655 0.006152322 -0.08370249 0.02303555 0.004950242 -0.08420039 0.02703655 0.004950242 -0.08420039 0.02303555 0.003748162 -0.08370249 0.02703655 0.003748162 -0.08370249 0.02303555 -0.004999758 -0.09409969 0.02503655 -0.004999758 -0.09409969 0.02303555 -0.006151838 -0.09360249 0.02303555 -0.006151838 -0.09360249 0.02703655 -0.004949758 -0.09410039 0.02703655 -0.004949758 -0.09410039 0.02503655 -0.003747678 -0.09360249 0.02503655 -0.003747678 -0.09360249 0.02703655 -0.003249758 -0.09240039 0.02503655 -0.003249758 -0.09240039 0.02703655 -0.003747678 -0.09119829 0.02503655 -0.003747678 -0.09119829 0.02703655 -0.004949758 -0.09070039 0.02503655 -0.004949758 -0.09070039 0.02703655 -0.004999758 -0.09070109 0.02503655 -0.006151838 -0.09119829 0.02703655 -0.004999758 -0.09070109 0.02303555 -0.006649758 -0.09240039 0.02703655 -0.006649758 -0.09240039 0.02303555 -0.006151838 -0.09119829 0.02303555 0.005000242 -0.09070109 0.02503655 0.005000242 -0.09070109 0.02303555 0.006152322 -0.09119829 0.02303555 0.006152322 -0.09119829 0.02703655 0.004950242 -0.09070039 0.02703655 0.004950242 -0.09070039 0.02503655 0.003748162 -0.09119829 0.02503655 0.003748162 -0.09119829 0.02703655 0.003250242 -0.09240039 0.02503655 0.003250242 -0.09240039 0.02703655 0.003748162 -0.09360249 0.02503655 0.003748162 -0.09360249 0.02703655 0.004950242 -0.09410039 0.02503655 0.004950242 -0.09410039 0.02703655 0.005000242 -0.09409969 0.02503655 0.006152322 -0.09360249 0.02703655 0.005000242 -0.09409969 0.02303555 0.006650242 -0.09240039 0.02703655 0.006650242 -0.09240039 0.02303555 0.006152322 -0.09360249 0.02303555 0.003748162 -0.09360249 -0.01336445 0.003500242 -0.09328779 -0.01336445 0.003500242 -0.09986649 -0.01336445 -0.009006418 -0.08225039 -0.01336445 -0.01039976 -0.08745039 -0.01336445 -0.006151838 -0.08370249 -0.01336445 0.005200242 -0.07844369 -0.01336445 2.423529e-07 -0.07705039 -0.01336445 0.003748162 -0.08129829 -0.01336445 0.003500242 -0.08745039 -0.01336445 0.003500242 -0.09151299 -0.01336445 0.003748162 -0.09119829 -0.01336445 0.006152322 -0.08370249 -0.01336445 0.004950242 -0.08420039 -0.01336445 0.004950242 -0.09070039 -0.01336445 0.01040024 -0.08745039 -0.01336445 0.006152322 -0.09119829 -0.01336445 0.01040024 -0.09508259 -0.01336445 0.006650242 -0.09240039 -0.01336445 0.008411102 -0.09723139 -0.01336445 0.006152322 -0.09360249 -0.01336445 0.004950242 -0.09410039 -0.01336445 -0.003499758 -0.09328779 -0.01336445 -0.003747678 -0.09360249 -0.01336445 -0.003499758 -0.09986649 -0.01336445 -0.004949758 -0.09410039 -0.01336445 -0.008410618 -0.09723139 -0.01336445 -0.006151838 -0.09360249 -0.01336445 -0.01039976 -0.09508259 -0.01336445 -0.006649758 -0.09240039 -0.01336445 -0.006151838 -0.09119829 -0.01336445 -0.004949758 -0.09070039 -0.01336445 0.002475112 -0.08497549 -0.01336445 0.003748162 -0.08370249 -0.01336445 2.423529e-07 -0.08395039 -0.01336445 0.004950242 -0.08080039 -0.01336445 0.006152322 -0.08129829 -0.01336445 0.009006902 -0.08225039 -0.01336445 0.006650242 -0.08250039 -0.01336445 -0.003747678 -0.09119829 -0.01336445 -0.003747678 -0.08370249 -0.01336445 -0.004949758 -0.08420039 -0.01336445 -0.006649758 -0.08250039 -0.01336445 -0.006151838 -0.08129829 -0.01336445 -0.005199758 -0.07844369 -0.01336445 -0.004949758 -0.08080039 -0.01336445 -0.003747678 -0.08129829 -0.01336445 -0.003249758 -0.08250039 -0.01336445 0.003250242 -0.08250039 -0.01336445 -0.002474628 -0.08497549 -0.01336445 -0.003499758 -0.08745039 -0.01336445 -0.003499758 -0.09151299 -0.01336445 0.01040024 -0.08745039 -0.01336445 0.01040024 -0.08745039 -0.01216445 0.009006902 -0.08225039 -0.01336445 0.009006902 -0.08225039 -0.01216445 0.005200242 -0.07844369 -0.01336445 0.005200242 -0.07844369 -0.01216445 2.423529e-07 -0.07705039 -0.01336445 2.423529e-07 -0.07705039 -0.01216445 -0.005199758 -0.07844369 -0.01336445 -0.005199758 -0.07844369 -0.01216445 -0.009006418 -0.08225039 -0.01336445 -0.009006418 -0.08225039 -0.01216445 -0.01039976 -0.08745039 -0.01336445 -0.01039976 -0.08745039 -0.01216445 0.01040024 -0.09508259 -0.01216445 0.01040024 -0.09508259 -0.01336445 -0.01039976 -0.09508259 -0.01336445 -0.01039976 -0.09508259 -0.01216445 -0.003499758 -0.09328779 -0.01446445 -0.003499758 -0.09986649 -0.01446445 -0.003025278 -0.09999059 -0.01446445 -0.003249758 -0.09240039 -0.01446445 0.003250242 -0.09240039 -0.01446445 -0.003499758 -0.09151299 -0.01446445 0.003500242 -0.09151299 -0.01446445 -0.003499758 -0.08745039 -0.01446445 0.003500242 -0.09986649 -0.01446445 0.003500242 -0.09328779 -0.01446445 0.003025762 -0.09999059 -0.01446445 2.423529e-07 -0.08395039 -0.01446445 -0.002474628 -0.08497549 -0.01446445 0.002475112 -0.08497549 -0.01446445 0.003500242 -0.08745039 -0.01446445 0.002475112 -0.08497549 -0.01446445 0.002475112 -0.08497549 -0.01336445 2.423529e-07 -0.08395039 -0.01446445 2.423529e-07 -0.08395039 -0.01336445 -0.002474628 -0.08497549 -0.01446445 -0.002474628 -0.08497549 -0.01336445 -0.003249758 -0.08250039 -0.01726445 -0.003249758 -0.08250039 -0.01336445 -0.003747678 -0.08129829 -0.01726445 -0.003747678 -0.08129829 -0.01336445 -0.004949758 -0.08080039 -0.01726445 -0.004949758 -0.08080039 -0.01336445 -0.006151838 -0.08129829 -0.01726445 -0.006151838 -0.08129829 -0.01336445 -0.006649758 -0.08250039 -0.01726445 -0.006649758 -0.08250039 -0.01336445 -0.006151838 -0.08370249 -0.01726445 -0.006151838 -0.08370249 -0.01336445 -0.004949758 -0.08420039 -0.01726445 -0.004949758 -0.08420039 -0.01336445 -0.003747678 -0.08370249 -0.01726445 -0.003747678 -0.08370249 -0.01336445 0.006650242 -0.08250039 -0.01726445 0.006650242 -0.08250039 -0.01336445 0.006152322 -0.08129829 -0.01726445 0.006152322 -0.08129829 -0.01336445 0.004950242 -0.08080039 -0.01726445 0.004950242 -0.08080039 -0.01336445 0.003748162 -0.08129829 -0.01726445 0.003748162 -0.08129829 -0.01336445 0.003250242 -0.08250039 -0.01726445 0.003250242 -0.08250039 -0.01336445 0.003748162 -0.08370249 -0.01726445 0.003748162 -0.08370249 -0.01336445 0.004950242 -0.08420039 -0.01726445 0.004950242 -0.08420039 -0.01336445 0.006152322 -0.08370249 -0.01726445 0.006152322 -0.08370249 -0.01336445 -0.003499758 -0.09151299 -0.01446445 -0.003499758 -0.09151299 -0.01336445 -0.003747678 -0.09119829 -0.01336445 -0.003747678 -0.09360249 -0.01726445 -0.003499758 -0.09328779 -0.01446445 -0.003249758 -0.09240039 -0.01726445 -0.003249758 -0.09240039 -0.01446445 -0.003747678 -0.09119829 -0.01726445 -0.004949758 -0.09070039 -0.01726445 -0.004949758 -0.09070039 -0.01336445 -0.006151838 -0.09119829 -0.01726445 -0.006151838 -0.09119829 -0.01336445 -0.006649758 -0.09240039 -0.01726445 -0.006649758 -0.09240039 -0.01336445 -0.006151838 -0.09360249 -0.01726445 -0.006151838 -0.09360249 -0.01336445 -0.004949758 -0.09410039 -0.01726445 -0.004949758 -0.09410039 -0.01336445 -0.003747678 -0.09360249 -0.01336445 -0.003499758 -0.09328779 -0.01336445 0.003500242 -0.09328779 -0.01446445 0.003500242 -0.09328779 -0.01336445 0.003748162 -0.09360249 -0.01336445 0.003748162 -0.09119829 -0.01726445 0.003500242 -0.09151299 -0.01446445 0.003250242 -0.09240039 -0.01726445 0.003250242 -0.09240039 -0.01446445 0.003748162 -0.09360249 -0.01726445 0.004950242 -0.09410039 -0.01726445 0.004950242 -0.09410039 -0.01336445 0.006152322 -0.09360249 -0.01726445 0.006152322 -0.09360249 -0.01336445 0.006650242 -0.09240039 -0.01726445 0.006650242 -0.09240039 -0.01336445 0.006152322 -0.09119829 -0.01726445 0.006152322 -0.09119829 -0.01336445 0.004950242 -0.09070039 -0.01726445 0.004950242 -0.09070039 -0.01336445 0.003748162 -0.09119829 -0.01336445 0.003500242 -0.09151299 -0.01336445 0.01029314 0.04841261 -0.02726445 0.01100024 0.04870561 -0.02726445 -0.009549758 0.04670561 -0.02726445 0.01000024 0.04770561 -0.02726445 -0.01099976 0.04870561 -0.02726445 -0.01029266 0.04841261 -0.02726445 -0.009999758 0.04770561 -0.02726445 -0.009999758 0.04670561 -0.02726445 0.01000024 0.04670561 -0.02726445 0.009550242 0.04670561 -0.02726445 0.009550242 0.04490561 -0.02726445 -0.009549758 0.04490561 -0.02726445 -0.003137828 0.04490561 0.004685548 -0.003137828 0.04600561 0.004685548 -0.002474628 0.04600561 0.005610448 -0.002474628 0.04270561 0.005610448 -0.003499758 0.04270561 0.003135548 -0.003499758 0.04490561 0.003135548 -0.002474628 0.04490561 0.000660648 -0.002474628 0.04270561 0.000660648 2.423529e-07 0.04490561 -0.000364452 2.423529e-07 0.04270561 -0.000364452 0.002475112 0.04490561 0.000660648 0.002475112 0.04270561 0.000660648 0.003500242 0.04490561 0.003135548 0.003500242 0.04270561 0.003135548 0.003138312 0.04490561 0.004685548 0.002475112 0.04270561 0.005610448 0.003138312 0.04600561 0.004685548 2.423529e-07 0.04270561 0.006635548 2.423529e-07 0.04600561 0.006635548 0.002475112 0.04600561 0.005610448 -0.01279976 0.08420561 0.01333555 -0.01499976 0.08420561 0.01333555 -0.01499976 0.05885261 0.01333555 -0.01279976 0.04970561 0.01333555 -0.01508406 0.05827761 0.01333555 -0.01765576 0.04970561 0.01333555 -0.01476616 0.04925961 -0.03206445 -0.01495936 0.04917161 -0.03206445 -0.01495936 0.05870561 -0.03206445 -0.008999758 0.08420561 -0.03206445 -0.008999758 0.08180561 -0.03206445 -0.01499976 0.08420561 -0.03206445 -0.01179976 0.08180561 -0.03206445 -0.01279976 0.04950361 -0.03206445 -0.01349576 0.04949161 -0.03206445 -0.01279976 0.08007361 -0.03206445 -0.01279976 0.08008061 -0.03206445 -0.01411616 0.04942561 -0.03206445 -0.01180426 0.08180161 -0.03206445 -0.01221696 0.08136861 -0.03206445 -0.01241506 0.08112161 -0.03206445 -0.01260896 0.08080761 -0.03206445 -0.01499976 0.05885261 -0.03206445 -0.01500516 0.05870561 -0.03206445 -0.01895756 0.04884661 -0.02646445 -0.01895756 0.04884661 0.01198691 -0.01889766 0.04904561 0.01198703 -0.01604196 0.05856461 0.01233555 -0.01604196 0.05856461 -0.03100925 -0.01884786 0.04921261 0.01210254 -0.01878726 0.04941361 0.01233107 -0.01878596 0.04941861 0.01233555 -0.01878726 0.04941361 -0.02775855 -0.01828776 0.05107861 -0.02896445 -0.01749316 0.05372761 -0.02999995 0.01500024 0.08420561 0.01333555 0.01280024 0.08420561 0.01333555 0.01500024 0.05885261 0.01333555 0.01280024 0.04970561 0.01333555 0.01508454 0.05827761 0.01333555 0.01765624 0.04970561 0.01333555 0.01749364 0.05372761 -0.02999995 0.01645804 0.05717961 -0.03079455 0.01890924 0.04900861 0.01197693 0.01604244 0.05856461 -0.03100925 0.01884834 0.04921261 0.01210254 0.01604244 0.05856461 0.01233555 0.01878644 0.04941861 0.01233555 0.01878774 0.04941361 0.01233107 0.01895804 0.04884661 -0.02646445 0.01878774 0.04941361 -0.02775855 0.01828824 0.05107861 -0.02896445 0.01895804 0.04884661 0.01198691 0.01495984 0.05870561 -0.03206445 0.01495984 0.04917161 -0.03206445 0.01471224 0.04928061 -0.03206445 0.01339644 0.04949661 -0.03206445 0.01280024 0.04950361 -0.03206445 0.01280024 0.08007361 -0.03206445 0.009000242 0.08180561 -0.03206445 0.009000242 0.08420561 -0.03206445 0.01180024 0.08180561 -0.03206445 0.01500024 0.08420561 -0.03206445 0.01180474 0.08180161 -0.03206445 0.01242364 0.08110961 -0.03206445 0.01500564 0.05870561 -0.03206445 0.01500024 0.05885261 -0.03206445 0.01268584 0.08064061 -0.03206445 -0.004199758 -0.05929439 -0.006364452 -0.004199758 -0.05929439 -0.01471365 -0.003122258 -0.05929439 -0.006364452 -0.0001246716 -0.05929439 -0.01499195 2.423529e-07 -0.05929439 -0.006864452 0.003122742 -0.05929439 -0.006364452 0.004200242 -0.05929439 -0.01471365 0.004200242 -0.05929439 -0.006364452 0.004200242 -0.06729439 -0.006364452 0.004200242 -0.06729439 -0.01601185 0.003122742 -0.06729439 -0.006364452 2.423529e-07 -0.06729439 -0.01604775 2.423529e-07 -0.06729439 -0.006864452 -0.003122258 -0.06729439 -0.006364452 -0.004199758 -0.06729439 -0.01601185 -0.004199758 -0.06729439 -0.006364452 -0.005271268 -0.06050749 -0.005364452 -0.005267588 -0.06050599 -0.005364452 -0.005267588 -0.06608279 -0.005364452 -0.006179658 -0.06547429 -0.005364452 -0.006786618 -0.06456589 -0.005364452 -0.005271268 -0.06608129 -0.005364452 -0.006999758 -0.06349439 -0.005364452 -0.006179658 -0.06111449 -0.005364452 -0.006786618 -0.06202289 -0.005364452 -0.006999758 -0.06309439 -0.005364452 0.005271752 -0.06608129 -0.005364452 0.005268072 -0.06608279 -0.005364452 0.005268072 -0.06050599 -0.005364452 0.006180142 -0.06111449 -0.005364452 0.006787102 -0.06202289 -0.005364452 0.005271752 -0.06050749 -0.005364452 0.007000242 -0.06309439 -0.005364452 0.006180142 -0.06547429 -0.005364452 0.006787102 -0.06456589 -0.005364452 0.007000242 -0.06349439 -0.005364452 -0.007999758 -0.06309439 -0.01483935 -0.007999758 -0.06309439 -0.006364452 -0.007999758 -0.06349439 -0.01492585 -0.007999758 -0.06349439 -0.006364452 0.008000242 -0.06309439 -0.006364452 0.008000242 -0.06309439 -0.01483935 0.008000242 -0.06349439 -0.006364452 0.008000242 -0.06349439 -0.01492585 0.007885012 -0.06216569 -0.01460415 0.007412092 -0.06106359 -0.01440905 0.007710982 -0.06164019 -0.006364452 0.006887602 -0.06040779 -0.01436805 0.006887252 -0.06040739 -0.006364452 0.006577652 -0.06012999 -0.01437735 0.005654442 -0.05958369 -0.006364452 0.005456632 -0.05950809 -0.01450655 0.004948162 -0.06722009 -0.01598155 0.005654442 -0.06700509 -0.006364452 0.007710982 -0.06494859 -0.006364452 0.007777172 -0.06477719 -0.01529205 0.006887252 -0.06618139 -0.006364452 0.007129992 -0.06591439 -0.01562245 0.006139782 -0.06676219 -0.01585665 -0.005653958 -0.06700509 -0.006364452 -0.007890018 -0.06440099 -0.01518215 -0.007710498 -0.06494859 -0.006364452 -0.007389708 -0.06555939 -0.01552055 -0.006886768 -0.06618139 -0.006364452 -0.005444298 -0.06708479 -0.01594325 -0.006547218 -0.06648259 -0.01578095 -0.006888308 -0.06617989 -0.01569725 -0.005176088 -0.05942199 -0.01455055 -0.006279878 -0.05991429 -0.01440045 -0.005653958 -0.05958369 -0.006364452 -0.006886528 -0.06040719 -0.01436805 -0.006886768 -0.06040739 -0.006364452 -0.007184198 -0.06074209 -0.01437955 -0.007710498 -0.06164019 -0.006364452 -0.007793158 -0.06185849 -0.01453815 -0.003430298 0.01460561 -0.01300385 -0.006696718 0.01460561 -0.01303235 -0.006710908 0.01460561 -0.01193795 -0.007199758 0.01460561 -0.01281465 -0.007199758 0.01460561 -0.01171065 0.007200242 0.01460561 -0.01171065 0.007200242 0.01460561 -0.01281465 0.003430782 0.01460561 -0.01300385 0.003414322 0.01460561 -0.01402815 2.423529e-07 0.01460561 -0.01336445 2.423529e-07 0.01460561 -0.01436445 -0.003413838 0.01460561 -0.01402815 -0.01099976 0.01840561 -0.008189252 -0.01099976 0.01840561 -0.009602152 -0.01099976 0.02602361 -0.009602152 -0.01099976 0.03890561 -0.008189252 -0.01099976 0.02656061 -0.01034955 -0.01099976 0.02728361 -0.01139305 -0.01099976 0.03820961 -0.02599025 -0.01099976 0.03890561 -0.02599025 -0.01099976 0.03227761 -0.01886965 -0.01099976 0.03000161 -0.01582355 0.01100024 0.01840561 -0.009602152 0.01100024 0.01840561 -0.008189252 0.01100024 0.02602361 -0.009602152 0.01100024 0.03890561 -0.008189252 0.01100024 0.02656061 -0.01034955 0.01100024 0.03890561 -0.02599025 0.01100024 0.03820961 -0.02599025 0.01100024 0.03227761 -0.01886985 0.01100024 0.03000161 -0.01582355 0.01100024 0.02966261 -0.01521685 -0.01091016 0.03972561 -0.008307952 -0.008106038 0.04259561 -0.02658765 -0.009180208 0.04214861 -0.02607025 -0.008653958 0.04241661 -0.02276445 -0.009886768 0.04159261 -0.02593205 -0.009886768 0.04159261 -0.02276445 -0.01071056 0.04035961 -0.02594285 -0.01066136 0.04047361 -0.02276445 -0.01066136 0.04047361 -0.008625652 0.01071064 0.04036061 -0.02594285 0.01066184 0.04047361 -0.02276445 0.01066184 0.04047361 -0.008625652 0.01091154 0.03972161 -0.008306752 0.009887252 0.04159261 -0.02593205 0.009887252 0.04159261 -0.02276445 0.009180692 0.04214861 -0.02607025 0.008654442 0.04241661 -0.02276445 0.008107672 0.04259561 -0.02658685 0.008667982 0.01490061 -0.01184025 0.008671732 0.01490161 -0.01065535 0.009887252 0.01571861 -0.01079335 0.009887252 0.01571861 -0.009514152 0.01068644 0.01689361 -0.009964252 0.01068404 0.01688761 -0.008598052 -0.01086466 0.01740161 -0.009760852 -0.01086336 0.01739661 -0.008369052 -0.01049066 0.01650561 -0.01017875 -0.01049066 0.01650561 -0.008834052 -0.009876888 0.01570861 -0.009524552 -0.009877418 0.01570961 -0.01080235 -0.009099758 0.01511461 -0.01028425 -0.009099758 0.01511461 -0.01149625 -0.008196558 0.01473861 -0.01103105 -0.008194658 0.01473861 -0.01218545 -0.01494136 0.04241961 -0.03214165 -0.01649886 0.04173361 -0.03133855 -0.01535126 0.04870561 -0.03198445 -0.01894006 0.04253861 -0.02730905 -0.01879536 0.04912661 -0.02801735 -0.01671946 0.04159561 -0.03117225 -0.01819596 0.05079161 -0.02946445 -0.01793916 0.04053761 -0.02987065 -0.01868486 0.04192461 -0.02838285 -0.01550096 0.05827761 -0.03191825 -0.01540626 0.05870561 -0.03196075 -0.01535126 0.05870561 -0.03198445 -0.01724236 0.05344061 -0.03070705 -0.01344936 0.04870561 -0.03244755 -0.01341726 0.04269261 -0.03244995 -0.01534406 0.04870561 -0.03198745 -0.01470756 0.04870561 -0.03221625 -0.01455096 0.04870561 -0.03226045 -0.01400046 0.04870561 -0.03238045 0.01808704 0.04053161 0.01881749 0.01873664 0.04200861 0.01739452 0.01819644 0.04770561 0.01863555 0.01894634 0.04255361 0.01643775 0.01879584 0.04770561 0.01718846 0.01600024 0.04770561 0.0208317 0.01638944 0.03736961 0.02058664 0.01692474 0.03829061 0.02017408 0.01724284 0.04770561 0.01987819 0.01455314 0.04770561 0.0214311 0.01321694 0.04266661 0.02163164 0.01392834 0.04206961 0.02156334 0.01464474 0.04250061 -0.03223465 0.01450674 0.04870561 -0.03227225 0.01470804 0.04870561 -0.03221625 0.01534454 0.04870561 -0.03198745 0.01535174 0.04870561 -0.03198445 0.01608974 0.04196061 -0.03160795 0.01879584 0.04912661 -0.02801735 0.01893354 0.04252061 -0.02735685 0.01873764 0.04204261 -0.02821995 0.01867614 0.04190461 -0.02840985 0.01793964 0.04053761 -0.02987065 0.01819644 0.05079161 -0.02946445 0.01746164 0.04102461 -0.03047645 0.01724284 0.05344061 -0.03070705 0.01600024 0.05689261 -0.03166065 0.01550144 0.05827761 -0.03191825 0.01535174 0.05870561 -0.03198445 0.01540674 0.05870561 -0.03196075 -0.01763886 0.03962161 0.01944059 -0.01638896 0.03736961 0.02058664 -0.01575196 0.03875361 0.02096711 -0.01423526 0.04164161 0.02150696 -0.01356206 0.04245661 0.02160914 -0.01599976 0.04770561 0.0208317 -0.01325696 0.04265061 0.02163003 -0.01455266 0.04770561 0.0214311 -0.01879536 0.04770561 0.01718846 -0.01892896 0.04250661 0.01655441 -0.01819596 0.04770561 0.01863555 -0.01862156 0.04173061 0.017732 -0.01818106 0.04073361 0.01866116 -0.01724236 0.04770561 0.01987819 -0.008764838 0.08480561 -0.02734935 -0.008599758 0.08480561 -0.02716345 -0.008599758 0.08480561 -0.03106445 -0.01339976 0.08480561 -0.02036445 -0.01539976 0.08480561 -0.03106445 -0.01539976 0.08480561 0.01233555 -0.01528256 0.08480561 0.01261839 -0.01499976 0.08480561 0.01273555 -0.01339976 0.08480561 0.01273555 -0.008716918 0.08480561 -0.03134725 -0.008999758 0.08480561 -0.03146445 -0.008999758 0.08480561 -0.02036445 -0.01024976 0.08480561 -0.02376445 -0.01173466 0.08480561 -0.02437955 -0.01234976 0.08480561 -0.02586445 -0.01173466 0.08480561 -0.02734935 -0.01534736 0.08480561 -0.03126245 -0.01520076 0.08480561 -0.03141025 -0.01024976 0.08480561 -0.02796445 -0.01499976 0.08480561 -0.03146445 -0.008716918 0.08480561 -0.02048165 -0.008599758 0.08480561 -0.02076445 -0.008764838 0.08480561 -0.02437955 -0.008599758 0.08480561 -0.02456545 -0.01589496 0.05870561 -0.03150535 -0.01601046 0.05870561 -0.03105105 -0.01597476 0.05870561 -0.03132845 -0.01500516 0.05870561 -0.03206445 -0.01495936 0.05870561 -0.03206445 -0.01535126 0.05870561 -0.03198445 -0.01574926 0.05870561 -0.03171375 -0.01583396 0.05870561 -0.03162965 -0.01559276 0.05870561 -0.03187525 -0.01580346 0.05870561 -0.03164865 -0.01591696 0.05870561 -0.03148495 -0.01528866 0.05870561 -0.03202365 -0.01540626 0.05870561 -0.03196075 -0.01568936 0.05870561 -0.03177455 -0.01599976 0.05885261 -0.03104705 -0.01599976 0.05885261 0.01233555 -0.01599976 0.08420561 -0.03104705 -0.01599976 0.08420561 0.01233555 -0.007999758 0.08420561 -0.02076445 -0.007999758 0.08180561 -0.02076445 -0.007999758 0.08420561 -0.03106445 -0.007999758 0.08180561 -0.03106445 -0.009401228 0.08080561 -0.02671295 -0.01024976 0.08080561 -0.02706445 -0.008999758 0.08080561 -0.03106445 -0.01179976 0.08080561 -0.03106445 -0.009049758 0.08080561 -0.02586445 -0.008999758 0.08080561 -0.02076445 -0.009401228 0.08080561 -0.02501595 -0.01109826 0.08080561 -0.02671295 -0.01144976 0.08080561 -0.02586445 -0.01179976 0.08080561 -0.02076445 -0.01109826 0.08080561 -0.02501595 -0.01024976 0.08080561 -0.02466445 -0.01179976 0.08180561 -0.01976445 -0.008999758 0.08180561 -0.01976445 -0.01179976 0.08420561 -0.01976445 -0.008999758 0.08420561 -0.01976445 0.01600024 0.08420561 -0.03104705 0.01600024 0.08420561 0.01233555 0.01600024 0.05885261 -0.03104705 0.01600024 0.05885261 0.01233555 0.01597464 0.05870561 -0.03133035 0.01601094 0.05870561 -0.03105105 0.01594954 0.05870561 -0.03138335 0.01583044 0.05870561 -0.03163535 0.01578174 0.05870561 -0.03167665 0.01559324 0.05870561 -0.03187525 0.01561164 0.05870561 -0.03184035 0.01540674 0.05870561 -0.03196075 0.01533904 0.05870561 -0.03200765 0.01535174 0.05870561 -0.03198445 0.01500564 0.05870561 -0.03206445 0.01495984 0.05870561 -0.03206445 0.01540024 0.08480561 0.01233555 0.01540024 0.08480561 -0.03106445 0.01340024 0.08480561 -0.02036445 0.01528304 0.08480561 0.01261839 0.01500024 0.08480561 0.01273555 0.01340024 0.08480561 0.01273555 0.009000242 0.08480561 -0.03146445 0.01025024 0.08480561 -0.02796445 0.01500024 0.08480561 -0.03146445 0.01173514 0.08480561 -0.02734935 0.008600242 0.08480561 -0.02076445 0.008717402 0.08480561 -0.02048165 0.009000242 0.08480561 -0.02036445 0.008717402 0.08480561 -0.03134725 0.008600242 0.08480561 -0.03106445 0.008765322 0.08480561 -0.02734935 0.008600242 0.08480561 -0.02716345 0.01520124 0.08480561 -0.03141025 0.01534784 0.08480561 -0.03126245 0.01235024 0.08480561 -0.02586445 0.01173514 0.08480561 -0.02437955 0.01025024 0.08480561 -0.02376445 0.008765322 0.08480561 -0.02437955 0.008600242 0.08480561 -0.02456545 0.008000242 0.08420561 -0.03106445 0.008000242 0.08180561 -0.03106445 0.008000242 0.08420561 -0.02076445 0.008000242 0.08180561 -0.02076445 0.009000242 0.08080561 -0.02076445 0.009000242 0.08080561 -0.03106445 0.009050242 0.08080561 -0.02586445 0.009401712 0.08080561 -0.02671295 0.01180024 0.08080561 -0.02076445 0.01145024 0.08080561 -0.02586445 0.01180024 0.08080561 -0.03106445 0.01109874 0.08080561 -0.02671295 0.01025024 0.08080561 -0.02706445 0.009401712 0.08080561 -0.02501595 0.01025024 0.08080561 -0.02466445 0.01109874 0.08080561 -0.02501595 0.01180024 0.08420561 -0.01976445 0.009000242 0.08420561 -0.01976445 0.01180024 0.08180561 -0.01976445 0.009000242 0.08180561 -0.01976445 0.01145024 0.08280561 -0.02586445 0.01235024 0.08280561 -0.02586445 0.01109874 0.08280561 -0.02671295 0.01173514 0.08280561 -0.02734935 0.01025024 0.08280561 -0.02706445 0.01025024 0.08280561 -0.02796445 0.009401712 0.08280561 -0.02671295 0.008765322 0.08280561 -0.02734935 0.009050242 0.08280561 -0.02586445 0.008150242 0.08280561 -0.02586445 0.009401712 0.08280561 -0.02501595 0.008765322 0.08280561 -0.02437955 0.01025024 0.08280561 -0.02466445 0.01025024 0.08280561 -0.02376445 0.01109874 0.08280561 -0.02501595 0.01173514 0.08280561 -0.02437955 -0.009049758 0.08280561 -0.02586445 -0.008149758 0.08280561 -0.02586445 -0.009401228 0.08280561 -0.02671295 -0.008764838 0.08280561 -0.02734935 -0.01024976 0.08280561 -0.02706445 -0.01024976 0.08280561 -0.02796445 -0.01109826 0.08280561 -0.02671295 -0.01173466 0.08280561 -0.02734935 -0.01144976 0.08280561 -0.02586445 -0.01234976 0.08280561 -0.02586445 -0.01109826 0.08280561 -0.02501595 -0.01173466 0.08280561 -0.02437955 -0.01024976 0.08280561 -0.02466445 -0.01024976 0.08280561 -0.02376445 -0.009401228 0.08280561 -0.02501595 -0.008764838 0.08280561 -0.02437955 0.008150242 0.08280561 -0.02586445 0.008765322 0.08280561 -0.02734935 0.008600242 0.08480561 -0.02716345 0.008150242 0.08460261 -0.02586445 0.008600242 0.08480561 -0.02456545 0.008765322 0.08280561 -0.02437955 0.008765322 0.08480561 -0.02437955 0.01025024 0.08280561 -0.02376445 0.01025024 0.08480561 -0.02376445 0.01173514 0.08280561 -0.02437955 0.01173514 0.08480561 -0.02437955 0.01235024 0.08280561 -0.02586445 0.01235024 0.08480561 -0.02586445 0.01173514 0.08280561 -0.02734935 0.01173514 0.08480561 -0.02734935 0.01025024 0.08280561 -0.02796445 0.01025024 0.08480561 -0.02796445 0.008765322 0.08480561 -0.02734935 -0.008149758 0.08280561 -0.02586445 -0.008764838 0.08280561 -0.02437955 -0.008599758 0.08480561 -0.02456545 -0.008149758 0.08460261 -0.02586445 -0.008599758 0.08480561 -0.02716345 -0.008764838 0.08280561 -0.02734935 -0.008764838 0.08480561 -0.02734935 -0.01024976 0.08280561 -0.02796445 -0.01024976 0.08480561 -0.02796445 -0.01173466 0.08280561 -0.02734935 -0.01173466 0.08480561 -0.02734935 -0.01234976 0.08280561 -0.02586445 -0.01234976 0.08480561 -0.02586445 -0.01173466 0.08280561 -0.02437955 -0.01173466 0.08480561 -0.02437955 -0.01024976 0.08280561 -0.02376445 -0.01024976 0.08480561 -0.02376445 -0.008764838 0.08480561 -0.02437955 0.003800242 0.04600561 0.004685548 0.003800242 0.04600561 0.01873555 0.003800242 0.04870561 0.004685548 0.003800242 0.04770561 0.01873555 0.003800242 0.04870561 0.0190035 -0.003799758 0.04600561 0.01873555 -0.003799758 0.04600561 0.004685548 -0.003799758 0.04770561 0.01873555 -0.003799758 0.04870561 0.004685548 -0.003799758 0.04870561 0.0190035 0.003800242 0.04600561 0.004685548 0.003138312 0.04600561 0.004685548 0.003800242 0.04600561 0.01873555 0.002475112 0.04600561 0.005610448 -0.003799758 0.04600561 0.01873555 -0.003137828 0.04600561 0.004685548 -0.003799758 0.04600561 0.004685548 -0.002474628 0.04600561 0.005610448 2.423529e-07 0.04600561 0.006635548 -0.002799758 0.04770561 0.01973555 0.002800242 0.04770561 0.01973555 -0.002799758 0.04700561 0.01973555 0.002800242 0.04700561 0.01973555 -0.01024976 0.04670561 -0.02846445 -0.01024976 0.04870561 -0.02846445 -0.009401228 0.04670561 -0.02881595 -0.009401228 0.04870561 -0.02881595 -0.009049758 0.04670561 -0.02966445 -0.009049758 0.04870561 -0.02966445 -0.009401228 0.04670561 -0.03051295 -0.009401228 0.04870561 -0.03051295 -0.01024976 0.04670561 -0.03086445 -0.01024976 0.04870561 -0.03086445 -0.01109826 0.04670561 -0.03051295 -0.01109826 0.04870561 -0.03051295 -0.01144976 0.04670561 -0.02966445 -0.01144976 0.04870561 -0.02966445 -0.01109826 0.04670561 -0.02881595 -0.01109826 0.04870561 -0.02881595 0.01025024 0.04670561 -0.02846445 0.01025024 0.04870561 -0.02846445 0.01109874 0.04670561 -0.02881595 0.01109874 0.04870561 -0.02881595 0.01145024 0.04670561 -0.02966445 0.01145024 0.04870561 -0.02966445 0.01109874 0.04670561 -0.03051295 0.01109874 0.04870561 -0.03051295 0.01025024 0.04670561 -0.03086445 0.01025024 0.04870561 -0.03086445 0.009401712 0.04670561 -0.03051295 0.009401712 0.04870561 -0.03051295 0.009050242 0.04670561 -0.02966445 0.009050242 0.04870561 -0.02966445 0.009401712 0.04670561 -0.02881595 0.009401712 0.04870561 -0.02881595 0.01000024 0.04670561 -0.02717695 0.01000024 0.04670561 -0.02726445 0.01025024 0.04670561 -0.02716445 0.01275024 0.04670561 -0.02966445 0.01201804 0.04670561 -0.02789665 0.01145024 0.04670561 -0.02966445 0.01109874 0.04670561 -0.02881595 0.01025024 0.04670561 -0.02846445 0.009550242 0.04670561 -0.02726445 0.009401712 0.04670561 -0.02881595 0.008482472 0.04670561 -0.02789665 0.009050242 0.04670561 -0.02966445 0.007750242 0.04670561 -0.02966445 0.009401712 0.04670561 -0.03051295 0.008482472 0.04670561 -0.03143225 0.01025024 0.04670561 -0.03086445 0.01025024 0.04670561 -0.03216445 0.01109874 0.04670561 -0.03051295 0.01201804 0.04670561 -0.03143225 0.01000024 0.04490561 -0.02717695 0.01000024 0.04670561 -0.02717695 0.01025024 0.04670561 -0.02716445 0.009550242 0.04670561 -0.02726445 0.009550242 0.04490561 -0.02726445 0.008482472 0.04270561 -0.02789665 0.01025024 0.04270561 -0.02716445 0.01201804 0.04270561 -0.02789665 0.01201804 0.04670561 -0.02789665 0.01275024 0.04270561 -0.02966445 0.01275024 0.04670561 -0.02966445 0.01201804 0.04270561 -0.03143225 0.01201804 0.04670561 -0.03143225 0.01025024 0.04270561 -0.03216445 0.01025024 0.04670561 -0.03216445 0.008482472 0.04270561 -0.03143225 0.008482472 0.04670561 -0.03143225 0.007750242 0.04270561 -0.02966445 0.007750242 0.04670561 -0.02966445 0.008482472 0.04670561 -0.02789665 -0.009999758 0.04670561 -0.02726445 -0.009999758 0.04670561 -0.02717695 -0.01274976 0.04670561 -0.02966445 -0.01024976 0.04670561 -0.02716445 -0.01201756 0.04670561 -0.02789665 -0.009401228 0.04670561 -0.02881595 -0.009549758 0.04670561 -0.02726445 -0.01024976 0.04670561 -0.02846445 -0.01109826 0.04670561 -0.02881595 -0.01144976 0.04670561 -0.02966445 -0.01109826 0.04670561 -0.03051295 -0.01201756 0.04670561 -0.03143225 -0.01024976 0.04670561 -0.03086445 -0.01024976 0.04670561 -0.03216445 -0.009401228 0.04670561 -0.03051295 -0.008481988 0.04670561 -0.03143225 -0.009049758 0.04670561 -0.02966445 -0.007749758 0.04670561 -0.02966445 -0.008481988 0.04670561 -0.02789665 -0.009549758 0.04490561 -0.02726445 -0.009549758 0.04670561 -0.02726445 -0.008481988 0.04670561 -0.02789665 -0.008481988 0.04270561 -0.02789665 -0.01024976 0.04270561 -0.02716445 -0.009999758 0.04490561 -0.02717695 -0.007749758 0.04270561 -0.02966445 -0.007749758 0.04670561 -0.02966445 -0.008481988 0.04270561 -0.03143225 -0.008481988 0.04670561 -0.03143225 -0.01024976 0.04270561 -0.03216445 -0.01024976 0.04670561 -0.03216445 -0.01201756 0.04270561 -0.03143225 -0.01201756 0.04670561 -0.03143225 -0.01274976 0.04270561 -0.02966445 -0.01274976 0.04670561 -0.02966445 -0.01201756 0.04270561 -0.02789665 -0.01201756 0.04670561 -0.02789665 -0.01024976 0.04670561 -0.02716445 -0.009999758 0.04670561 -0.02717695 0.009037122 0.04334061 -0.02176445 0.01000024 0.04280461 -0.02176445 0.01000024 0.04390561 -0.02176445 -0.009999758 0.04280461 -0.02176445 -0.009036638 0.04334061 -0.02176445 -0.009999758 0.04390561 -0.02176445 -0.007199758 0.04370561 -0.02176445 0.007200242 0.04370561 -0.02176445 -0.01099976 0.04390561 -0.004764452 -0.01099976 0.04370561 -0.004764452 -0.01099976 0.04370561 -0.008189252 -0.01099976 0.04204161 -0.008189252 -0.01099976 0.04212161 -0.008625652 -0.01099976 0.04390561 -0.02076445 -0.01099976 0.04490561 -0.02103245 -0.01099976 0.04770561 -0.02103245 -0.01099976 0.04770561 -0.004764452 -0.01099976 0.04490561 -0.004496552 -0.01099976 0.04770561 -0.004496552 -0.01099976 0.04280461 -0.02076445 -0.01099976 0.04212161 -0.02083765 0.01100024 0.04212161 -0.008625652 0.01100024 0.04204161 -0.008189252 0.01100024 0.04370561 -0.008189252 0.01100024 0.04370561 -0.004764452 0.01100024 0.04390561 -0.004764452 0.01100024 0.04770561 -0.02103245 0.01100024 0.04490561 -0.004496552 0.01100024 0.04770561 -0.004496552 0.01100024 0.04490561 -0.02103245 0.01100024 0.04390561 -0.02076445 0.01100024 0.04280461 -0.02076445 0.01100024 0.04212161 -0.02083765 -0.009999758 0.04370561 -0.003764452 -0.009999758 0.04390561 -0.003764452 0.01000024 0.04370561 -0.003764452 0.01000024 0.04390561 -0.003764452 0.01110024 -0.07248169 0.02120122 -0.01109976 -0.07276369 0.02133107 0.01110024 -0.07146599 0.02046397 -0.01109976 -0.07146599 0.02046397 0.01110024 -0.07107589 0.02001065 -0.01109976 -0.07107589 0.02001065 0.01115744 -0.07051979 0.01895932 -0.01115696 -0.07051979 0.01895932 -0.01109976 -0.07248479 -0.01173175 0.01110024 -0.07276369 -0.01185995 -0.01109976 -0.07146599 -0.01099285 0.01110024 -0.07146599 -0.01099285 -0.01109976 -0.07108009 -0.01054525 0.01110024 -0.07108009 -0.01054525 -0.01115326 -0.07051979 -0.009488052 0.01115374 -0.07051979 -0.009488052 -0.01182956 -0.06878889 0.02639544 -0.01209086 -0.07022709 0.02569992 -0.01165976 -0.08305769 0.02659784 -0.01177996 -0.08303579 0.02646241 -0.01061226 -0.08325279 0.0270365 -0.01060526 -0.07057699 0.02703654 -0.01116866 -0.07002039 0.02692448 -0.01168536 -0.06919159 0.02657164 -0.01095246 -0.08318839 0.02699448 0.01178044 -0.08303579 0.02646241 0.01166024 -0.08305769 0.02659784 0.01241444 -0.08637519 0.02659721 -0.01177996 -0.08303579 0.02646241 -0.01095246 -0.08318839 0.02699448 -0.01165976 -0.08305769 0.02659784 -0.01241396 -0.08637519 0.02659721 0.01061274 -0.08325279 0.0270365 0.01095294 -0.08318839 0.02699448 -0.01231986 -0.08931679 0.02659721 -0.01153846 -0.09215419 0.02659721 -0.01011346 -0.09472929 0.02659721 -0.008124168 -0.09689829 0.02659721 -0.005681688 -0.09854019 0.02659721 -0.002922238 -0.09956349 0.02659721 2.423529e-07 -0.09991109 0.02659721 0.002922722 -0.09956349 0.02659721 0.005682172 -0.09854019 0.02659721 0.008124652 -0.09689829 0.02659721 0.01011394 -0.09472929 0.02659721 0.01153894 -0.09215419 0.02659721 0.01232034 -0.08931679 0.02659721 0.01060574 -0.07057699 0.02703654 0.01209204 -0.07023259 0.02569293 0.01183004 -0.06878889 0.02639544 0.01168584 -0.06919159 0.02657164 0.01178044 -0.08303579 0.02646241 0.01166024 -0.08305769 0.02659784 0.01095294 -0.08318839 0.02699448 0.01116914 -0.07002039 0.02692448 -0.01061226 -0.08325279 -0.01726445 -0.01141306 -0.08310279 -0.01702485 -0.01060526 -0.07044039 -0.01726445 -0.01165966 -0.08305769 -0.01682595 -0.01090786 -0.07014169 -0.01723245 -0.01201726 -0.08299299 -0.01625505 -0.01209406 -0.07025119 -0.01589455 -0.01171456 -0.06814869 -0.01676805 0.01141354 -0.08310279 -0.01702485 0.01166014 -0.08305769 -0.01682595 0.01241444 -0.08637519 -0.01682515 0.01201774 -0.08299299 -0.01625505 -0.01201726 -0.08299299 -0.01625505 -0.01165966 -0.08305769 -0.01682595 -0.01241396 -0.08637519 -0.01682515 -0.01141306 -0.08310279 -0.01702485 0.01061274 -0.08325279 -0.01726445 -0.01231986 -0.08931679 -0.01682515 -0.01153846 -0.09215419 -0.01682515 -0.01011346 -0.09472929 -0.01682515 -0.008124168 -0.09689829 -0.01682515 -0.005681688 -0.09854019 -0.01682515 -0.002922238 -0.09956349 -0.01682515 2.423529e-07 -0.09991109 -0.01682515 0.002922722 -0.09956349 -0.01682515 0.005682172 -0.09854019 -0.01682515 0.008124652 -0.09689829 -0.01682515 0.01011394 -0.09472929 -0.01682515 0.01153894 -0.09215419 -0.01682515 0.01232034 -0.08931679 -0.01682515 0.01060574 -0.07044039 -0.01726445 0.01209144 -0.07022799 -0.01592645 0.01201774 -0.08299299 -0.01625505 0.01166014 -0.08305769 -0.01682595 0.01090834 -0.07014169 -0.01723245 0.01171504 -0.06814869 -0.01676805 0.01141354 -0.08310279 -0.01702485 0.01534754 0.04871061 -0.03198625 -0.01534706 0.04871061 -0.03198625 -0.01600246 0.05877861 -0.03104465 -0.01576136 0.05848061 0.01304266 -0.01822086 0.04956161 0.01320158 -0.01863456 0.04945661 0.01283555 -0.01570686 0.05885261 0.01304266 -0.01570686 0.08420561 0.01304266 -0.01765576 0.04920561 0.01346952 -0.01279976 0.04899861 0.01362844 -0.01765576 0.04883961 0.01383555 -0.01765576 0.04899861 0.01362844 -0.01534406 0.04870561 -0.03198745 -0.01482836 0.04892961 -0.03210315 -0.01470756 0.04870561 -0.03221625 -0.01279976 0.04925761 -0.03209515 -0.01279976 0.04870561 -0.03246115 -0.01299976 0.04870561 -0.03246445 -0.01346996 0.04905461 -0.03216535 -0.01405316 0.04903361 -0.03214685 -0.01465286 0.04896761 -0.03211475 -0.01344936 0.04870561 -0.03244755 -0.01400046 0.04870561 -0.03238045 -0.01455096 0.04870561 -0.03226045 -0.01824886 0.04893761 0.0135757 -0.01830586 0.04912461 0.01335523 -0.01864986 0.04916261 0.01303711 -0.01876496 0.04919461 0.01282465 -0.01883856 0.04921061 0.01260979 -0.01884786 0.04921261 0.01210254 -0.01886116 0.04921461 0.01218021 -0.01886956 0.04921561 0.01240691 -0.01807926 0.04876661 0.01394213 0.01576184 0.05848061 0.01304266 0.01863504 0.04945661 0.01283555 0.01822134 0.04956161 0.01320158 0.01570734 0.05885261 0.01304266 0.01570734 0.08420561 0.01304266 0.01600294 0.05877861 -0.03104465 0.01534454 0.04870561 -0.03198745 0.01482884 0.04892961 -0.03210315 0.01470804 0.04870561 -0.03221625 0.01337604 0.04905561 -0.03216705 0.01280024 0.04887861 -0.03228365 0.01300024 0.04870561 -0.03246445 0.01280024 0.04870561 -0.03246115 0.01460364 0.04897661 -0.03211785 0.01450674 0.04870561 -0.03227225 0.01765624 0.04920561 0.01346952 0.01280024 0.04899861 0.01362844 0.01765624 0.04899861 0.01362844 0.01765624 0.04883961 0.01383555 0.01865034 0.04916261 0.01303711 0.01830634 0.04912461 0.01335523 0.01824934 0.04893761 0.0135757 0.01886164 0.04921461 0.01218021 0.01884834 0.04921261 0.01210254 0.01887004 0.04921561 0.01240691 0.01807974 0.04876661 0.01394213 0.01883904 0.04921061 0.01260979 0.01876544 0.04919461 0.01282465 -0.01601046 0.05870561 -0.03105105 -0.01599976 0.05885261 -0.03105575 -0.01597476 0.05870561 -0.03132845 -0.01587336 0.05885261 -0.03155115 -0.01591696 0.05870561 -0.03148495 -0.01550636 0.05885261 -0.03192665 -0.01528866 0.05870561 -0.03202365 -0.01559276 0.05870561 -0.03187525 -0.01583396 0.05870561 -0.03162965 -0.01550226 0.08420561 -0.03192905 -0.01586866 0.08420561 -0.03155945 -0.01599976 0.08420561 -0.03105575 -0.004199758 -0.06719969 -0.005939652 0.01600024 0.08420561 -0.03105575 0.01600024 0.05885261 -0.03105575 0.01587384 0.05885261 -0.03155115 0.01586914 0.08420561 -0.03155945 0.01550684 0.05885261 -0.03192665 0.01550274 0.08420561 -0.03192905 0.01601094 0.05870561 -0.03105105 0.01597464 0.05870561 -0.03133035 0.01583044 0.05870561 -0.03163535 0.01559324 0.05870561 -0.03187525 0.01533904 0.05870561 -0.03200765 -0.004199758 -0.05938909 -0.005939652 -0.004999758 -0.05984859 -0.005524752 -0.007706868 -0.06309439 -0.005657352 -0.007439898 -0.06175229 -0.005657352 -0.006679658 -0.06061449 -0.005657352 -0.005541868 -0.05985429 -0.005657352 -0.004737718 -0.05961539 -0.005670752 -0.007706868 -0.06349439 -0.005657352 -0.004737718 -0.06697339 -0.005670752 -0.004999758 -0.06674019 -0.005524752 -0.005541868 -0.06673449 -0.005657352 -0.007439898 -0.06483649 -0.005657352 -0.006679658 -0.06597429 -0.005657352 -0.008292648 0.08180561 -0.03177155 -0.008292648 0.08420561 -0.03177155 -0.008292648 0.08180561 -0.02005735 -0.008292648 0.08420561 -0.02005735 -0.01179976 0.08109861 -0.02005735 -0.008999758 0.08109861 -0.02005735 -0.01179976 0.08131061 -0.03193365 -0.008999758 0.08109861 -0.03177155 -0.01179976 0.08109861 -0.03177155 -0.01179976 0.08094161 -0.03156715 0.008583912 -0.06290099 -0.01572775 0.008158722 -0.06297949 -0.01536715 0.008028562 -0.06203049 -0.01515695 0.008456692 -0.06185769 -0.01551935 0.006708122 -0.05999989 -0.01495385 0.007543542 -0.06092789 -0.01498485 0.005573142 -0.05936729 -0.01506285 0.004271242 -0.05913689 -0.01524765 0.007937182 -0.06064559 -0.01534925 0.007019942 -0.05963169 -0.01531915 0.005763072 -0.05895109 -0.01542845 0.004319872 -0.05871399 -0.01561345 0.009000242 0.08109861 -0.02005735 0.01180024 0.08109861 -0.02005735 0.008293132 0.08180561 -0.02005735 0.008293132 0.08420561 -0.02005735 0.01180024 0.08109861 -0.03177155 0.009000242 0.08109861 -0.03177155 0.008293132 0.08180561 -0.03177155 0.008293132 0.08420561 -0.03177155 -0.008158238 -0.06297949 -0.01536715 -0.008156528 -0.06338149 -0.01545135 -0.008583428 -0.06290099 -0.01572775 -0.008577698 -0.06330409 -0.01581215 0.004211502 -0.06754519 -0.01667415 0.004208132 -0.06740859 -0.01647595 0.004992112 -0.06732739 -0.01644455 0.005070892 -0.06763369 -0.01680215 0.004214222 -0.06772519 -0.01683395 0.006242352 -0.06683619 -0.01632145 0.007277642 -0.06592969 -0.01609675 0.007943282 -0.06472199 -0.01578685 0.008157012 -0.06338149 -0.01545135 0.006439572 -0.06709259 -0.01667835 0.007579282 -0.06609839 -0.01645395 0.008322912 -0.06477489 -0.01614525 0.008578182 -0.06330409 -0.01581215 -0.004319388 -0.05871399 -0.01561345 -0.004270758 -0.05913689 -0.01524765 -0.005284948 -0.05927689 -0.01510135 -0.005443598 -0.05885569 -0.01546695 -0.007314768 -0.06060899 -0.01495845 -0.006409078 -0.05978299 -0.01497255 -0.007932158 -0.06172079 -0.01509865 -0.006689348 -0.05939679 -0.01533795 -0.007687568 -0.06029609 -0.01532325 -0.008355428 -0.06151709 -0.01546165 -0.0001267846 -0.05914239 -0.01552205 -0.0001282546 -0.05873249 -0.01589095 2.423529e-07 -0.06755109 -0.01671675 -0.004211018 -0.06754519 -0.01667415 -0.008452128 -0.06434069 -0.01604435 -0.008055818 -0.06432599 -0.01568525 -0.006669308 -0.06653689 -0.01624825 -0.007546908 -0.06555119 -0.01600045 -0.007878148 -0.06568379 -0.01635795 -0.006908498 -0.06676419 -0.01660515 -0.005640288 -0.06747299 -0.01676355 -0.005512678 -0.06718209 -0.01640635 0.008500242 0.08130561 -0.03177155 0.008293132 0.08109861 -0.03106445 0.008293132 0.08109861 -0.02076445 0.008500242 0.08130561 -0.02005735 -0.008499758 0.08130561 -0.02005735 -0.008292648 0.08109861 -0.02076445 -0.008292648 0.08109861 -0.03106445 -0.008499758 0.08130561 -0.03177155 0.005000242 -0.06674019 -0.005524752 0.007707352 -0.06349439 -0.005657352 0.007440382 -0.06483649 -0.005657352 0.006680142 -0.06597429 -0.005657352 0.005542352 -0.06673449 -0.005657352 0.004738202 -0.06697339 -0.005670752 0.004200242 -0.06719969 -0.005939652 0.004200242 -0.05938909 -0.005939652 0.004738202 -0.05961539 -0.005670752 0.005000242 -0.05984859 -0.005524752 0.005542352 -0.05985429 -0.005657352 0.007707352 -0.06309439 -0.005657352 0.007440382 -0.06175229 -0.005657352 0.006680142 -0.06061449 -0.005657352 0.01105514 0.04170561 -0.007862352 0.01107094 0.04170561 -0.007819952 0.01106624 0.04334861 -0.007832052 -0.01105466 0.04170561 -0.007862452 0.01013424 0.04478161 -0.02226445 0.01028704 0.04467661 -0.02206345 0.01050024 0.04770561 -0.02189845 0.01035684 0.04464661 -0.02199895 0.01050024 0.04463761 -0.02189845 0.01013424 0.04770561 -0.02226445 -0.01057956 0.04100561 -0.008625652 -0.01078606 0.04150361 -0.02169025 -0.01078606 0.04150361 -0.008625652 -0.01060586 0.04114261 -0.02207575 -0.01065966 0.04047661 -0.02275975 -0.01061616 0.04088161 -0.008332852 -0.01066626 0.04113461 -0.008283452 -0.01068176 0.04065761 -0.008231952 -0.01078606 0.04146361 -0.008407452 -0.01080986 0.04136461 -0.008190652 0.01013424 0.04770561 -0.003264452 0.01050024 0.04770561 -0.003630452 0.01050024 0.04490561 -0.003630452 0.01000314 0.04490261 -0.002840852 0.01022914 0.04471061 -0.003401152 0.01050024 0.04463761 -0.003630452 -0.01105376 0.04170061 -0.007864952 -0.01103346 0.04162661 -0.007910052 -0.01098506 0.04153661 -0.007989352 -0.01087006 0.04141161 -0.008129652 -0.01081486 0.04136861 -0.008185752 -0.01096726 0.03982461 -0.007932152 -0.01107046 0.03890561 -0.007819952 -0.01107046 0.01840561 -0.007819952 -0.006891198 0.01431261 -0.01107445 -0.007944378 0.01441461 -0.01046105 -0.008926488 0.01478761 -0.009778052 -0.009791598 0.01541561 -0.009074352 -0.01048676 0.01628561 -0.008427952 -0.01091336 0.01727561 -0.007989952 0.006891682 0.01431261 -0.01107445 0.003250732 0.01410561 -0.01215675 0.003326832 0.01447161 -0.01251485 2.423529e-07 0.01447161 -0.01286445 2.423529e-07 0.01410561 -0.01249845 -0.003326348 0.01447161 -0.01251485 -0.003250248 0.01410561 -0.01215675 -0.006507548 0.01447161 -0.01148115 -0.006358668 0.01410561 -0.01114675 0.01107094 0.01840561 -0.007819952 0.01070764 0.01670861 -0.008205952 0.009803182 0.01542661 -0.009064552 0.008457762 0.01457261 -0.01011865 0.01096874 0.03982061 -0.007931152 0.01068224 0.04065761 -0.008231952 0.01107094 0.03890561 -0.007819952 -0.01134046 0.02564061 -0.01035405 -0.01102046 0.02592061 -0.009804552 -0.01099976 0.02602061 -0.009608452 -0.01128566 0.01840561 -0.01030225 -0.01197986 0.01840561 -0.01060195 -0.01187546 0.02551661 -0.01059445 -0.01246886 0.02557261 -0.01048535 -0.007490678 0.01431261 -0.01345915 -0.007556068 0.01410561 -0.01360405 -0.008755918 0.01429461 -0.01298435 -0.007405468 0.01447161 -0.01327045 -0.008478758 0.01465361 -0.01265865 -0.009837358 0.01476961 -0.01231645 -0.01074896 0.01548661 -0.01165945 -0.01144266 0.01640561 -0.01109135 -0.01184286 0.01737761 -0.01073145 -0.009438988 0.01509861 -0.01199875 -0.01023896 0.01576361 -0.01134925 -0.01083676 0.01660561 -0.01078705 -0.01117316 0.01748461 -0.01043055 0.007405952 0.01447161 -0.01327045 0.007491162 0.01431261 -0.01345915 0.003552272 0.01431261 -0.01472175 0.007556552 0.01410561 -0.01360405 2.423529e-07 0.01431261 -0.01507155 -0.003551788 0.01431261 -0.01472175 -0.006967318 0.01431261 -0.01368565 0.01198034 0.01840561 -0.01060195 0.01128614 0.01840561 -0.01030225 0.01165534 0.01683461 -0.01090375 0.01101674 0.01699461 -0.01060135 0.01076024 0.01549761 -0.01165115 0.009323182 0.01450261 -0.01264825 0.01024884 0.01577361 -0.01134105 0.008983622 0.01484861 -0.01232665 0.01246934 0.02557261 -0.01048535 0.01159024 0.02555861 -0.01051425 0.01197914 0.02551361 -0.01060195 0.01218344 0.02552161 -0.01058525 0.01100024 0.02602061 -0.009608452 0.01114214 0.02576161 -0.01011575 0.01128274 0.02566861 -0.01029875 0.01066014 0.04047661 -0.02275975 0.01060634 0.04114261 -0.02207575 0.01058004 0.04100561 -0.008625652 0.01078654 0.04150361 -0.008625652 0.01078654 0.04150361 -0.02169025 0.01159024 0.02555861 -0.01051425 0.01128274 0.02566861 -0.01029875 0.01122794 0.02604261 -0.01071665 0.01100024 0.02602061 -0.009608452 0.01231104 0.02920561 -0.01634735 0.01124164 0.02909561 -0.01553855 0.01158904 0.02922861 -0.01630945 0.01184934 0.02880261 -0.01570495 0.01185364 0.02916261 -0.01635085 0.01224744 0.02918061 -0.01634005 0.01100044 0.02998661 -0.01583345 0.01111014 0.02961561 -0.01606665 0.01124304 0.02944761 -0.01617185 0.01114214 0.02576161 -0.01011575 0.01197914 0.02551361 -0.01060195 0.01180744 0.02576061 -0.01091655 0.01218344 0.02552161 -0.01058525 -0.01122746 0.02604261 -0.01071665 -0.01187546 0.02551661 -0.01059445 -0.01180696 0.02576061 -0.01091655 -0.01099976 0.02602061 -0.009608452 -0.01102046 0.02592061 -0.009804552 -0.01134046 0.02564061 -0.01035405 -0.01123086 0.02675461 -0.01175165 -0.01110966 0.02961561 -0.01606665 -0.01099996 0.02998661 -0.01583345 -0.01181746 0.02646961 -0.01194445 -0.01158856 0.02922861 -0.01630945 -0.01124256 0.02944761 -0.01617185 -0.01233296 0.02921961 -0.01635775 -0.01224696 0.02918061 -0.01634005 -0.01185316 0.02916261 -0.01635085 0.01080734 0.04116461 -0.008045752 0.01081024 0.04136461 -0.008190652 0.01081534 0.04136861 -0.008185652 0.01105424 0.04170061 -0.007864852 0.01063974 0.04104761 -0.008304252 0.01078654 0.04146361 -0.008407452 0.01160674 0.03155261 -0.01943455 0.01116554 0.03184361 -0.01920805 0.01111014 0.02961561 -0.01606665 0.01124304 0.02944761 -0.01617185 0.01158904 0.02922861 -0.01630945 0.01185364 0.02916261 -0.01635085 0.01161194 0.03714261 -0.02617045 0.01126954 0.03735961 -0.02605565 -0.01185316 0.02916261 -0.01635085 -0.01116506 0.03184361 -0.01920795 -0.01121866 0.03742561 -0.02604175 -0.01156276 0.03715561 -0.02615185 -0.01160626 0.03155261 -0.01943435 -0.01158856 0.02922861 -0.01630945 -0.01110966 0.02961561 -0.01606665 -0.01124256 0.02944761 -0.01617185 -0.009999758 0.04440861 -0.02189995 0.01000024 0.04461261 -0.02205735 -0.009999758 0.04461261 -0.02205735 -0.009999758 0.04477461 -0.02226995 -0.01013376 0.04770561 -0.02226445 -0.01013376 0.04478161 -0.02226445 -0.01028706 0.04467661 -0.02206305 -0.01049976 0.04770561 -0.02189845 -0.01049976 0.04463761 -0.02189845 -0.01049976 0.04490561 -0.003630452 -0.01049976 0.04770561 -0.003630452 -0.01013376 0.04770561 -0.003264452 -0.01014296 0.04477461 -0.003280152 -0.01036256 0.04464561 -0.003535152 -0.01044376 0.04463261 -0.003595652 -0.01049976 0.04463761 -0.003630452 -0.01060586 0.04114261 -0.02207575 -0.007199758 0.04320561 -0.02189845 -0.008845298 0.04287861 -0.02189845 -0.01024036 0.04194661 -0.02189845 -0.008705228 0.04254061 -0.02226445 -0.009981498 0.04168761 -0.02226445 -0.007199758 0.04283961 -0.02226445 -0.007199758 0.04299861 -0.02205735 -0.01026716 0.04208161 -0.02184145 0.01009434 0.04179961 -0.02205735 0.01026764 0.04208161 -0.02184145 0.008766522 0.04268661 -0.02205735 0.01060634 0.04114261 -0.02207575 0.007200242 0.04299861 -0.02205735 -0.01078606 0.04150361 -0.02169025 -0.01079586 0.04197861 -0.02149825 -0.01099976 0.04211761 -0.02084255 -0.01070686 0.04280461 -0.02147155 0.01000024 0.04440861 -0.003628952 -0.009999758 0.04461261 -0.003471552 0.01000024 0.04461261 -0.003471552 0.01000024 0.04477461 -0.003258952 -0.01070686 0.04390561 -0.004057352 -0.01070686 0.04370561 -0.004057352 0.01086624 0.04770561 -0.003996452 0.01093384 0.04480461 -0.004138052 0.01100024 0.04490361 -0.004487852 0.01064664 0.04841261 -0.003376852 0.01111994 0.04841261 -0.003850052 0.01129314 0.04841261 -0.004496552 0.01038784 0.04841261 -0.003118052 0.01029314 0.04841261 -0.002764452 0.01129314 0.04841261 -0.02103245 0.01029314 0.04841261 0.004685548 0.01111994 0.04841261 -0.02167885 0.01086624 0.04770561 -0.02153235 0.01064664 0.04841261 -0.02215205 0.01038784 0.04841261 -0.02241085 0.01029314 0.04841261 -0.02276445 0.01013424 0.04478161 -0.02226445 0.01070734 0.04390561 -0.02147155 0.01050024 0.04463761 -0.02189845 0.01035684 0.04464661 -0.02199895 0.01028704 0.04467661 -0.02206345 0.01100024 0.04490361 -0.02104105 0.01093384 0.04480461 -0.02139085 0.01070754 0.04469361 -0.02173935 0.01070734 0.04280461 -0.02147155 0.01100024 0.04211761 -0.02084255 0.01079634 0.04197861 -0.02149825 0.01078654 0.04150361 -0.02169025 0.01081534 0.04136861 -0.008185652 0.01105424 0.04170061 -0.007864852 -0.01081486 0.04136861 -0.008185752 -0.01087006 0.04141161 -0.008129652 -0.01105376 0.04170061 -0.007864952 -0.01098506 0.04153661 -0.007989352 -0.01103346 0.04162661 -0.007910052 -0.01029266 0.04841261 -0.02276445 -0.01029266 0.04841261 -0.02726445 -0.01038736 0.04841261 -0.02241085 -0.01064616 0.04841261 -0.02215205 -0.01111946 0.04841261 -0.02167885 -0.01086576 0.04770561 -0.02153235 -0.01129266 0.04841261 -0.02103245 -0.01129266 0.04841261 -0.004496552 -0.01076156 0.04471361 -0.02168025 -0.01099976 0.04490361 -0.02104105 -0.01111946 0.04841261 -0.003850052 -0.01086576 0.04770561 -0.003996452 -0.01064616 0.04841261 -0.003376852 -0.01028706 0.04467661 -0.02206305 -0.01049976 0.04463761 -0.02189845 -0.01049976 0.04447561 -0.02178415 -0.01076156 0.04471361 -0.02168025 -0.01086576 0.04465961 -0.02146775 -0.01049976 0.04390561 -0.02163045 -0.01070686 0.04390561 -0.02147155 -0.01086576 0.04390561 -0.02126445 -0.01013376 0.04478161 -0.02226445 -0.01038736 0.04841261 -0.003118052 -0.01029266 0.04841261 -0.002764452 -0.01099976 0.04490361 -0.004487852 -0.01093336 0.04480461 -0.004138052 -0.01070706 0.04469361 -0.003789552 -0.01029266 0.04841261 0.004685548 -0.01014296 0.04477461 -0.003280152 -0.01049976 0.04463761 -0.003630452 -0.01044376 0.04463261 -0.003595652 -0.01036256 0.04464561 -0.003535152 -0.01093336 0.04480461 -0.004138052 -0.01070706 0.04469361 -0.003789552 0.01086624 0.04465961 -0.004061152 0.01093384 0.04480461 -0.004138052 0.01050024 0.04447561 -0.003744752 0.01050024 0.04463761 -0.003630452 0.01050024 0.04390561 -0.003898452 0.01070734 0.04390561 -0.004057352 0.01086624 0.04390561 -0.004264452 0.01022914 0.04471061 -0.003401152 0.01000314 0.04490261 -0.002840852 0.01093384 0.04480461 -0.02139085 0.01070754 0.04469361 -0.02173935 0.01029314 0.04841261 -0.02726445 0.01070734 0.04370561 -0.004057352 0.01582454 0.08462961 -0.03106445 0.01571644 0.08462961 -0.03147245 0.01600024 0.08420961 -0.03105635 0.01600004 0.08421861 -0.03106445 0.01541444 0.08462961 -0.03177705 0.01500024 0.08462961 -0.03188875 0.01297594 0.08462961 -0.01923305 0.01297594 0.08462961 0.01315981 0.01284594 0.08443561 -0.01888625 0.01284594 0.08443561 0.01328988 -0.01284546 0.08443561 0.01328988 -0.01284546 0.08443561 -0.01888625 -0.01297546 0.08462961 0.01315981 -0.01297546 0.08462961 -0.01923305 -0.01499976 0.08450561 -0.03198405 -0.008999758 0.08462961 -0.03188875 -0.01499976 0.08472561 -0.03176445 -0.01499976 0.08462961 -0.03188875 -0.01499976 0.08462961 0.01315981 -0.01297546 0.08462961 0.01315981 -0.01284546 0.08443561 0.01328988 -0.01569976 0.08472561 -0.03106445 -0.01560796 0.08472561 -0.03141095 -0.01582406 0.08462961 -0.03106445 -0.01579886 0.08450561 -0.03151965 -0.01599966 0.08421361 -0.03105915 -0.01599956 0.08421861 -0.03106445 -0.01591936 0.08450561 -0.03106445 -0.01546186 0.08450561 -0.03185955 -0.01535156 0.08472561 -0.03166965 -0.01582406 0.08462961 0.01233555 -0.01599976 0.08420961 -0.03105205 0.01500024 0.08462961 0.01315981 0.01558304 0.08462961 0.01291839 0.01582454 0.08462961 0.01233555 0.01600024 0.08420961 -0.03105205 0.01284594 0.08443561 0.01328988 0.01297594 0.08462961 0.01315981 -0.008999758 0.08462961 -0.01994015 -0.008416918 0.08462961 -0.02018165 -0.008175498 0.08462961 -0.02076445 -0.008149758 0.08460261 -0.02586445 -0.008175498 0.08462961 -0.03106445 -0.008416918 0.08462961 -0.03164725 -0.01558256 0.08462961 0.01291839 0.009000242 0.08462961 -0.03188875 0.008417402 0.08462961 -0.03164725 0.008175982 0.08462961 -0.03106445 0.008175982 0.08462961 -0.02076445 0.008417402 0.08462961 -0.02018165 0.009000242 0.08462961 -0.01994015 0.008150242 0.08460261 -0.02586445 0.01226884 0.08462961 -0.01994015 0.01192204 0.08443561 -0.01981015 -0.01192156 0.08443561 -0.01981015 -0.01226836 0.08462961 -0.01994015 0.01185694 -0.07080339 0.02022446 0.01180734 -0.07084589 0.02019226 0.01183934 -0.07027619 0.01907812 0.01128274 -0.07106379 0.0200226 0.01113474 -0.07107569 0.02001138 0.01188644 -0.07004589 0.01765327 0.01196624 -0.08263119 0.02213555 0.01158084 -0.08176719 0.02175862 0.01180734 -0.07429439 0.02192844 0.01205644 -0.08286159 0.02234294 0.01600024 0.05885261 -0.03105575 0.01601094 0.05870561 -0.03105105 0.01594954 0.05870561 -0.03138335 0.01590634 0.05844961 -0.03155265 0.01578174 0.05870561 -0.03167665 0.01561164 0.05870561 -0.03184035 0.01900024 0.04856561 0.0121027 0.01890924 0.04900861 0.01197693 0.01895074 0.04896661 0.01210041 0.01895804 0.04884661 0.01198691 0.01896494 0.04897761 0.0122425 0.01896714 0.04897961 0.01237814 0.01895904 0.04897361 0.01250144 0.01893974 0.04895661 0.01264122 0.01890854 0.04891861 0.01279826 0.01879054 0.04865561 0.01335901 0.01873494 0.04846661 0.01383528 0.01870734 0.04841261 0.01430822 0.01900024 0.04856561 0.0121027 0.01898964 0.04870361 -0.02646445 0.01600024 0.08420561 -0.03105575 0.01600024 0.08420961 -0.03105205 0.01600024 0.08420961 -0.03105635 0.01600004 0.08421861 -0.03106445 -0.01599976 0.08420561 -0.03105575 -0.01599976 0.05885261 -0.03105575 -0.01599956 0.08421861 -0.03106445 -0.01599966 0.08421361 -0.03105915 -0.01599976 0.08420961 -0.03105205 0.01183624 -0.07027549 -0.009606852 0.01186254 -0.07080139 -0.01076165 0.01113944 -0.07107969 -0.01054605 0.01129114 -0.07106649 -0.01055775 0.01160024 -0.07097549 -0.01062915 0.01188244 -0.07004619 -0.008182252 0.01210014 -0.07029629 -0.01114765 0.01209984 -0.07030629 -0.01113145 0.01196624 -0.07257229 -0.01232195 0.01186254 -0.07080139 -0.01076165 0.01160024 -0.07097549 -0.01062915 0.01160024 -0.07271239 -0.01198375 0.01160024 -0.07429439 -0.01229845 0.01180734 -0.07429439 -0.01245735 0.01196624 -0.07429439 -0.01266445 -0.01196576 -0.08263119 -0.01266445 -0.01158036 -0.08176719 -0.01228755 -0.01180686 -0.07429439 -0.01245735 -0.01205596 -0.08286159 -0.01287185 -0.01209956 -0.07030029 -0.01113795 -0.01209936 -0.07030629 -0.01113145 -0.01203326 -0.07057039 -0.01093495 -0.01179646 -0.07085729 -0.01071935 -0.01180686 -0.07235229 -0.01199295 -0.01113896 -0.07107969 -0.01054605 -0.01160486 -0.07097319 -0.01063095 -0.01196576 -0.07111239 0.02081753 -0.01179336 -0.07085649 0.02018425 -0.01159976 -0.07137119 0.02055871 -0.01159736 -0.07097319 0.02009481 -0.01113426 -0.07107569 0.02001138 -0.01209966 -0.07029689 0.02061377 -0.01209906 -0.07030979 0.02059281 -0.01203016 -0.07057369 0.02039694 -0.01196576 -0.07429439 0.02213555 -0.01196576 -0.07257229 0.02179301 -0.01159976 -0.07271239 0.02145484 -0.01159976 -0.07429439 0.02176952 -0.01180686 -0.07429439 0.02192844 -0.01206636 -0.08288879 0.02237913 -0.01180686 -0.08225399 0.02192844 -0.01899976 0.04856561 0.0121027 -0.01895026 0.04896661 0.01210041 -0.01895756 0.04884661 0.01198691 -0.01889766 0.04904561 0.01198703 -0.01896446 0.04897761 0.0122425 -0.01896666 0.04897961 0.01237814 -0.01895856 0.04897361 0.01250144 -0.01893926 0.04895661 0.01264122 -0.01890806 0.04891861 0.01279826 -0.01879006 0.04865561 0.01335901 -0.01873446 0.04846661 0.01383528 -0.01870686 0.04841261 0.01430822 -0.01568936 0.05870561 -0.03177455 -0.01601046 0.05870561 -0.03105105 -0.01590586 0.05844961 -0.03155265 -0.01589496 0.05870561 -0.03150535 -0.01580346 0.05870561 -0.03164865 -0.01574926 0.05870561 -0.03171375 -0.01203016 -0.07057369 0.02039694 -0.01179336 -0.07085649 0.02018425 -0.01183886 -0.07027619 0.01907812 -0.01159736 -0.07097319 0.02009481 -0.01188596 -0.07004589 0.01765327 -0.01188196 -0.07004619 -0.008182252 -0.01197056 -0.07011139 0.004735448 -0.01203326 -0.07057039 -0.01093495 -0.01179646 -0.07085729 -0.01071935 -0.01183576 -0.07027549 -0.009606852 -0.01160486 -0.07097319 -0.01063095 0.01209984 -0.07030209 0.02060125 0.01209954 -0.07030979 0.02059281 0.01185694 -0.07080339 0.02022446 0.01180734 -0.07084589 0.02019226 0.01180734 -0.07234889 0.02146231 0.01197104 -0.07011139 0.004735448 0.01206684 -0.08288879 -0.01290805 0.01180734 -0.08225399 -0.01245735 -0.01744436 0.05359761 -0.03038605 -0.01828336 0.05094161 -0.02922585 -0.01880976 0.04927361 -0.02789045 -0.01898916 0.04870361 -0.02646445 -0.01899976 0.04856561 0.0121027 -0.01870686 0.04841261 0.01563555 -0.01851236 0.04841261 0.01711266 -0.01794226 0.04841261 0.0184891 -0.01703526 0.04841261 0.01967108 -0.01585336 0.04841261 0.02057805 -0.01447686 0.04841261 0.02114819 -0.01299976 0.04841261 0.02134266 0.002800242 0.04870461 0.02068555 -0.002799758 0.04870461 0.02068555 0.01300024 0.04841261 0.02134266 0.002854932 0.04870461 0.02067057 -0.002878058 0.04870561 0.0206548 0.01447734 0.04841261 0.02114819 0.01585384 0.04841261 0.02057805 0.01703574 0.04841261 0.01967108 0.01794274 0.04841261 0.0184891 0.01851284 0.04841261 0.01711266 0.01870734 0.04841261 0.01563555 0.01881024 0.04927361 -0.02789045 0.01828384 0.05094161 -0.02922585 0.01744484 0.05359761 -0.03038605 0.01634794 0.05705961 -0.03129815 0.01106624 0.04334861 -0.007832052 0.01129314 0.04299861 -0.004764452 0.01150404 0.04283761 -0.007252552 0.01127294 0.04301961 -0.007502852 0.01000024 0.04299861 -0.003471552 -0.009999758 0.04299861 -0.003471552 -0.01091396 0.04299861 -0.003850252 -0.01129266 0.04299861 -0.004764452 -0.01127246 0.04301961 -0.007502852 -0.01150356 0.04283761 -0.007252552 0.01091444 0.04299861 -0.003850252 -0.002799758 0.04870461 0.02068555 0.002800242 0.04870461 0.02068555 0.002800242 0.04839461 0.02001098 -0.002799758 0.04839461 0.02001098 0.01267714 0.08452061 -0.01964135 0.01253214 0.08431261 -0.01949635 0.01250734 0.08420561 -0.01947155 -0.01267666 0.08452061 -0.01964135 -0.01253166 0.08431261 -0.01949635 -0.01250686 0.08420561 -0.01947155 -0.002878058 0.04870561 0.0206548 -0.002899508 0.04870561 0.02063555 -0.003431728 0.04870561 0.02002799 -0.003506868 0.04859661 0.01979876 -0.003506868 0.04770561 0.01944265 -0.003723638 0.04608161 0.01911823 -0.003506868 0.04629861 0.01944265 -0.003723638 0.04608161 0.01911823 0.003724122 0.04608161 0.01911823 -0.003506868 0.04629861 0.01944265 0.003507352 0.04629861 0.01944265 0.003507352 0.04629861 0.01944265 0.003666272 0.04770561 0.01923555 0.003724122 0.04608161 0.01911823 0.003507352 0.04770561 0.01944265 0.003300242 0.04770561 0.01960157 0.003614002 0.04870561 0.01972908 0.003300242 0.04848761 0.0199139 0.003230242 0.04870561 0.02028412 0.002899992 0.04870561 0.02063555 0.002854932 0.04870461 0.02067057 0.003701592 0.04870561 0.01952922 0.01242364 0.08110961 -0.03206445 0.01268584 0.08064061 -0.03206445 0.01250734 0.08051261 -0.03106445 0.01250734 0.08051261 -0.02076445 0.01250734 0.08180561 -0.01947155 0.01250734 0.08089161 -0.01985025 -0.01241506 0.08112161 -0.03206445 -0.01221696 0.08136861 -0.03206445 -0.01229976 0.08082561 -0.03163455 -0.01260896 0.08080761 -0.03206445 -0.01229976 0.08067161 -0.03106445 -0.01250686 0.08051261 -0.03106445 -0.01266576 0.08050861 -0.03181855 -0.01266576 0.08030561 -0.03106445 -0.01279976 0.08008061 -0.03206445 -0.01250686 0.08051261 -0.02076445 -0.01250686 0.08089161 -0.01985025 -0.01250686 0.08180561 -0.01947155</float_array>
          <technique_common>
            <accessor count="3054" source="#verts-array-array" stride="3">
              <param type="float" name="X"/>
              <param type="float" name="Y"/>
              <param type="float" name="Z"/>
            </accessor>
          </technique_common>
        </source>
        <source id="normals-array">
          <float_array count="9162" id="normals-array-array">0 1 0 0.004610037 0.9903112 0.138789 0 1 0 -0.04233164 0.9770775 0.2086326 0 1 0 0 1 0 1 0 0 0.9807793 0.1951205 0 1 0 0 0.9734836 0.1907201 0.1263155 1 0 0 0.9902032 0 0.1396338 0 1 0 0 1 0 0 1 0 0.0405094 0.9770563 -0.2090931 0 1 0 0 1 0 -0.06947934 0.9890296 -0.1303571 0 1 0 0 1 0 0 1 0 0 1 0 0.9807793 0.1951205 0 1 0 0 0.9735146 0.1903725 -0.1266004 0.9894914 0 -0.144592 0 0 -1 0 0 -1 0 0 -1 0 0 -1 0 0 -1 0 0 -1 0 0 -1 0 0 -1 -0.9733266 0.1921924 -0.1252894 -0.9998156 0 -0.01920269 -0.9807793 0.1951205 0 -1 0 0 0 0 -1 0 0 -1 0 0 -1 0 0 -1 0 0 -1 0 0 -1 0 0 -1 0 0 -1 -0.9807793 0.1951205 0 -1 0 0 -1 0 0 -1 0 0 -0.9902032 0 0.1396338 -0.9734799 0.190732 0.1263257 6.250519e-06 0 1 6.250519e-06 0 1 -0.707113 0 0.7071005 -0.707113 0 0.7071005 -1 0 3.825135e-17 -1 0 -1.912568e-17 -0.707113 0 -0.7071005 -0.707113 0 -0.7071005 6.250519e-06 0 -1 6.250519e-06 0 -1 0.7071068 0 -0.7071068 0.7071068 0 -0.7071068 1 0 3.825183e-17 1 0 -1.912591e-17 0.7071068 0 0.7071068 0.7071068 0 0.7071068 -6.250519e-06 0 1 -6.250519e-06 0 1 -0.7071068 0 0.7071068 -0.7071068 0 0.7071068 -1 0 -3.825183e-17 -1 0 1.912591e-17 -0.7071068 0 -0.7071068 -0.7071068 0 -0.7071068 -6.250519e-06 0 -1 -6.250519e-06 0 -1 0.707113 0 -0.7071005 0.707113 0 -0.7071005 1 0 -3.825135e-17 1 0 1.912568e-17 0.707113 0 0.7071005 0.707113 0 0.7071005 -1 0 0 -1 0 0 -1 0 0 -1 0 0 -0.9958027 0.09152559 0 -0.9769876 0.1340712 0.1658921 -0.9847695 -0.03062691 0.1711465 -1 0 0 -0.9890726 -0.1042462 0.1042506 -0.9847673 -0.1711562 0.03064063 -1 0 0 -0.9856054 -0.1655811 -0.03413104 -0.992804 -0.1156689 -0.03099925 -0.01759815 0.0001028066 -0.9998451 -0.01878453 0 -0.9998236 0 0 -1 0.0643969 -0.00133491 -0.9979235 0 0 -1 0.07197384 0 -0.9974065 0.2028993 0.9791017 0.01384489 0.1972143 0.9756819 0.09566254 0.01472221 0.9929958 0.117229 0.01384245 0.9791025 0.2028956 0.05453093 0.977552 0.2035153 0.003292281 0.9954758 0.09495869 0.1053471 0.9775529 0.1824618 0 1 0 0.09709822 0.9952748 0 0 1 0 -0.003292281 0.9954758 0.09495869 0 1 0 0 1 0 0 1 0 0 1 0 -0.1489832 0.9775526 0.1489794 -0.105345 0.9775529 0.1824631 0.1489818 0.9775526 0.148981 0.1824636 0.9775529 0.1053443 0.2035164 0.9775516 0.05453472 -0.09709822 0.9952748 0 0 1 0 0 1 0 0 1 0 0.01807646 0.9984378 0.05287015 -0.2023028 0.9717454 0.1215916 -0.2028994 0.9791017 0.01384501 -0.004930124 0.9918515 0.1273038 -0.2035157 0.9775518 0.05453227 -0.1824615 0.977553 0.1053465 -0.05453255 0.9775518 0.2035156 -0.01429609 0.9791541 0.2026148 0.1792768 0.9835536 0.02195551 0 1 0 0.1792791 0.9835533 -0.02195319 0.1416058 0.9865418 -0.08175051 0.2121954 0.9729646 -0.09117523 0.141601 0.9865422 0.08175334 0.2121959 0.972965 0.09116997 0.09709822 0.9952748 0 0 1 0 0 1 0 0 1 0 0 1 0 0 1 0 0 1 0 0 1 0 0 1 0 0 1 0 0 1 0 0 1 0 0 1 0 0 1 0 0 1 0 0 1 0 0 1 0 0 1 0 -0.09709822 0.9952748 0 -0.2121954 0.9729646 0.09117523 -0.1416065 0.9865414 0.08175344 0 1 0 0 1 0 -0.1792775 0.9835535 0.02195498 -0.2121959 0.972965 -0.09116997 -0.1416006 0.9865425 -0.08175103 -0.1792789 0.9835533 -0.02195331 -0.02431765 0.01415584 0.9996041 0 0 1 -0.06369737 0.193223 0.979085 -9.23044e-14 -0.007780781 0.9999697 0.06369762 0.1932232 0.979085 0 0 1 0.02242069 0.0145591 0.9996426 1 0 0 1 0 0 1 0 0 0.979083 0.1932361 0.06368979 0.9990503 0.008244632 0.04278477 0.9826751 0.1847115 0.01520687 0.9855726 0.1589205 0.05823224 0.987539 0.1242324 0.09660796 0.9923248 0.08028188 0.09405447 0.9975622 0.05681929 -0.04051289 1 0 0 1 0 0 0.9976673 0.03245483 -0.06005455 1 0 0 1 0 0 1 0 0 0.998977 0.006000576 -0.04482155 0.9972751 0.0712937 -0.0189652 0.9972498 0.07329699 0.01097079 0.9966573 0.06575743 -0.04847824 0.9963809 0.07532062 0.03939337 0.9949397 0.07566563 0.06610315 -0.9975622 0.05681929 -0.04051289 -1 8.942095e-05 -0.0002041397 -0.9949484 0.06955378 0.07238722 -0.9978107 0.03356345 -0.0569849 -0.9993028 0 -0.03733509 -1 0 0 -0.9988581 0.006991991 0.04726101 -0.9790847 0.1932296 0.06368185 -1 0 0 -0.9831583 0.1819266 0.01739169 -0.9869688 0.1502339 0.0576404 -0.9900218 0.1074408 0.09117755 -1 0 0 -1 0 0 -1 0 0 -1 0 0 -1 0 0 -0.9971448 0.06783807 0.03316919 -0.9974034 0.07171079 0.006640489 -0.9968199 0.07607378 -0.02372353 -0.9962813 0.06548173 0.05599787 -0.9963034 0.07169006 -0.04733039 0.9847697 -0.03062818 0.1711447 0.9767738 0.1331974 0.1678431 0.9958027 0.09152559 0 0.9849906 -0.1701518 0.02901619 0.9890717 -0.1042455 0.1042594 1 0 0 1 0 0 1 0 0 1 0 0 1 0 0 1 0 0 0.9927202 -0.1195133 -0.01493595 1 0 0 0.9030996 -0.1148634 0.4137844 0.8508324 -0.2160603 0.4789595 0.9874052 -0.06355096 0.1448872 0.4035508 -0.05353211 -0.9133899 0.1925811 -0.02712817 -0.980906 0.2746773 -0.003086509 -0.9615315 0.371374 -0.004615652 -0.9284719 0.2798442 -0.002285948 -0.9600427 0.3249269 -0.0286266 -0.9453058 -0.2771748 -0.8787183 -0.3886236 -0.3202646 -0.8089966 -0.4929048 -0.202078 -0.05590772 -0.9777724 -0.1368008 -0.06400514 -0.9885286 0.04684219 -0.1603033 -0.9859557 0.8737371 -0.03487763 -0.4851464 0.9339553 -0.003699324 -0.3573706 0.9994896 -0.02253166 -0.02264687 0.4490941 -0.001354711 -0.8934834 0.5466859 -0.01734602 -0.8371581 0.6965044 -0.0323006 -0.7168251 0 -1 0 0 -1 0 0.01565164 -0.9998775 0 0 -1 0 0 -1 0 0 -1 0 0 -1 0 0 -1 0 0 -1 0 0 -1 0 0 -1 0 0 -1 0 -0.01563511 -0.9998778 0 0 -1 0 -0.09324863 -0.9769281 0.1921357 0.1038332 -0.9852754 0.1358349 0 -1 0 0 -1 0 0 -1 0 0 -1 0 0 -1 0 0 -1 0 0 -1 0 0 -1 0 0 -1 0 0 -1 0 0 -1 0 0 -1 0 0 -1 0 0 -1 0 0 -1 0 0 -1 0 0 -1 0 -0.1670245 -0.9856466 -0.02456617 -0.2140223 -0.9768288 0 0 -1 0 0 -1 0 0 -1 0 0 -1 0 0 -1 0 0 -1 0 0 -1 0 0 -1 0 0 -1 0 0.2589432 -0.965549 0.02576046 0.1712012 -0.9847597 -0.03063374 0 -1 0 0.1042725 -0.9890675 -0.1042719 0 -1 0 0 -1 0 0 -1 0 0 -1 0 0 -1 0 0.03063334 -0.9847596 -0.1712018 -0.03063374 -0.9847597 -0.1712012 -0.1042719 -0.9890675 -0.1042725 0.320295 -0.8089032 -0.4930382 0.2771922 -0.878702 -0.388648 0.2444472 -0.1061206 -0.9638382 -0.3372701 -0.03447065 -0.9407766 -0.2869694 -0.002735856 -0.9579358 -0.4330853 -0.06533059 -0.8989822 -0.2785372 -0.002446811 -0.9604223 -0.425316 -0.03972752 -0.9041726 -0.1924681 -0.02715602 -0.9809274 -0.05249473 -0.09918464 -0.9936834 0.2792151 0 -0.9602286 -0.306628 -0.4561314 -0.8354181 -0.66184 -0.05975837 -0.7472595 -0.8622484 -0.06054521 -0.5028539 -0.8643026 0.01285018 -0.5028081 -0.9875931 -0.0612408 0.1446008 -0.8592487 -0.166519 0.4836973 -0.922 -0.07063472 0.3806924 -0.9939925 -0.04242716 -0.1008907 0.001774947 -0.7440232 -0.6681514 -0.00478568 -0.762986 -0.6463972 0.01507707 -0.7525379 -0.6583763 0.08149111 -0.7717627 -0.6306676 0.06426191 -0.7686713 -0.6364077 0.03534557 -0.7663879 -0.6414049 0.02328898 -0.7485014 -0.6627241 0.02131964 -0.7535233 -0.6570754 0 -0.7434426 -0.6687998 0.008114211 -0.7451717 -0.6668233 0.0252289 -0.7644903 -0.6441413 0.2468943 -0.7913943 -0.55923 0.133176 -0.7987574 -0.5867289 0.2071424 -0.7846874 -0.5842583 0.02977934 -0.7902376 -0.6120766 0.006821897 -0.768805 -0.6394469 0.1620208 -0.2653113 0.9504521 0.1620112 -0.2656126 0.9503696 0.1211311 -0.1048773 0.9870806 -0.3453326 -0.3101264 0.8857579 -0.5380566 -0.3716388 0.7565578 -0.3459558 -0.1934302 0.9180955 -0.3053257 -0.1257566 0.9439076 -0.2596694 -0.2480339 0.9333011 -0.1209544 -0.1046797 0.9871232 -0.05270027 -0.1231803 0.990984 -0.06920466 -0.20331 0.9766656 -0.04539187 -0.06618272 0.9967745 -0.1078519 -0.2119279 0.9713159 -0.1619912 -0.2660441 0.9502523 0 -0.05266133 0.9986124 -0.006140958 -0.05903192 0.9982372 -0.016447 -0.07031814 0.997389 -0.02949197 -0.08593864 0.9958638 -0.1334091 -0.2681279 0.9541014 -0.03415112 -0.2130862 0.9764364 0.1080504 -0.1755605 0.9785211 0.03370914 -0.1360583 0.9901272 0.04933368 -0.06490483 0.9966712 0 -0.05266133 0.9986124 0.2622721 -0.2493087 0.9322331 -8.902076e-13 -0.0216607 0.9997654 0.4882678 -0.3529551 0.7981336 0.3249744 -0.160868 0.9319405 0.3646153 -0.1818062 0.9132372 0.1780409 -0.08560539 0.9802924 0.2388096 -0.1039076 0.9654912 0.0002840388 -0.01542788 0.9998809 -0.1780409 -0.08560539 0.9802924 -0.2388096 -0.1039076 0.9654912 -4.859878e-05 -0.7427053 -0.6696185 0 -0.7427183 -0.669604 -0.006649977 -0.7461424 -0.6657532 -0.001107267 -0.7426195 -0.6697127 -0.02754754 -0.7579491 -0.6517318 -0.01575977 -0.7536266 -0.6571138 -0.007967532 -0.747963 -0.6636926 -0.04756267 -0.7692394 -0.637188 -0.0253422 -0.7687529 -0.6390436 -0.02294823 -0.7607369 -0.6486545 -0.05786988 -0.7543988 -0.6538605 -0.06737826 -0.7688821 -0.6358306 -0.1040247 -0.7704131 -0.6290012 -0.09329319 -0.7698573 -0.6313605 -0.1315786 -0.7952356 -0.5918508 -0.2267858 -0.7803672 -0.582748 -0.02942967 -0.7889684 -0.6137286 -0.1986737 -0.7860991 -0.5853008 -0.001079509 -0.7720247 -0.6355917 -0.1806493 -0.7900518 -0.585819 -0.9872106 -0.1414316 0.07356841 -0.986489 -0.1638272 0 -0.9980575 -0.05627906 0.0267178 -0.9511579 -0.308472 0.01198174 -0.9621004 -0.2708532 0.03164322 -0.9476095 -0.2933683 0.1263776 -0.8936488 -0.4483489 0.01936835 -0.8889461 -0.4576203 -0.01893251 -0.8871024 -0.4558409 -0.07251442 -0.8959596 -0.4431099 0.03016587 -0.9232648 -0.3839761 -0.01201935 -0.9443664 -0.32477 0.05192845 -0.9291415 -0.357607 0.09387892 -0.9051845 -0.4089463 0.1157757 -0.8954174 -0.4037837 0.1875805 -0.9235075 -0.3005981 0.2382744 -0.8477143 -0.4175417 0.3271689 -0.9286062 -0.03041417 0.3698182 -0.8504077 -0.01727646 0.5258406 -0.9313669 -0.05596043 0.3597557 -0.7796712 -0.1702416 0.6026032 -0.8756715 -0.2752599 0.3967763 -0.6862405 -0.2644373 0.6776038 -0.7638373 -0.4012493 0.5055212 -0.7395193 -0.4577594 0.4935256 -0.9739834 0.0009055923 0.2266177 -0.9841764 0.01389814 0.1766454 -0.9988222 -0.03699264 0.03139558 -0.6981409 -0.6078537 -0.3783029 -0.5956667 -0.6446824 -0.4791303 -0.8437315 -0.3878185 -0.3710982 -0.3541953 -0.7560234 -0.550431 -0.3450614 -0.7577748 -0.553814 -0.5149404 -0.6785034 -0.5238984 -0.3972215 -0.7678376 -0.5026336 -0.5305166 -0.665637 -0.5248615 -0.9089402 -0.4023167 -0.1094028 -0.8636227 -0.4472907 -0.2325658 -0.9654224 -0.2410988 -0.09915142 -0.9344877 -0.2964185 -0.1971519 -0.9887015 -0.1197164 -0.09020736 -0.8958066 -0.2491895 -0.368015 -0.9651163 -0.1803778 -0.1897745 -0.9662308 -0.188835 -0.1753267 -0.9985863 -0.05237756 -0.009054363 -0.9936418 -0.05294659 0.09936115 -0.9688639 -0.1568976 0.1915357 -0.8018039 -0.5502648 -0.2330647 -0.5862692 -0.7234036 -0.3646584 -0.5678753 -0.7225817 -0.3941997 -0.8741444 -0.3864144 -0.2942031 -0.9986599 -0.05062421 -0.01075395 -0.9935243 -0.1102473 -0.02747832 -0.9704709 -0.2380164 -0.03917066 -0.9196732 -0.3905597 -0.04079641 -0.8974475 -0.4410112 0.009853316 -0.739474 -0.4578043 0.4935519 0.9952501 -0.04013912 0.08869111 0.9989855 -0.04497139 -0.002338753 0.9994016 -0.03390864 0.006826311 0.9775319 -0.2062919 -0.0433006 0.986489 -0.1638272 0 0.991225 -0.1275816 -0.03458121 0.9556007 -0.2943545 -0.01351541 0.9787963 -0.1440659 0.145612 0.9721445 -0.0946672 0.2144135 0.9257952 -0.2753077 0.2590539 0.9835169 -0.01839327 0.1798782 0.9683743 0.03121613 0.2475413 0.9989168 -0.04056407 0.02279742 0.4250561 -0.7841003 -0.4522323 0.6299017 -0.6763523 -0.3818003 0.7306296 -0.5706512 -0.3748834 0.5305166 -0.665637 -0.5248615 0.5079539 -0.6686824 -0.5429979 0.4435863 -0.7138916 -0.5418395 0.4004367 -0.744074 -0.5347938 0.6608494 -0.5849581 -0.470215 0.865189 -0.388732 -0.3167577 0.7741923 -0.4604991 -0.4342428 0.9010764 -0.2979756 -0.3150744 0.9724999 -0.1707303 -0.1584145 0.9730754 -0.1484321 -0.1763297 0.936447 -0.005804968 0.350761 0.9434268 -0.08828545 0.3196116 0.8781231 -0.09997207 0.4678733 0.8557841 -0.2183194 0.4690098 0.7584102 -0.2608474 0.5973045 0.9494492 -0.3002642 0.09158427 0.8902906 -0.4402454 0.1164757 0.8913887 -0.4143535 0.1836772 0.9523257 -0.3044748 0.01925915 0.9456421 -0.3206683 0.05415625 0.9236779 -0.3694757 0.1015227 0.9186528 -0.3902015 -0.06180529 0.9362983 -0.3491758 -0.03770708 0.9277947 -0.3633583 -0.08466226 0.9450234 -0.3262521 -0.02214434 0.9521245 -0.3056614 -0.0054734 0.9887119 -0.1387087 0.05664467 0.9539277 -0.3000367 0 0.9537863 -0.3004641 0.003594139 0.931843 -0.3128229 -0.1838764 0.8044766 -0.5440395 -0.2384082 0.8892689 -0.4460944 -0.1009977 0.7314073 -0.6399217 -0.2356769 0.9800788 -0.1582876 -0.1199609 0.6685957 -0.3458966 0.6582821 0.7317537 -0.3992184 0.5524139 0.817718 -0.320853 0.4779022 0.8488433 -0.4301445 0.307312 0.84287 -0.464613 0.2714866 0.9978849 -0.06500494 0 0.6984303 0.03159432 0.7149804 0.6955187 -0.001484113 0.7185064 0.8673502 -0.003156415 0.4976884 0.4076057 0.01703519 0.9129991 0.4723503 0.001478811 0.8814097 0.5140914 0.02960494 0.8572243 0.6335631 0.04229109 0.7725343 0.8670871 0.003211552 0.4981462 -0.5214625 0.04653023 0.8520046 -0.506835 0 0.8620431 -0.4723503 0.001478811 0.8814097 -0.4076057 0.01703519 0.9129991 -0.2716089 0.05677933 0.9607313 0.0266584 0.02696892 0.9992807 0.0341862 0.03027105 0.9989569 0.2274708 0.1278444 0.9653563 -0.6962622 0.00469962 0.7177721 -0.868143 0.00423496 0.4962961 -0.6956987 -0.01865871 0.7180914 -0.4103336 -0.00705933 0.9119082 -0.4726416 -0.0006573088 0.8812545 -0.5024509 -0.009645614 0.864552 -0.6103671 -0.04018083 0.791099 -0.8663102 -0.001484077 0.4995042 0.5098408 -0.02500301 0.8599053 0.506835 0 0.8620431 0.4726416 -0.0006573088 0.8812545 0.4103336 -0.00705933 0.9119082 0.2704257 -0.01571447 0.9626126 -0.01393106 -0.01750475 0.9997497 -0.02080482 -0.02300758 0.9995188 -0.248569 -0.04937139 0.9673551 1 0 0 1 0 0 0.8660252 0 -0.5000003 0.8660252 0 -0.5000003 0.5000003 0 -0.8660252 0.5000003 0 -0.8660252 9.146537e-17 0 -1 1.280515e-16 0 -1 -0.5000003 0 -0.8660252 -0.5000003 0 -0.8660252 -0.8660252 0 -0.5000003 -0.8660252 0 -0.5000003 -1 0 0 -1 0 0 -1 0 0 -1 0 0 -1 0 0 -1 0 0 1 0 0 0.9807855 -0.1950891 0 1 0 0 0.9807855 -0.1950891 0 -1 0 0 -0.9807855 -0.1950891 0 -1 0 0 -0.9807855 -0.1950891 0 1 0 0 1 0 0 1 0 0 1 0 0 -1 0 0 -1 0 0 -1 0 0 -1 0 0 -1 0 0 -0.987688 -0.1564365 0 -1 0 0 -0.987688 -0.1564365 0 1 0 0 0.987688 -0.1564365 0 1 0 0 0.987688 -0.1564365 0 1 0 0 1 0 0 1 0 0 1 0 0 0.8307212 -0.5566879 0.0008766683 0.8726945 -0.4882666 0 0.9372246 -0.3476779 -0.02702019 0.9964071 0.06365079 -0.05587081 0.5257365 0.1687006 -0.8337513 0.5892537 0.1850961 -0.7864601 0.9231286 0.2590011 -0.284169 0.9641334 0.2426233 -0.1076135 0.9739334 0.2254529 -0.02499596 0.2266189 -0.9736463 -0.02562819 0.3583479 -0.9248362 0.1275334 0.4599909 -0.8663553 0.194517 0.5019514 -0.8641823 -0.03512415 0.6449233 -0.7641956 -0.008890918 0.6398254 -0.7440632 0.1923366 0.2301614 -0.9539547 0.1923436 -3.471205e-06 -0.9966376 -0.08193634 -0.2100397 -0.9769721 -0.03753413 -0.2218264 -0.9547562 0.1980748 -0.37759 -0.9225038 0.08007863 -0.4616727 -0.8653782 0.1948819 -0.5019514 -0.8641823 -0.03512415 -0.6449233 -0.7641956 -0.008890918 -0.9459704 -0.3242529 0 -0.8726945 -0.4882666 0 -0.9185517 -0.3542433 0.1754267 -0.8307212 -0.5566879 0.0008766683 -0.7973244 -0.572334 0.1915923 -0.6398254 -0.7440634 0.192336 -0.9777374 0.08920349 0.1899271 -0.9618861 0.2153147 0.1685665 -0.9974794 0.05128132 -0.04904164 -0.9742362 0.2244973 -0.02155822 -0.9597801 0.2472441 -0.133013 -0.7810656 0.2411681 -0.5759987 -0.7208483 0.2313089 -0.6533558 -0.9763689 -0.173515 0.1288268 0.7973216 -0.5723391 0.1915885 0.9085698 -0.3711204 0.1917565 0.9737823 -0.1475165 0.1731674 0.9770296 0.09212533 0.1921615 0.9625004 0.208138 0.1739873 0 0 1 0 0 1 0 0 1 0.1697523 -0.1221674 0.9778851 0 0 1 0.1363645 -0.1585832 0.9778835 0 0 1 0.09536623 -0.1861352 0.9778849 0 0 1 0.04905327 -0.2033106 0.9778848 0 0 1 0.2093768 0.01876607 0.9776549 0 0 1 0.2067884 -0.03132813 0.977884 0.19367 -0.07894983 0.9778849 0 0 1 -0.1697516 -0.1221692 0.977885 0 0 1 -0.1363664 -0.1585818 0.9778834 0 0 1 -0.09536492 -0.1861353 0.9778851 0 0 1 -0.04905378 -0.2033103 0.9778848 4.062849e-07 -0.2091432 0.977885 0 0 1 -0.2058028 0.01236468 0.9785154 0 0 1 0 0 1 0 0 1 -0.206788 -0.03132817 0.9778841 -0.1936696 -0.07894931 0.977885 0 0 1 -0.01789764 -0.01087283 0.9997807 -0.001810357 0.000219625 0.9999983 0 0 1 0 0 1 0 0 1 0 0 1 0 0 1 0 0 1 0 0 1 0 0 1 0.00139145 0.094646 0.99551 0 0 1 -0.0001983067 0.07323381 0.9973148 0.003143334 0.09107839 0.9958388 0 0 1 0.001810357 0.000219625 0.9999983 0 0 1 -0.02091104 0.06788593 0.9974739 0 0 1 0 0 1 0 0 1 0 0 1 0 0 -1 0 0 -1 0 0 -1 0 0 -1 0.1208572 0.005696963 -0.9926536 0 0 -1 0.1966301 -0.116686 -0.9735096 0 0 -1 0 0 -1 0 0 -1 0 0 -1 0 0 -1 -0.1604894 -0.003845621 -0.9870301 0 0 -1 -0.1317307 -0.09847138 -0.9863825 0 0 -1 0 0 -1 0 0 -1 0 0 -1 0 0 -1 0 0 -1 0 0 -1 0 0 -1 0 0 -1 0 0 -1 0 0 -1 0 0 -1 0 0 -1 0 0 -1 0 0 -1 0 0 -1 0 0 -1 0 0 -1 0 0 -1 0 0 -1 0 0 -1 0 0 -1 0 0 -1 0 0 -1 0 0 -1 0 0 -1 0 0 -1 0 0 -1 0 0 -1 0 0 -1 0 0 -1 0 0 -1 0 0 -1 0 0 -1 0 0 -1 0 0 -1 0 0 -1 0 0 -1 0 0 -1 0 0 -1 0 0 -1 0 0 -1 0 0 -1 0 0 -1 0 0 -1 0 0 -1 0 0 -1 0.9914448 -0.1305266 0 0.9914448 -0.1305266 0 0.8660265 -0.4999981 0 0.8660265 -0.4999981 0 0.4999995 -0.8660257 0 0.4999995 -0.8660257 0 1.280513e-16 -1 0 1.280513e-16 -1 0 -0.4999995 -0.8660257 0 -0.4999995 -0.8660257 0 -0.8660265 -0.4999981 0 -0.8660265 -0.4999981 0 -0.9914448 -0.1305266 0 -0.9914448 -0.1305266 0 0 0 -1 0 0 -1 0 0 -1 0 0 -1 0 0 -1 0 0 -1 0 0 -1 0 0 -1 0 0 -1 0 0 -1 0 0 -1 0 0 -1 0 0 -1 0 0 -1 0 0 -1 0 0 -1 0 0 -1 0 0 -1 0 0 -1 0 0 -1 0 0 -1 0 0 -1 0 0 -1 0 0 -1 0.8090191 -0.5877823 0 0.8090191 -0.5877823 0 0.3090224 -0.9510547 0 0.3090224 -0.9510547 0 -0.3090224 -0.9510547 0 -0.3090224 -0.9510547 0 -0.8090191 -0.5877823 0 -0.8090191 -0.5877823 0 0.9991647 -0.0110031 0.03935409 0.9856921 0 0.1685559 0.997941 0 -0.06413855 0.9999287 -0.008443355 -0.008445732 1 0 0 0.9860233 -0.07596871 -0.1482797 0.9835838 -0.01793168 -0.179559 -1 0 0 -0.9999888 -0.003572462 -0.003098606 -0.9930612 -0.08025651 -0.08595532 -0.9995434 0 0.03021474 -0.998372 0 -0.05703737 -0.9858931 -0.001803509 0.1673666 -0.9924923 -0.01040993 -0.121863 -0.993429 -0.04379739 -0.1057382 -0.8735594 0.2141953 -0.4370519 -0.8812505 0.2510675 -0.400453 -0.9189814 0.1057235 -0.3798628 -0.9850264 -0.1498451 -0.08526054 -0.9377358 -0.3467114 -0.02104397 -0.8931347 -0.4490625 -0.02555973 -0.9446675 -0.3279068 -0.008968351 -0.9907399 -0.1354817 -0.008897797 -0.9971038 -0.05926597 -0.04766173 -0.9873226 0.02985604 -0.1558932 -0.9940557 -0.09830188 0.04679819 -0.9766081 -0.2046523 0.06598528 -0.9367296 -0.3346815 0.1025956 -0.9842054 0.1770237 -0.001503955 -0.9839 0.1781915 0.01373501 -0.9703346 0.1536916 -0.1866271 -0.9918621 0.1174177 -0.04922114 -0.9999684 -0.00795178 0 -0.7486244 0.1807553 0.6378786 -0.5845533 0.3351024 0.7389207 -0.7756549 0.09282397 0.6242941 -0.4380529 0.4174498 0.796144 -0.6821683 0.3521678 0.6407997 -0.7693898 0.2917047 0.5682849 -0.9933155 -0.1065075 -0.04450331 -0.9997778 -0.0210702 -0.0006385407 -0.9941523 -0.1030566 -0.03225641 -0.9872737 -0.01382603 0.1584282 -0.9797481 -0.1982444 -0.02815647 -0.9729006 -0.2309058 0.01212478 -0.9813938 0.1903763 -0.02496127 -0.9841942 0.1770908 -0.0007928132 -0.9836443 0.1800198 -0.00606164 -0.9781536 0.1357649 0.1574277 -0.9969977 0.05518461 0.0543159 -0.9998713 -0.01598645 -0.001370481 -0.9454267 -0.3230999 0.04212854 -0.9739487 -0.1918086 0.1209686 -0.8898323 -0.4553852 0.02868324 -0.9471564 -0.3207426 -0.004341854 -0.9546942 -0.2710602 0.1228224 -0.9435039 -0.2676986 0.1952891 -0.9575028 -0.1352419 0.2547509 -0.915165 0.1247283 0.3832961 -0.9049327 -0.07886004 0.4181842 -0.8302622 0.1048836 0.5474158 -0.8701054 0.316929 0.3774554 -0.8400149 -0.07732469 0.537025 -0.9101723 -0.2095536 0.3573144 -0.9481187 -0.3178458 -0.006709699 -0.9228648 -0.3076542 -0.2316668 -0.9267543 -0.3147538 -0.205077 -0.8945956 -0.2701223 -0.3559954 -0.8995484 -0.2186089 -0.3781835 -0.8447877 -0.1448645 -0.5151194 -0.8695055 -0.09310234 -0.4850692 -0.7374452 -0.01052466 -0.6753249 -0.81763 0.05705963 -0.5729095 -0.6100405 0.1183746 -0.7834781 -0.7620157 0.1955004 -0.6173424 -0.4773438 0.2003598 -0.8555693 -0.724183 0.2760925 -0.6319271 -0.9370028 -0.2677772 0.2243235 -0.9437162 -0.2982329 -0.1430273 -0.9472057 -0.1961785 -0.2536048 -0.9381885 -0.03744415 -0.3440935 -0.8822466 -0.4707573 -0.00533866 0.1402475 0.4041797 0.9038636 0.1639361 0.3919307 0.9052708 0.0980898 0.3506401 0.9313592 0.4380509 0.4174582 0.7961407 0.3171748 0.3729183 0.8719702 0.3918799 0.4191059 0.8190118 0.01996332 0.3947663 0.9185647 0.07548 0.3693584 0.9262166 0.02973767 0.2977939 0.9541669 0.007021819 0.2517157 0.9677758 -0.007069148 0.305129 0.9522848 -0.004222973 0.2219061 0.9750589 -0.004264194 0.3928331 0.9195999 -0.005040374 0.3372059 0.9414174 -0.003993063 0.2924373 0.9562764 -0.003310351 0.392518 0.9197384 -0.01996332 0.3947663 0.9185647 -0.01393805 0.2518057 0.9676774 -0.1212592 0.3771588 0.9181761 -0.1088417 0.3280198 0.9383797 -0.2137829 0.3923743 0.8946168 -0.149513 0.3230687 0.9344905 -0.2645279 0.3901555 0.8819318 0.200829 0.311198 0.928883 6.959263e-17 0.287397 0.9578116 -0.1852081 0.3248302 0.9274607 -0.3316147 0.3932236 0.8575587 0.3477158 0.237936 -0.9069069 0.4604959 0.2775107 -0.8431675 0.269616 0.2218805 -0.9370572 0.08640258 0.2240814 -0.9707328 0.06019837 0.2171376 -0.974283 -0.03200622 0.2541899 -0.9666246 0.02566518 0.1619845 -0.9864595 -0.02844177 0.2528047 -0.9670992 0.003020727 0.1186141 -0.9929358 -0.005752491 0.2520609 -0.9676943 -0.02357735 0.2313514 -0.9725845 0.001806449 0.2310367 -0.9729434 0.1723043 0.2423733 -0.9547599 0.03481617 0.206062 -0.9779194 0.05388802 0.1925509 -0.9798062 0.2107537 0.2534566 -0.9441094 0.1098041 0.1571896 -0.9814451 0.1332086 0.1204975 -0.9837356 0.1571525 0.05918077 -0.9857995 0.1706523 0.1551499 -0.9730397 0.09220698 0.01806402 -0.995576 -0.003304457 -0.0241706 -0.9997024 -0.2040258 0.1464234 -0.9679533 -0.1453654 0.0408533 -0.9885342 -0.3638024 0.1797642 -0.9139653 -0.1449527 0.09743294 -0.9846296 -0.01252192 0.1355246 -0.9906948 -0.002378914 0.1917576 -0.9814394 -0.04866021 0.2036782 -0.9778279 -0.227437 0.2558476 -0.939582 -0.1038803 0.1460106 -0.9838139 -0.1961256 0.2470303 -0.9489525 -0.05702557 0.1726799 -0.9833259 -0.1776045 0.2420182 -0.9538783 -0.009672138 0.215785 -0.976393 -0.1165301 0.2396292 -0.9638457 0.0297935 0.2517145 -0.9673428 0.03818039 0.2467576 -0.9683248 0.02708217 0.2360294 -0.9713685 0.02473555 0.2189542 -0.9754216 0.02326384 0.2552315 -0.9666001 0.005230725 0.290264 -0.9569323 -0.00105119 0.08001215 -0.9967933 -0.004489834 0.28293 -0.95913 0.005512134 0.2472913 -0.9689255 0.2023612 0.1647907 -0.9653466 -0.009211232 0.1156 -0.9932531 -0.1001484 0.007140259 -0.9949469 0.943387 -0.2715337 0.1905003 0.9559567 -0.2613653 0.133548 0.9470966 -0.3207141 0.01226811 0.8567944 0.2959573 0.4222707 0.9105158 0.1737299 0.3752051 0.7569052 0.2787033 0.5911167 0.984105 0.1775751 0.002092961 0.9843457 0.1757712 -0.01295989 0.9650438 0.1883757 0.1822226 0.9904361 0.1313997 0.04207629 0.9858403 0.05804035 0.1573221 0.6178266 0.2924981 0.7298871 0.6830589 0.3528316 0.6394845 0.8969498 -0.1605853 -0.4119387 0.8346537 -0.00222536 -0.5507705 0.7746909 -0.01793827 -0.6320856 0.9842862 -0.1536767 0.08697201 0.9998268 -0.01860455 0.0004795395 0.9825944 -0.1670685 0.08121751 0.9853136 -0.03921954 -0.1661893 0.982035 0.187242 0.02340098 0.984227 0.1769093 0.0004683989 0.9837242 0.1795724 0.006362117 0.9789983 0.1109966 -0.1710034 0.9994302 0.02173052 -0.02582616 0.9998733 -0.01575619 0.002248282 0.8867818 -0.4613774 -0.02736625 0.9377358 -0.3467114 -0.02104397 0.9724275 -0.20322 -0.1143953 0.9570111 -0.2875807 -0.03777606 0.9785176 -0.2045205 0.02597348 0.9904928 -0.1372661 0.009056376 0.9799138 -0.1502975 0.1310711 0.9976929 -0.05247441 0.04307324 0.9998735 -0.01590306 0 0.981043 -0.1708049 -0.09154418 0.9538387 -0.2784155 -0.1125904 0.9275695 -0.3593077 -0.1025318 0.9453869 -0.3258346 0.008687806 0.8067923 0.168018 0.5664416 0.9400062 0.02769034 0.3400317 0.8736089 -0.0003192113 0.4866287 0.953864 -0.123263 0.2737696 0.9130978 -0.1473519 0.3801839 0.6062061 0.2023441 -0.7691365 0.7067578 0.2328368 -0.6680423 0.7587687 0.05523021 -0.6490144 0.7866578 0.1958188 -0.5855122 0.9224442 0.04695397 -0.383265 0.8885801 0.2486823 -0.3854641 0.8236886 -0.1787346 -0.5381366 0.8945956 -0.2701223 -0.3559954 0.9329264 -0.2926352 -0.2097925 0.9228648 -0.3076542 -0.2316668 0.9470854 -0.3209587 0.003845314 0.9504426 -0.1824462 -0.2517385 0.9460661 -0.2984644 -0.1260076 0.9350243 -0.2848199 0.2112042 0.9101723 -0.2095536 0.3573144 0.8564067 -0.05097235 0.5137796 0.7375214 0.1142582 0.6655879 0.9389493 -0.343384 0.02148659 0.8924666 -0.4505173 0.02318656 0.8830347 -0.4692697 0.005981558 0 -1 0 0 -1 0 0.1830116 -0.9801533 0.07619841 -0.1836328 -0.9800138 0.07649856 0 -1 0 0 -1 0 -0.1547569 -0.9879523 -0.0007343833 0 -1 0 -0.1830871 -0.9801371 -0.0762257 0 -1 0 0 -1 0 0 -1 0 0.183654 -0.9800018 -0.07660129 0 -1 0 0 -1 0 0.1547588 -0.987952 0.0006951098 0 -1 0 0 -1 0 -0.8306752 -0.5567566 -0.0008925973 -0.8726945 -0.4882666 0 -0.9366824 -0.3490583 0.02800673 -0.9962565 0.06512556 0.0568484 -0.5258255 0.1687292 0.8336894 -0.5893245 0.1851194 0.7864016 -0.9231248 0.2590018 0.2841806 -0.9641338 0.242623 0.1076104 -0.9739333 0.2254532 0.02499682 -0.2072781 -0.978265 0.005779945 -0.3005767 -0.9449838 -0.1290704 -0.4531311 -0.8768029 -0.1609002 -0.4169599 -0.9069127 0.06044643 -0.6349065 -0.7721588 0.02578083 -0.6398262 -0.7440642 -0.1923303 -0.2301617 -0.953956 -0.1923373 3.185751e-06 -0.9956274 -0.09341343 0.1709627 -0.9846296 0.03572486 0.2240968 -0.9539423 -0.1994361 0.3314447 -0.9434034 -0.01159544 0.4540897 -0.8762514 -0.161202 0.4169599 -0.9069127 0.06044643 0.6349065 -0.7721588 0.02578083 0.9085628 -0.3711436 -0.1917449 0.8306752 -0.5567566 -0.0008925973 0.7973655 -0.5722844 -0.1915693 0.6398262 -0.7440644 -0.1923296 0.9771074 0.0910128 -0.192296 0.9723513 0.2176573 -0.08460621 0.996234 0.06548306 0.05683132 0.9742361 0.2244978 0.02155991 0.9597802 0.2472446 0.1330119 0.7810746 0.2411708 0.5759853 0.7208589 0.2313123 0.653343 0.9742702 -0.1475878 -0.1703391 0.9366824 -0.3490583 0.02800673 0.8726945 -0.4882666 0 -0.7973627 -0.5722896 -0.1915655 -0.9085664 -0.3711354 -0.1917436 -0.9742692 -0.1475903 -0.1703427 -0.9785949 0.08524534 -0.1873106 -0.9723513 0.2176573 -0.08460621 -0.209477 0.0207828 -0.9775927 0 0 -1 -0.2067717 -0.03132561 -0.9778876 0 0 -1 -0.1936544 -0.07894348 -0.9778885 0 0 -1 0 0 -1 0 0 -1 0 0 -1 0 0 -1 0 0 -1 0 0 -1 -4.062542e-07 -0.2091264 -0.9778886 -0.04904932 -0.2032942 -0.9778884 0 0 -1 0 0 -1 0 0 -1 0.01686204 -0.01145281 -0.9997922 0.0003200174 0.04500501 -0.9989867 0 0 -1 0.0002682354 0.0266125 -0.9996458 0 0 -1 -0.000568861 0.04495922 -0.9989887 0 0 -1 0 0 -1 0 0 -1 0 0 -1 -0.09535856 -0.1861203 -0.9778885 0 0 -1 -0.1363536 -0.1585704 -0.9778871 -0.1697387 -0.1221576 -0.9778887 0 0 -1 0.2094767 0.02078311 -0.9775927 0 0 -1 0 0 -1 0.169738 -0.1221594 -0.9778886 0 0 -1 0.1363555 -0.1585691 -0.977887 0 0 -1 0.09535725 -0.1861203 -0.9778887 0.04904984 -0.2032939 -0.9778884 0.2067714 -0.03132565 -0.9778877 0.193654 -0.07894296 -0.9778886 0 0 -1 0 0 -1 0 0 -1 0 0 -1 0 0 -1 0 0 -1 0 0 -1 -0.004294385 0.001563074 -0.9999896 0 0 -1 0 0 -1 0 0 -1 0 0 1 0 0 1 0 0 1 0 0 1 -0.120878 0.005695151 0.992651 0 0 1 -0.1966358 -0.1164537 0.9735363 0 0 1 0 0 1 0 0 1 0 0 1 0 0 1 0.1604971 -0.003844391 0.9870288 0 0 1 0.1317481 -0.0984703 0.9863803 0 0 1 0 0 1 -0.999655 -0.002535901 -0.02614178 -0.9964674 0 -0.08398009 -0.9979409 0 0.06414036 -0.9999596 -0.006580564 0.006129311 -0.9860176 -0.07643476 0.1480775 -0.983579 -0.017899 0.1795886 0.9983718 0 0.05704115 0.9965066 -0.0007163361 -0.0835108 0.9924923 -0.01041008 0.121863 0.9995464 0 -0.030116 0.993808 -0.04623905 0.1010323 0.9999883 -0.00296978 0.003826568 0.4221363 0.120613 -0.8984728 0.4782132 0.119586 -0.870064 0.7112385 0.003888456 -0.70294 0.5281146 0.112934 -0.8416299 0.5531832 0.07368737 -0.8297943 0.5529109 0.02247309 -0.8329373 0.5896322 0.005926644 -0.8076501 0.48129 0.00103306 -0.8765608 0.3261107 0.1733915 -0.9292939 0.3746724 0.000765748 -0.9271569 0.1937581 0.1944468 -0.9615863 0.2237369 0.0007680496 -0.9746493 0.0003317045 0.1923454 -0.9813272 0.0005040439 -0.0007709121 -0.9999996 -0.1912332 0.1930472 -0.9623734 -0.2237364 -0.0007684069 -0.9746494 -0.3245205 0.1783966 -0.9289032 -0.5494039 0.0136378 -0.8354456 -0.5502985 0.05764071 -0.832976 -0.71241 0.001535796 -0.7017618 -0.5436453 0.09926688 -0.8334242 -0.52587 0.1208436 -0.8419368 -0.4962765 0.1265071 -0.8588979 -0.4578692 0.1244361 -0.8802678 -0.5882869 0.003149461 -0.8086461 -0.4134538 0.1246493 -0.9019526 -0.4812896 0.001032924 -0.8765611 -0.3751415 0 -0.9269676 -0.6436444 0 -0.7653247 -0.709268 0 -0.704939 -0.7677502 0.0006455197 -0.640749 -0.8350366 -0.0003969271 -0.5501943 -0.5656331 0.0007077355 0.8246567 -0.6837801 0 0.7296881 -0.7133649 -0.0004166854 0.7007926 -0.7677373 0.0006455569 0.6407645 -0.8348712 -0.0008503142 0.5504446 -0.8588654 0.0006566163 0.512201 -0.9155898 -0.0004618724 0.4021133 -0.9256081 0.0002076056 0.3784833 -0.9699565 -0.000547343 0.2432776 -0.9742971 0.0001856103 0.2252668 -0.9999998 -0.0005362852 -0.0003509895 -0.9999997 -0.0006058109 -0.0003994826 -0.9699975 0.0002659021 -0.2431149 -0.9743568 -0.0006307498 -0.2250077 -0.9155429 0.0002823675 -0.4022203 -0.9254791 -0.0007258968 -0.378798 -0.8591073 -8.601613e-05 -0.5117955 -0.5877264 -1.777133e-05 0.8090598 -0.4806926 7.283287e-06 0.8768892 -0.4142787 0.0007071288 0.9101498 -0.3753082 -0.0002770768 0.9269 -0.2527317 0.000885852 0.967536 -0.2230793 -0.0002362939 0.9748003 0.0007014457 0.00106061 0.9999992 0.2524833 -0.0004546183 0.9676012 0.2225684 0.001113364 0.9749164 0.4139959 0.0002257241 0.9102787 0.3751501 0 0.9269641 0.4806929 7.329725e-06 0.876889 0.5656334 0.0007066777 0.8246565 0.5877209 -1.677332e-05 0.8090638 0.6837788 -8.898309e-07 0.7296893 0.7133645 -0.00041574 0.7007931 0.7677373 0.0006455569 0.6407645 0.8350356 -0.0003970906 0.5501958 0.8591084 -8.591746e-05 0.5117937 0.9254791 -0.0007258422 0.378798 0.9155434 0.0002823675 0.4022191 0.9743568 -0.0006307498 0.2250077 0.9699975 0.0002659021 0.2431149 0.9999997 -0.0006058109 0.0003994826 0.9999998 -0.0005362852 0.0003509895 0.9742971 0.0001856103 -0.2252668 0.9699565 -0.000547343 -0.2432776 0.9256081 0.0002076056 -0.3784833 0.9155893 -0.0004619095 -0.4021145 0.8588643 0.0006565734 -0.5122027 0.8348722 -0.000850187 -0.5504432 0.7677502 0.0006455197 -0.640749 0.709268 0 -0.704939 0.6436444 0 -0.7653247 -0.8197558 0.0007723289 0.5727126 -0.7444184 -2.031796e-06 0.6677135 -0.7434612 0.0008974625 0.6687784 -0.8137994 0 0.5811459 -0.7890026 0.008011324 0.6143376 -0.7825075 0.02931524 0.6219507 -0.7894321 -0.00650486 0.6138034 -0.7658299 0.06643563 0.6396021 -0.7785522 -0.02644886 0.6270223 -0.7942576 0.01338119 0.6074338 -0.786666 0.01206851 0.6172608 -0.7588168 0.04941756 0.6494266 -0.6988356 0.09957063 0.7083181 -0.5897477 0.1485846 0.7938011 -0.4667175 0.1877136 0.864256 -0.4078024 0.003293746 0.9130643 -0.9545183 0.0007894417 0.2981511 -0.9510548 0 0.3090223 -0.9945217 0 -0.1045304 -0.9945217 0 -0.1045304 -0.8660248 0 -0.500001 -0.8660248 0 -0.500001 -0.5877851 0 -0.8090171 -0.5877851 0 -0.8090171 -0.2090217 -0.001782728 -0.9779094 -0.2588191 0 -0.9659258 -2.30972e-16 -7.739004e-05 -1 0.2090217 -0.001782728 -0.9779094 0.2588191 0 -0.9659258 0.5877851 0 -0.8090171 0.5877851 0 -0.8090171 0.8660248 0 -0.500001 0.8660248 0 -0.500001 0.9945217 0 -0.1045304 0.9945217 0 -0.1045304 0.9546718 0 0.2976605 0.9511955 0.0007058125 0.308588 0.8194768 2.686972e-05 0.5731123 0.742845 0.0009397695 0.6694628 0.7444184 -2.031796e-06 0.6677135 0.7880684 0.03261392 0.6147232 0.7893819 -0.006596387 0.613867 0.7776026 0.06786098 0.6250832 0.778232 -0.02643885 0.6274201 0.7588712 0.1019464 0.6432119 0.7926806 0.06465763 0.6061987 0.5412855 0.1660835 0.8242732 0.6321355 0.1359117 0.7628451 0.7010076 0.1014317 0.7059036 0.7483926 0.06640952 0.6599229 0.7956566 0.008247596 0.6056919 0.878846 0.009261241 0.4770156 0.7741963 0.03265848 0.6321024 0.7887953 0.007981608 0.6146042 7.22077e-17 0.00508739 0.9999871 0.2060961 0.1316992 0.9696286 0.4082316 0.002544593 0.9128748 0.3652498 0.135353 0.9210169 0.4379357 0.1782762 0.8811526 -0.3499759 0.1694059 0.9213135 -0.2037512 0.1333432 0.9698995 4.938987e-06 0.1316851 0.9912916 0 1 0 0 1 0 0 1 0 0 1 0 0 1 0 0 1 0 0 1 0 0 1 0 0 1 0 0 1 0 0 1 0 0 1 0 0 1 0 0 1 0 0 1 0 0 1 0 0 1 0 0 1 0 0 1 0 0 1 0 0 1 0 0 1 0 0 1 0 0 1 0 0 1 0 0 1 0 0 1 0 0 1 0 -1 0 0 -1 0 0 1 0 0 1 0 0 1 -2.022528e-15 0 1 -2.02731e-15 0 0.7071038 -0.7071097 0 0.7071038 -0.7071097 0 1.91255e-16 -1 0 1.91255e-16 -1 0 -0.7071038 -0.7071097 0 -0.7071038 -0.7071097 0 -1 -2.065561e-15 0 -1 -2.046435e-15 0 -0.7071038 0.7071097 0 -0.7071038 0.7071097 0 1.53004e-16 1 0 1.721295e-16 1 0 0.7071038 0.7071097 0 0.7071038 0.7071097 0 1 -2.051217e-15 0 1 -2.065561e-15 0 0.7071038 -0.7071097 0 0.7071038 -0.7071097 0 -7.650199e-17 -1 0 -5.737649e-17 -1 0 -0.7071038 -0.7071097 0 -0.7071038 -0.7071097 0 -1 -2.02731e-15 0 -1 -2.02731e-15 0 -0.7071038 0.7071097 0 -0.7071038 0.7071097 0 -3.825099e-17 1 0 -3.825099e-17 1 0 0.7071038 0.7071097 0 0.7071038 0.7071097 0 0.2312296 0.966976 -0.1071928 0.3962418 0.9181462 0 0.7122937 0.7018815 0 0.7074848 0.7067271 -0.00147087 1.53004e-16 1 0 -0.1210014 0.9893984 -0.08030838 -0.7071038 0.7071097 0 -0.7071038 0.7071097 0 -1 3.825113e-17 0 -1 -1.912556e-17 0 -0.7071038 -0.7071097 0 -0.7071038 -0.7071097 0 -0.1882143 -0.982128 0 -0.002946759 -0.9999835 -0.004922331 0.2737134 -0.9618106 -0.001164427 0.7089572 -0.7052442 -0.003214663 0.3962418 -0.9181462 0 1 0 0 1 -1.912556e-17 0 0.7122937 -0.7018815 0 -0.2312296 -0.966976 -0.1071928 -0.3962418 -0.9181462 0 -0.7122937 -0.7018815 0 -0.7074848 -0.7067271 -0.00147087 -7.650199e-17 -1 0 0.1210014 -0.9893984 -0.08030838 0.7071038 -0.7071097 0 0.7071038 -0.7071097 0 1 -3.825113e-17 0 1 1.912556e-17 0 0.7071038 0.7071097 0 0.7071038 0.7071097 0 0.1882143 0.982128 0 0.002946759 0.9999835 -0.004922331 -0.2737134 0.9618106 -0.001164427 -0.7089572 0.7052442 -0.003214663 -0.3962418 0.9181462 0 -1 0 0 -1 1.912556e-17 0 -0.7122937 0.7018815 0 0 0 1 0 0 1 0 0 1 0 0 1 0 0 1 0 0 1 0 0 1 0 0 1 0 0 1 0 0 1 0 0 1 0 0 1 0 0 1 0 0 1 0 0 1 0 0 1 0 0 1 0 0 1 0 0 1 0 0 1 0 0 1 0 0 1 0 0 1 0 0 1 0 0 1 0 0 1 0 0 1 0 0 1 0 0 1 0 0 1 0 0 1 0 0 1 0 0 1 0 0 1 0 0 1 0 0 1 0 0 1 0 0 1 0 0 1 0 0 1 0 0 1 0 0 1 0 0 1 0 0 1 0 0 1 0 0 1 0 0 1 0 0 1 0 0 1 0 0 1 0 0 1 0 0 1 -0.9914448 -0.1305266 0 -0.9914448 -0.1305266 0 -0.8660265 -0.4999981 0 -0.8660265 -0.4999981 0 -0.4999995 -0.8660257 0 -0.4999995 -0.8660257 0 -1.646373e-16 -1 0 -1.66924e-16 -1 0 0.4999995 -0.8660257 0 0.4999995 -0.8660257 0 0.8660265 -0.4999981 0 0.8660265 -0.4999981 0 0.9914448 -0.1305266 0 0.9914448 -0.1305266 0 -1 0 0 -1 0 0 1 0 0 1 0 0 0 0 1 0 0 1 0 0 1 0 0 1 0 0 1 0 0 1 0 0 1 0 0 1 0 0 1 0 0 1 0 0 1 0 0 1 0 0 1 0 0 1 0 0 1 -0.7071046 -0.7071089 0 -0.7071046 -0.7071089 0 -3.825106e-17 -1 0 1.912553e-17 -1 0 0.7071046 -0.7071089 0 0.7071046 -0.7071089 0 -1 -2.051217e-15 0 -1 -2.065561e-15 0 -0.7071038 -0.7071097 0 -0.7071038 -0.7071097 0 1.53004e-16 -1 0 1.53004e-16 -1 0 0.7071038 -0.7071097 0 0.7071038 -0.7071097 0 1 -2.065561e-15 0 1 -2.02731e-15 0 0.7071038 0.7071097 0 0.7071038 0.7071097 0 1.91255e-16 1 0 1.91255e-16 1 0 -0.7071038 0.7071097 0 -0.7071038 0.7071097 0 -1 -2.02731e-15 0 -1 -2.065561e-15 0 -0.7071038 -0.7071097 0 -0.7071038 -0.7071097 0 -3.825099e-17 -1 0 -7.650199e-17 -1 0 0.7071038 -0.7071097 0 0.7071038 -0.7071097 0 1 -2.065561e-15 0 1 -2.046435e-15 0 0.7071038 0.7071097 0 0.7071038 0.7071097 0 -7.650199e-17 1 0 -9.562749e-17 1 0 -0.7071038 0.7071097 0 -0.7071038 0.7071097 0 -0.8646977 -0.5018881 0.02015417 -0.7855226 -0.618833 0 -0.6036833 -0.7972242 0 -0.6981954 0.7156536 0.01905683 -0.859283 0.5114864 0.003787688 -0.9997891 -0.01198455 0.01667973 -0.9996538 -0.016256 0.02068932 -0.7063574 -0.7078328 0.005658403 1.91255e-16 -1 0 2.103805e-16 -1 0 0.7071038 -0.7071097 0 0.7071038 -0.7071097 0 1 -3.825113e-17 0 1 1.912556e-17 0 0.7071038 0.7071097 0 0.7071038 0.7071097 0 1.91255e-16 1 0 1.91255e-16 1 0 -0.6036833 0.7972242 0 -0.7855226 0.618833 0 0.8646977 0.5018881 0.02015417 0.7855226 0.618833 0 0.6036833 0.7972242 0 0.6981954 -0.7156536 0.01905683 0.859283 -0.5114864 0.003787688 0.9997891 0.01198455 0.01667973 0.9996538 0.016256 0.02068932 0.7063574 0.7078328 0.005658403 -7.650199e-17 1 0 -9.562749e-17 1 0 -0.7071038 0.7071097 0 -0.7071038 0.7071097 0 -1 3.825113e-17 0 -1 -1.912556e-17 0 -0.7071038 -0.7071097 0 -0.7071038 -0.7071097 0 -7.650199e-17 -1 0 -9.562749e-17 -1 0 0.6036833 -0.7972242 0 0.7855226 -0.618833 0 0 0 1 0 0 1 0 0 1 0 0 1 0 0 1 0 0 1 0 0 1 0 0 1 0 0 1 0 0 1 0 0 1 0 0 1 0.8947658 0.08547487 -0.4382787 0.8126694 0 -0.582725 0.6215381 2.925148e-17 -0.783384 0.697449 0.02855226 -0.7160654 1 0 1.530046e-16 0.9982717 0.04640514 0.03605888 0.7071046 0 0.7071089 0.7071046 0 0.7071089 -1.530042e-16 0 1 -9.562765e-17 0 1 -0.7071046 0 0.7071089 -0.7071046 0 0.7071089 -0.9966683 0 0.08156109 -0.9987467 0.03790646 0.03268223 -0.8816746 0.02730421 -0.4710674 -0.6812849 0.04394395 -0.7306982 -0.8126694 0 -0.582725 0 -3.044573e-17 -1 2.103808e-16 3.044573e-17 -1 -0.6215381 0 -0.783384 0 0.0914627 0.9958085 -0.1926421 0.184161 0.9638328 -0.1863186 0.01303423 0.9824029 -0.00661433 0.1907742 0.9816117 -0.1821973 0.04102052 0.982406 -0.1488507 0.1497654 0.9774527 -0.026338 0.06712132 -0.9973971 -0.1358514 0.03645963 -0.9900581 -0.05019277 0 -0.9987395 0.1893384 0.186613 -0.9640158 0.1711384 -0.1616766 -0.9718911 -0.128832 0.1281413 -0.9833525 0.03097169 -0.09911244 -0.9945941 -0.001057918 0.06135923 -0.9981152 -0.001640876 0.1023241 -0.9947498 0 0 -1 0 0 -1 -0.02017092 0.09217673 -0.9955383 0.1143671 -0.122889 -0.9858085 0 0 -1 0 0 -1 0 0 -1 -0.1308799 0.002376441 -0.9913954 -0.1245999 0.04328964 -0.9912623 -0.9690131 0.2467782 -0.0106803 -0.9774301 0.211259 0 -0.9577106 0.2877329 -0.0003877096 -0.9571866 0.2137168 0.1952408 -0.9681988 0.2070959 -0.1403653 -0.9578048 0.2874146 -0.001703788 -0.9504077 0.311006 -0.000733032 -0.948899 0.3071602 0.07241038 -0.9687375 0.2454372 -0.03616842 -0.965094 0.2522033 -0.07061977 -0.9603381 0.258861 -0.1036418 0.1926392 0.1841584 0.9638339 0 0.0914627 0.9958085 0.1863156 0.01303653 0.9824035 0.00661433 0.1907742 0.9816117 0.1805938 0.04241079 0.982643 0.1365552 0.156722 0.9781569 0.9604264 0.2579551 -0.1050725 0.9554001 0.262342 -0.1355999 0.9578506 0.2872668 -0.0001112601 0.9715485 0.2013501 -0.1247065 0.9577505 0.2876003 5.301025e-05 0.9573575 0.2119491 0.1963266 0.9486015 0.3020024 0.09460316 0.9534962 0.3014014 0.001446691 0.9690703 0.246504 -0.01177009 0.9686748 0.2453925 -0.03810115 0.9649869 0.2520159 -0.07272011 0.9777047 0.2099847 1.06173e-05 0.05019276 5.895525e-07 -0.9987395 0.1395936 0.0379355 -0.9894819 0.02613194 0.07421766 -0.9968996 0.009266188 0.1082017 -0.9940858 0.02639279 0.1438984 -0.9892404 0 0 -1 -0.1657242 -0.1657511 -0.972143 -0.1876915 0.1877606 -0.9641151 -0.0473274 -0.1503267 -0.9875029 0.1269869 0.1907649 -0.9733874 -0.1705398 -0.1796839 -0.9688291 0 0 -1 0.08622767 0.003167547 -0.9962704 0.1135158 0.01616739 -0.9934046 0 0 -1 0.1108194 -0.9872127 -0.1145872 0.0439941 -0.9877425 -0.1497643 0 -0.9996907 -0.02487044 -0.0001045683 -0.9894291 -0.1450176 0 -1 0 0 -0.9996907 -0.02487044 -0.06579431 -0.9865458 -0.1496614 -0.1062094 -0.9870767 -0.1199968 -0.1056759 0.9870338 -0.1208175 -0.04601668 0.9914323 -0.1222478 0 0.9996907 -0.02487044 -0.003211337 0.9835154 -0.180796 0 1 0 0 0.9996907 -0.02487044 0.08774758 0.9801619 -0.1777159 0.1069186 0.987119 -0.119015 0.1049019 -0.1684616 -0.9801103 0.07605893 -0.1865979 -0.9794878 0.1161013 0.230921 -0.9660207 0.1543743 0.1543748 -0.9758775 0.2016977 0.08354526 -0.9758782 0.09870223 0.1831675 -0.9781143 0.2066353 0.02164318 -0.9781786 0.1543752 -0.1543693 -0.9758783 0.2016974 -0.08354518 -0.9758782 0.2066352 -0.021643 -0.9781787 -0.1049019 0.1684616 -0.9801103 -0.07605893 0.1865979 -0.9794878 -0.1161013 -0.230921 -0.9660207 -0.1543743 -0.1543748 -0.9758775 -0.2016977 -0.08354526 -0.9758782 -0.09870223 -0.1831675 -0.9781143 -0.2066353 -0.02164318 -0.9781786 -0.1543752 0.1543693 -0.9758783 -0.2016974 0.08354518 -0.9758782 -0.2066352 0.021643 -0.9781787 0.9880441 -0.04718075 -0.1467747 0.9766372 -0.09436279 -0.1930685 0.9869242 0.09613539 -0.1293776 0.9765379 0.09383232 -0.193828 -0.9771726 -0.09871257 -0.1881212 -0.9889236 -0.02237924 -0.1467285 -0.9767676 0.09514591 -0.1920218 -0.9839324 0.1206005 -0.131653 -0.9609872 -0.228384 -0.156027 -0.8520682 -0.5006633 -0.152696 -0.9093588 -0.3726248 -0.1849791 -0.7360518 -0.6672345 -0.1141312 -0.6947501 -0.693046 -0.1923789 -0.5649999 -0.8115662 -0.1487796 -0.385019 -0.9045031 -0.1833971 -0.3046155 -0.9414129 -0.144745 -0.2188317 0.9678861 -0.12373 -0.3882013 0.9036888 -0.180683 -0.9068384 0.3764403 -0.18957 -0.9155889 0.3777429 -0.137867 -0.6939792 0.6951781 -0.1874042 -0.739892 0.6590549 -0.1349313 -0.4908302 0.8617484 -0.1283563 0.3845526 0.9049234 -0.1822992 0.9463336 0.2974826 -0.1263207 0.9062866 0.3753855 -0.1942427 0.8271748 0.5491061 -0.1194336 0.6934989 0.6938282 -0.1940663 0.3112721 0.9422939 -0.1232556 0.5514072 0.8256075 -0.1196762 0.7218811 0.6878442 -0.07588147 0.2483493 -0.9558947 -0.1568055 0.5126403 -0.8449065 -0.1527514 0.3822799 -0.9074441 -0.1743768 0.671655 -0.7321522 -0.1132816 0.6929826 -0.6947926 -0.1924537 0.8159548 -0.5587545 -0.1483615 0.9066166 -0.3750143 -0.1934183 0.9454597 -0.2926503 -0.1430448 0.02536293 0.9925309 0.1193277 -0.04813452 0.9821437 -0.1818704 0.03770632 0.989097 0.1423565 -0.003320766 0.9912487 -0.1319658 0.1593946 0.9755401 0.1513765 -0.174416 0.9728196 0.1523194 -0.01118761 0.989046 -0.1471828 -0.02613341 0.9926126 0.1184792 0.03734312 0.9787226 -0.2017614 1.116192e-06 0.992533 0.1219764 2.383937e-06 0.9783767 -0.2068308 -0.04034796 0.9783815 -0.2028341 0.9933375 0.05993743 0.0984282 0.9794258 0.08108646 -0.1847975 1 0 0 0.9939922 -0.04681802 0.0989326 0.9868095 -0.1243783 -0.1036197 0.9857595 -0.1420522 -0.08999651 0.995145 -0.07514849 -0.0635541 0.9950538 -0.09930076 -0.002710323 0.9890189 -0.1160017 -0.09157122 0.9998717 -0.004623591 -0.01533565 -0.976413 0.1164695 -0.1818034 -0.9908449 0.08798023 0.1024002 -1 0 0 -0.9940379 -0.04823674 0.09778455 -0.9856346 -0.1375602 -0.09798774 -0.9950619 -0.09923335 -0.002115461 -0.993804 -0.08539493 -0.07114246 -0.9888885 -0.1154525 -0.09364967 -0.9999832 -0.004864807 -0.003154391 -0.9867155 -0.1453757 -0.07251435 0.9783851 -0.177541 0.1060271 0.2165357 -0.9759979 -0.02324811 0.4667045 -0.8837035 -0.0354272 0.3714111 -0.917072 0.1450268 0.7207405 -0.6930761 -0.01336635 0.6747363 -0.7209242 0.1581114 0.9259147 -0.3777178 -0.003346425 0.9206219 -0.3902441 0.01284054 0.9711378 -0.2276012 0.07133714 -0.9266212 -0.3759951 -0.0008594477 -0.9265026 -0.3756168 0.02247095 -0.971688 -0.2275316 0.06365355 -0.9783835 -0.1805193 0.1008884 -0.7278374 -0.6857452 0.002513006 -0.6899832 -0.6970045 0.1952125 -0.492387 -0.8703671 0.00402617 -0.3752248 -0.9069382 0.1914928 -0.2073714 -0.9782609 0.001661347 -0.2702717 0.9531447 -0.1358985 -0.5006458 0.852902 0.1480268 -0.6101949 0.7777294 -0.1509941 -0.7779222 0.6159781 0.1241289 -0.8744982 0.4537967 -0.171235 -0.9421642 0.3167095 0.1096438 0.9356176 0.309659 -0.1695023 0.9699461 0.2209474 0.1019157 0.8075699 0.5696806 -0.1526266 0.8944511 0.4345281 0.1055586 0.7659731 0.6327264 0.1137651 0.6243969 0.7687773 -0.1382389 0.5875005 0.7990878 0.1276788 0.4076886 0.904316 -0.1265014 0.3654151 0.9194809 0.1450059 0.1707898 0.9779585 -0.1201167 -0.3467472 0.000845588 -0.9379582 -0.5748484 0.02230944 -0.8179558 -0.4285839 -0.01222222 -0.9034193 -0.9861743 -0.001298967 -0.1657063 -0.9651931 0.02578318 -0.2602641 -0.6876779 0.02434063 -0.7256077 -0.8683106 0.0256149 -0.495359 -0.8130196 0.00736042 -0.5821898 -0.9212337 0.005605655 -0.3889692 -0.5322549 0.01128167 -0.846509 -0.4627169 0.01436385 -0.8863897 -0.3005031 -0.001400216 -0.9537798 -0.7258671 0.04093708 -0.6866157 -0.07936154 -0.0001203123 -0.9968459 -0.126085 0.003480787 -0.9920133 -0.3658162 -0.04572286 -0.9295633 -0.3095144 -0.02947765 -0.9504377 -0.2459008 -0.01581919 -0.9691659 -0.1699535 -0.00509378 -0.9854389 0.7985376 0.00308843 0.601937 0.9379432 0.01345013 0.3465279 0.8522872 0.1865281 0.4886858 0.9841216 0.02560345 0.175639 0.9480439 0.1848163 0.2589513 0.4828889 0.1836136 0.8562151 0.5081673 -0.001284848 0.8612574 0.6401304 0.003571002 0.768258 0.6954566 0.1911747 0.6926705 0.2649476 0.173677 0.9484931 0.1126439 0.04464134 0.9926321 0.2850336 0.01962026 0.9583167 0.2845131 -0.004549681 -0.9586614 0.1967643 -0.001565097 -0.9804496 0.303588 -0.0002716417 -0.9528034 0.3633083 -0.003857617 -0.931661 0.4180926 -0.002330615 -0.9084014 0.5511125 -0.004587511 -0.8344183 0.9653188 0.02953082 -0.2593984 0.9871706 0.004619445 -0.1596023 0.9598211 0.0001398256 -0.2806126 0.9089102 0.007594237 -0.4169226 0.8395778 0.005382345 -0.5432129 0.8771419 0.03751408 -0.4787637 0.7412104 0.00205538 -0.6712696 0.7397417 0.0426126 -0.6715403 0.5960355 0.04103884 -0.8019086 0.5257739 0.01492288 -0.8504935 0.300503 -0.001401456 -0.9537798 0.4436162 0.009166422 -0.89617 -0.6754246 0.01002741 0.7373609 -0.609859 0.06353029 0.7899594 -0.5766506 0.02751253 0.8165275 -0.3032858 0.01784178 0.9527326 -0.1723689 0.06552144 0.9828509 -0.4861027 0.1811357 0.8549234 -0.1000784 0.05163407 0.9936389 -0.2644632 0.1746418 0.9484511 -0.9479912 0.1864607 0.2579632 -0.9796967 0.01879692 0.1996021 -0.8521174 0.1890811 0.4880003 -0.9273787 0.009499879 0.3740032 -0.8379437 0.005874714 0.5457251 -0.6927545 0.1890119 0.6959639 0 1 0 0.3308473 0.9436843 0 0.2183892 0.9746397 -0.04882305 0.04928677 0.9975679 0.04928677 -0.1403474 0.989902 -0.01991765 -0.2177636 0.9747319 0.04976677 -0.1706046 0.9704538 0.1706266 -0.04952119 0.9747072 0.2179299 0.1483357 0.9777463 0.1483532 0.1706215 0.9704542 -0.1706077 0.05121411 0.9748668 -0.2168223 0.04952691 0.9747103 0.2179149 0 1 0 0 1 0 0 1 0 0 1 0 -0.1310596 0.9885232 -0.07513496 -0.07597652 0.9885057 -0.1307057 0 1 0 -0.0203343 0.9898681 -0.1405264 0.1706266 0.9704538 0.1706046 0.2179299 0.9747072 0.04952119 0 1 0 0.3245082 0.9458804 -0.002154308 0 -1 0 0 -1 0 0 -1 0 0 -1 0 0 -1 0 0 -1 0 0 -1 0 0 -1 0 0 -1 0 0 -1 0 0 -1 0 0 -1 0 0 -1 0 0 -1 0 -0.9998337 0.01823414 0 -0.9779041 0.07186445 0.1963138 -0.9940792 0.1044948 0.02978867 -0.9641151 0.1877606 0.1876915 0.9640738 0.1873502 0.1883124 0.9641255 -0.1877117 0.187687 0.9640754 0.1873561 -0.1882982 0.9641241 -0.1877151 -0.1876907 0 -1 0 0 -1 0 0.1929775 -0.9638564 -0.1836861 0.1308355 -0.9825728 -0.1320331 0 -1 0 0.1877479 -0.9641061 0.1877503 0 -1 0 0 -1 0 0 -1 0 0.1951124 -0.9612945 0.1945352 0 -1 0 0 -1 0 0.1960339 -0.1960596 0.9607972 0.1657242 -0.1657511 0.972143 0.1658921 0.1340712 0.9769876 0.1914113 0.185074 0.9639032 0.9868607 0.1552857 0.0446355 0.9641102 0.1877725 0.1877044 0.9998337 0.01823414 0 0.9779038 0.07186285 0.1963157 0 -1 0 0 -1 0 0 -1 0 0 -1 0 0 -1 0 0 -1 0 0 -1 0 0 -1 0 0 -1 0 0 -1 0 0 -1 0 0 -1 0 0.2179158 0.97471 0.04952862 0.2104768 0.9771457 -0.02976365 -0.04928677 0.9975679 0.04928677 0.1706077 0.9704542 0.1706215 0.04951702 0.974708 0.2179276 -0.1483357 0.9777463 0.1483532 -0.04952691 0.9747103 -0.2179149 0 1 0 0.03037518 0.9770729 -0.210727 0 1 0 -0.2183982 0.9746383 0.04881033 -0.1706215 0.9704542 0.1706077 -0.04952862 0.97471 0.2179158 -0.1706266 0.9704538 -0.1706046 -0.2179299 0.9747072 -0.04952119 0 1 0 -0.3246322 0.945838 0.002114594 0.1137423 0.9740394 -0.1957293 0.1962444 0.9740846 -0.11246 0 1 0 0 1 0 0 1 0 0 1 0 -0.3308473 0.9436843 0 -0.9640744 0.1873588 -0.1883011 -0.9641255 -0.1877117 -0.187687 -0.9640749 0.1873475 0.1883095 -0.9641241 -0.1877151 0.1876907 -0.1877241 -0.9641158 0.1877243 -0.1877479 -0.9641061 -0.1877503 0 -1 0 0 -1 0 -0.1960943 -0.9607778 0.1960943 0 -1 0 -0.1763247 -0.9597536 -0.2185925 0 -1 0 0 -1 0 0 -1 0 0 -1 0 0 -1 0 -0.1766933 0.1426381 0.9738757 -0.1877044 0.1877725 0.9641102 -0.1960278 -0.1960661 0.9607972 -0.1657242 -0.1657511 0.972143 0 1 0 0 1 0 0 1 0 0 1 0 0 1 0 0 1 0 0 1 0 0 1 0 0 1 0 0 1 0 0 1 0 0 1 0 0 1 0 0 1 0 0 1 0 0 1 0 0 1 0 0 1 0 0 1 0 0 1 0 0 1 0 0 1 0 0 1 0 0 1 0 0 1 0 0 1 0 0 1 0 0 1 0 0 1 0 0 1 0 0 1 0 0 1 0 0.9996377 0.02691473 4.547641e-16 0.697733 0.02025781 0.7160714 0.8587129 0.009938122 0.5123606 1 0 3.42073e-17 0.8587129 0.009938122 -0.5123606 0.697733 0.02025781 -0.7160714 0.5799613 0 -0.814644 -2.381058e-06 0 -1 -2.381058e-06 0 -1 -0.7071068 0 -0.7071068 -0.7071068 0 -0.7071068 -1 0 8.415332e-16 -1 0 8.032817e-16 -0.7071068 0 0.7071068 -0.7071068 0 0.7071068 -2.381058e-06 0 1 -2.381058e-06 0 1 0.5799613 0 0.814644 -0.9996377 0.02691473 5.495066e-16 -0.697733 0.02025781 -0.7160714 -0.8587129 0.009938122 -0.5123606 -1 0 -3.42073e-17 -0.8587129 0.009938122 0.5123606 -0.697733 0.02025781 0.7160714 -0.5799613 0 0.814644 2.381058e-06 0 1 2.381058e-06 0 1 0.7071068 0 0.7071068 0.7071068 0 0.7071068 1 0 8.032817e-16 1 0 8.224074e-16 0.7071068 0 -0.7071068 0.7071068 0 -0.7071068 2.381058e-06 0 -1 2.381058e-06 0 -1 -0.5799613 0 -0.814644 -1 0 0 -0.9952898 -0.007815801 -0.09662896 -1 0 0 -0.993215 0.0191465 -0.1147058 -0.9937504 0.02889086 -0.1078218 0.9957939 0 -0.09162194 1 0 0 0.9850191 0.01178233 -0.1720422 1 0 0 0.9761172 0.06775598 -0.2064082 0 1 0 0 1 0 0 0.9958078 -0.09147076 0 1 0 0 0.9958078 -0.09147076 0 1 0 0 1 0 0 1 0 0 1 0 0.1961295 0.1897576 -0.9620422 -0.1400941 0.2024545 -0.9692192 0.1481422 0.1481711 -0.9778033 -0.1481422 0.1481711 -0.9778033 6.250519e-06 0 -1 6.250519e-06 0 -1 -0.707113 0 -0.7071005 -0.707113 0 -0.7071005 -1 0 -3.825135e-17 -1 0 1.912568e-17 -0.707113 0 0.7071005 -0.707113 0 0.7071005 6.250519e-06 0 1 6.250519e-06 0 1 0.7071068 0 0.7071068 0.7071068 0 0.7071068 1 0 -3.825183e-17 1 0 1.912591e-17 0.7071068 0 -0.7071068 0.7071068 0 -0.7071068 -6.250519e-06 0 -1 -6.250519e-06 0 -1 -0.7071068 0 -0.7071068 -0.7071068 0 -0.7071068 -1 0 3.825183e-17 -1 0 -1.912591e-17 -0.7071068 0 0.7071068 -0.7071068 0 0.7071068 -6.250519e-06 0 1 -6.250519e-06 0 1 0.707113 0 0.7071005 0.707113 0 0.7071005 1 0 3.825135e-17 1 0 -1.912568e-17 0.707113 0 -0.7071005 0.707113 0 -0.7071005 0 -1 0 0 -1 0 0 -1 0 0 -1 0 0 -1 0 0 -1 0 0 -1 0 0 -1 0 0 -1 0 0 -1 0 0 -1 0 0 -1 0 0 -1 0 0 -1 0 0 -1 0 0 -1 0 0 -1 0 0 -1 0 0 -1 0 0.1005081 0.005768418 -0.9949195 0.04993762 0 -0.9987523 -0.1705217 0 -0.9853539 0.5094728 0 -0.8604868 0.4064475 0.01821613 -0.9134925 0.7230774 0.02884753 -0.6901644 -0.02495874 0.03553375 -0.9990568 -0.7071068 0 -0.7071068 -0.7071068 0 -0.7071068 -1 0 -3.825084e-17 -1 0 1.912542e-17 -0.7071068 0 0.7071068 -0.7071068 0 0.7071068 2.999852e-06 0 1 2.999852e-06 0 1 0.7071038 0 0.7071098 0.7071038 0 0.7071098 1 0 -3.825107e-17 1 0 1.912553e-17 0.7554487 0 -0.6552078 0 -1 0 0 -1 0 0 -1 0 0 -1 0 0 -1 0 0 -1 0 0 -1 0 0 -1 0 0 -1 0 0 -1 0 0 -1 0 0 -1 0 0 -1 0 0 -1 0 0 -1 0 0 -1 0 0 -1 0 0 -1 0 0 -1 0 -0.3752732 0.08314874 -0.9231773 -0.5094728 0 -0.8604868 -0.7554487 0 -0.6552078 -0.7168117 0.02143571 -0.6969373 0.01219288 0.01917857 -0.9997417 -0.1320369 0.04368015 -0.9902819 -1 0 0 -1 0 0 -0.7071038 0 0.7071098 -0.7071038 0 0.7071098 -2.999852e-06 0 1 -2.999852e-06 0 1 0.7071068 0 0.7071068 0.7071068 0 0.7071068 1 0 3.825084e-17 1 0 -1.912542e-17 0.7071068 0 -0.7071068 0.7071068 0 -0.7071068 0.1705217 0 -0.9853539 -0.04993762 0 -0.9987523 -0.06132202 -0.1652966 0.9843356 -0.2525969 -0.1343452 0.9581995 -0.1868044 0.2078685 0.9601535 0.2312656 -0.08637572 0.9690487 0.0410063 -0.1104797 0.9930321 0.1308052 0.1315273 0.9826447 0.01138162 -0.1224957 0.9924038 -0.01592429 -0.182511 0.9830748 0.9854251 0.03374553 -0.1667294 0.9610753 -0.1955034 -0.1952247 0.9976416 -0.04853097 0.04853852 0.9708675 0.1462405 0.1898157 0.9876174 0.1563033 0.01346218 0.9927288 0.01503013 0.1194305 0.9998768 -0.01185501 0.01029013 0.9718025 0.1966606 0.1300944 0.9807793 0.1951205 0 1 0 0 0.9718652 0.1964674 -0.1299174 0.9837225 0.00148752 0.1796883 0.9929426 -0.06228612 0.1009227 -0.9876143 0.1563201 0.0134893 -0.9804823 0.1228726 0.1534825 -0.9994716 -0.0229823 0.0229858 -0.9708985 -0.172288 -0.1663521 -0.9927288 0.01503013 -0.1194305 -0.9718574 0.1964771 0.1299616 -0.9998773 -0.01184122 -0.01025521 -0.9718092 0.1966607 -0.1300441 -1 0 0 -0.9854251 0.03374553 0.1667294 -0.9820601 -0.01032891 0.1882852 -0.9999249 0.01051089 -0.006308768 0.1960359 -0.1960577 -0.9607972 0.1877121 0.2049015 -0.9606142 -0.1960339 -0.1960596 -0.9607972 -0.1572131 0.1523128 -0.9757484 0.1896252 -0.4233949 -0.8858776 -0.1334881 -0.3787773 -0.9158104 0.1250608 -0.6606711 -0.7401848 -0.1313686 -0.657804 -0.7416443 0.008218404 -0.8265062 -0.5628676 -0.008218404 -0.8265062 -0.5628676 0.1895678 -0.9324712 -0.3075086 -0.187842 -0.9329754 -0.307038 -0.1892518 -0.4235223 0.8858965 0.1335006 -0.3787951 0.9158012 -0.1193006 -0.6606572 0.7411474 0.0507047 -0.6562709 0.7528197 -0.009835297 -0.8259569 0.5636474 0.009835297 -0.8259569 0.5636474 -0.1822312 -0.9310486 0.3161333 0.1826535 -0.930993 0.3160533 -0.8635877 -0.003124956 0.5041889 -0.9622213 -0.004038978 0.2722386 -0.6165135 0.01470534 0.787207 -0.8527655 0.01038672 0.5221907 -0.05783213 0.006902698 0.9983025 -0.07759889 0.06459042 0.9948902 -0.479867 -0.003904892 0.8773326 -0.7374514 -8.533562e-05 0.6754002 -0.2937011 0.005027355 0.9558841 0.8428004 0.1804779 0.5070653 0.5975406 0.11999 0.79281 0.7185376 0.0672741 0.6922267 -0.8385226 0.1872793 0.5116702 -0.2966555 0.06468136 0.9527916 -0.6035081 0.1370523 0.7854901 -0.720462 0.05880895 0.6909964 0.05783213 0.006902698 0.9983025 0.3105482 0.05052721 0.9492138 -0.7128078 -0.1079856 0.6929965 -0.6675835 -0.2721452 0.6930147 -0.5851599 -0.421136 0.692988 -0.4700587 -0.5466397 0.6929862 -0.3287406 -0.641633 0.6929912 -0.1690888 -0.7008329 0.6929952 -3.500246e-06 -0.7209547 0.6929822 0.1690932 -0.7008306 0.6929964 0.3287407 -0.6416334 0.6929907 0.4700579 -0.5466412 0.6929855 0.5851546 -0.4211392 0.6929905 0.6675863 -0.2721347 0.693016 0.7128096 -0.1079891 0.6929941 0.02045661 0.08469055 0.9961973 0.9489082 -0.01366178 0.3152564 0.8602148 -0.08827811 0.5022325 0.8284815 -0.05185155 0.5576108 0.8532022 0.01212166 0.5214395 0.61665 0.01483566 0.7870976 0.2936514 0.004925736 0.9558999 0.479867 -0.003904892 0.8773326 -0.1384241 0.009920669 -0.9903234 -0.4538578 0.01216173 -0.8909911 -0.05015588 0.02694718 -0.9983778 -0.7346914 0.0172223 -0.6781828 -0.4117465 -0.004714063 -0.9112862 -0.9306895 0.005337224 -0.3657713 -0.9560279 -0.002638952 -0.2932637 -0.7429272 -0.0001361628 -0.6693722 0.4393335 0.07977089 -0.8947752 0.7388461 0.143896 -0.6583315 0.7188516 0.06793513 -0.6918361 0.9097847 0.1715426 -0.3779747 -0.9107079 0.2016074 -0.3605075 -0.7226759 0.1641529 -0.6714114 -0.7159543 0.05857981 -0.6956852 -0.4393335 0.07977089 -0.8947752 0.1384241 0.009920669 -0.9903234 -0.712804 -0.1079883 -0.693 -0.667581 -0.2721326 -0.6930219 -0.58515 -0.4211359 -0.6929964 -0.4700542 -0.5466369 -0.6929914 -0.3287382 -0.6416284 -0.6929966 -0.1690918 -0.700825 -0.6930023 3.500286e-06 -0.720949 -0.6929881 0.1690875 -0.7008273 -0.6930011 0.328738 -0.6416279 -0.6929971 0.470055 -0.5466354 -0.6929921 0.5851553 -0.4211326 -0.6929939 0.6675782 -0.272143 -0.6930206 0.7128022 -0.1079848 -0.6930024 0.05202013 0.02524451 -0.9983269 0.9512214 -0.001102216 -0.3085071 0.9306915 0.004042632 -0.3657826 0.7344151 0.01685934 -0.6784911 0.4117465 -0.004714063 -0.9112862 0.7373101 -9.146968e-05 -0.6755545 0.4539185 0.01230136 -0.8909583 0.3320198 0.02156336 -0.9430259 -0.3350583 0.01790281 -0.9420273 -0.9876695 0.09374042 0.1253858 -0.6808399 0.1530062 0.7162724 -0.4811741 0.2711678 0.8336303 -0.8120726 0.3611031 0.4584132 -0.6968691 0.0508797 0.7153913 -0.6946685 0.1866758 0.6946854 -0.1202129 0.4487659 0.885527 -0.01451521 0.7070042 0.7070603 -0.04594355 0.9013506 0.4306463 -0.08297177 0.7130981 0.696137 -0.310719 0.0660773 -0.9482022 -0.1974727 0.202854 -0.9590906 -0.2522955 0.3574039 -0.8992271 -0.02121583 0.3337023 -0.9424397 0.01375048 0.5525556 -0.8333626 -0.03290622 0.5797993 -0.8140945 -0.04144798 0.439326 -0.897371 -0.07717993 0.3786166 -0.92233 -0.1061018 0.2838359 -0.9529846 -0.05992667 0.6254911 -0.7779265 -0.1140519 0.5773943 -0.8084603 -0.1708682 0.4569919 -0.8729046 -0.3293929 0.743349 0.5821791 -0.4108191 0.5306654 0.7413649 -0.6996437 0.4485378 0.5561587 -0.8285856 0.3882128 0.4034064 -0.8753958 0.4231541 0.2337151 -0.9004764 0.402569 -0.1645613 -0.9076047 0.4046047 -0.1120214 -0.9156809 0.3967624 0.06409471 -0.244748 0.9102591 0.3339563 0.6823914 0.1535052 0.7146875 0.8186304 0.3572426 0.449691 0.5001354 0.284933 0.8177272 0.6968734 0.05088386 0.7153868 0.6946784 0.1866863 0.6946727 0.9876695 0.09374042 0.1253858 0.3051138 0.07929472 -0.9490089 0.208514 0.2017624 -0.9569816 0.2764443 0.3101825 -0.9095963 0.04501904 0.4213847 -0.9057639 0.007378779 0.5668012 -0.8238216 -0.01054284 0.6666882 -0.7452622 -0.01151576 0.7160787 -0.6979246 0.09608247 0.3044499 -0.94767 0.146712 0.4339047 -0.8889332 0.09195357 0.4496239 0.8884722 0.01451521 0.7070042 0.7070603 0.04773736 0.7198003 0.6925378 0.01646091 0.8884168 0.4587425 0.7304033 0.328578 0.5987884 0.4313941 0.5241064 0.7343103 0.3983879 0.6965274 0.5967719 0.9072531 0.4049474 -0.1136193 0.9015742 0.3992209 -0.1666929 0.9177086 0.3909077 0.07072551 0.273778 0.8906198 0.3631004 0.8554756 0.4449795 0.2648674 0.8460374 0.3534867 0.3990838 -0.9895275 0.06795519 -0.1273473 -0.9762491 0.06957188 -0.2051766 -0.9453125 0.2209185 -0.2399568 -0.86507 0.07300555 -0.4963105 -0.9126937 0.09132971 -0.3983078 -0.499672 0.03417418 -0.8655403 -0.1898434 0.3292093 -0.9249761 -0.6324581 0.1042794 -0.7675432 -0.763894 0.1325314 -0.6315864 -0.4983732 0.1277848 -0.8574936 -0.8607658 0.1261387 -0.4931239 -0.9669606 -0.04058368 -0.2516747 0.1857233 0.9590598 -0.2138017 0.9742483 -0.05128083 -0.219569 0.9684692 0.03174522 -0.2471024 0.872441 0.04967283 -0.4861886 0.8523238 0.1883188 -0.4879346 0.5066773 0.0440417 -0.8610101 0.4933828 0.1893289 -0.848957 0.9647376 0.1386882 -0.223712 0.9147025 0.3642275 -0.1750932 0.777549 0.1235948 -0.6165565 0.6379732 0.1107364 -0.7620549 0.2920577 0.1423003 -0.9457552 0.1857233 -0.9590598 -0.2138017 0.2041457 -0.5472737 -0.8116748 0.7163184 -0.07077497 -0.6941749 0.6739099 -0.2791395 -0.6840517 0.5157876 -0.5157976 -0.6840438 0.3325354 -0.6599687 -0.6736924 0.2195443 -0.8973486 -0.382839 0.7163179 0.07077388 -0.6941756 0.2195443 0.8973486 -0.382839 0.204299 0.5471527 -0.8117178 0.3324794 0.6599272 -0.6737607 0.6739088 0.279142 -0.6840516 0.5157867 0.5157959 -0.6840458 0.7193615 -0.1447747 -0.6793815 0.6946727 0.1866863 -0.6946784 0.7193589 -0.1447673 0.6793859 0.6946854 0.1866758 0.6946685 0.2048073 -0.6921058 0.6921297 0.1447425 -0.719349 0.6794016 0.0990103 -0.4580037 -0.8834193 0.1567905 -0.7180011 -0.6781527 0.08272274 -0.6881625 -0.7208254 0.1335077 -0.8887367 -0.4385463 -0.4083542 0.1641976 -0.8979343 -0.8382566 0.06508524 -0.5413777 -0.8177323 -0.1241272 -0.5620555 -0.3768498 0.05866909 -0.9244145 -0.4889661 -0.6534204 -0.5778875 -0.7064708 -0.3997861 -0.5840121 -0.2118837 -0.7942774 -0.5694108 -0.01692056 -0.8313872 -0.5554359 -0.2987178 -0.1039205 -0.9486665 -0.1691775 -0.2583566 -0.9511208 -0.01915404 -0.3594684 -0.9329606 0.05705929 -0.4031741 -0.9133427 -0.1446903 -0.7193304 0.6794325 -0.204827 -0.6920777 0.6921519 -0.7193615 -0.1447747 0.6793815 -0.6946727 0.1866863 0.6946784 -0.1453795 -0.7294512 -0.6684053 -0.1447425 -0.719349 -0.6794016 -0.7193589 -0.1447673 -0.6793859 -0.6946854 0.1866758 -0.6946685 0.8347072 0.0411016 -0.5491581 0.8385981 0.169471 -0.5177189 0.4029174 0.1524781 -0.9024456 0.4125967 0.2213756 -0.8836045 -0.0204793 0.7470924 -0.6644047 -0.03689251 0.9097985 -0.4134072 -0.1693966 0.8664417 -0.4696633 -0.07425465 0.5460044 -0.8344851 -0.008097067 0.5129872 -0.8583581 -0.4009114 0.7809461 -0.4789503 -0.6141244 0.6205232 -0.4876497 -0.7668782 0.3942086 -0.5064557 -0.8377922 0.1848962 -0.5137291 -0.1970896 0.514217 -0.8347075 -0.3035859 0.4423871 -0.8438775 -0.3751319 0.3338603 -0.864762 -0.4108202 0.2306143 -0.8820679 -0.06646799 -0.4079674 -0.9105738 -0.003497619 -0.8348994 -0.5503915 0.1600026 -0.8117078 -0.5617203 -0.006486598 -0.3775619 -0.9259616 0.6617874 -0.4766387 -0.5786649 0.4183744 -0.6983149 -0.5807918 0.7998275 -0.1853542 -0.5708939 0.1285448 -0.2963231 -0.9463978 0.2630215 -0.1546638 -0.9523123 0.357417 0.02238264 -0.9336767 -0.0003965732 -0.842771 -0.5382721 -0.0005337142 -0.4335393 -0.9011345 -0.006628765 0.7423318 -0.6699997 0.05493166 0.732572 -0.6784694 0.3859196 0.3052169 -0.8705795 0.7920241 0.3339415 -0.5110586 0.4844664 0.7373785 -0.4707072 0.6755254 0.5480317 -0.4932815 0.3302366 0.4102099 -0.850101 0.2397337 0.4915437 -0.8372052 0.1329749 0.524511 -0.8409554 0.2537353 0.8430793 -0.4741684 -0.5293084 -0.5294457 -0.6629629 -0.6947091 -0.6946769 -0.186556 -0.6947317 -0.6946611 0.186531 -0.5293347 -0.5293882 0.6629878 0.5293084 -0.5294457 0.6629629 0.6947091 -0.6946769 0.186556 0.6947317 -0.6946611 -0.186531 0.5293347 -0.5293882 -0.6629878 -0.2041457 0.5472737 -0.8116748 -0.7163184 0.07077497 -0.6941749 -0.6739099 0.2791395 -0.6840517 -0.5157876 0.5157976 -0.6840438 -0.3325354 0.6599687 -0.6736924 -0.2195443 0.8973486 -0.382839 -0.1857233 0.9590598 -0.2138017 -0.1857233 -0.9590598 -0.2138017 -0.2195443 -0.8973486 -0.382839 -0.204299 -0.5471527 -0.8117178 -0.3324794 -0.6599272 -0.6737607 -0.7163179 -0.07077388 -0.6941756 -0.6739088 -0.279142 -0.6840516 -0.5157867 -0.5157959 -0.6840458 -0.9135355 0.1099431 0.391619 -0.9128112 -0.0492342 0.4054032 -0.9599624 -1.682383e-05 0.280129 0.8833964 0.02427135 0.4679976 -0.8748015 0.01232967 0.4843245 -0.7263141 0.01368694 0.6872267 -0.6933851 0.186847 0.6959205 -0.6224286 0.003464541 0.7826689 -0.5905509 0 0.8070004 -0.8503773 0.1892049 0.4909786 0.9844437 0.1421587 0.1032542 0.9068804 0.4213881 0 0.9382791 0.3437918 0.03794091 0.9983057 0.05815111 -0.002064978 0.8656097 -0.491911 0.0935067 0.9708261 -0.02936734 0.2379794 0.9337385 0.236659 0.268561 0.9275337 -0.1404631 0.34634 0.9307288 0.3382137 0.1391239 0.8072616 0.3922099 0.4410217 -0.8496837 0.190431 -0.4917049 -0.6943342 0.1891465 -0.6943513 -0.7067253 0.007677294 -0.7074464 -0.9753145 -0.006084667 -0.2207366 -0.7825747 0.0001816138 -0.6225567 -0.7044758 0 -0.709728 0.8682932 -0.04862751 0.4936622 0.8782782 0.02722469 0.4773742 0.8536726 0.1327646 0.5036037 0.8062403 0.2122408 0.552205 0.7745284 0.2408216 0.5849023 0.9153726 -0.1087029 0.3876553 0.9259026 -0.0272333 0.3767793 0.9244675 0.03457881 0.3796895 0.3335326 0.7097137 0.620534 0.5208536 0.6265749 0.5797546 0.6778361 0.5237518 0.5159673 0.7916874 0.4002294 0.4615707 0.8664992 0.2670326 0.4217496 0.9076909 0.1338887 0.3977072 -0.3480771 0.7012982 0.6221118 -0.1825022 0.5032802 0.8446313 -0.1059348 0.8747371 0.4728772 -2.858027e-06 0.8734768 0.4868658 -7.028998e-07 0.50763 0.8615752 0.1012205 0.8734975 0.4761895 0.1791402 0.5076338 0.8427436 0.1190819 0.8855077 0.4491054 0.3050712 0.4925731 0.8150481 -0.9223726 0.05083461 0.3829421 -0.8901898 0.2012719 0.4087196 -0.7922349 0.4027075 0.4584655 -0.6061317 0.5817186 0.5424092 -0.9136175 -0.1090663 0.3916728 -0.9314867 -0.1209181 0.3430909 -0.9254996 -0.02801518 0.377711 0.7157684 -0.008487285 -0.6982862 0.9667251 -0.004226106 -0.2557826 0.9993094 -3.07417e-05 -0.03715841 0.7109378 0.09659166 -0.6965899 0.003332701 0.0604099 -0.9981681 0.1335875 -0.0009160112 -0.9910366 -0.4060614 0.001358581 -0.9138448 -0.2686976 0.7082248 -0.6528547 -0.3381166 0.4322919 -0.8359431 -0.3141343 0.5032988 -0.8049906 -0.1291716 0.8894692 -0.4383598 -0.03583834 0.8743699 -0.4839348 -0.2537808 0.5034359 -0.8259223 -0.186324 0.4699008 -0.8628306 -0.110889 0.3846519 -0.9163769 -0.04332828 0.2262181 -0.9731125 0.1482063 0.8459559 -0.5122435 0.3331266 0.7605079 -0.5573638 0.5113459 0.6002263 -0.6150234 0.6531715 0.3444351 -0.6743378 0.109237 0.8884898 -0.4457053 0.211644 0.6933657 -0.6888039 0.1425509 0.6925428 -0.7071518 0.3134244 0.4444824 -0.8391666 -2.677453e-06 0.6953317 -0.718689 -0.1402064 0.6953141 -0.7048975 -0.202633 0.6982334 -0.686593 0.006890363 0.09202539 -0.9957328 -0.7079328 0.1357819 -0.6931049 0.07924413 0.3059546 -0.9487424 -0.593569 0.4761607 -0.6488042 0.183673 0.4639871 -0.8665912 0.2894662 0.5011654 -0.8155014 -0.3389804 0.7586316 -0.5563906 -0.05335028 0.8706602 -0.4889832 0.4706309 -0.004895368 -0.8823166 -0.4260395 -0.0002824834 -0.9047045 -0.06389234 -0.01388615 -0.9978602 0.2108452 -0.02016023 -0.9773116 -0.9953093 -8.003733e-05 -0.09674353 -0.9158092 -0.0004435091 -0.4016133 -0.7139784 3.175097e-06 -0.7001678 -0.9210693 -0.3888668 -0.0203465 -0.9984845 0.05503317 5.92779e-05 -0.9911937 0.1132768 0.06858078 -0.9347912 0.3536846 0.03275045 -0.9068804 0.4213881 0 -0.364159 -0.5779858 -0.7302881 -0.7756864 -0.4645248 -0.4272323 -0.7810551 -0.5200382 -0.3457068 -0.9954639 -0.07689322 -0.05602798 0.3634491 -0.8229202 -0.4367003 -0.761576 -0.5709509 -0.3066218 -0.4463142 -0.7919472 -0.4166813 -0.1402095 -0.8579071 -0.4943043 -0.07885919 -0.8882911 -0.4524602 0.1545399 -0.9070527 -0.3916284 -0.9908601 -0.1129043 -0.07381598 -0.912859 -0.3673623 -0.1781387 -0.7216415 -0.6044039 -0.3375343 -0.8981838 -0.2626681 -0.3525213 -0.1117863 -0.7617009 -0.6382128 -0.238691 -0.8242217 -0.5135029 0.1942934 -0.7491099 -0.6333123 0.7681014 -0.5171231 -0.3776293 0.1333397 -0.7832132 -0.6072871 0.2060408 -0.8052973 -0.5559168 0.9993322 -0.02953146 -0.02151799 0.9689162 -0.1997867 -0.1458998 0.6703087 -0.592012 -0.4474461 0.7717191 -0.5356754 -0.3427849 0.9136253 -0.3469201 -0.2119793 0.991909 -0.09749865 -0.08130559 0.183018 -0.8270428 -0.5315116 0.4475684 -0.7626759 -0.4669133 0.7241779 -0.5880686 -0.3601967 -0.3342895 -0.8051863 -0.489822 -0.1758253 -0.8413944 -0.5110194 0.1153435 -0.8471535 -0.5186779 -0.8166911 0.2494764 0.5203626 -0.8794793 0.3389886 0.3340701 -0.7981779 0.2402882 0.5524252 -0.8900803 0.0003052285 0.4558036 -0.9358486 0.1612121 0.3133655 -0.9320944 0.3274586 0.1548252 -0.3925879 -0.7200473 -0.5721946 -0.8336502 -0.4312116 -0.3450853 -0.91128 -0.3281314 -0.2487941 -0.7189087 -0.5569037 -0.4159669 -0.4433763 -0.7180483 -0.5364923 -0.1157876 -0.7966154 -0.5932935 -0.356848 -0.7203005 -0.5948333 -0.8216217 -0.4396993 -0.3627702 0.115787 -0.7965972 -0.593318 0.8328617 -0.4346328 -0.342689 0.852886 -0.4007956 -0.334587 0.4036168 -0.705406 -0.5826627 0.3925218 -0.7207187 -0.5713941 0.4455614 -0.7149128 -0.5388642 0.9112792 -0.328129 -0.2488003 0.7169098 -0.5560574 -0.4205241 0.1154762 0.4559425 0.8824861 -0.1260757 0.6768318 0.7252611 0.06472991 0.7084763 0.7027598 0.03257001 0.8981462 0.438489 0.8508574 0.1918862 0.4891026 0.8805849 0 0.4738885 0.6925082 0.0006672094 0.7214097 0.6927287 0.1917647 0.6952361 0.6288984 -0.006774724 0.7774579 0.7056536 -0.009902591 -0.7084878 0.69585 0.1929261 -0.6917892 0.8505782 0.1888334 -0.4907736 0.838259 0.02606691 -0.5446489 0.6736382 0.08643849 -0.7339891 0.5668979 0.01128626 -0.8237108 0.5651435 0 -0.8249926 0.6802554 -0.4961357 0.5395387 0.0421232 -0.4320061 0.9008864 0.1763906 -0.4376645 0.8816667 0.3575528 -0.4136908 0.8372669 0.3280366 -0.7922233 0.5145622 0.5707533 -0.658719 0.4902346 0.07898772 -0.8885891 0.4518521 0.0598884 -0.7063061 0.7053688 0.4060104 -0.3097049 0.8597897 -0.5183311 -0.5464073 0.6578541 -0.4279434 -0.2946423 0.8544299 -0.2598183 -0.6272999 0.7341589 -0.6541254 -0.4957144 0.571303 -0.06600188 -0.6928023 0.7181008 0.6867139 -0.324041 0.6507084 0.7998427 -0.179808 0.5726437 0.9908473 0.04766606 0.1262919 0.7085254 -0.01242676 0.7055759 -0.1353355 0.4367282 -0.8893553 0.1470209 0.6859971 -0.7125959 -0.111004 0.7184185 -0.6866972 -0.001004057 0.9084832 -0.4179203 0.7243978 0.1483916 -0.673222 0.6921057 -0.2048785 -0.6921087 -0.8481854 0.2017969 -0.4897546 -0.8847033 0.0003033836 -0.4661545 -0.9936261 0.01632065 -0.111538 -0.5061097 0.6983287 -0.5061521 -0.5823358 0.7401604 -0.3362255 -0.686865 0.72106 -0.09104357 -0.6375898 0.6767515 -0.368085 -0.7180856 0.6894395 -0.09500628 -0.6868636 0.7210602 0.09105242 -0.7071318 0.7070818 0 -0.5823019 0.7401816 0.3362377 -0.8495913 0.1985648 0.4886375 -0.5061055 0.6983492 0.5061282 -0.6376101 0.6767385 0.3680739 -0.7180959 0.6894261 0.09502626 -0.4001693 0.8196453 0.4099342 -0.7243978 0.1483916 0.673222 -0.5112807 0.3719162 0.7747712 -0.3395998 0.524272 0.7809039 -0.1693576 0.8121493 0.5583292 -0.9947954 0.008379957 0.1015474 -0.9302046 0.1290882 0.3435924 -0.7508226 0.2127035 0.625318 -0.7235408 -0.06840537 0.6868838 -0.9864033 0.1028425 0.1281874 -0.8125703 -0.1581774 0.5609896 -0.6867139 -0.324041 0.6507084 -0.8747272 0.3671964 0.3162581 -0.6326974 -0.2522043 0.7321796 0.87574 0.3225519 0.359221 0.474815 -0.4097843 0.778863 0.6518958 -0.2449332 0.7176626 0.5564938 -0.3414388 0.7574524 0.6999894 -0.2217162 0.6788643 0.7180856 0.6894395 0.09500628 0.7071318 0.7070818 0 0.6375898 0.6767515 0.368085 0.5061097 0.6983287 0.5061521 0.5823245 0.7401673 0.3362298 0.8482315 0.2018832 0.4896392 0.6868569 0.7210655 0.09106145 0.6868678 0.7210578 -0.0910403 0.7844506 -0.003337305 0.6201823 0.9860683 0.0009926094 0.166338 0.5823264 0.7401693 -0.3362223 0.8459882 0.2058261 -0.4918736 0.5061024 0.698341 -0.5061425 0.2323651 0.6988658 0.6764563 0.5419854 0.4844878 0.6866756 0.5116006 0.3862263 0.7675246 0.7474436 0.4241402 0.5113054 0.8925587 0.04280618 0.4488949 0.4450385 0.1257053 0.8866447 0.7090942 0.0878203 0.6996234 0.9016647 0.06313668 0.4278019 0.09822911 0.8785936 0.4673589 0.6376101 0.6767385 -0.3680739 0.7180959 0.6894261 -0.09502626 0.9947956 0.008381479 -0.1015458 0.8844741 -0.04744662 -0.4641707 0.723131 -0.2143272 -0.6566166 0.7071318 0.7070818 0 0.37276 0.8269207 -0.4210132 0.5150103 0.3691489 -0.7736236 0.3964488 0.5069031 -0.7654264 0.1572493 0.8852776 -0.4376714 0.9302046 0.1290882 -0.3435924 0.7508226 0.2127035 -0.625318 -0.8109722 0.03675546 -0.5839291 -0.9142209 0.3365288 -0.2257179 -0.5198431 0.3355171 -0.7856153 -0.4696698 0.557429 -0.6846044 -0.3862064 0.2964177 -0.873488 -0.7090942 0.0878203 -0.6996234 -0.8960798 0.1643275 -0.4123561 -0.1419264 0.8525081 -0.5030774 -0.9556344 0.283442 -0.08014645 -0.9174714 -0.001976156 0.3977967 -0.7153054 0.002140869 0.6988087 -0.7071318 0.7070818 0 -0.6948601 -0.1323048 -0.7068698 0.7170641 0.6907167 -0.09343205 0.6388348 0.6767954 -0.3658388 0.9995515 -0.004442451 -0.02961634 0.9794551 0.1921268 -0.061278 0.3700401 0.6765761 -0.6366436 0.09566489 0.6892185 -0.7182103 -0.5155571 0.8540756 0.0689624 -0.7288351 0.6846892 0 -0.8631219 0.4876982 0.1310385 -0.9414842 0.3370572 0 0.9414842 0.3370572 0 0.8605299 0.4895454 0.1408319 0.7288351 0.6846892 0 0.4934108 0.8669079 0.0708275 -0.1172186 0.4336341 -0.8934323 0.1483982 0.6789153 -0.7190633 -0.06224069 0.8882948 -0.4550367 -0.09978033 0.698336 -0.7087812 -0.1500905 0.6813559 0.7163987 0 0.6848188 0.7287133 -0.001628246 0.3370867 0.9414722 -0.4548758 0.8884468 -0.06123906 -0.4488353 0.8513523 -0.2715624 -0.7087798 0.6985402 -0.0983503 -0.7584916 0.4768959 -0.4441404 -0.9588406 -0.1366877 -0.2488799 -0.9925559 0.07230702 -0.09800241 -0.892697 0.4362384 -0.1130851 -0.4481792 0.4760864 -0.7566222 -0.2745126 0.8511197 -0.4474798 -0.7195305 0.6791424 0.1450568 -0.943066 0.2645995 0.2015282 0.1500842 0.6813578 0.7163981 0.529371 0.6629514 0.5293976 0.719457 0.679269 0.144828 0.8802434 0.3767526 0.2884945 0.001628246 0.3370867 0.9414722 0 0.6848188 0.7287133 0.1487858 0.6807947 0.7172038 0.5294134 0.6629607 0.5293435 0.7190645 0.6795559 0.1454302 0.8771602 0.4801978 -0.000198803 0.7188214 0.6799695 -0.1446972 0.5293976 0.6629514 -0.529371 -0.5293435 0.6629607 0.5294134 -0.1448036 0.679281 -0.7194506 -0.5294134 0.6629607 -0.5293435 -0.7190717 0.6795507 -0.1454195 -0.7188094 0.6799826 0.1446953 -0.5293976 0.6629514 0.529371 -0.1452731 0.6792498 0.7193855 -0.87716 0.4801982 0.0001957526 -0.0708275 0.8669079 0.4934108 -0.1463671 0.4874727 0.8607828 0.1314281 0.4876732 0.8630767 0.0689624 0.8540756 0.5155571 0.854135 -0.4671871 -0.2284507 0.5957863 -0.7134699 -0.3687809 0.7010772 -0.6840416 -0.2014394 0.3173584 -0.7987096 -0.5112207 0.06340313 -0.8257788 -0.5604189 0.6700019 -0.7414803 -0.03611776 0.8898823 0.005629012 -0.4561554 0.6304633 -0.001469682 -0.7762177 0.7190907 -0.07954038 -0.6903491 0.9751241 0.00235678 -0.2216472 0.999738 0.01977357 0.01153149 0.9634001 0.1420419 -0.2273419 0.9457032 0.07351097 -0.3166095 0.8322264 0.1045611 -0.5444871 0.7532246 0.04888553 -0.6559443 0.6159889 -0.008834178 -0.7877053 0.9980988 0.05138731 -0.03403133 0.9225772 0.3315519 -0.1972933 0.9549883 0.2599036 -0.1429946 0.9794022 0.1667108 -0.1139247 0.9642902 0.256049 -0.06769979 0.9643922 0.2620993 0.0353778 0.9543928 0.2681463 0.1312705 0.9323695 0.2874379 0.219241 0.8895644 0.3233634 0.3226629 0.7858754 0.5079757 0.3526479 0.7465231 0.627168 0.222179 0.712441 0.6994272 0.05682821 0.9984302 0.056011 -1.016609e-05 0.9901147 0.1345445 -0.03963122 1 0 0 0.9999898 0.004508084 0 0.9999056 0.01373787 0 0.9997532 0.02221674 0 -0.9999916 0.002775469 -0.003000507 -0.999738 0.01977357 0.01153149 -0.9998963 0.01258611 -0.006992282 -0.9999024 0.01184399 -0.007410459 -0.9999822 0.004167966 -0.004260601 0.7064462 -0.6767881 0.2071029 0.8266411 -0.5046405 0.249003 0.06835997 -0.8251199 0.5608066 0.25359 -0.8084703 0.5311006 0.484986 -0.7697292 0.415097 0.6681942 -0.7429485 0.03929487 0.999922 -0.00768069 0.009847163 0.9831174 -0.1065737 0.1487352 0.8823915 -0.1954577 0.427997 0.8169385 -0.3535927 0.4556135 0.4543729 -0.6090331 0.6500954 0.5075043 -0.3478715 0.788305 0.4514749 -0.07954701 0.8887309 0.7055305 -0.06039103 0.7061017 0.9007008 -0.04116101 0.4324856 -0.8898866 0.005629851 0.456147 -0.630443 -0.001470773 0.7762341 -0.71907 -0.0793838 0.6903887 -0.9751241 0.00235707 0.2216471 -0.9994509 -0.03313554 0.0001656777 -0.9949132 -0.06828921 0.07405664 -0.9258162 -0.2669492 0.2675865 -0.6903268 -0.5480122 0.4723681 -0.7370682 -0.3042831 0.603442 -0.1547878 -0.8191803 0.552254 -0.512054 -0.7834469 0.352153 -0.8779357 -0.3260421 -0.3506072 -0.7216943 -0.5247918 -0.4513877 -0.5024579 -0.5810018 -0.6402913 -0.4426508 -0.6820073 -0.5821738 -0.1585145 -0.8129806 -0.5602997 -0.9998025 -0.01521011 -0.01278838 -0.9900563 -0.1188886 -0.07519363 -0.9344992 -0.2816588 -0.2176683 -0.9007064 -0.04116296 -0.4324737 -0.8801231 -0.1808593 -0.4389456 -0.5144927 -0.3281467 -0.7922228 -0.4514736 -0.07954915 -0.8887314 -0.7055605 -0.06039732 -0.7060712 -0.973106 -0.0009736755 -0.2303559 -0.8045915 -0.004986279 -0.5938078 -0.9980988 0.05138731 -0.03403133 -0.9556078 0.2569325 -0.1442199 -0.9790171 0.1680023 -0.1153291 -0.9196471 0.3451212 -0.187458 -0.9644161 0.2558049 -0.06682362 -0.9655932 0.2588312 0.02522319 -0.9598045 0.2516908 0.1242057 -0.9425253 0.2547534 0.2162102 -0.9084976 0.2987383 0.2922114 -0.8076271 0.4592865 0.3698571 -0.7581006 0.6093506 0.2323259 -0.7159426 0.6946588 0.06982359 -0.6597297 -0.03841892 -0.7505203 -0.9574051 0.1255056 -0.2600457 -0.8348192 0.1003217 -0.5413062 -0.9181675 0.109448 -0.3807749 -0.7603383 0.006518543 -0.6494945 -0.7468007 -0.1207701 -0.6539903 -0.916725 -0.3498214 -0.1929773 -0.7454152 -0.5887391 -0.3126378 -0.7014997 -0.6829116 -0.2037888 -0.4249455 -0.7905257 -0.4410107 -0.6686097 -0.7425776 -0.03923758 -0.6696675 -0.7417936 0.03588498 -0.5769592 -0.8167726 -0.0007719059 -0.9269093 -0.3428129 0.1527038 -0.73102 -0.6149265 0.2957619 -0.7027524 -0.6749119 0.2250177 -0.4465404 -0.7933281 0.4138021 0.9993903 -0.03469961 -0.003865665 0.9825064 -0.1246344 -0.1383743 0.8375073 -0.4005103 -0.3717162 0.6073723 -0.5821515 -0.5405539 0.7364815 -0.3053577 -0.6036155 0.5769581 -0.8167735 0.0006781506 0.9731048 -0.0009739205 0.2303606 0.8045962 -0.004986578 0.5938014 -0.9054602 0.1563948 -0.3945662 -0.9531754 0.1401994 -0.2679565 -0.9830414 0.1264683 -0.1327985 -0.9901013 0.1355414 -0.03644204 -0.9984654 0.05537454 -0.0006890578 -0.7138995 0.6986788 0.04685689 -0.6977192 0.6915449 0.1869589 -0.6255722 0.6915262 0.3611799 -0.5107931 0.6915095 0.5107886 -0.3611973 0.6915004 0.6255907 -0.1869602 0.6915077 0.6977556 -0.0473201 0.6984524 0.7140903 0.002268204 0.9264268 0.3764681 -4.489976e-05 0.9294732 0.3688898 0.04688347 0.6986706 0.7139057 0.02342533 0.9965702 0.07936674 -4.917291e-05 0.9996657 0.0258539 0.1869607 0.6915064 0.6977568 0.3611942 0.6915014 0.6255914 0.5107876 0.691514 0.510788 0.6255693 0.6915316 0.3611746 0.6977244 0.6915429 0.1869469 0.713904 0.6986735 0.04686687 0.982243 0.1273711 -0.1377512 0.9518186 0.1407411 -0.2724579 0.9050162 0.1533857 -0.3967601 0.8459614 0.1585329 -0.5091332 -0.9598803 -0.2803995 0.002434564 -0.6752969 -0.7271492 -0.1234026 -0.5380207 -0.8429299 0.001730399 -0.7944535 -0.6073238 0.00120295 -0.1362945 -0.7262793 -0.6737523 0.136294 -0.726281 -0.6737506 0.4617695 -0.7573232 -0.4617688 0.673764 -0.726771 -0.1335888 0.8684284 -0.4958147 -6.474538e-05 0.536318 -0.8439664 0.009151205 -0.4617688 -0.7573232 -0.4617695 0.08898266 0.9102986 -0.4042753 -0.05213812 0.9074088 -0.4170022 -0.1343812 0.6836155 -0.7173643 0.2116399 0.6718245 -0.7098312 -0.3364459 0.8706598 0.3588254 -0.5814131 0.537142 0.6110952 -0.6927139 0.1686326 0.7012208 0.3588254 0.8706598 0.3364459 0.6110952 0.537142 0.5814131 0.7012208 0.1686326 0.6927139 0.02269424 0.9994226 -0.02528655 0.2601564 0.8948487 -0.3627182 0.4911686 0.743389 -0.4540112 0.7912676 0.2980557 -0.5339086 0.7282403 0.1097018 -0.6764847 0.9415649 -0.007801046 -0.3367414 0.7293963 0 -0.6840914 0 0.9415801 -0.3367892 0 0.9415801 -0.3367892 0 0.729152 -0.6843518 0 0.729152 -0.6843518 -0.7305797 0.008188788 -0.6827784 -0.9021535 0.08816175 -0.4223109 -0.9448934 -0.01316761 -0.3271133 -0.7075578 0.1428239 -0.6920717 -0.4337145 0.1927843 -0.8801852 -0.7705137 0.3020826 -0.5612974 -0.5184894 0.524721 -0.6751568 -0.5655465 0.659459 -0.4952484 -0.3278663 0.8546178 -0.4026563 -0.1914025 0.89431 -0.4044438 -0.9404393 0.1156715 -0.3196779 -0.5417547 -0.6546405 -0.5272074 -0.9087548 -0.3815435 -0.1690835 -0.7297036 -0.6611944 -0.1742258 -0.7263282 -0.673685 0.1363664 -0.7263167 -0.13631 0.6737088 -0.7573053 -0.4617409 0.4618268 0.6877217 -0.4985515 -0.5277171 0.329754 -0.5087816 -0.795238 0.5211333 -0.7351736 -0.4335202 0.7919241 -0.4483867 -0.4144944 0.4589524 -0.8825421 -0.1023825 0.7008363 -0.7097263 -0.07153362 0.8893883 -0.4197236 -0.1811647 0.9018033 -0.4284356 -0.05651311 0.9873854 -0.1521202 -0.04392685 0.7266746 -0.6740037 0.1329024 0.7573215 -0.4617218 0.4618194 0.7263114 -0.1363116 0.6737143</float_array>
          <technique_common>
            <accessor count="3054" source="#normals-array-array" stride="3">
              <param type="float" name="X"/>
              <param type="float" name="Y"/>
              <param type="float" name="Z"/>
            </accessor>
          </technique_common>
        </source>
        <vertices id="verts-array-vertices">
          <input semantic="POSITION" source="#verts-array"/>
        </vertices>
        <triangles count="4228" material="material0">
          <input offset="0" semantic="VERTEX" source="#verts-array-vertices"/>
          <input offset="1" semantic="NORMAL" source="#normals-array"/>
          <p>0 0 1 1 2 2 3 3 2 2 1 1 2 2 3 3 4 4 5 5 4 4 3 3 6 6 7 7 8 8 9 9 8 8 7 7 8 8 9 9 10 10 11 11 10 10 9 9 12 12 13 13 14 14 12 12 14 14 15 15 14 14 16 16 15 15 17 17 15 15 16 16 15 15 17 17 18 18 19 19 18 18 17 17 18 18 19 19 20 20 21 21 20 20 19 19 20 20 21 21 22 22 23 23 24 24 25 25 26 26 25 25 24 24 27 27 28 28 29 29 30 30 31 31 32 32 33 33 32 32 31 31 32 32 33 33 29 29 34 34 29 29 33 33 29 29 34 34 27 27 35 35 36 36 37 37 38 38 37 37 36 36 39 39 40 40 41 41 42 42 43 43 44 44 45 45 44 44 43 43 44 44 45 45 41 41 46 46 41 41 45 45 41 41 46 46 39 39 47 47 48 48 49 49 50 50 51 51 49 49 52 52 49 49 51 51 49 49 52 52 47 47 53 53 54 54 55 55 56 56 55 55 54 54 55 55 56 56 57 57 58 58 57 57 56 56 57 57 58 58 59 59 60 60 59 59 58 58 59 59 60 60 61 61 62 62 61 61 60 60 61 61 62 62 63 63 64 64 63 63 62 62 63 63 64 64 65 65 66 66 65 65 64 64 65 65 66 66 67 67 68 68 67 67 66 66 67 67 68 68 53 53 54 54 53 53 68 68 69 69 70 70 71 71 72 72 71 71 70 70 71 71 72 72 73 73 74 74 73 73 72 72 73 73 74 74 75 75 76 76 75 75 74 74 75 75 76 76 77 77 78 78 77 77 76 76 77 77 78 78 79 79 80 80 79 79 78 78 79 79 80 80 81 81 82 82 81 81 80 80 81 81 82 82 83 83 84 84 83 83 82 82 83 83 84 84 69 69 70 70 69 69 84 84 85 85 86 86 87 87 88 88 87 87 86 86 89 89 90 90 91 91 89 89 91 91 92 92 93 93 92 92 91 91 92 92 93 93 87 87 87 87 93 93 85 85 94 94 85 85 93 93 85 85 94 94 95 95 96 96 95 95 94 94 95 95 96 96 97 97 98 98 99 99 100 100 101 101 100 100 99 99 100 100 101 101 102 102 103 103 102 102 101 101 104 104 105 105 106 106 107 107 108 108 109 109 110 110 109 109 108 108 111 111 112 112 113 113 114 114 113 113 112 112 113 113 114 114 115 115 116 116 115 115 114 114 109 109 117 117 118 118 114 114 119 119 120 120 110 110 121 121 109 109 122 122 109 109 121 121 109 109 122 122 106 106 123 123 106 106 122 122 106 106 123 123 104 104 124 124 125 125 109 109 126 126 109 109 125 125 109 109 126 126 117 117 118 118 127 127 109 109 128 128 109 109 127 127 109 109 128 128 107 107 129 129 130 130 131 131 132 132 131 131 130 130 131 131 132 132 114 114 133 133 114 114 132 132 114 114 133 133 119 119 120 120 134 134 114 114 135 135 114 114 134 134 114 114 135 135 116 116 136 136 137 137 138 138 114 114 138 138 137 137 138 138 114 114 139 139 112 112 139 139 114 114 139 139 112 112 140 140 136 136 141 141 137 137 142 142 137 137 141 141 137 137 142 142 143 143 143 143 144 144 145 145 143 143 145 145 137 137 146 146 137 137 145 145 137 137 146 146 147 147 148 148 149 149 150 150 137 137 150 150 149 149 147 147 151 151 137 137 152 152 137 137 151 151 137 137 152 152 150 150 153 153 150 150 152 152 150 150 153 153 154 154 155 155 156 156 143 143 154 154 143 143 156 156 143 143 154 154 144 144 156 156 157 157 154 154 158 158 154 154 157 157 154 154 158 158 150 150 159 159 150 150 158 158 150 150 159 159 160 160 161 161 162 162 163 163 155 155 143 143 164 164 161 161 164 164 143 143 164 164 161 161 165 165 163 163 165 165 161 161 165 165 163 163 166 166 167 167 124 124 168 168 109 109 168 168 124 124 168 168 109 109 169 169 150 150 169 169 109 109 169 169 150 150 166 166 160 160 166 166 150 150 166 166 160 160 165 165 170 170 171 171 172 172 173 173 172 172 171 171 172 172 173 173 174 174 175 175 174 174 173 173 174 174 175 175 176 176 177 177 178 178 179 179 180 180 181 181 182 182 178 178 182 182 181 181 182 182 178 178 183 183 184 184 183 183 178 178 184 184 178 178 185 185 177 177 185 185 178 178 185 185 177 177 186 186 179 179 187 187 177 177 188 188 177 177 187 187 177 177 188 188 189 189 190 190 189 189 188 188 190 190 191 191 189 189 192 192 189 189 191 191 189 189 192 192 193 193 194 194 195 195 196 196 197 197 196 196 195 195 196 196 197 197 186 186 198 198 186 186 197 197 186 186 198 198 185 185 199 199 200 200 201 201 202 202 203 203 204 204 205 205 206 206 207 207 208 208 207 207 206 206 207 207 208 208 209 209 201 201 200 200 210 210 204 204 211 211 202 202 212 212 202 202 211 211 202 202 212 212 200 200 213 213 200 200 212 212 200 200 213 213 214 214 209 209 210 210 207 207 200 200 207 207 210 210 207 207 200 200 215 215 214 214 215 215 200 200 216 216 217 217 218 218 201 201 219 219 199 199 216 216 199 199 219 219 199 199 216 216 220 220 218 218 220 220 216 216 221 221 222 222 223 223 224 224 225 225 226 226 221 221 223 223 225 225 227 227 225 225 223 223 225 225 227 227 226 226 228 228 229 229 226 226 230 230 226 226 229 229 226 226 230 230 224 224 231 231 224 224 230 230 224 224 231 231 232 232 233 233 232 232 231 231 234 234 235 235 236 236 237 237 238 238 239 239 237 237 239 239 240 240 241 241 240 240 239 239 240 240 241 241 242 242 243 243 244 244 245 245 246 246 245 245 244 244 245 245 246 246 237 237 247 247 237 237 246 246 237 237 247 247 238 238 248 248 249 249 236 236 250 250 236 236 249 249 236 236 250 250 234 234 240 240 251 251 237 237 252 252 237 237 251 251 237 237 252 252 248 248 253 253 248 248 252 252 248 248 253 253 249 249 254 254 255 255 256 256 257 257 258 258 259 259 260 260 259 259 258 258 259 259 260 260 261 261 254 254 256 256 262 262 263 263 264 264 265 265 266 266 265 265 264 264 265 265 266 266 267 267 266 266 268 268 269 269 261 261 260 260 270 270 271 271 270 270 260 260 270 270 271 271 272 272 273 273 272 272 271 271 272 272 273 273 263 263 274 274 263 263 273 273 263 263 274 274 264 264 269 269 256 256 266 266 255 255 266 266 256 256 266 266 255 255 267 267 275 275 267 267 255 255 267 267 275 275 257 257 276 276 257 257 275 275 257 257 276 276 258 258 277 277 258 258 276 276 258 258 277 277 278 278 279 279 278 278 277 277 278 278 279 279 280 280 281 281 280 280 279 279 280 280 281 281 282 282 262 262 282 282 281 281 282 282 262 262 283 283 256 256 283 283 262 262 284 284 285 285 286 286 287 287 288 288 286 286 284 284 286 286 289 289 290 290 291 291 292 292 293 293 292 292 291 291 292 292 293 293 294 294 286 286 295 295 289 289 296 296 289 289 295 295 289 289 296 296 290 290 297 297 290 290 296 296 290 290 297 297 291 291 298 298 299 299 300 300 301 301 300 300 299 299 300 300 301 301 302 302 293 293 303 303 294 294 304 304 294 294 303 303 294 294 304 304 305 305 304 304 302 302 305 305 301 301 305 305 302 302 305 305 301 301 306 306 307 307 306 306 301 301 306 306 307 307 285 285 308 308 285 285 307 307 285 285 308 308 286 286 309 309 286 286 308 308 286 286 309 309 287 287 310 310 311 311 312 312 313 313 314 314 315 315 316 316 315 315 314 314 315 315 316 316 317 317 316 316 318 318 317 317 319 319 317 317 318 318 317 317 319 319 312 312 320 320 312 312 319 319 312 312 320 320 310 310 321 321 315 315 322 322 317 317 322 322 315 315 322 322 317 317 323 323 324 324 323 323 317 317 323 323 324 324 325 325 326 326 327 327 325 325 328 328 325 325 327 327 325 325 328 328 323 323 329 329 330 330 331 331 332 332 333 333 334 334 335 335 334 334 333 333 334 334 335 335 336 336 337 337 329 329 338 338 331 331 338 338 329 329 338 338 331 331 336 336 339 339 336 336 331 331 336 336 339 339 334 334 340 340 341 341 342 342 343 343 342 342 341 341 342 342 343 343 332 332 344 344 332 332 343 343 332 332 344 344 333 333 345 345 346 346 347 347 348 348 349 349 350 350 348 348 351 351 352 352 353 353 352 352 351 351 354 354 355 355 356 356 357 357 356 356 355 355 356 356 357 357 353 353 358 358 353 353 357 357 353 353 358 358 352 352 356 356 359 359 360 360 360 360 361 361 356 356 362 362 356 356 361 361 356 356 362 362 354 354 363 363 364 364 365 365 366 366 365 365 364 364 365 365 366 366 367 367 368 368 367 367 366 366 367 367 368 368 173 173 345 345 347 347 369 369 346 346 365 365 347 347 367 367 347 347 365 365 347 347 367 367 370 370 173 173 370 370 367 367 371 371 372 372 373 373 374 374 373 373 372 372 373 373 374 374 375 375 376 376 375 375 374 374 348 348 350 350 351 351 377 377 351 351 350 350 351 351 377 377 353 353 370 370 353 353 377 377 353 353 370 370 356 356 173 173 356 356 370 370 356 356 173 173 359 359 371 371 369 369 372 372 347 347 372 372 369 369 372 372 347 347 374 374 370 370 374 374 347 347 374 374 370 370 376 376 377 377 376 376 370 370 376 376 377 377 378 378 350 350 378 378 377 377 379 379 380 380 381 381 379 379 381 381 382 382 383 383 384 384 381 381 385 385 381 381 384 384 381 381 385 385 382 382 386 386 387 387 383 383 388 388 383 383 387 387 383 383 388 388 384 384 383 383 389 389 386 386 390 390 386 386 389 389 386 386 390 390 391 391 392 392 391 391 390 390 393 393 394 394 395 395 396 396 395 395 394 394 392 392 397 397 391 391 395 395 391 391 397 397 391 391 395 395 398 398 396 396 398 398 395 395 399 399 400 400 401 401 402 402 403 403 404 404 405 405 406 406 407 407 405 405 407 407 408 408 409 409 402 402 410 410 404 404 410 410 402 402 410 410 404 404 411 411 412 412 411 411 404 404 412 412 404 404 413 413 414 414 413 413 404 404 413 413 414 414 415 415 416 416 417 417 418 418 419 419 418 418 417 417 418 418 419 419 420 420 421 421 420 420 419 419 420 420 421 421 422 422 349 349 422 422 421 421 422 422 349 349 423 423 416 416 418 418 424 424 425 425 424 424 418 418 424 424 425 425 426 426 427 427 428 428 429 429 430 430 431 431 432 432 427 427 433 433 430 430 430 430 432 432 427 427 434 434 427 427 432 432 427 427 434 434 428 428 435 435 436 436 437 437 438 438 437 437 436 436 437 437 438 438 439 439 440 440 441 441 442 442 426 426 442 442 441 441 442 442 426 426 443 443 425 425 443 443 426 426 443 443 425 425 444 444 418 418 444 444 425 425 444 444 418 418 445 445 420 420 445 445 418 418 446 446 447 447 427 427 448 448 427 427 447 447 427 427 448 448 433 433 436 436 449 449 438 438 442 442 438 438 449 449 438 438 442 442 439 439 443 443 439 439 442 442 440 440 442 442 429 429 449 449 429 429 442 442 429 429 449 449 427 427 436 436 427 427 449 449 427 427 436 436 446 446 435 435 446 446 436 436 446 446 435 435 407 407 445 445 399 399 444 444 401 401 444 444 399 399 444 444 401 401 443 443 450 450 443 443 401 401 443 443 450 450 439 439 451 451 439 439 450 450 439 439 451 451 437 437 452 452 437 437 451 451 437 437 452 452 435 435 453 453 435 435 452 452 435 435 453 453 407 407 454 454 407 407 453 453 407 407 454 454 408 408 423 423 455 455 422 422 415 415 422 422 455 455 422 422 415 415 420 420 414 414 420 420 415 415 420 420 414 414 445 445 404 404 445 445 414 414 445 445 404 404 399 399 403 403 399 399 404 404 399 399 403 403 400 400 456 456 457 457 458 458 459 459 460 460 461 461 460 460 459 459 462 462 458 458 457 457 461 461 463 463 464 464 456 456 464 464 463 463 465 465 466 466 467 467 468 468 469 469 470 470 471 471 472 472 473 473 471 471 473 473 474 474 471 471 475 475 471 471 474 474 471 471 475 475 469 469 472 472 471 471 476 476 477 477 476 476 471 471 476 476 477 477 478 478 478 478 477 477 479 479 480 480 479 479 477 477 479 479 480 480 481 481 467 467 466 466 482 482 483 483 482 482 466 466 482 482 483 483 484 484 485 485 484 484 483 483 484 484 485 485 486 486 487 487 488 488 489 489 490 490 491 491 487 487 492 492 487 487 491 491 487 487 492 492 488 488 493 493 494 494 495 495 496 496 495 495 494 494 495 495 496 496 497 497 498 498 499 499 487 487 500 500 487 487 499 499 487 487 500 500 490 490 501 501 502 502 495 495 493 493 495 495 503 503 502 502 503 503 495 495 503 503 502 502 504 504 497 497 462 462 495 495 459 459 495 495 462 462 495 495 459 459 501 501 461 461 501 501 459 459 501 501 461 461 505 505 457 457 505 505 461 461 371 371 506 506 507 507 508 508 507 507 506 506 507 507 508 508 509 509 465 465 509 509 508 508 509 509 465 465 510 510 506 506 486 486 508 508 485 485 508 508 486 486 508 508 485 485 465 465 483 483 465 465 485 485 465 465 483 483 464 464 466 466 464 464 483 483 464 464 466 466 456 456 468 468 456 456 466 466 456 456 468 468 457 457 458 458 511 511 456 456 498 498 456 456 511 511 456 456 498 498 463 463 487 487 463 463 498 498 463 463 487 487 465 465 489 489 465 465 487 487 465 465 489 489 510 510 468 468 481 481 457 457 480 480 457 457 481 481 457 457 480 480 505 505 477 477 505 505 480 480 505 505 477 477 501 501 471 471 501 501 477 477 501 501 471 471 502 502 470 470 502 502 471 471 502 502 470 470 504 504 512 512 513 513 514 514 515 515 516 516 517 517 518 518 517 517 516 516 517 517 518 518 519 519 520 520 521 521 522 522 522 522 523 523 520 520 524 524 520 520 523 523 520 520 524 524 525 525 526 526 525 525 524 524 525 525 526 526 517 517 527 527 517 517 526 526 517 517 527 527 515 515 521 521 520 520 528 528 529 529 528 528 520 520 528 528 529 529 530 530 531 531 532 532 533 533 534 534 533 533 532 532 533 533 534 534 535 535 514 514 513 513 536 536 537 537 536 536 513 513 536 536 537 537 538 538 538 538 539 539 536 536 540 540 536 536 539 539 536 536 540 540 541 541 542 542 541 541 540 540 541 541 542 542 533 533 543 543 533 533 542 542 533 533 543 543 531 531 518 518 512 512 519 519 514 514 519 519 512 512 519 519 514 514 544 544 545 545 544 544 514 514 544 544 545 545 546 546 547 547 546 546 545 545 546 546 547 547 548 548 549 549 548 548 547 547 548 548 549 549 550 550 551 551 550 550 549 549 550 550 551 551 552 552 553 553 552 552 551 551 552 552 553 553 554 554 555 555 554 554 553 553 554 554 555 555 556 556 557 557 556 556 555 555 556 556 557 557 529 529 535 535 529 529 557 557 529 529 535 535 530 530 534 534 530 530 535 535 558 558 559 559 560 560 561 561 560 560 559 559 562 562 563 563 564 564 565 565 564 564 563 563 566 566 567 567 568 568 569 569 568 568 567 567 570 570 571 571 572 572 573 573 572 572 571 571 574 574 575 575 576 576 577 577 576 576 575 575 578 578 579 579 580 580 581 581 580 580 579 579 582 582 583 583 584 584 585 585 584 584 583 583 586 586 587 587 588 588 589 589 588 588 587 587 590 590 591 591 592 592 593 593 594 594 595 595 595 595 596 596 593 593 597 597 593 593 596 596 593 593 597 597 598 598 599 599 600 600 601 601 600 600 602 602 601 601 603 603 601 601 602 602 601 601 603 603 604 604 601 601 605 605 599 599 606 606 599 599 605 605 599 599 606 606 607 607 608 608 607 607 606 606 607 607 608 608 609 609 610 610 609 609 608 608 609 609 610 610 611 611 612 612 611 611 610 610 613 613 614 614 615 615 616 616 615 615 614 614 615 615 616 616 617 617 612 612 617 617 616 616 617 617 612 612 618 618 610 610 618 618 612 612 619 619 620 620 621 621 622 622 621 621 620 620 622 622 623 623 621 621 624 624 621 621 623 623 621 621 624 624 625 625 613 613 615 615 621 621 626 626 621 621 615 615 621 621 626 626 619 619 604 604 603 603 627 627 590 590 627 627 603 603 627 627 590 590 628 628 592 592 628 628 590 590 628 628 592 592 629 629 593 593 629 629 592 592 629 629 593 593 630 630 598 598 630 630 593 593 630 630 598 598 631 631 632 632 633 633 634 634 635 635 636 636 637 637 638 638 637 637 636 636 637 637 638 638 639 639 640 640 639 639 638 638 639 639 640 640 641 641 642 642 641 641 640 640 643 643 644 644 645 645 636 636 645 645 644 644 645 645 636 636 646 646 635 635 646 646 636 636 647 647 648 648 649 649 650 650 649 649 648 648 649 649 650 650 651 651 652 652 651 651 650 650 651 651 652 652 653 653 654 654 653 653 652 652 653 653 654 654 655 655 634 634 633 633 656 656 657 657 658 658 659 659 660 660 661 661 647 647 662 662 647 647 661 661 647 647 662 662 648 648 663 663 664 664 659 659 665 665 659 659 664 664 659 659 665 665 657 657 655 655 641 641 653 653 642 642 653 653 641 641 653 653 642 642 666 666 667 667 666 666 642 642 666 666 667 667 668 668 632 632 668 668 667 667 668 668 632 632 669 669 634 634 669 669 632 632 657 657 661 661 658 658 660 660 658 658 661 661 658 658 660 660 670 670 671 671 670 670 660 660 670 670 671 671 672 672 673 673 674 674 675 675 676 676 675 675 674 674 675 675 676 676 663 663 677 677 663 663 676 676 663 663 677 677 664 664 633 633 644 644 656 656 643 643 656 656 644 644 656 656 643 643 678 678 679 679 678 678 643 643 678 678 679 679 680 680 681 681 680 680 679 679 680 680 681 681 682 682 674 674 682 682 681 681 682 682 674 674 683 683 673 673 683 683 674 674 683 683 673 673 684 684 685 685 684 684 673 673 684 684 685 685 669 669 672 672 669 669 685 685 669 669 672 672 668 668 671 671 668 668 672 672 686 686 687 687 688 688 689 689 688 688 687 687 688 688 689 689 690 690 691 691 690 690 689 689 690 690 691 691 692 692 693 693 694 694 695 695 696 696 695 695 694 694 695 695 696 696 697 697 698 698 697 697 696 696 697 697 698 698 699 699 700 700 699 699 698 698 699 699 700 700 701 701 692 692 701 701 700 700 701 701 692 692 702 702 691 691 702 702 692 692 703 703 704 704 705 705 706 706 707 707 708 708 709 709 708 708 707 707 708 708 709 709 710 710 711 711 710 710 709 709 710 710 711 711 712 712 713 713 712 712 711 711 712 712 713 713 714 714 705 705 715 715 703 703 716 716 703 703 715 715 703 703 716 716 717 717 718 718 717 717 716 716 717 717 718 718 713 713 719 719 713 713 718 718 713 713 719 719 714 714 720 720 721 721 722 722 723 723 722 722 721 721 724 724 712 712 725 725 714 714 725 725 712 712 725 725 714 714 726 726 727 727 726 726 714 714 726 726 727 727 728 728 729 729 728 728 727 727 723 723 730 730 731 731 723 723 731 731 722 722 732 732 722 722 731 731 722 722 732 732 733 733 734 734 733 733 732 732 733 733 734 734 735 735 736 736 737 737 738 738 739 739 738 738 737 737 738 738 739 739 740 740 721 721 740 740 739 739 740 740 721 721 741 741 720 720 741 741 721 721 741 741 720 720 742 742 720 720 743 743 742 742 744 744 742 742 743 743 742 742 744 744 745 745 746 746 745 745 744 744 745 745 746 746 704 704 747 747 704 704 746 746 704 704 747 747 705 705 735 735 705 705 747 747 705 705 735 735 729 729 734 734 729 729 735 735 729 729 734 734 728 728 748 748 749 749 750 750 751 751 750 750 749 749 750 750 751 751 752 752 753 753 752 752 751 751 752 752 753 753 754 754 755 755 754 754 753 753 754 754 755 755 756 756 757 757 756 756 755 755 756 756 757 757 758 758 759 759 758 758 757 757 758 758 759 759 760 760 761 761 760 760 759 759 762 762 763 763 764 764 765 765 766 766 767 767 768 768 767 767 766 766 767 767 768 768 769 769 770 770 769 769 768 768 771 771 772 772 773 773 772 772 771 771 774 774 775 775 774 774 771 771 774 774 775 775 764 764 776 776 764 764 775 775 764 764 776 776 762 762 777 777 776 776 778 778 775 775 778 778 776 776 778 778 775 775 779 779 780 780 779 779 775 775 779 779 780 780 781 781 782 782 781 781 780 780 783 783 784 784 785 785 766 766 785 785 784 784 785 785 766 766 773 773 765 765 773 773 766 766 773 773 765 765 771 771 585 585 583 583 786 786 787 787 786 786 583 583 786 786 787 787 788 788 789 789 788 788 787 787 788 788 789 789 790 790 791 791 790 790 789 789 790 790 791 791 792 792 793 793 792 792 791 791 792 792 793 793 579 579 581 581 579 579 793 793 794 794 795 795 796 796 797 797 798 798 799 799 794 794 799 799 798 798 799 799 794 794 800 800 796 796 800 800 794 794 801 801 802 802 803 803 801 801 803 803 804 804 805 805 806 806 807 807 804 804 807 807 806 806 807 807 804 804 808 808 803 803 808 808 804 804 809 809 810 810 811 811 812 812 813 813 814 814 813 813 812 812 815 815 816 816 812 812 817 817 818 818 817 817 812 812 816 816 819 819 820 820 816 816 820 820 812 812 821 821 812 812 820 820 812 812 821 821 815 815 822 822 823 823 824 824 825 825 824 824 823 823 824 824 825 825 818 818 826 826 818 818 825 825 818 818 826 826 817 817 827 827 828 828 829 829 830 830 828 828 831 831 827 827 831 831 828 828 831 831 827 827 832 832 833 833 834 834 835 835 836 836 835 835 834 834 835 835 836 836 837 837 838 838 837 837 836 836 839 839 840 840 841 841 842 842 841 841 840 840 841 841 842 842 843 843 836 836 843 843 842 842 843 843 836 836 844 844 834 834 844 844 836 836 838 838 836 836 845 845 846 846 845 845 836 836 845 845 846 846 847 847 848 848 849 849 850 850 851 851 852 852 853 853 854 854 853 853 852 852 855 855 832 832 852 852 827 827 852 852 832 832 852 852 827 827 854 854 829 829 854 854 827 827 854 854 829 829 853 853 856 856 853 853 829 829 856 856 857 857 853 853 850 850 853 853 857 857 853 853 850 850 851 851 849 849 851 851 850 850 858 858 859 859 860 860 861 861 860 860 859 859 860 860 861 861 862 862 863 863 862 862 861 861 862 862 863 863 864 864 865 865 864 864 863 863 864 864 865 865 866 866 867 867 866 866 865 865 866 866 867 867 868 868 869 869 868 868 867 867 868 868 869 869 870 870 857 857 871 871 850 850 858 858 850 850 871 871 850 850 858 858 848 848 860 860 848 848 858 858 848 848 860 860 872 872 862 862 872 872 860 860 872 872 862 862 873 873 864 864 873 873 862 862 873 873 864 864 874 874 866 866 874 874 864 864 874 874 866 866 811 811 868 868 811 811 866 866 811 811 868 868 809 809 870 870 809 809 868 868 810 810 824 824 811 811 818 818 811 811 824 824 811 811 818 818 874 874 812 812 874 874 818 818 874 874 812 812 873 873 814 814 873 873 812 812 873 873 814 814 872 872 875 875 872 872 814 814 872 872 875 875 848 848 847 847 848 848 875 875 848 848 847 847 849 849 846 846 849 849 847 847 849 849 846 846 851 851 836 836 851 851 846 846 851 851 836 836 852 852 842 842 852 852 836 836 852 852 842 842 855 855 876 876 877 877 878 878 879 879 880 880 881 881 877 877 881 881 880 880 882 882 876 876 883 883 878 878 883 883 876 876 883 883 878 878 884 884 884 884 878 878 885 885 886 886 885 885 878 878 885 885 886 886 887 887 888 888 889 889 890 890 891 891 892 892 888 888 888 888 890 890 891 891 893 893 891 891 890 890 891 891 893 893 894 894 895 895 894 894 893 893 894 894 895 895 896 896 897 897 896 896 895 895 896 896 897 897 898 898 877 877 880 880 878 878 899 899 878 878 880 880 878 878 899 899 886 886 900 900 886 886 899 899 886 886 900 900 901 901 893 893 887 887 895 895 886 886 895 895 887 887 895 895 886 886 897 897 901 901 897 897 886 886 897 897 901 901 898 898 902 902 898 898 901 901 898 898 902 902 830 830 903 903 904 904 905 905 906 906 907 907 908 908 909 909 908 908 907 907 908 908 909 909 910 910 911 911 910 910 909 909 910 910 911 911 912 912 908 908 913 913 906 906 914 914 906 906 913 913 906 906 914 914 915 915 914 914 916 916 915 915 917 917 915 915 916 916 915 915 917 917 918 918 919 919 918 918 917 917 918 918 919 919 905 905 919 919 920 920 905 905 921 921 905 905 920 920 905 905 921 921 922 922 923 923 922 922 921 921 922 922 923 923 924 924 925 925 926 926 927 927 928 928 927 927 926 926 927 927 928 928 869 869 929 929 930 930 931 931 869 869 928 928 932 932 933 933 932 932 928 928 932 932 933 933 934 934 935 935 934 934 933 933 934 934 935 935 936 936 937 937 936 936 935 935 936 936 937 937 938 938 939 939 929 929 940 940 931 931 940 940 929 929 940 940 931 931 941 941 938 938 941 941 931 931 941 941 938 938 942 942 937 937 942 942 938 938 939 939 943 943 929 929 944 944 929 929 943 943 929 929 944 944 945 945 946 946 945 945 944 944 945 945 946 946 911 911 947 947 911 911 946 946 911 911 947 947 912 912 903 903 905 905 948 948 922 922 948 948 905 905 948 948 922 922 949 949 924 924 949 949 922 922 949 949 924 924 925 925 950 950 925 925 924 924 925 925 950 950 926 926 951 951 952 952 953 953 954 954 955 955 956 956 957 957 958 958 959 959 960 960 959 959 958 958 959 959 960 960 961 961 962 962 879 879 963 963 964 964 965 965 966 966 967 967 968 968 969 969 970 970 969 969 968 968 971 971 972 972 973 973 974 974 973 973 972 972 973 973 974 974 975 975 970 970 975 975 974 974 975 975 970 970 976 976 968 968 976 976 970 970 977 977 978 978 979 979 980 980 979 979 978 978 979 979 980 980 970 970 981 981 970 970 980 980 970 970 981 981 969 969 982 982 983 983 984 984 961 961 984 984 983 983 984 984 961 961 985 985 960 960 985 985 961 961 982 982 986 986 987 987 982 982 987 987 983 983 988 988 983 983 987 987 983 983 988 988 989 989 956 956 955 955 990 990 991 991 990 990 955 955 990 990 991 991 992 992 993 993 992 992 991 991 992 992 993 993 994 994 904 904 995 995 996 996 997 997 996 996 995 995 996 996 997 997 998 998 999 999 998 998 997 997 998 998 999 999 1000 1000 966 966 1001 1001 964 964 1002 1002 964 964 1001 1001 964 964 1002 1002 1003 1003 1004 1004 1003 1003 1002 1002 1003 1003 1004 1004 1005 1005 954 954 959 959 955 955 961 961 955 955 959 959 955 955 961 961 991 991 983 983 991 991 961 961 991 991 983 983 993 993 952 952 993 993 983 983 993 993 952 952 994 994 951 951 994 994 952 952 995 995 966 966 997 997 965 965 997 997 966 966 997 997 965 965 999 999 964 964 999 999 965 965 999 999 964 964 1006 1006 1003 1003 1006 1006 964 964 1006 1006 1003 1003 1007 1007 1005 1005 1007 1007 1003 1003 1007 1007 1005 1005 953 953 1008 1008 953 953 1005 1005 953 953 1008 1008 951 951 1009 1009 951 951 1008 1008 951 951 1009 1009 994 994 1010 1010 994 994 1009 1009 994 994 1010 1010 992 992 1011 1011 992 992 1010 1010 992 992 1011 1011 990 990 962 962 990 990 1011 1011 990 990 962 962 956 956 963 963 956 956 962 962 956 956 963 963 954 954 989 989 1012 1012 983 983 1013 1013 983 983 1012 1012 983 983 1013 1013 952 952 1014 1014 952 952 1013 1013 952 952 1014 1014 953 953 977 977 953 953 1014 1014 953 953 977 977 1007 1007 979 979 1007 1007 977 977 1007 1007 979 979 1006 1006 970 970 1006 1006 979 979 1006 1006 970 970 999 999 974 974 999 999 970 970 999 999 974 974 1000 1000 1015 1015 1016 1016 1017 1017 1017 1017 1016 1016 1018 1018 1016 1016 1019 1019 1018 1018 1020 1020 1018 1018 1019 1019 1018 1018 1020 1020 1021 1021 1022 1022 1021 1021 1020 1020 1021 1021 1022 1022 1023 1023 1024 1024 1023 1023 1022 1022 1024 1024 1025 1025 1023 1023 1026 1026 1023 1023 1025 1025 1023 1023 1026 1026 1027 1027 1026 1026 1028 1028 1027 1027 1029 1029 1027 1027 1028 1028 1027 1027 1029 1029 1030 1030 1031 1031 1030 1030 1029 1029 1030 1030 1031 1031 1017 1017 1032 1032 1017 1017 1031 1031 1017 1017 1032 1032 1015 1015 1033 1033 1034 1034 1035 1035 1036 1036 1037 1037 1038 1038 1038 1038 1039 1039 1036 1036 1040 1040 1036 1036 1039 1039 1036 1036 1040 1040 1041 1041 1042 1042 1043 1043 1044 1044 1043 1043 1045 1045 1044 1044 1046 1046 1044 1044 1045 1045 1044 1044 1046 1046 1047 1047 1044 1044 1048 1048 1042 1042 1049 1049 1042 1042 1048 1048 1042 1042 1049 1049 1050 1050 1051 1051 1050 1050 1049 1049 1050 1050 1051 1051 1052 1052 1053 1053 1052 1052 1051 1051 1052 1052 1053 1053 1054 1054 1055 1055 1054 1054 1053 1053 1056 1056 1057 1057 1058 1058 1055 1055 1058 1058 1057 1057 1058 1058 1055 1055 1059 1059 1053 1053 1059 1059 1055 1055 1060 1060 1061 1061 1062 1062 1063 1063 1062 1062 1061 1061 1063 1063 1064 1064 1062 1062 1065 1065 1062 1062 1064 1064 1062 1062 1065 1065 1066 1066 1060 1060 1062 1062 1067 1067 1068 1068 1067 1067 1062 1062 1067 1067 1068 1068 1056 1056 1069 1069 1056 1056 1068 1068 1056 1056 1069 1069 1057 1057 1047 1047 1046 1046 1070 1070 1033 1033 1070 1070 1046 1046 1070 1070 1033 1033 1071 1071 1035 1035 1071 1071 1033 1033 1071 1071 1035 1035 1072 1072 1036 1036 1072 1072 1035 1035 1072 1072 1036 1036 1073 1073 1041 1041 1073 1073 1036 1036 1073 1073 1041 1041 1074 1074 1075 1075 1076 1076 1077 1077 1078 1078 1077 1077 1076 1076 1077 1077 1078 1078 1079 1079 1080 1080 1081 1081 1082 1082 1083 1083 1082 1082 1081 1081 1082 1082 1083 1083 1084 1084 1085 1085 1084 1084 1083 1083 1084 1084 1085 1085 1086 1086 1087 1087 1088 1088 1089 1089 1090 1090 1091 1091 1092 1092 1092 1092 1091 1091 1093 1093 1094 1094 1093 1093 1091 1091 1093 1093 1094 1094 1095 1095 1096 1096 1095 1095 1094 1094 1095 1095 1096 1096 1097 1097 1098 1098 1099 1099 1081 1081 1100 1100 1081 1081 1099 1099 1081 1081 1100 1100 1083 1083 1085 1085 1089 1089 1086 1086 1088 1088 1086 1086 1089 1089 1086 1086 1088 1088 1101 1101 1102 1102 1101 1101 1088 1088 1101 1101 1102 1102 1103 1103 1104 1104 1103 1103 1102 1102 1103 1103 1104 1104 1078 1078 1105 1105 1078 1078 1104 1104 1078 1078 1105 1105 1079 1079 1092 1092 1106 1106 1090 1090 1107 1107 1090 1090 1106 1106 1090 1090 1107 1107 1108 1108 1109 1109 1110 1110 1111 1111 1112 1112 1111 1111 1110 1110 1111 1111 1112 1112 1113 1113 1114 1114 1113 1113 1112 1112 1113 1113 1114 1114 1089 1089 1115 1115 1089 1089 1114 1114 1089 1089 1115 1115 1087 1087 1099 1099 1116 1116 1109 1109 1117 1117 1109 1109 1116 1116 1109 1109 1117 1117 1110 1110 1107 1107 1116 1116 1108 1108 1099 1099 1108 1108 1116 1116 1108 1108 1099 1099 1118 1118 1098 1098 1118 1118 1099 1099 1118 1118 1098 1098 1119 1119 1120 1120 1119 1119 1098 1098 1119 1119 1120 1120 1121 1121 1122 1122 1121 1121 1120 1120 1121 1121 1122 1122 1096 1096 1123 1123 1096 1096 1122 1122 1096 1096 1123 1123 1097 1097 1124 1124 1097 1097 1123 1123 1097 1097 1124 1124 1125 1125 1126 1126 1125 1125 1124 1124 1125 1125 1126 1126 1127 1127 1128 1128 1127 1127 1126 1126 1127 1127 1128 1128 1075 1075 1081 1081 1075 1075 1128 1128 1075 1075 1081 1081 1076 1076 1080 1080 1076 1076 1081 1081 1129 1129 1130 1130 1131 1131 1132 1132 1131 1131 1130 1130 1131 1131 1132 1132 1133 1133 1134 1134 1133 1133 1132 1132 1133 1133 1134 1134 1135 1135 1136 1136 1137 1137 1138 1138 1139 1139 1138 1138 1137 1137 1138 1138 1139 1139 1140 1140 1141 1141 1140 1140 1139 1139 1140 1140 1141 1141 1142 1142 1143 1143 1142 1142 1141 1141 1142 1142 1143 1143 1144 1144 1135 1135 1144 1144 1143 1143 1144 1144 1135 1135 1145 1145 1134 1134 1145 1145 1135 1135 1146 1146 1147 1147 1148 1148 1149 1149 826 826 1150 1150 1146 1146 1150 1150 826 826 1150 1150 1146 1146 1151 1151 1148 1148 1151 1151 1146 1146 1152 1152 1153 1153 1154 1154 1155 1155 1154 1154 1153 1153 1154 1154 1155 1155 1156 1156 975 975 1156 1156 1155 1155 1156 1156 975 975 1157 1157 1158 1158 1159 1159 1160 1160 1159 1159 1161 1161 1160 1160 1162 1162 1160 1160 1161 1161 1160 1160 1162 1162 1163 1163 1160 1160 1164 1164 1158 1158 1165 1165 1158 1158 1164 1164 1158 1158 1165 1165 1166 1166 1167 1167 1166 1166 1165 1165 1166 1166 1167 1167 1168 1168 1169 1169 1168 1168 1167 1167 1168 1168 1169 1169 1170 1170 1171 1171 1170 1170 1169 1169 1170 1170 1171 1171 1172 1172 1173 1173 1172 1172 1171 1171 1172 1172 1173 1173 1174 1174 1175 1175 1176 1176 1177 1177 1178 1178 1177 1177 1176 1176 1177 1177 1178 1178 1179 1179 1179 1179 1180 1180 1177 1177 1181 1181 1177 1177 1180 1180 1177 1177 1181 1181 1182 1182 1183 1183 1182 1182 1181 1181 1182 1182 1183 1183 1184 1184 1174 1174 1184 1184 1183 1183 1184 1184 1174 1174 1185 1185 1173 1173 1185 1185 1174 1174 1186 1186 1175 1175 1187 1187 1177 1177 1187 1187 1175 1175 1187 1187 1177 1177 1188 1188 1189 1189 1188 1188 1177 1177 1190 1190 1191 1191 1192 1192 1193 1193 1192 1192 1191 1191 1192 1192 1193 1193 1194 1194 1195 1195 1194 1194 1193 1193 1194 1194 1195 1195 1196 1196 1197 1197 1196 1196 1195 1195 1196 1196 1197 1197 1198 1198 1199 1199 1198 1198 1197 1197 1198 1198 1199 1199 1200 1200 1201 1201 1200 1200 1199 1199 1200 1200 1201 1201 1202 1202 1203 1203 1202 1202 1201 1201 1202 1202 1203 1203 1204 1204 1205 1205 1204 1204 1203 1203 1204 1204 1205 1205 1189 1189 1206 1206 1189 1189 1205 1205 1189 1189 1206 1206 1188 1188 1192 1192 1207 1207 1190 1190 1208 1208 1190 1190 1207 1207 1190 1190 1208 1208 1209 1209 1210 1210 1209 1209 1208 1208 1209 1209 1210 1210 1211 1211 1212 1212 1211 1211 1210 1210 1211 1211 1212 1212 376 376 1213 1213 376 376 1212 1212 376 376 1213 1213 1214 1214 1215 1215 1214 1214 1213 1213 1214 1214 1215 1215 1216 1216 1215 1215 1217 1217 1216 1216 1218 1218 1216 1216 1217 1217 1216 1216 1218 1218 1219 1219 1220 1220 1219 1219 1218 1218 1219 1219 1220 1220 1221 1221 1222 1222 1221 1221 1220 1220 1221 1221 1222 1222 1223 1223 1224 1224 1223 1223 1222 1222 1223 1223 1224 1224 1225 1225 1225 1225 1224 1224 1226 1226 1227 1227 1226 1226 1224 1224 1226 1226 1227 1227 1228 1228 1229 1229 1228 1228 1227 1227 1228 1228 1229 1229 1230 1230 1231 1231 1230 1230 1229 1229 1230 1230 1231 1231 1232 1232 1233 1233 1232 1232 1231 1231 1232 1232 1233 1233 1234 1234 1235 1235 1234 1234 1233 1233 1234 1234 1235 1235 1236 1236 1237 1237 1236 1236 1235 1235 1236 1236 1237 1237 1238 1238 1160 1160 1238 1238 1237 1237 1238 1238 1160 1160 1239 1239 1163 1163 1239 1239 1160 1160 1239 1239 1163 1163 1240 1240 1241 1241 1242 1242 1243 1243 1242 1242 1244 1244 1245 1245 1245 1245 1246 1246 1247 1247 1248 1248 1247 1247 1246 1246 1247 1247 1248 1248 1249 1249 1250 1250 1249 1249 1248 1248 1245 1245 1247 1247 1242 1242 1251 1251 1242 1242 1247 1247 1242 1242 1251 1251 1243 1243 1252 1252 1243 1243 1251 1251 1243 1243 1252 1252 1253 1253 1253 1253 1254 1254 1243 1243 1255 1255 1243 1243 1254 1254 1243 1243 1255 1255 1256 1256 1241 1241 1243 1243 1257 1257 1258 1258 1257 1257 1243 1243 1257 1257 1258 1258 1259 1259 1260 1260 1259 1259 1258 1258 1259 1259 1260 1260 1261 1261 1262 1262 1261 1261 1260 1260 1261 1261 1262 1262 1263 1263 1264 1264 1263 1263 1262 1262 1263 1263 1264 1264 1265 1265 1264 1264 1266 1266 1265 1265 1267 1267 1265 1265 1266 1266 1265 1265 1267 1267 1268 1268 1269 1269 1268 1268 1267 1267 1268 1268 1269 1269 1270 1270 1271 1271 1270 1270 1269 1269 1270 1270 1271 1271 1272 1272 1273 1273 1272 1272 1271 1271 1272 1272 1273 1273 1274 1274 1275 1275 1274 1274 1273 1273 1274 1274 1275 1275 1276 1276 1277 1277 1276 1276 1275 1275 1276 1276 1277 1277 1278 1278 1279 1279 1278 1278 1277 1277 1278 1278 1279 1279 1280 1280 1281 1281 1282 1282 1283 1283 1284 1284 1283 1283 1282 1282 1283 1283 1284 1284 1285 1285 1286 1286 1285 1285 1284 1284 1287 1287 1288 1288 1279 1279 1289 1289 1279 1279 1288 1288 1279 1279 1289 1289 1290 1290 1291 1291 1292 1292 1280 1280 1290 1290 1293 1293 1279 1279 1294 1294 1279 1279 1293 1293 1279 1279 1294 1294 1280 1280 1282 1282 1280 1280 1294 1294 1280 1280 1282 1282 1291 1291 1281 1281 1291 1291 1282 1282 1295 1295 1296 1296 1297 1297 1298 1298 1297 1297 1296 1296 1297 1297 1298 1298 1279 1279 1299 1299 1279 1279 1298 1298 1279 1279 1299 1299 1287 1287 1255 1255 1300 1300 1256 1256 1301 1301 1256 1256 1300 1300 1256 1256 1301 1301 1295 1295 1302 1302 1295 1295 1301 1301 1295 1295 1302 1302 1296 1296 1303 1303 1304 1304 1305 1305 1306 1306 1305 1305 1304 1304 1305 1305 1306 1306 1307 1307 1308 1308 1307 1307 1306 1306 1307 1307 1308 1308 1309 1309 1310 1310 1309 1309 1308 1308 1309 1309 1310 1310 1311 1311 1312 1312 1311 1311 1310 1310 1303 1303 1313 1313 1304 1304 1314 1314 1304 1304 1313 1313 1304 1304 1314 1314 1315 1315 1316 1316 1315 1315 1314 1314 1315 1315 1316 1316 1317 1317 1318 1318 1317 1317 1316 1316 1317 1317 1318 1318 1319 1319 1320 1320 1319 1319 1318 1318 1319 1319 1320 1320 1321 1321 1320 1320 1322 1322 1321 1321 1323 1323 1321 1321 1322 1322 1321 1321 1323 1323 1324 1324 1325 1325 1324 1324 1323 1323 1324 1324 1325 1325 1326 1326 1327 1327 1326 1326 1325 1325 1326 1326 1327 1327 1328 1328 1329 1329 1328 1328 1327 1327 1328 1328 1329 1329 1312 1312 1330 1330 1312 1312 1329 1329 1312 1312 1330 1330 1311 1311 760 760 761 761 1331 1331 1332 1332 1331 1331 761 761 749 749 748 748 1333 1333 1334 1334 1333 1333 748 748 1335 1335 1336 1336 1337 1337 1338 1338 1337 1337 1336 1336 1337 1337 1338 1338 1339 1339 1340 1340 1339 1339 1338 1338 1339 1339 1340 1340 1341 1341 1342 1342 1341 1341 1340 1340 1341 1341 1342 1342 1343 1343 1344 1344 1343 1343 1342 1342 1343 1343 1344 1344 1345 1345 1346 1346 1345 1345 1344 1344 1345 1345 1346 1346 1347 1347 1348 1348 1347 1347 1346 1346 1347 1347 1348 1348 1349 1349 1350 1350 1349 1349 1348 1348 1349 1349 1350 1350 1335 1335 1336 1336 1335 1335 1350 1350 1351 1351 1352 1352 1353 1353 1354 1354 1353 1353 1352 1352 1353 1353 1354 1354 1355 1355 1356 1356 1355 1355 1354 1354 1355 1355 1356 1356 1357 1357 1358 1358 1357 1357 1356 1356 1357 1357 1358 1358 1359 1359 1360 1360 1359 1359 1358 1358 1359 1359 1360 1360 1361 1361 1362 1362 1361 1361 1360 1360 1361 1361 1362 1362 1363 1363 1364 1364 1363 1363 1362 1362 1363 1363 1364 1364 1365 1365 1366 1366 1365 1365 1364 1364 1365 1365 1366 1366 1351 1351 1352 1352 1351 1351 1366 1366 1367 1367 1368 1368 1369 1369 1370 1370 1371 1371 1372 1372 1372 1372 1371 1371 1373 1373 1374 1374 1373 1373 1371 1371 1373 1373 1374 1374 1375 1375 1376 1376 1375 1375 1374 1374 1375 1375 1376 1376 1377 1377 1378 1378 1377 1377 1376 1376 1377 1377 1378 1378 1379 1379 1380 1380 1379 1379 1378 1378 1379 1379 1380 1380 1381 1381 1382 1382 1381 1381 1380 1380 1381 1381 1382 1382 1383 1383 1372 1372 1367 1367 1370 1370 1369 1369 1370 1370 1367 1367 1370 1370 1369 1369 1384 1384 1385 1385 1384 1384 1369 1369 1384 1384 1385 1385 1382 1382 1386 1386 1382 1382 1385 1385 1382 1382 1386 1386 1383 1383 1387 1387 1388 1388 1389 1389 1390 1390 1391 1391 1392 1392 1392 1392 1391 1391 1393 1393 1394 1394 1393 1393 1391 1391 1393 1393 1394 1394 1395 1395 1396 1396 1395 1395 1394 1394 1395 1395 1396 1396 1397 1397 1398 1398 1397 1397 1396 1396 1397 1397 1398 1398 1399 1399 1400 1400 1399 1399 1398 1398 1399 1399 1400 1400 1401 1401 1402 1402 1401 1401 1400 1400 1401 1401 1402 1402 1403 1403 1392 1392 1387 1387 1390 1390 1389 1389 1390 1390 1387 1387 1390 1390 1389 1389 1404 1404 1405 1405 1404 1404 1389 1389 1404 1404 1405 1405 1402 1402 1406 1406 1402 1402 1405 1405 1402 1402 1406 1406 1403 1403 1407 1407 1408 1408 1409 1409 1410 1410 1411 1411 1412 1412 1413 1413 1414 1414 1415 1415 1416 1416 1417 1417 1418 1418 1419 1419 1420 1420 1421 1421 1422 1422 1423 1423 1424 1424 1425 1425 1424 1424 1423 1423 1424 1424 1425 1425 1426 1426 1427 1427 1426 1426 1425 1425 1426 1426 1427 1427 1409 1409 1428 1428 1409 1409 1427 1427 1409 1409 1428 1428 1407 1407 1429 1429 1430 1430 1431 1431 1432 1432 1431 1431 1430 1430 1431 1431 1432 1432 1433 1433 1434 1434 1433 1433 1432 1432 1433 1433 1434 1434 1435 1435 1436 1436 1435 1435 1434 1434 1435 1435 1436 1436 1411 1411 1437 1437 1411 1411 1436 1436 1411 1411 1437 1437 1412 1412 1438 1438 1412 1412 1437 1437 1418 1418 1421 1421 1416 1416 1420 1420 1416 1416 1421 1421 1416 1416 1420 1420 1439 1439 1440 1440 1439 1439 1420 1420 1439 1439 1440 1440 1441 1441 1415 1415 1442 1442 1413 1413 1443 1443 1413 1413 1442 1442 1413 1413 1443 1443 1444 1444 1445 1445 1444 1444 1443 1443 1444 1444 1445 1445 1422 1422 1419 1419 1422 1422 1445 1445 1422 1422 1419 1419 1423 1423 1421 1421 1423 1423 1419 1419 1446 1446 1447 1447 1438 1438 1448 1448 1438 1438 1447 1447 1438 1438 1448 1448 1412 1412 1412 1412 1449 1449 1410 1410 1450 1450 1410 1410 1449 1449 1410 1410 1450 1450 1451 1451 1452 1452 1451 1451 1450 1450 1451 1451 1452 1452 1414 1414 1453 1453 1414 1414 1452 1452 1414 1414 1453 1453 1415 1415 1454 1454 1415 1415 1453 1453 1415 1415 1454 1454 1455 1455 1440 1440 1455 1455 1441 1441 1454 1454 1441 1441 1455 1455 1441 1441 1454 1454 1456 1456 1447 1447 1456 1456 1454 1454 1456 1456 1447 1447 1457 1457 1446 1446 1457 1457 1447 1447 1457 1457 1446 1446 1458 1458 1459 1459 1460 1460 1461 1461 1462 1462 1461 1461 1460 1460 1461 1461 1462 1462 1463 1463 1464 1464 1463 1463 1462 1462 1463 1463 1464 1464 1465 1465 1466 1466 1465 1465 1464 1464 1465 1465 1466 1466 1467 1467 1468 1468 1467 1467 1466 1466 1467 1467 1468 1468 1469 1469 1470 1470 1469 1469 1468 1468 1469 1469 1470 1470 1471 1471 1472 1472 1471 1471 1470 1470 1460 1460 1459 1459 1473 1473 1474 1474 1473 1473 1459 1459 1471 1471 1472 1472 1475 1475 1476 1476 1475 1475 1472 1472 1477 1477 1478 1478 1479 1479 1480 1480 1481 1481 1482 1482 1483 1483 1482 1482 1481 1481 1482 1482 1483 1483 1484 1484 1485 1485 1486 1486 1487 1487 1481 1481 1487 1487 1486 1486 1487 1487 1481 1481 1479 1479 1480 1480 1479 1479 1481 1481 1479 1479 1480 1480 1477 1477 1488 1488 1489 1489 1490 1490 1484 1484 1490 1490 1489 1489 1490 1490 1484 1484 1491 1491 1483 1483 1491 1491 1484 1484 569 569 567 567 1492 1492 1493 1493 1492 1492 567 567 1492 1492 1493 1493 1494 1494 1495 1495 1494 1494 1493 1493 1494 1494 1495 1495 1496 1496 1497 1497 1496 1496 1495 1495 1496 1496 1497 1497 563 563 565 565 563 563 1497 1497 1498 1498 1499 1499 1500 1500 1501 1501 1500 1500 1499 1499 1500 1500 1501 1501 1502 1502 1503 1503 1502 1502 1501 1501 1502 1502 1503 1503 1504 1504 1505 1505 1504 1504 1503 1503 1504 1504 1505 1505 1506 1506 1507 1507 1506 1506 1505 1505 1506 1506 1507 1507 1508 1508 1509 1509 1508 1508 1507 1507 1508 1508 1509 1509 1510 1510 1511 1511 1510 1510 1509 1509 1510 1510 1511 1511 1512 1512 1513 1513 1512 1512 1511 1511 1512 1512 1513 1513 1498 1498 1499 1499 1498 1498 1513 1513 1514 1514 1515 1515 1516 1516 1517 1517 1516 1516 1515 1515 1516 1516 1517 1517 1518 1518 1519 1519 1518 1518 1517 1517 1518 1518 1519 1519 1520 1520 1521 1521 1520 1520 1519 1519 1520 1520 1521 1521 1522 1522 1523 1523 1522 1522 1521 1521 1522 1522 1523 1523 1524 1524 1525 1525 1524 1524 1523 1523 1524 1524 1525 1525 1526 1526 1527 1527 1526 1526 1525 1525 1526 1526 1527 1527 1528 1528 1529 1529 1528 1528 1527 1527 1528 1528 1529 1529 1514 1514 1515 1515 1514 1514 1529 1529 1530 1530 1531 1531 1532 1532 1533 1533 1534 1534 1535 1535 1536 1536 1535 1535 1534 1534 1535 1535 1536 1536 1537 1537 1536 1536 1530 1530 1537 1537 1532 1532 1537 1537 1530 1530 1537 1537 1532 1532 1538 1538 1539 1539 1538 1538 1532 1532 1538 1538 1539 1539 1540 1540 1541 1541 1540 1540 1539 1539 1540 1540 1541 1541 1542 1542 1543 1543 1542 1542 1541 1541 1542 1542 1543 1543 1544 1544 1545 1545 1544 1544 1543 1543 1544 1544 1545 1545 1546 1546 1547 1547 1546 1546 1545 1545 1546 1546 1547 1547 1533 1533 1548 1548 1533 1533 1547 1547 1533 1533 1548 1548 1534 1534 1549 1549 1534 1534 1548 1548 1550 1550 1551 1551 1552 1552 1553 1553 1554 1554 1555 1555 1556 1556 1555 1555 1554 1554 1555 1555 1556 1556 1557 1557 1556 1556 1550 1550 1557 1557 1552 1552 1557 1557 1550 1550 1557 1557 1552 1552 1558 1558 1559 1559 1558 1558 1552 1552 1558 1558 1559 1559 1560 1560 1561 1561 1560 1560 1559 1559 1560 1560 1561 1561 1562 1562 1563 1563 1562 1562 1561 1561 1562 1562 1563 1563 1564 1564 1565 1565 1564 1564 1563 1563 1564 1564 1565 1565 1566 1566 1567 1567 1566 1566 1565 1565 1566 1566 1567 1567 1553 1553 1568 1568 1553 1553 1567 1567 1553 1553 1568 1568 1554 1554 1569 1569 1554 1554 1568 1568 1570 1570 1571 1571 1572 1572 1570 1570 1572 1572 1573 1573 1574 1574 1575 1575 1571 1571 1576 1576 1571 1571 1575 1575 1571 1571 1576 1576 1572 1572 1577 1577 1572 1572 1576 1576 1578 1578 1573 1573 1579 1579 1572 1572 1579 1579 1573 1573 1579 1579 1572 1572 1580 1580 1581 1581 1580 1580 1572 1572 1582 1582 1583 1583 1584 1584 1585 1585 1586 1586 1587 1587 1587 1587 1586 1586 1588 1588 1589 1589 1588 1588 1586 1586 1588 1588 1589 1589 1590 1590 1591 1591 1590 1590 1589 1589 1590 1590 1591 1591 1592 1592 1593 1593 1592 1592 1591 1591 1592 1592 1593 1593 1594 1594 1595 1595 1594 1594 1593 1593 1594 1594 1595 1595 1596 1596 1597 1597 1596 1596 1595 1595 1596 1596 1597 1597 1598 1598 1587 1587 1582 1582 1585 1585 1584 1584 1585 1585 1582 1582 1585 1585 1584 1584 1599 1599 1600 1600 1599 1599 1584 1584 1599 1599 1600 1600 1597 1597 1601 1601 1597 1597 1600 1600 1597 1597 1601 1601 1598 1598 1602 1602 1603 1603 1604 1604 1602 1602 1604 1604 1605 1605 1606 1606 1605 1605 1604 1604 1605 1605 1606 1606 1607 1607 1608 1608 1609 1609 1610 1610 1611 1611 1612 1612 1613 1613 1614 1614 1613 1613 1612 1612 1615 1615 1616 1616 1617 1617 1618 1618 1617 1617 1616 1616 1618 1618 1616 1616 1610 1610 1619 1619 1610 1610 1616 1616 1610 1610 1619 1619 1608 1608 1614 1614 1620 1620 1613 1613 1621 1621 1613 1613 1620 1620 1613 1613 1621 1621 1622 1622 1622 1622 1623 1623 1613 1613 1618 1618 1613 1613 1623 1623 1613 1613 1618 1618 1624 1624 1610 1610 1624 1624 1618 1618 1624 1624 1610 1610 1625 1625 1626 1626 1627 1627 1628 1628 1629 1629 1630 1630 1628 1628 1628 1628 1631 1631 1629 1629 1632 1632 1629 1629 1631 1631 1629 1629 1632 1632 1633 1633 1634 1634 1626 1626 1635 1635 1628 1628 1635 1635 1626 1626 1635 1635 1628 1628 1636 1636 1630 1630 1636 1636 1628 1628 1637 1637 1638 1638 1639 1639 1640 1640 1639 1639 1638 1638 1639 1639 1640 1640 1641 1641 1642 1642 1641 1641 1640 1640 1643 1643 1644 1644 1645 1645 1646 1646 1645 1645 1644 1644 1645 1645 1646 1646 1647 1647 1648 1648 1649 1649 1646 1646 1650 1650 1646 1646 1649 1649 1646 1646 1650 1650 1647 1647 1651 1651 1652 1652 1653 1653 1643 1643 1645 1645 1653 1653 1654 1654 1653 1653 1645 1645 1653 1653 1654 1654 1651 1651 1655 1655 1656 1656 1657 1657 1657 1657 1658 1658 1655 1655 1659 1659 1655 1655 1658 1658 1655 1655 1659 1659 1660 1660 1661 1661 1662 1662 1663 1663 1664 1664 1663 1663 1662 1662 1663 1663 1664 1664 1665 1665 1666 1666 1665 1665 1664 1664 1667 1667 1655 1655 1668 1668 1660 1660 1668 1668 1655 1655 1668 1668 1660 1660 1664 1664 1669 1669 1664 1664 1660 1660 1664 1664 1669 1669 1666 1666 1670 1670 1671 1671 1672 1672 1673 1673 1672 1672 1671 1671 1672 1672 1673 1673 1674 1674 1674 1674 1673 1673 1675 1675 1676 1676 1675 1675 1673 1673 1675 1675 1676 1676 1677 1677 1678 1678 1679 1679 1680 1680 1681 1681 1680 1680 1679 1679 1680 1680 1681 1681 1682 1682 1682 1682 1681 1681 1683 1683 1684 1684 1683 1683 1681 1681 1683 1683 1684 1684 1685 1685 1686 1686 1687 1687 1688 1688 1689 1689 1690 1690 1691 1691 1692 1692 1691 1691 1690 1690 1691 1691 1692 1692 1688 1688 1693 1693 1686 1686 1694 1694 1688 1688 1694 1694 1686 1686 1694 1694 1688 1688 1695 1695 1692 1692 1695 1695 1688 1688 1696 1696 1697 1697 1698 1698 1699 1699 1700 1700 1701 1701 1702 1702 1701 1701 1700 1700 1701 1701 1702 1702 1698 1698 1703 1703 1696 1696 1704 1704 1698 1698 1704 1704 1696 1696 1704 1704 1698 1698 1705 1705 1702 1702 1705 1705 1698 1698 1706 1706 1707 1707 1708 1708 1709 1709 1708 1708 1707 1707 1710 1710 1711 1711 1712 1712 1713 1713 1712 1712 1711 1711 1714 1714 1711 1711 1710 1710 1714 1714 1710 1710 1715 1715 1716 1716 1715 1715 1710 1710 1715 1715 1716 1716 1717 1717 1718 1718 1717 1717 1716 1716 1717 1717 1718 1718 1719 1719 1720 1720 1719 1719 1718 1718 1719 1719 1720 1720 1721 1721 1677 1677 1721 1721 1720 1720 1721 1721 1677 1677 1676 1676 1679 1679 1678 1678 1722 1722 1723 1723 1722 1722 1678 1678 1712 1712 1713 1713 1724 1724 1725 1725 1724 1724 1713 1713 1724 1724 1725 1725 1726 1726 1727 1727 1726 1726 1725 1725 1726 1726 1727 1727 1723 1723 1728 1728 1723 1723 1727 1727 1723 1723 1728 1728 1722 1722 1729 1729 1685 1685 1684 1684 1708 1708 1709 1709 1730 1730 1731 1731 1730 1730 1709 1709 1730 1730 1731 1731 1732 1732 1733 1733 1732 1732 1731 1731 1684 1684 1734 1734 1729 1729 1735 1735 1729 1729 1734 1734 1729 1729 1735 1735 1733 1733 1736 1736 1733 1733 1735 1735 1733 1733 1736 1736 1732 1732 1737 1737 1671 1671 1670 1670 1737 1737 1670 1670 1738 1738 1739 1739 1738 1738 1670 1670 1738 1738 1739 1739 1740 1740 1741 1741 1740 1740 1739 1739 1740 1740 1741 1741 1742 1742 1743 1743 1742 1742 1741 1741 1742 1742 1743 1743 1744 1744 1707 1707 1744 1744 1743 1743 1744 1744 1707 1707 1706 1706 1745 1745 1746 1746 1747 1747 1748 1748 1747 1747 1746 1746 1747 1747 1748 1748 1749 1749 1750 1750 1751 1751 1752 1752 1753 1753 1752 1752 1751 1751 1752 1752 1753 1753 1754 1754 1755 1755 1754 1754 1753 1753 1754 1754 1755 1755 1745 1745 1756 1756 1745 1745 1755 1755 1745 1745 1756 1756 1746 1746 1757 1757 1758 1758 1759 1759 1757 1757 1759 1759 1760 1760 1761 1761 1760 1760 1759 1759 1760 1760 1761 1761 1762 1762 1763 1763 1764 1764 1765 1765 1760 1760 1765 1765 1764 1764 1765 1765 1760 1760 1766 1766 1762 1762 1766 1766 1760 1760 1767 1767 1768 1768 1769 1769 1770 1770 1769 1769 1768 1768 1769 1769 1770 1770 1771 1771 1772 1772 1773 1773 1770 1770 1774 1774 1770 1770 1773 1773 1774 1774 1775 1775 1770 1770 1776 1776 1770 1770 1775 1775 1770 1770 1776 1776 1771 1771 1777 1777 1760 1760 1764 1764 1778 1778 256 256 269 269 1778 1778 269 269 1779 1779 1780 1780 1779 1779 269 269 1779 1779 1780 1780 1781 1781 1782 1782 1781 1781 1780 1780 1781 1781 1782 1782 1783 1783 1784 1784 1783 1783 1782 1782 1783 1783 1784 1784 1764 1764 1785 1785 1764 1764 1784 1784 1764 1764 1785 1785 1777 1777 1786 1786 1772 1772 1787 1787 1788 1788 1787 1787 1789 1789 1772 1772 1789 1789 1787 1787 1789 1789 1772 1772 1770 1770 1786 1786 1787 1787 1790 1790 1791 1791 1790 1790 1787 1787 1790 1790 1791 1791 1792 1792 1793 1793 1792 1792 1791 1791 1792 1792 1793 1793 1794 1794 268 268 1794 1794 1793 1793 1794 1794 268 268 266 266 1751 1751 1750 1750 1795 1795 1796 1796 1795 1795 1750 1750 1795 1795 1796 1796 1797 1797 1798 1798 1797 1797 1796 1796 1797 1797 1798 1798 1799 1799 1800 1800 1799 1799 1798 1798 1799 1799 1800 1800 1767 1767 1768 1768 1767 1767 1800 1800 1758 1758 1757 1757 1801 1801 1802 1802 1801 1801 1757 1757 1801 1801 1802 1802 1803 1803 1802 1802 1804 1804 1803 1803 1805 1805 1803 1803 1804 1804 1803 1803 1805 1805 1806 1806 1807 1807 1806 1806 1805 1805 1806 1806 1807 1807 1808 1808 1809 1809 1808 1808 1807 1807 1808 1808 1809 1809 1810 1810 1749 1749 1810 1810 1809 1809 1810 1810 1749 1749 1748 1748 1811 1811 1812 1812 1813 1813 203 203 202 202 1814 1814 1815 1815 1814 1814 202 202 1812 1812 1816 1816 1817 1817 1818 1818 1817 1817 1816 1816 1817 1817 1818 1818 1815 1815 1819 1819 1815 1815 1818 1818 1815 1815 1819 1819 1814 1814 1820 1820 1821 1821 1822 1822 1817 1817 1823 1823 1812 1812 1820 1820 1812 1812 1823 1823 1812 1812 1820 1820 1813 1813 1822 1822 1813 1813 1820 1820 99 99 98 98 1824 1824 1825 1825 1824 1824 98 98 1811 1811 1813 1813 1825 1825 1826 1826 1825 1825 1813 1813 1825 1825 1826 1826 1827 1827 1827 1827 1828 1828 1825 1825 1829 1829 1825 1825 1828 1828 1825 1825 1829 1829 1824 1824 1830 1830 1831 1831 1832 1832 1833 1833 1832 1832 1831 1831 1832 1832 1833 1833 1834 1834 181 181 1834 1834 1833 1833 1834 1834 181 181 180 180 1835 1835 1836 1836 1837 1837 1830 1830 1832 1832 1837 1837 1838 1838 1837 1837 1832 1832 1837 1837 1838 1838 1835 1835 174 174 176 176 1839 1839 1840 1840 1839 1839 176 176 1839 1839 1840 1840 1835 1835 1841 1841 1835 1835 1840 1840 1835 1835 1841 1841 1836 1836 103 103 101 101 1842 1842 1843 1843 1842 1842 101 101 1842 1842 1843 1843 1844 1844 1844 1844 1845 1845 1842 1842 1846 1846 1842 1842 1845 1845 1842 1842 1846 1846 1847 1847 189 189 193 193 1848 1848 1849 1849 1848 1848 193 193 1848 1848 1849 1849 1850 1850 1850 1850 1851 1851 1848 1848 1852 1852 1848 1848 1851 1851 1848 1848 1852 1852 1853 1853 1854 1854 1853 1853 1852 1852 1853 1853 1854 1854 1855 1855 1847 1847 1855 1855 1854 1854 1855 1855 1847 1847 1856 1856 1846 1846 1856 1856 1847 1847 1856 1856 1846 1846 1857 1857 1858 1858 1857 1857 1846 1846 1857 1857 1858 1858 1859 1859 1860 1860 1861 1861 1862 1862 1863 1863 1864 1864 1865 1865 1866 1866 1865 1865 1864 1864 1865 1865 1866 1866 1867 1867 170 170 1867 1867 1866 1866 1867 1867 170 170 172 172 206 206 205 205 1868 1868 1869 1869 1868 1868 205 205 1868 1868 1869 1869 1870 1870 1869 1869 1871 1871 1870 1870 1872 1872 1870 1870 1871 1871 1870 1870 1872 1872 1873 1873 1860 1860 1873 1873 1872 1872 1873 1873 1860 1860 1865 1865 1862 1862 1865 1865 1860 1860 1865 1865 1862 1862 1863 1863 1874 1874 1875 1875 1876 1876 1877 1877 1878 1878 1879 1879 1879 1879 1880 1880 1877 1877 1881 1881 1877 1877 1880 1880 1877 1877 1881 1881 1882 1882 1876 1876 1883 1883 1884 1884 1877 1877 1885 1885 1886 1886 1886 1886 1887 1887 1877 1877 1888 1888 1877 1877 1887 1887 1877 1877 1888 1888 1878 1878 1889 1889 1878 1878 1888 1888 1878 1878 1889 1889 1890 1890 1891 1891 1890 1890 1889 1889 1874 1874 1876 1876 1892 1892 1884 1884 1892 1892 1876 1876 1892 1892 1884 1884 1889 1889 1893 1893 1889 1889 1884 1884 1889 1889 1893 1893 1891 1891 1885 1885 1894 1894 1886 1886 1895 1895 1886 1886 1894 1894 1886 1886 1895 1895 1896 1896 1897 1897 1896 1896 1895 1895 1898 1898 1899 1899 1900 1900 1901 1901 1902 1902 1903 1903 1904 1904 1905 1905 1906 1906 1904 1904 1907 1907 1905 1905 1898 1898 1905 1905 1907 1907 1905 1905 1898 1898 1908 1908 1900 1900 1908 1908 1898 1898 1901 1901 1903 1903 1909 1909 1910 1910 1909 1909 1903 1903 1909 1909 1910 1910 1906 1906 1911 1911 1906 1906 1910 1910 1906 1906 1911 1911 1904 1904 1912 1912 1913 1913 1914 1914 1915 1915 1914 1914 1913 1913 1916 1916 1917 1917 1918 1918 1919 1919 1918 1918 1917 1917 1920 1920 1921 1921 1922 1922 1922 1922 1921 1921 1923 1923 1920 1920 1922 1922 1924 1924 1925 1925 1924 1924 1922 1922 1924 1924 1925 1925 1926 1926 1921 1921 1927 1927 1923 1923 1928 1928 1923 1923 1927 1927 1923 1923 1928 1928 1929 1929 1930 1930 1929 1929 1928 1928 1929 1929 1930 1930 1925 1925 1931 1931 1925 1925 1930 1930 1925 1925 1931 1931 1926 1926 1932 1932 1933 1933 1934 1934 1935 1935 1934 1934 1933 1933 1936 1936 1937 1937 1938 1938 1939 1939 1938 1938 1937 1937 1940 1940 1941 1941 1942 1942 1940 1940 1942 1942 1943 1943 1944 1944 1943 1943 1942 1942 1943 1943 1944 1944 1945 1945 1944 1944 1946 1946 1945 1945 1947 1947 1945 1945 1946 1946 1945 1945 1947 1947 1948 1948 1949 1949 1948 1948 1947 1947 1948 1948 1949 1949 1950 1950 1951 1951 1950 1950 1949 1949 1952 1952 1953 1953 1954 1954 1955 1955 1952 1952 1956 1956 1954 1954 1956 1956 1952 1952 1956 1956 1954 1954 1957 1957 1958 1958 1959 1959 1960 1960 1961 1961 1960 1960 1959 1959 1962 1962 1963 1963 1964 1964 1958 1958 1965 1965 1959 1959 1966 1966 1959 1959 1965 1965 1959 1959 1966 1966 1967 1967 1968 1968 1967 1967 1966 1966 1969 1969 1960 1960 1970 1970 1961 1961 1970 1970 1960 1960 1970 1970 1961 1961 1953 1953 1971 1971 1953 1953 1961 1961 1953 1953 1971 1971 1954 1954 1972 1972 1954 1954 1971 1971 1954 1954 1972 1972 1964 1964 1973 1973 1964 1964 1972 1972 1964 1964 1973 1973 1962 1962 1974 1974 1962 1962 1973 1973 1962 1962 1974 1974 1975 1975 1976 1976 1977 1977 1978 1978 1979 1979 1978 1978 1977 1977 1980 1980 1981 1981 1982 1982 1983 1983 1982 1982 1981 1981 1984 1984 1985 1985 1986 1986 1987 1987 1986 1986 1985 1985 1986 1986 1987 1987 1981 1981 1988 1988 1981 1981 1987 1987 1981 1981 1988 1988 1983 1983 1982 1982 1989 1989 1980 1980 1990 1990 1980 1980 1989 1989 1980 1980 1990 1990 1984 1984 1991 1991 1984 1984 1990 1990 1984 1984 1991 1991 1985 1985 1992 1992 1993 1993 1994 1994 1995 1995 1994 1994 1993 1993 1996 1996 1997 1997 1998 1998 1999 1999 1998 1998 1997 1997 1998 1998 1999 1999 2000 2000 2001 2001 2000 2000 1999 1999 2000 2000 2001 2001 2002 2002 2003 2003 2002 2002 2001 2001 2002 2002 2003 2003 2004 2004 2005 2005 2004 2004 2003 2003 2004 2004 2005 2005 2006 2006 2007 2007 2006 2006 2005 2005 2006 2006 2007 2007 2008 2008 2009 2009 2008 2008 2007 2007 2008 2008 2009 2009 2010 2010 2011 2011 2010 2010 2009 2009 2010 2010 2011 2011 1996 1996 1997 1997 1996 1996 2011 2011 2012 2012 2013 2013 2014 2014 2015 2015 2014 2014 2013 2013 2014 2014 2015 2015 2016 2016 2017 2017 2016 2016 2015 2015 2016 2016 2017 2017 2018 2018 2019 2019 2018 2018 2017 2017 2018 2018 2019 2019 2020 2020 2021 2021 2020 2020 2019 2019 2020 2020 2021 2021 2022 2022 2023 2023 2022 2022 2021 2021 2022 2022 2023 2023 2024 2024 2025 2025 2024 2024 2023 2023 2024 2024 2025 2025 2026 2026 2027 2027 2026 2026 2025 2025 2026 2026 2027 2027 2012 2012 2013 2013 2012 2012 2027 2027 2028 2028 2029 2029 2030 2030 2030 2030 2031 2031 2028 2028 2032 2032 2028 2028 2031 2031 2028 2028 2032 2032 2033 2033 2034 2034 2033 2033 2032 2032 2033 2033 2034 2034 2035 2035 2036 2036 2035 2035 2034 2034 2035 2035 2036 2036 2037 2037 2038 2038 2037 2037 2036 2036 2037 2037 2038 2038 2039 2039 2040 2040 2039 2039 2038 2038 2039 2039 2040 2040 2041 2041 2042 2042 2041 2041 2040 2040 2041 2041 2042 2042 2043 2043 2044 2044 2043 2043 2042 2042 2043 2043 2044 2044 2029 2029 2045 2045 2029 2029 2044 2044 2029 2029 2045 2045 2030 2030 2046 2046 2047 2047 2048 2048 2048 2048 2049 2049 2046 2046 2050 2050 2046 2046 2049 2049 2046 2046 2050 2050 2051 2051 2052 2052 2051 2051 2050 2050 2051 2051 2052 2052 2053 2053 2054 2054 2053 2053 2052 2052 2053 2053 2054 2054 2055 2055 2056 2056 2055 2055 2054 2054 2055 2055 2056 2056 2057 2057 2058 2058 2057 2057 2056 2056 2057 2057 2058 2058 2059 2059 2060 2060 2059 2059 2058 2058 2059 2059 2060 2060 2061 2061 2062 2062 2061 2061 2060 2060 2061 2061 2062 2062 2047 2047 2063 2063 2047 2047 2062 2062 2047 2047 2063 2063 2048 2048 2064 2064 2065 2065 2066 2066 2067 2067 2066 2066 2065 2065 2066 2066 2067 2067 2068 2068 2069 2069 2070 2070 2071 2071 2072 2072 2071 2071 2070 2070 2071 2071 2072 2072 2073 2073 2074 2074 2075 2075 2076 2076 2077 2077 2076 2076 2075 2075 2076 2076 2077 2077 2078 2078 2079 2079 2080 2080 2081 2081 2078 2078 2081 2081 2080 2080 2081 2081 2078 2078 2082 2082 2077 2077 2082 2082 2078 2078 2083 2083 2084 2084 2085 2085 2086 2086 2085 2085 2084 2084 2087 2087 2088 2088 2089 2089 2090 2090 2089 2089 2088 2088 2089 2089 2090 2090 2091 2091 2092 2092 2091 2091 2090 2090 2091 2091 2092 2092 2093 2093 2094 2094 2093 2093 2092 2092 2093 2093 2094 2094 2095 2095 2096 2096 2095 2095 2094 2094 2095 2095 2096 2096 2097 2097 2098 2098 2097 2097 2096 2096 2097 2097 2098 2098 2099 2099 2100 2100 2099 2099 2098 2098 2099 2099 2100 2100 2101 2101 2102 2102 2101 2101 2100 2100 2101 2101 2102 2102 2087 2087 2088 2088 2087 2087 2102 2102 2103 2103 2104 2104 2105 2105 2106 2106 2105 2105 2104 2104 2105 2105 2106 2106 2107 2107 2108 2108 2107 2107 2106 2106 2107 2107 2108 2108 2109 2109 2110 2110 2109 2109 2108 2108 2109 2109 2110 2110 2111 2111 2112 2112 2111 2111 2110 2110 2111 2111 2112 2112 2113 2113 2114 2114 2113 2113 2112 2112 2113 2113 2114 2114 2115 2115 2116 2116 2115 2115 2114 2114 2115 2115 2116 2116 2117 2117 2118 2118 2117 2117 2116 2116 2117 2117 2118 2118 2103 2103 2104 2104 2103 2103 2118 2118 2119 2119 2120 2120 2121 2121 2122 2122 2121 2121 2120 2120 2121 2121 2122 2122 2123 2123 2124 2124 2122 2122 2125 2125 2120 2120 2125 2125 2122 2122 2125 2125 2120 2120 2126 2126 2127 2127 2126 2126 2120 2120 2126 2126 2127 2127 2128 2128 2129 2129 2128 2128 2127 2127 2128 2128 2129 2129 2130 2130 2131 2131 2130 2130 2129 2129 2130 2130 2131 2131 2132 2132 2133 2133 2132 2132 2131 2131 2132 2132 2133 2133 2134 2134 2135 2135 2134 2134 2133 2133 2134 2134 2135 2135 2136 2136 2137 2137 2136 2136 2135 2135 2136 2136 2137 2137 2124 2124 2122 2122 2124 2124 2137 2137 2138 2138 2139 2139 2140 2140 2141 2141 2142 2142 2143 2143 2143 2143 2142 2142 2144 2144 2142 2142 2138 2138 2144 2144 2140 2140 2144 2144 2138 2138 2144 2144 2140 2140 2145 2145 2146 2146 2145 2145 2140 2140 2145 2145 2146 2146 2147 2147 2148 2148 2147 2147 2146 2146 2147 2147 2148 2148 2149 2149 2150 2150 2149 2149 2148 2148 2149 2149 2150 2150 2151 2151 2152 2152 2151 2151 2150 2150 2151 2151 2152 2152 2153 2153 2154 2154 2153 2153 2152 2152 2153 2153 2154 2154 2155 2155 2156 2156 2155 2155 2154 2154 2155 2155 2156 2156 2143 2143 2157 2157 2143 2143 2156 2156 2143 2143 2157 2157 2141 2141 2158 2158 2159 2159 2160 2160 2161 2161 2160 2160 2159 2159 2160 2160 2161 2161 2162 2162 2163 2163 2164 2164 2165 2165 2158 2158 2165 2165 2164 2164 2165 2165 2158 2158 2166 2166 2160 2160 2166 2166 2158 2158 2166 2166 2160 2160 2167 2167 2167 2167 2160 2160 2168 2168 2169 2169 2168 2168 2160 2160 2168 2168 2169 2169 2170 2170 2171 2171 2170 2170 2169 2169 2170 2170 2171 2171 2172 2172 2173 2173 2172 2172 2171 2171 2172 2172 2173 2173 2174 2174 2175 2175 2174 2174 2173 2173 2174 2174 2175 2175 2163 2163 2176 2176 2163 2163 2175 2175 2163 2163 2176 2176 2164 2164 2177 2177 2178 2178 2179 2179 2180 2180 2181 2181 2182 2182 2182 2182 2177 2177 2180 2180 2179 2179 2180 2180 2177 2177 2180 2180 2179 2179 2183 2183 2184 2184 2183 2183 2179 2179 2183 2183 2184 2184 2185 2185 2186 2186 2185 2185 2184 2184 2185 2185 2186 2186 2187 2187 2188 2188 2187 2187 2186 2186 2187 2187 2188 2188 2189 2189 2190 2190 2189 2189 2188 2188 2189 2189 2190 2190 2191 2191 2192 2192 2191 2191 2190 2190 2191 2191 2192 2192 2193 2193 2194 2194 2193 2193 2192 2192 2193 2193 2194 2194 2181 2181 2195 2195 2181 2181 2194 2194 2181 2181 2195 2195 2182 2182 2196 2196 2182 2182 2195 2195 2197 2197 2198 2198 2199 2199 2200 2200 2201 2201 2202 2202 2203 2203 2202 2202 2201 2201 2202 2202 2203 2203 2199 2199 2204 2204 2199 2199 2203 2203 2199 2199 2204 2204 2197 2197 2205 2205 2206 2206 2207 2207 2207 2207 2208 2208 2209 2209 2210 2210 2211 2211 2207 2207 2212 2212 2207 2207 2211 2211 2207 2207 2212 2212 2205 2205 2213 2213 2205 2205 2212 2212 2205 2205 2213 2213 2214 2214 2215 2215 2214 2214 2213 2213 2210 2210 2207 2207 2216 2216 2209 2209 2216 2216 2207 2207 2216 2216 2209 2209 2217 2217 2218 2218 2219 2219 2220 2220 2220 2220 2221 2221 2222 2222 2220 2220 2222 2222 2223 2223 2224 2224 2223 2223 2222 2222 2223 2223 2224 2224 2225 2225 2223 2223 2226 2226 2220 2220 2227 2227 2220 2220 2226 2226 2220 2220 2227 2227 2218 2218 2228 2228 2218 2218 2227 2227 2218 2218 2228 2228 2229 2229 2230 2230 2231 2231 2232 2232 2233 2233 2232 2232 2231 2231 692 692 700 700 2234 2234 2235 2235 2234 2234 700 700 2234 2234 2235 2235 2236 2236 2237 2237 2236 2236 2235 2235 2236 2236 2237 2237 2238 2238 2239 2239 2238 2238 2237 2237 2238 2238 2239 2239 2240 2240 2241 2241 2240 2240 2239 2239 2240 2240 2241 2241 1027 1027 1023 1023 1027 1027 2241 2241 1135 1135 1143 1143 2242 2242 2243 2243 2242 2242 1143 1143 2242 2242 2243 2243 2244 2244 2245 2245 2244 2244 2243 2243 2244 2244 2245 2245 2246 2246 2247 2247 2246 2246 2245 2245 2246 2246 2247 2247 2248 2248 2249 2249 2248 2248 2247 2247 2248 2248 2249 2249 1018 1018 1017 1017 1018 1018 2249 2249 2250 2250 2251 2251 2252 2252 804 804 806 806 2251 2251 2253 2253 2251 2251 806 806 2251 2251 2253 2253 2252 2252 2254 2254 665 665 664 664 2255 2255 2256 2256 2252 2252 2257 2257 2252 2252 2256 2256 2252 2252 2257 2257 2250 2250 2255 2255 2252 2252 664 664 2258 2258 664 664 2252 2252 664 664 2258 2258 2254 2254 2259 2259 2260 2260 2261 2261 2262 2262 620 620 619 619 2263 2263 2264 2264 2265 2265 2262 2262 2265 2265 2264 2264 2263 2263 657 657 2254 2254 665 665 2254 2254 657 657 679 679 643 643 2266 2266 2267 2267 2266 2266 643 643 2263 2263 2265 2265 657 657 2268 2268 657 657 2265 2265 657 657 2268 2268 661 661 2269 2269 661 661 2268 2268 661 661 2269 2269 662 662 2270 2270 662 662 2269 2269 662 662 2270 2270 648 648 2271 2271 648 648 2270 2270 648 648 2271 2271 650 650 2272 2272 650 650 2271 2271 650 650 2272 2272 652 652 2273 2273 652 652 2272 2272 652 652 2273 2273 654 654 2274 2274 654 654 2273 2273 654 654 2274 2274 655 655 2275 2275 655 655 2274 2274 655 655 2275 2275 641 641 2276 2276 641 641 2275 2275 641 641 2276 2276 639 639 2277 2277 639 639 2276 2276 639 639 2277 2277 637 637 2278 2278 637 637 2277 2277 637 637 2278 2278 635 635 2279 2279 635 635 2278 2278 635 635 2279 2279 646 646 2280 2280 646 646 2279 2279 646 646 2280 2280 645 645 2261 2261 645 645 2280 2280 645 645 2261 2261 643 643 2260 2260 643 643 2261 2261 643 643 2260 2260 2267 2267 2262 2262 619 619 2265 2265 626 626 2265 2265 619 619 2265 2265 626 626 2268 2268 615 615 2268 2268 626 626 2268 2268 615 615 2269 2269 617 617 2269 2269 615 615 2269 2269 617 617 2270 2270 618 618 2270 2270 617 617 2270 2270 618 618 2271 2271 610 610 2271 2271 618 618 2271 2271 610 610 2272 2272 608 608 2272 2272 610 610 2272 2272 608 608 2273 2273 606 606 2273 2273 608 608 2273 2273 606 606 2274 2274 605 605 2274 2274 606 606 2274 2274 605 605 2275 2275 601 601 2275 2275 605 605 2275 2275 601 601 2276 2276 604 604 2276 2276 601 601 2276 2276 604 604 2277 2277 627 627 2277 2277 604 604 2277 2277 627 627 2278 2278 628 628 2278 2278 627 627 2278 2278 628 628 2279 2279 629 629 2279 2279 628 628 2279 2279 629 629 2280 2280 630 630 2280 2280 629 629 2280 2280 630 630 2261 2261 631 631 2261 2261 630 630 2261 2261 631 631 2259 2259 2281 2281 884 884 885 885 2255 2255 664 664 677 677 889 889 2255 2255 890 890 677 677 890 890 2255 2255 890 890 677 677 893 893 676 676 893 893 677 677 893 893 676 676 887 887 674 674 887 887 676 676 887 887 674 674 885 885 681 681 885 885 674 674 885 885 681 681 2281 2281 2282 2282 2283 2283 2284 2284 795 795 794 794 2285 2285 2282 2282 2285 2285 794 794 2285 2285 2282 2282 2286 2286 2284 2284 2286 2286 2282 2282 679 679 2266 2266 681 681 2287 2287 681 681 2266 2266 681 681 2287 2287 2281 2281 2286 2286 2281 2281 2287 2287 2281 2281 2286 2286 2288 2288 2284 2284 2288 2288 2286 2286 1127 1127 2289 2289 1125 1125 2290 2290 1125 1125 2289 2289 1125 1125 2290 2290 2291 2291 2292 2292 2291 2291 2290 2290 2291 2291 2292 2292 2293 2293 1147 1147 1146 1146 2294 2294 2295 2295 2294 2294 1146 1146 2294 2294 2295 2295 2292 2292 2296 2296 2292 2292 2295 2295 2292 2292 2296 2296 2293 2293 2297 2297 2298 2298 2299 2299 2300 2300 1061 1061 1060 1060 2289 2289 1127 1127 1075 1075 2301 2301 2302 2302 2303 2303 2304 2304 2303 2303 2302 2302 2303 2303 2304 2304 2289 2289 1073 1073 1074 1074 2301 2301 1107 1107 1106 1106 2305 2305 2301 2301 2303 2303 1073 1073 2306 2306 1073 1073 2303 2303 1073 1073 2306 2306 1072 1072 2307 2307 1072 1072 2306 2306 1072 1072 2307 2307 1071 1071 2308 2308 1071 1071 2307 2307 1071 1071 2308 2308 1070 1070 2309 2309 1070 1070 2308 2308 1070 1070 2309 2309 1047 1047 2310 2310 1047 1047 2309 2309 1047 1047 2310 2310 1044 1044 2311 2311 1044 1044 2310 2310 1044 1044 2311 2311 1048 1048 2312 2312 1048 1048 2311 2311 1048 1048 2312 2312 1049 1049 2313 2313 1049 1049 2312 2312 1049 1049 2313 2313 1051 1051 2314 2314 1051 1051 2313 2313 1051 1051 2314 2314 1053 1053 2315 2315 1053 1053 2314 2314 1053 1053 2315 2315 1059 1059 2316 2316 1059 1059 2315 2315 1059 1059 2316 2316 1058 1058 2317 2317 1058 1058 2316 2316 1058 1058 2317 2317 1056 1056 2318 2318 1056 1056 2317 2317 1056 1056 2318 2318 1067 1067 2299 2299 1067 1067 2318 2318 1067 1067 2299 2299 1060 1060 2298 2298 1060 1060 2299 2299 1060 1060 2298 2298 2300 2300 2289 2289 1075 1075 2303 2303 1077 1077 2303 2303 1075 1075 2303 2303 1077 1077 2306 2306 1079 1079 2306 2306 1077 1077 2306 2306 1079 1079 2307 2307 1105 1105 2307 2307 1079 1079 2307 2307 1105 1105 2308 2308 1104 1104 2308 2308 1105 1105 2308 2308 1104 1104 2309 2309 1102 1102 2309 2309 1104 1104 2309 2309 1102 1102 2310 2310 1088 1088 2310 2310 1102 1102 2310 2310 1088 1088 2311 2311 1087 1087 2311 2311 1088 1088 2311 2311 1087 1087 2312 2312 1115 1115 2312 2312 1087 1087 2312 2312 1115 1115 2313 2313 1114 1114 2313 2313 1115 1115 2313 2313 1114 1114 2314 2314 1112 1112 2314 2314 1114 1114 2314 2314 1112 1112 2315 2315 1110 1110 2315 2315 1112 1112 2315 2315 1110 1110 2316 2316 1117 1117 2316 2316 1110 1110 2316 2316 1117 1117 2317 2317 1116 1116 2317 2317 1117 1117 2317 2317 1116 1116 2318 2318 1107 1107 2318 2318 1116 1116 2318 2318 1107 1107 2299 2299 2305 2305 2299 2299 1107 1107 2299 2299 2305 2305 2297 2297 2319 2319 1092 1092 1093 1093 2291 2291 930 930 929 929 911 911 909 909 2319 2319 2319 2319 1093 1093 911 911 1095 1095 911 911 1093 1093 911 911 1095 1095 945 945 1097 1097 945 945 1095 1095 945 945 1097 1097 929 929 1125 1125 929 929 1097 1097 929 929 1125 1125 2291 2291 1155 1155 1153 1153 2320 2320 2321 2321 2320 2320 1153 1153 2320 2320 2321 2321 2322 2322 2305 2305 1106 1106 1092 1092 2319 2319 2323 2323 2322 2322 2324 2324 2322 2322 2323 2323 2322 2322 2324 2324 2320 2320 2319 2319 2322 2322 1092 1092 2325 2325 1092 1092 2322 2322 1092 1092 2325 2325 2305 2305 1858 1858 1846 1846 1655 1655 2326 2326 1655 1655 1846 1846 1655 1655 2326 2326 1656 1656 1610 1610 1609 1609 1822 1822 2327 2327 1822 1822 1609 1609 1822 1822 2327 2327 1813 1813 1630 1630 1629 1629 2328 2328 1913 1913 2328 2328 1629 1629 2328 2328 1913 1913 1912 1912 1606 1606 2329 2329 1607 1607 2330 2330 1607 1607 2329 2329 2330 2330 2329 2329 2331 2331 1629 1629 2331 2331 2329 2329 2331 2331 1629 1629 1633 1633 1606 1606 1604 1604 2329 2329 2332 2332 2329 2329 1604 1604 2329 2329 2332 2332 1629 1629 1913 1913 1629 1629 2332 2332 1915 1915 1913 1913 2332 2332 1915 1915 2332 2332 2333 2333 1604 1604 2333 2333 2332 2332 2333 2333 1604 1604 1603 1603 1607 1607 2334 2334 1605 1605 2335 2335 1605 1605 2334 2334 131 131 114 114 2336 2336 2335 2335 2336 2336 114 114 2336 2336 2335 2335 2337 2337 2334 2334 2337 2337 2335 2335 1813 1813 2327 2327 2338 2338 2327 2327 1609 1609 2338 2338 2339 2339 2338 2338 1609 1609 2338 2338 2339 2339 2340 2340 1616 1616 1615 1615 2341 2341 2342 2342 2343 2343 2341 2341 2344 2344 2341 2341 2343 2343 2341 2341 2344 2344 1616 1616 2345 2345 1616 1616 2344 2344 1616 1616 2345 2345 1619 1619 2346 2346 1619 1619 2345 2345 1619 1619 2346 2346 1608 1608 2339 2339 1608 1608 2346 2346 1608 1608 2339 2339 1609 1609 2343 2343 2347 2347 2344 2344 2348 2348 2344 2344 2347 2347 2344 2344 2348 2348 2345 2345 2349 2349 2345 2345 2348 2348 2345 2345 2349 2349 2346 2346 2340 2340 2346 2346 2349 2349 2346 2346 2340 2340 2339 2339 2350 2350 2351 2351 2352 2352 129 129 131 131 2336 2336 2351 2351 2330 2330 2352 2352 2331 2331 2352 2352 2330 2330 2352 2352 2331 2331 2353 2353 2354 2354 2353 2353 2331 2331 1632 1632 2355 2355 2356 2356 2331 2331 1633 1633 2354 2354 1632 1632 2354 2354 1633 1633 2354 2354 1632 1632 2357 2357 2356 2356 2357 2357 1632 1632 1607 1607 2330 2330 2334 2334 2351 2351 2334 2334 2330 2330 2334 2334 2351 2351 2337 2337 2350 2350 2337 2337 2351 2351 2337 2337 2350 2350 2336 2336 2358 2358 2336 2336 2350 2350 2336 2336 2358 2358 129 129 1648 1648 2359 2359 1649 1649 2360 2360 1649 1649 2359 2359 2360 2360 2359 2359 2361 2361 1641 1641 2361 2361 2359 2359 2361 2361 1641 1641 1642 1642 1639 1639 1641 1641 2362 2362 2359 2359 2362 2362 1641 1641 2362 2362 2359 2359 1939 1939 1648 1648 1939 1939 2359 2359 1637 1637 1639 1639 2362 2362 1637 1637 2362 2362 2363 2363 1939 1939 2363 2363 2362 2362 2363 2363 1939 1939 1937 1937 1938 1938 1939 1939 2364 2364 1648 1648 2364 2364 1939 1939 2364 2364 1648 1648 1646 1646 1846 1846 2365 2365 2326 2326 1656 1656 2326 2326 2366 2366 2365 2365 2366 2366 2326 2326 2366 2366 2365 2365 2367 2367 2368 2368 2369 2369 1659 1659 2370 2370 2371 2371 2369 2369 1659 1659 1658 1658 2368 2368 1657 1657 2368 2368 1658 1658 2368 2368 1657 1657 2372 2372 1656 1656 2372 2372 1657 1657 2372 2372 1656 1656 2366 2366 2369 2369 2368 2368 2370 2370 2372 2372 2370 2370 2368 2368 2370 2370 2372 2372 2373 2373 2366 2366 2373 2373 2372 2372 2373 2373 2366 2366 2367 2367 1642 1642 1640 1640 2374 2374 2375 2375 2374 2374 1640 1640 2374 2374 2375 2375 2376 2376 2376 2376 2375 2375 2377 2377 109 109 2377 2377 2375 2375 2377 2377 109 109 106 106 2378 2378 2379 2379 2380 2380 2381 2381 2382 2382 1650 1650 2381 2381 1650 1650 2383 2383 2379 2379 2374 2374 2380 2380 2376 2376 2380 2380 2374 2374 2380 2380 2376 2376 2384 2384 2376 2376 2377 2377 2384 2384 106 106 2384 2384 2377 2377 2384 2384 106 106 105 105 2383 2383 1650 1650 2385 2385 1649 1649 2385 2385 1650 1650 2385 2385 1649 1649 2386 2386 2360 2360 2386 2386 1649 1649 2386 2386 2360 2360 2378 2378 2361 2361 2378 2378 2360 2360 2378 2378 2361 2361 2379 2379 1642 1642 2379 2379 2361 2361 2379 2379 1642 1642 2374 2374 2387 2387 2388 2388 2389 2389 2390 2390 2389 2389 2388 2388 2389 2389 2390 2390 2391 2391 2392 2392 1624 1624 1625 1625 1625 1625 2393 2393 2392 2392 2394 2394 2392 2392 2393 2393 2392 2392 2394 2394 2390 2390 2395 2395 2390 2390 2394 2394 2390 2390 2395 2395 2391 2391 1613 1613 1624 1624 2392 2392 1613 1613 2392 2392 2396 2396 2390 2390 2396 2396 2392 2392 2396 2396 2390 2390 2397 2397 2388 2388 2397 2397 2390 2390 2397 2397 2388 2388 2398 2398 1683 1683 1685 1685 2399 2399 2400 2400 2401 2401 2402 2402 2400 2400 2402 2402 2403 2403 2404 2404 2403 2403 2402 2402 2403 2403 2404 2404 2405 2405 1668 1668 2405 2405 2404 2404 2405 2405 1668 1668 1664 1664 2401 2401 2406 2406 2402 2402 2407 2407 2402 2402 2406 2406 2407 2407 2408 2408 2402 2402 2409 2409 2402 2402 2408 2408 2402 2402 2409 2409 2404 2404 2410 2410 2404 2404 2409 2409 2404 2404 2410 2410 1668 1668 1667 1667 1668 1668 2410 2410 2411 2411 1670 1670 1672 1672 2412 2412 1687 1687 1686 1686 1695 1695 2413 2413 1694 1694 2414 2414 1694 1694 2413 2413 1694 1694 2414 2414 1693 1693 2415 2415 1693 1693 2414 2414 1693 1693 2415 2415 1686 1686 2416 2416 1686 1686 2415 2415 1686 1686 2416 2416 2412 2412 2417 2417 2412 2412 2416 2416 2413 2413 1707 1707 2414 2414 1743 1743 2414 2414 1707 1707 2414 2414 1743 1743 2415 2415 1741 1741 2415 2415 1743 1743 2415 2415 1741 1741 2416 2416 1739 1739 2416 2416 1741 1741 2416 2416 1739 1739 2417 2417 1670 1670 2417 2417 1739 1739 2417 2417 1670 1670 2411 2411 1695 1695 1692 1692 2413 2413 2418 2418 2413 2413 1692 1692 2413 2413 2418 2418 1707 1707 1709 1709 1707 1707 2418 2418 2399 2399 1685 1685 2419 2419 1729 1729 2419 2419 1685 1685 1688 1688 2420 2420 2421 2421 2418 2418 1692 1692 2422 2422 1690 1690 2422 2422 1692 1692 2422 2422 1690 1690 2423 2423 1689 1689 2423 2423 1690 1690 2423 2423 1689 1689 2421 2421 1691 1691 2421 2421 1689 1689 2421 2421 1691 1691 1688 1688 2420 2420 2419 2419 2421 2421 1729 1729 2421 2421 2419 2419 2421 2421 1729 1729 2423 2423 1733 1733 2423 2423 1729 1729 2423 2423 1733 1733 2422 2422 1731 1731 2422 2422 1733 1733 2422 2422 1731 1731 2418 2418 1709 1709 2418 2418 1731 1731 1918 1918 1919 1919 2424 2424 1918 1918 2424 2424 2425 2425 1612 1612 2425 2425 2424 2424 2425 2425 1612 1612 1611 1611 1935 1935 1933 1933 2426 2426 1935 1935 2426 2426 2427 2427 1917 1917 2427 2427 2426 2426 2427 2427 1917 1917 1916 1916 1933 1933 1932 1932 2428 2428 1933 1933 2428 2428 2429 2429 1929 1929 2429 2429 2428 2428 2429 2429 1929 1929 1925 1925 1614 1614 1612 1612 2430 2430 2431 2431 2430 2430 1612 1612 2430 2430 2431 2431 2432 2432 2432 2432 2431 2431 2433 2433 1922 1922 2433 2433 2431 2431 2433 2433 1922 1922 1923 1923 2434 2434 2435 2435 2436 2436 916 916 2434 2434 2437 2437 1715 1715 2436 2436 1714 1714 2435 2435 1714 1714 2436 2436 1714 1714 2435 2435 1711 1711 1717 1717 2438 2438 1715 1715 2439 2439 1715 1715 2438 2438 1715 1715 2439 2439 2436 2436 1717 1717 1719 1719 2438 2438 1721 1721 2438 2438 1719 1719 2438 2438 1721 1721 2440 2440 1676 1676 2440 2440 1721 1721 2440 2440 1676 1676 2441 2441 2434 2434 2436 2436 2437 2437 2439 2439 2437 2437 2436 2436 2437 2437 2439 2439 2442 2442 2438 2438 2442 2442 2439 2439 2442 2442 2438 2438 2443 2443 2440 2440 2443 2443 2438 2438 2443 2443 2440 2440 2444 2444 2441 2441 2444 2444 2440 2440 2444 2444 2441 2441 2445 2445 916 916 2437 2437 917 917 2442 2442 917 917 2437 2437 917 917 2442 2442 919 919 2443 2443 919 919 2442 2442 919 919 2443 2443 920 920 2444 2444 920 920 2443 2443 920 920 2444 2444 921 921 2445 2445 921 921 2444 2444 921 921 2445 2445 923 923 1994 1994 1995 1995 2446 2446 1994 1994 2446 2446 2447 2447 1980 1980 2447 2447 2446 2446 2447 2447 1980 1980 1984 1984 1978 1978 1979 1979 2448 2448 1978 1978 2448 2448 2449 2449 1995 1995 2449 2449 2448 2448 2449 2449 1995 1995 1993 1993 1661 1661 1663 1663 2450 2450 1661 1661 2450 2450 2451 2451 1986 1986 2451 2451 2450 2450 2451 2451 1986 1986 1981 1981 1662 1662 1661 1661 2452 2452 1662 1662 2452 2452 2453 2453 1977 1977 2453 2453 2452 2452 2453 2453 1977 1977 1976 1976 1706 1706 1708 1708 2454 2454 2455 2455 2454 2454 1708 1708 2454 2454 2455 2455 2456 2456 2457 2457 2456 2456 2455 2455 2456 2456 2457 2457 937 937 942 942 937 937 2457 2457 2458 2458 2459 2459 2460 2460 2459 2459 1679 1679 1722 1722 2461 2461 2462 2462 2458 2458 2462 2462 2461 2461 947 947 2459 2459 1722 1722 2460 2460 1728 1728 2460 2460 1722 1722 2460 2460 1728 1728 2463 2463 1727 1727 2463 2463 1728 1728 2463 2463 1727 1727 2464 2464 1725 1725 2464 2464 1727 1727 2464 2464 1725 1725 2465 2465 1713 1713 2465 2465 1725 1725 2465 2465 1713 1713 2466 2466 2458 2458 2460 2460 2461 2461 2463 2463 2461 2461 2460 2460 2461 2461 2463 2463 2467 2467 2464 2464 2467 2467 2463 2463 2467 2467 2464 2464 2468 2468 2465 2465 2468 2468 2464 2464 2468 2468 2465 2465 2469 2469 2466 2466 2469 2469 2465 2465 2469 2469 2466 2466 2470 2470 947 947 2461 2461 912 912 2467 2467 912 912 2461 2461 912 912 2467 2467 910 910 2468 2468 910 910 2467 2467 910 910 2468 2468 908 908 2469 2469 908 908 2468 2468 908 908 2469 2469 913 913 2470 2470 913 913 2469 2469 913 913 2470 2470 914 914 2471 2471 2472 2472 2473 2473 950 950 2471 2471 2474 2474 1738 1738 2473 2473 1737 1737 2472 2472 1737 1737 2473 2473 1737 1737 2472 2472 1671 1671 1740 1740 2475 2475 1738 1738 2476 2476 1738 1738 2475 2475 1738 1738 2476 2476 2473 2473 1740 1740 1742 1742 2475 2475 1744 1744 2475 2475 1742 1742 2475 2475 1744 1744 2477 2477 1706 1706 2477 2477 1744 1744 2477 2477 1706 1706 2454 2454 2471 2471 2473 2473 2474 2474 2476 2476 2474 2474 2473 2473 2474 2474 2476 2476 2478 2478 2475 2475 2478 2478 2476 2476 2478 2478 2475 2475 2479 2479 2477 2477 2479 2479 2475 2475 2479 2479 2477 2477 2480 2480 2454 2454 2480 2480 2477 2477 2480 2480 2454 2454 2456 2456 950 950 2474 2474 926 926 2478 2478 926 926 2474 2474 926 926 2478 2478 928 928 2479 2479 928 928 2478 2478 928 928 2479 2479 933 933 2480 2480 933 933 2479 2479 933 933 2480 2480 935 935 2456 2456 935 935 2480 2480 935 935 2456 2456 937 937 1713 1713 1711 1711 2466 2466 2435 2435 2466 2466 1711 1711 2466 2466 2435 2435 2470 2470 2434 2434 2470 2470 2435 2435 2470 2470 2434 2434 914 914 916 916 914 914 2434 2434 1673 1673 1671 1671 2481 2481 2472 2472 2481 2481 1671 1671 2481 2481 2472 2472 2482 2482 2471 2471 2482 2482 2472 2472 2482 2482 2471 2471 924 924 950 950 924 924 2471 2471 1676 1676 1673 1673 2441 2441 2481 2481 2441 2441 1673 1673 2441 2441 2481 2481 2445 2445 2482 2482 2445 2445 2481 2481 2445 2445 2482 2482 923 923 924 924 923 923 2482 2482 947 947 946 946 2462 2462 2483 2483 2462 2462 946 946 2462 2462 2483 2483 2458 2458 2458 2458 2483 2483 2459 2459 1681 1681 2459 2459 2483 2483 2459 2459 1681 1681 1679 1679 1684 1684 1681 1681 2484 2484 2483 2483 2484 2484 1681 1681 2484 2484 2483 2483 944 944 946 946 944 944 2483 2483 942 942 2457 2457 2485 2485 1732 1732 2486 2486 1730 1730 2455 2455 1730 1730 2486 2486 1730 1730 2455 2455 1708 1708 1736 1736 2487 2487 1732 1732 2488 2488 1732 1732 2487 2487 1732 1732 2488 2488 2486 2486 942 942 2485 2485 941 941 2489 2489 941 941 2485 2485 941 941 2489 2489 940 940 2490 2490 940 940 2489 2489 940 940 2490 2490 939 939 2491 2491 939 939 2490 2490 939 939 2491 2491 943 943 1736 1736 1735 1735 2487 2487 1734 1734 2487 2487 1735 1735 2487 2487 1734 1734 2492 2492 1684 1684 2492 2492 1734 1734 2492 2492 1684 1684 2484 2484 944 944 943 943 2484 2484 2491 2491 2484 2484 943 943 2484 2484 2491 2491 2492 2492 2490 2490 2492 2492 2491 2491 2492 2492 2490 2490 2487 2487 2489 2489 2487 2487 2490 2490 2487 2487 2489 2489 2488 2488 2485 2485 2488 2488 2489 2489 2488 2488 2485 2485 2486 2486 2457 2457 2486 2486 2485 2485 2486 2486 2457 2457 2455 2455 2493 2493 2452 2452 1661 1661 2493 2493 1661 1661 2451 2451 2451 2451 1981 1981 2494 2494 2451 2451 2494 2494 2493 2493 1977 1977 2493 2493 2494 2494 2493 2493 1977 1977 2452 2452 1979 1979 1977 1977 2494 2494 1979 1979 2494 2494 2495 2495 1981 1981 2495 2495 2494 2494 2495 2495 1981 1981 1980 1980 1980 1980 2446 2446 2496 2496 1995 1995 2448 2448 2496 2496 1980 1980 2496 2496 2495 2495 2448 2448 2495 2495 2496 2496 2495 2495 2448 2448 1979 1979 2446 2446 1995 1995 2496 2496 1917 1917 2426 2426 2497 2497 1933 1933 2429 2429 2497 2497 1917 1917 2497 2497 2498 2498 2429 2429 2498 2498 2497 2497 2498 2498 2429 2429 1925 1925 2426 2426 1933 1933 2497 2497 1919 1919 1917 1917 2498 2498 1919 1919 2498 2498 2499 2499 1925 1925 2499 2499 2498 2498 2499 2499 1925 1925 1922 1922 2500 2500 2431 2431 1612 1612 2500 2500 1612 1612 2424 2424 2424 2424 1919 1919 2499 2499 2424 2424 2499 2499 2500 2500 1922 1922 2500 2500 2499 2499 2500 2500 1922 1922 2431 2431 2501 2501 1697 1697 1696 1696 1705 1705 2502 2502 1704 1704 2503 2503 1704 1704 2502 2502 1704 1704 2503 2503 1703 1703 2504 2504 1703 1703 2503 2503 1703 1703 2504 2504 1696 1696 2505 2505 1696 1696 2504 2504 1696 1696 2505 2505 2501 2501 2506 2506 2501 2501 2505 2505 2502 2502 1712 1712 2503 2503 1724 1724 2503 2503 1712 1712 2503 2503 1724 1724 2504 2504 1726 1726 2504 2504 1724 1724 2504 2504 1726 1726 2505 2505 1723 1723 2505 2505 1726 1726 2505 2505 1723 1723 2506 2506 1678 1678 2506 2506 1723 1723 2506 2506 1678 1678 2507 2507 2508 2508 1677 1677 2509 2509 1720 1720 2509 2509 1677 1677 1698 1698 2510 2510 2511 2511 2512 2512 1702 1702 2513 2513 1700 1700 2513 2513 1702 1702 2513 2513 1700 1700 2514 2514 1699 1699 2514 2514 1700 1700 2514 2514 1699 1699 2511 2511 1701 1701 2511 2511 1699 1699 2511 2511 1701 1701 1698 1698 2510 2510 2509 2509 2511 2511 1720 1720 2511 2511 2509 2509 2511 2511 1720 1720 2514 2514 1718 1718 2514 2514 1720 1720 2514 2514 1718 1718 2513 2513 1716 1716 2513 2513 1718 1718 2513 2513 1716 1716 2512 2512 1710 1710 2512 2512 1716 1716 1675 1675 1677 1677 2508 2508 1705 1705 1702 1702 2502 2502 2512 2512 2502 2502 1702 1702 2502 2502 2512 2512 1712 1712 1710 1710 1712 1712 2512 2512 2507 2507 1678 1678 1680 1680 2219 2219 2515 2515 2516 2516 2517 2517 2220 2220 2219 2219 2219 2219 2516 2516 2517 2517 1245 1245 2517 2517 2516 2516 2517 2517 1245 1245 1244 1244 1291 1291 2518 2518 1292 1292 2208 2208 1292 1292 2518 2518 1292 1292 2208 2208 2207 2207 2519 2519 2520 2520 2521 2521 2522 2522 2521 2521 2520 2520 2521 2521 2522 2522 2523 2523 2521 2521 2524 2524 2519 2519 52 52 2519 2519 2524 2524 2519 2519 52 52 51 51 2525 2525 1785 1785 1784 1784 2526 2526 2527 2527 2528 2528 2525 2525 2528 2528 2527 2527 2528 2528 2525 2525 2529 2529 1784 1784 2529 2529 2525 2525 1286 1286 2530 2530 2531 2531 2532 2532 2530 2530 1286 1286 2533 2533 2531 2531 2527 2527 2530 2530 2527 2527 2531 2531 2527 2527 2530 2530 2525 2525 2532 2532 2525 2525 2530 2530 2525 2525 2532 2532 1785 1785 2533 2533 2534 2534 2531 2531 1286 1286 2531 2531 2534 2534 2535 2535 2536 2536 2537 2537 36 36 35 35 2538 2538 2535 2535 2538 2538 35 35 2538 2538 2535 2535 2539 2539 2537 2537 2539 2539 2535 2535 2539 2539 2537 2537 2540 2540 2518 2518 1291 1291 2541 2541 1281 1281 2541 2541 1291 1291 2541 2541 1281 1281 2542 2542 1283 1283 2542 2542 1281 1281 2542 2542 1283 1283 2543 2543 1285 1285 2543 2543 1283 1283 2543 2543 1285 1285 2544 2544 2544 2544 1285 1285 2545 2545 1286 1286 2545 2545 1285 1285 2545 2545 1286 1286 2534 2534 1284 1284 1282 1282 2546 2546 2547 2547 2546 2546 1282 1282 2546 2546 2547 2547 1777 1777 1760 1760 1777 1777 2547 2547 1286 1286 1284 1284 2532 2532 2546 2546 2532 2532 1284 1284 2532 2532 2546 2546 1785 1785 1777 1777 1785 1785 2546 2546 1282 1282 1294 1294 2547 2547 2548 2548 2547 2547 1294 1294 2547 2547 2548 2548 1760 1760 1757 1757 1760 1760 2548 2548 2549 2549 1749 1749 1809 1809 1299 1299 2549 2549 2550 2550 2549 2549 1809 1809 2550 2550 1807 1807 2550 2550 1809 1809 2550 2550 1807 1807 2551 2551 1805 1805 2551 2551 1807 1807 2551 2551 1805 1805 2552 2552 1804 1804 2552 2552 1805 1805 2552 2552 1804 1804 2553 2553 1802 1802 2553 2553 1804 1804 2553 2553 1802 1802 2554 2554 1757 1757 2554 2554 1802 1802 2554 2554 1757 1757 2548 2548 1299 1299 2550 2550 1287 1287 2551 2551 1287 1287 2550 2550 1287 1287 2551 2551 1288 1288 2552 2552 1288 1288 2551 2551 1288 1288 2552 2552 1289 1289 2553 2553 1289 1289 2552 2552 1289 1289 2553 2553 1290 1290 2554 2554 1290 1290 2553 2553 1290 1290 2554 2554 1293 1293 2548 2548 1293 1293 2554 2554 1293 1293 2548 2548 1294 1294 1300 1300 1255 1255 2555 2555 2556 2556 2557 2557 2558 2558 1747 1747 1749 1749 2549 2549 2556 2556 2558 2558 2559 2559 2560 2560 2559 2559 2558 2558 2559 2559 2560 2560 2561 2561 2562 2562 2561 2561 2560 2560 2561 2561 2562 2562 2563 2563 1300 1300 2555 2555 1301 1301 1750 1750 2557 2557 2555 2555 2556 2556 2555 2555 2557 2557 2555 2555 2556 2556 1301 1301 2559 2559 1301 1301 2556 2556 1301 1301 2559 2559 1302 1302 2561 2561 1302 1302 2559 2559 1302 1302 2561 2561 1296 1296 2563 2563 1296 1296 2561 2561 1296 1296 2563 2563 1298 1298 1750 1750 1752 1752 2557 2557 1754 1754 2557 2557 1752 1752 2557 2557 1754 1754 2558 2558 1745 1745 2558 2558 1754 1754 2558 2558 1745 1745 2560 2560 1747 1747 2560 2560 1745 1745 2560 2560 1747 1747 2562 2562 2549 2549 2562 2562 1747 1747 2562 2562 2549 2549 2563 2563 1299 1299 2563 2563 2549 2549 2563 2563 1299 1299 1298 1298 2564 2564 1768 1768 1800 1800 1251 1251 2564 2564 2565 2565 2564 2564 1800 1800 2565 2565 1798 1798 2565 2565 1800 1800 2565 2565 1798 1798 2566 2566 1796 1796 2566 2566 1798 1798 2566 2566 1796 1796 2567 2567 1750 1750 2567 2567 1796 1796 2567 2567 1750 1750 2555 2555 1251 1251 2565 2565 1252 1252 2566 2566 1252 1252 2565 2565 1252 1252 2566 2566 1253 1253 2567 2567 1253 1253 2566 2566 1253 1253 2567 2567 1254 1254 2555 2555 1254 1254 2567 2567 1254 1254 2555 2555 1255 1255 1249 1249 1250 1250 2568 2568 2569 2569 2568 2568 1250 1250 2568 2568 2569 2569 1789 1789 1788 1788 1789 1789 2569 2569 1247 1247 1249 1249 2570 2570 2568 2568 2570 2570 1249 1249 2570 2570 2568 2568 1770 1770 1789 1789 1770 1770 2568 2568 1770 1770 1768 1768 2570 2570 2564 2564 2570 2570 1768 1768 2570 2570 2564 2564 1247 1247 1251 1251 1247 1247 2564 2564 2571 2571 2572 2572 1758 1758 2573 2573 1758 1758 2572 2572 1758 1758 2573 2573 1759 1759 1758 1758 2574 2574 2571 2571 2575 2575 2571 2571 2574 2574 2571 2571 2575 2575 2576 2576 2576 2576 2575 2575 2577 2577 1175 1175 2577 2577 2575 2575 2577 2577 1175 1175 1186 1186 2578 2578 2579 2579 2580 2580 2579 2579 1183 1183 1181 1181 2578 2578 2580 2580 2581 2581 1748 1748 2581 2581 2582 2582 2579 2579 1181 1181 2580 2580 1180 1180 2580 2580 1181 1181 2580 2580 1180 1180 2583 2583 1179 1179 2583 2583 1180 1180 2583 2583 1179 1179 2584 2584 1178 1178 2584 2584 1179 1179 2584 2584 1178 1178 2585 2585 1176 1176 2585 2585 1178 1178 2585 2585 1176 1176 2586 2586 1175 1175 2586 2586 1176 1176 2586 2586 1175 1175 2575 2575 2581 2581 2580 2580 2582 2582 2583 2583 2582 2582 2580 2580 2582 2582 2583 2583 2587 2587 2584 2584 2587 2587 2583 2583 2587 2587 2584 2584 2588 2588 2585 2585 2588 2588 2584 2584 2588 2588 2585 2585 2589 2589 2586 2586 2589 2589 2585 2585 2589 2589 2586 2586 2590 2590 2575 2575 2590 2590 2586 2586 2590 2590 2575 2575 2574 2574 1748 1748 2582 2582 1810 1810 2587 2587 1810 1810 2582 2582 1810 1810 2587 2587 1808 1808 2588 2588 1808 1808 2587 2587 1808 1808 2588 2588 1806 1806 2589 2589 1806 1806 2588 2588 1806 1806 2589 2589 1803 1803 2590 2590 1803 1803 2589 2589 1803 1803 2590 2590 1801 1801 2574 2574 1801 1801 2590 2590 1801 1801 2574 2574 1758 1758 2591 2591 2592 2592 2593 2593 1158 1158 1166 1166 2594 2594 1168 1168 2594 2594 1166 1166 2594 2594 1168 1168 2592 2592 2592 2592 1168 1168 2593 2593 1170 1170 2593 2593 1168 1168 2593 2593 1170 1170 2595 2595 1172 1172 2595 2595 1170 1170 2595 2595 1172 1172 2596 2596 1174 1174 2596 2596 1172 1172 2596 2596 1174 1174 2597 2597 1174 1174 1183 1183 2579 2579 1753 1753 1751 1751 2591 2591 1174 1174 2579 2579 2597 2597 2578 2578 2597 2597 2579 2579 2597 2597 2578 2578 2581 2581 2591 2591 2593 2593 1753 1753 2595 2595 1753 1753 2593 2593 1753 1753 2595 2595 1755 1755 2596 2596 1755 1755 2595 2595 1755 1755 2596 2596 1756 1756 2597 2597 1756 1756 2596 2596 1756 1756 2597 2597 1746 1746 2581 2581 1746 1746 2597 2597 1746 1746 2581 2581 1748 1748 2598 2598 1163 1163 1162 1162 2599 2599 2598 2598 2600 2600 1767 1767 2599 2599 2601 2601 2598 2598 1162 1162 2600 2600 1161 1161 2600 2600 1162 1162 2600 2600 1161 1161 2602 2602 1159 1159 2602 2602 1161 1161 2602 2602 1159 1159 2603 2603 1159 1159 1158 1158 2603 2603 2594 2594 2603 2603 1158 1158 2603 2603 2594 2594 2592 2592 2599 2599 2600 2600 2601 2601 2602 2602 2601 2601 2600 2600 2601 2601 2602 2602 2604 2604 2603 2603 2604 2604 2602 2602 2604 2604 2603 2603 2605 2605 2592 2592 2605 2605 2603 2603 2605 2605 2592 2592 2591 2591 1767 1767 2601 2601 1799 1799 2604 2604 1799 1799 2601 2601 1799 1799 2604 2604 1797 1797 2605 2605 1797 1797 2604 2604 1797 1797 2605 2605 1795 1795 2591 2591 1795 1795 2605 2605 1795 1795 2591 2591 1751 1751 2606 2606 1240 1240 1163 1163 2599 2599 2607 2607 2598 2598 2608 2608 2598 2598 2607 2607 2598 2598 2608 2608 1163 1163 2609 2609 1163 1163 2608 2608 1163 1163 2609 2609 2606 2606 1769 1769 2610 2610 1767 1767 2611 2611 1767 1767 2610 2610 1767 1767 2611 2611 2599 2599 2612 2612 2599 2599 2611 2611 2599 2599 2612 2612 2607 2607 2613 2613 1787 1787 1788 1788 2613 2613 1788 1788 2614 2614 1788 1788 2615 2615 2614 2614 2616 2616 2614 2614 2615 2615 2614 2614 2616 2616 2617 2617 2618 2618 2619 2619 2620 2620 2621 2621 1769 1769 1771 1771 2622 2622 470 470 469 469 2623 2623 2624 2624 2625 2625 2626 2626 2625 2625 2624 2624 2625 2625 2626 2626 469 469 2627 2627 469 469 2626 2626 469 469 2627 2627 2622 2622 1775 1775 2628 2628 1776 1776 2629 2629 1776 1776 2628 2628 1776 1776 2629 2629 2623 2623 2630 2630 2623 2623 2629 2629 2623 2623 2630 2630 2624 2624 2620 2620 2619 2619 1771 1771 2631 2631 1771 1771 2619 2619 1771 1771 2631 2631 2621 2621 2618 2618 2620 2620 2632 2632 2633 2633 2632 2632 2620 2620 2632 2632 2633 2633 2634 2634 475 475 2634 2634 2633 2633 2634 2634 475 475 474 474 1771 1771 1776 1776 2620 2620 2623 2623 2620 2620 1776 1776 2620 2620 2623 2623 2633 2633 2625 2625 2633 2633 2623 2623 2633 2633 2625 2625 475 475 469 469 475 475 2625 2625 2635 2635 2636 2636 2637 2637 431 431 2637 2637 2636 2636 2637 2637 431 431 430 430 1759 1759 2638 2638 1761 1761 2639 2639 1761 1761 2638 2638 1761 1761 2639 2639 2635 2635 2640 2640 2635 2635 2639 2639 2635 2635 2640 2640 2636 2636 2641 2641 2642 2642 1762 1762 2643 2643 1762 1762 2642 2642 1762 1762 2643 2643 1766 1766 2644 2644 2645 2645 2641 2641 2646 2646 2641 2641 2645 2645 2641 2641 2646 2646 2642 2642 448 448 2647 2647 433 433 2648 2648 433 433 2647 2647 433 433 2648 2648 2644 2644 2649 2649 2644 2644 2648 2648 2644 2644 2649 2649 2645 2645 1762 1762 1761 1761 2641 2641 2635 2635 2641 2641 1761 1761 2641 2641 2635 2635 2644 2644 2637 2637 2644 2644 2635 2635 2644 2644 2637 2637 433 433 430 430 433 433 2637 2637 2650 2650 1250 1250 1248 1248 2650 2650 1248 1248 2651 2651 1246 1246 1245 1245 2516 2516 2651 2651 1248 1248 2652 2652 1246 1246 2652 2652 1248 1248 2652 2652 1246 1246 2653 2653 2516 2516 2653 2653 1246 1246 2653 2653 2516 2516 2515 2515 2650 2650 2654 2654 1250 1250 2569 2569 1250 1250 2654 2654 2655 2655 2616 2616 2615 2615 1788 1788 2569 2569 2615 2615 2654 2654 2615 2615 2569 2569 2615 2615 2654 2654 2655 2655 2650 2650 2655 2655 2654 2654 2655 2655 2650 2650 2651 2651 344 344 343 343 2656 2656 1775 1775 1774 1774 2628 2628 2657 2657 2628 2628 1774 1774 2628 2628 2657 2657 2658 2658 2658 2658 2657 2657 2659 2659 2656 2656 2659 2659 2657 2657 2659 2659 2656 2656 2660 2660 2660 2660 2656 2656 2661 2661 343 343 2661 2661 2656 2656 2661 2661 343 343 341 341 344 344 2656 2656 2662 2662 2657 2657 2662 2662 2656 2656 2662 2662 2657 2657 2663 2663 1774 1774 2663 2663 2657 2657 2663 2663 1774 1774 1773 1773 2664 2664 393 393 395 395 2665 2665 2666 2666 1763 1763 2667 2667 2666 2666 2668 2668 2665 2665 2668 2668 2666 2666 2668 2668 2665 2665 2669 2669 2669 2669 2664 2664 2668 2668 395 395 2668 2668 2664 2664 2668 2668 395 395 2667 2667 397 397 2667 2667 395 395 1763 1763 1765 1765 2665 2665 1766 1766 2665 2665 1765 1765 2665 2665 1766 1766 2643 2643 2643 2643 2670 2670 2665 2665 2671 2671 2665 2665 2670 2670 2665 2665 2671 2671 2669 2669 2202 2202 2199 2199 2672 2672 2673 2673 2672 2672 2199 2199 2672 2672 2673 2673 2674 2674 2674 2674 2673 2673 2675 2675 3 3 2675 2675 2673 2673 2675 2675 3 3 1 1 9 9 2676 2676 11 11 2677 2677 11 11 2676 2676 2677 2677 2676 2676 2678 2678 2679 2679 2678 2678 2676 2676 2678 2678 2679 2679 2680 2680 2681 2681 2682 2682 2683 2683 2684 2684 2685 2685 2681 2681 2686 2686 2681 2681 2685 2685 2681 2681 2686 2686 2687 2687 2681 2681 2683 2683 2684 2684 25 25 2684 2684 2683 2683 2684 2684 25 25 26 26 2529 2529 1784 1784 1782 1782 2529 2529 1782 1782 2688 2688 2203 2203 2201 2201 2689 2689 2690 2690 2689 2689 2201 2201 2690 2690 2691 2691 2692 2692 2693 2693 2692 2692 2691 2691 2692 2692 2693 2693 1780 1780 1780 1780 269 269 2692 2692 2694 2694 2692 2692 269 269 2692 2692 2694 2694 2690 2690 2695 2695 2690 2690 2694 2694 2690 2690 2695 2695 2689 2689 2201 2201 2200 2200 2690 2690 2696 2696 2690 2690 2200 2200 2690 2690 2696 2696 2691 2691 2688 2688 2691 2691 2696 2696 2691 2691 2688 2688 2693 2693 1782 1782 2693 2693 2688 2688 2693 2693 1782 1782 1780 1780 2697 2697 2698 2698 2699 2699 2198 2198 2699 2699 2698 2698 1787 1787 2613 2613 2697 2697 2700 2700 2697 2697 2613 2613 2697 2697 2700 2700 2698 2698 2198 2198 2197 2197 2699 2699 2204 2204 2699 2699 2197 2197 2699 2699 2204 2204 2701 2701 1787 1787 2697 2697 1791 1791 2699 2699 1791 1791 2697 2697 1791 1791 2699 2699 1793 1793 2701 2701 1793 1793 2699 2699 1793 1793 2701 2701 268 268 2203 2203 2689 2689 2204 2204 2701 2701 2204 2204 2689 2689 269 269 268 268 2694 2694 2701 2701 2694 2694 268 268 2694 2694 2701 2701 2695 2695 2689 2689 2695 2695 2701 2701 2688 2688 2696 2696 2702 2702 2703 2703 2702 2702 2696 2696 2702 2702 2703 2703 2704 2704 2705 2705 2216 2216 2217 2217 2217 2217 2704 2704 2705 2705 2703 2703 2705 2705 2704 2704 2705 2705 2703 2703 2200 2200 2696 2696 2200 2200 2703 2703 2217 2217 2209 2209 2704 2704 2527 2527 2704 2704 2209 2209 2704 2704 2527 2527 2526 2526 2233 2233 2231 2231 2706 2706 2707 2707 2706 2706 2231 2231 2706 2706 2707 2707 2708 2708 2708 2708 2707 2707 2709 2709 15 15 2709 2709 2707 2707 2709 2709 15 15 18 18 2231 2231 2230 2230 2710 2710 2711 2711 2710 2710 2230 2230 2710 2710 2711 2711 2205 2205 2206 2206 2205 2205 2711 2711 2537 2537 2536 2536 2712 2712 2712 2712 2225 2225 2224 2224 2540 2540 2537 2537 2713 2713 2712 2712 2713 2713 2537 2537 2713 2713 2712 2712 2714 2714 2224 2224 2714 2714 2712 2712 167 167 168 168 2715 2715 2716 2716 2715 2715 168 168 2715 2715 2716 2716 2536 2536 2712 2712 2536 2536 2716 2716 168 168 169 169 2716 2716 2717 2717 2716 2716 169 169 2716 2716 2717 2717 2712 2712 2225 2225 2712 2712 2717 2717 2718 2718 2719 2719 167 167 2718 2718 167 167 2715 2715 2715 2715 2536 2536 2535 2535 2715 2715 2535 2535 2718 2718 35 35 2718 2718 2535 2535 2718 2718 35 35 2719 2719 169 169 166 166 2720 2720 169 169 2720 2720 2717 2717 2223 2223 2717 2717 2720 2720 2717 2717 2223 2223 2225 2225 124 124 167 167 2719 2719 124 124 2719 2719 2721 2721 35 35 2721 2721 2719 2719 2721 2721 35 35 37 37 166 166 163 163 2720 2720 2722 2722 2720 2720 163 163 2720 2720 2722 2722 2223 2223 2723 2723 2223 2223 2722 2722 163 163 162 162 2722 2722 2724 2724 2722 2722 162 162 2722 2722 2724 2724 2723 2723 2521 2521 2723 2723 2724 2724 2725 2725 2724 2724 162 162 2725 2725 162 162 2726 2726 2726 2726 52 52 2524 2524 2726 2726 2524 2524 2725 2725 2521 2521 2725 2725 2524 2524 2725 2725 2521 2521 2724 2724 2727 2727 3 3 2673 2673 2728 2728 2729 2729 2199 2199 2730 2730 2199 2199 2729 2729 2199 2199 2730 2730 2673 2673 2731 2731 2673 2673 2730 2730 2673 2673 2731 2731 2727 2727 2226 2226 2732 2732 2227 2227 2733 2733 2227 2227 2732 2732 2227 2227 2733 2733 2728 2728 2734 2734 2728 2728 2733 2733 2728 2728 2734 2734 2729 2729 2735 2735 2198 2198 2698 2698 2736 2736 2737 2737 2738 2738 2229 2229 2228 2228 2736 2736 2735 2735 2736 2736 2228 2228 2736 2736 2735 2735 2737 2737 2698 2698 2737 2737 2735 2735 2737 2737 2698 2698 2738 2738 2700 2700 2738 2738 2698 2698 2218 2218 2616 2616 2219 2219 2655 2655 2219 2219 2616 2616 2515 2515 2739 2739 2740 2740 2515 2515 2219 2219 2739 2739 2655 2655 2739 2739 2219 2219 2739 2739 2655 2655 2651 2651 2741 2741 2534 2534 2533 2533 2533 2533 2208 2208 2741 2741 2518 2518 2741 2741 2208 2208 2741 2741 2518 2518 2742 2742 2743 2743 2742 2742 2518 2518 2742 2742 2743 2743 2744 2744 2745 2745 2744 2744 2743 2743 143 143 142 142 2746 2746 143 143 2746 2746 2747 2747 9 9 2747 2747 2746 2746 2747 2747 9 9 7 7 2748 2748 2746 2746 142 142 2748 2748 142 142 2749 2749 2749 2749 2679 2679 2676 2676 2749 2749 2676 2676 2748 2748 9 9 2748 2748 2676 2676 2748 2748 9 9 2746 2746 142 142 141 141 2749 2749 2750 2750 2749 2749 141 141 2749 2749 2750 2750 2679 2679 2751 2751 2679 2679 2750 2750 141 141 136 136 2750 2750 2752 2752 2750 2750 136 136 2750 2750 2752 2752 2751 2751 2212 2212 2751 2751 2752 2752 136 136 138 138 2753 2753 2753 2753 2215 2215 2213 2213 136 136 2753 2753 2752 2752 2213 2213 2752 2752 2753 2753 2752 2752 2213 2213 2212 2212 2679 2679 2751 2751 2680 2680 2754 2754 2680 2680 2751 2751 2212 2212 2211 2211 2751 2751 2755 2755 2751 2751 2211 2211 2751 2751 2755 2755 2754 2754 138 138 139 139 2753 2753 2756 2756 2753 2753 139 139 2753 2753 2756 2756 2215 2215 2757 2757 2215 2215 2756 2756 139 139 140 140 2756 2756 2758 2758 2756 2756 140 140 2756 2756 2758 2758 2757 2757 2682 2682 2757 2757 2758 2758 2759 2759 2760 2760 2761 2761 2762 2762 2761 2761 2760 2760 2761 2761 2762 2762 2763 2763 2755 2755 2763 2763 2762 2762 2764 2764 2761 2761 2765 2765 2763 2763 2765 2765 2761 2761 2765 2765 2763 2763 2766 2766 2755 2755 2766 2766 2763 2763 2766 2766 2755 2755 2210 2210 2211 2211 2210 2210 2755 2755 2764 2764 2202 2202 2761 2761 2672 2672 2761 2761 2202 2202 2761 2761 2672 2672 2759 2759 2674 2674 2759 2759 2672 2672 2759 2759 2674 2674 2767 2767 2675 2675 2767 2767 2674 2674 2767 2767 2675 2675 1 1 2768 2768 2758 2758 140 140 2768 2768 140 140 2769 2769 2769 2769 25 25 2683 2683 2769 2769 2683 2683 2768 2768 2682 2682 2768 2768 2683 2683 2768 2768 2682 2682 2758 2758 2214 2214 2215 2215 2770 2770 2757 2757 2770 2770 2215 2215 2770 2770 2757 2757 2771 2771 2757 2757 2682 2682 2771 2771 2681 2681 2771 2771 2682 2682 2771 2771 2681 2681 2772 2772 2687 2687 2772 2772 2681 2681 2210 2210 2216 2216 2766 2766 2705 2705 2766 2766 2216 2216 2766 2766 2705 2705 2765 2765 2765 2765 2705 2705 2764 2764 2200 2200 2764 2764 2705 2705 2764 2764 2200 2200 2202 2202 140 140 112 112 2773 2773 140 140 2773 2773 2769 2769 23 23 2769 2769 2773 2773 2769 2769 23 23 25 25 2774 2774 15 15 2707 2707 2710 2710 2775 2775 2231 2231 2776 2776 2231 2231 2775 2775 2231 2231 2776 2776 2707 2707 2777 2777 2707 2707 2776 2776 2707 2707 2777 2777 2774 2774 2214 2214 2770 2770 2205 2205 2778 2778 2205 2205 2770 2770 2205 2205 2778 2778 2710 2710 2779 2779 2710 2710 2778 2778 2710 2710 2779 2779 2775 2775 2714 2714 2780 2780 2781 2781 2782 2782 2781 2781 2780 2780 2781 2781 2782 2782 2783 2783 2784 2784 2782 2782 2785 2785 2780 2780 2785 2785 2782 2782 2785 2785 2780 2780 2786 2786 2714 2714 2786 2786 2780 2780 2786 2786 2714 2714 2222 2222 2224 2224 2222 2222 2714 2714 2784 2784 2233 2233 2782 2782 2706 2706 2782 2782 2233 2233 2782 2782 2706 2706 2783 2783 2708 2708 2783 2783 2706 2706 2783 2783 2708 2708 2787 2787 2709 2709 2787 2787 2708 2708 2787 2787 2709 2709 2788 2788 18 18 2788 2788 2709 2709 2208 2208 2533 2533 2209 2209 2527 2527 2209 2209 2533 2533 2226 2226 2223 2223 2732 2732 2723 2723 2732 2732 2223 2223 2732 2732 2723 2723 2789 2789 2789 2789 2723 2723 2790 2790 2521 2521 2790 2790 2723 2723 2790 2790 2521 2521 2523 2523 162 162 161 161 2791 2791 162 162 2791 2791 2726 2726 47 47 2726 2726 2791 2791 2726 2726 47 47 52 52 2199 2199 2198 2198 2728 2728 2735 2735 2728 2728 2198 2198 2728 2728 2735 2735 2227 2227 2228 2228 2227 2227 2735 2735 2218 2218 2229 2229 2616 2616 2736 2736 2616 2616 2229 2229 2616 2616 2736 2736 2617 2617 2222 2222 2221 2221 2786 2786 2792 2792 2786 2786 2221 2221 2786 2786 2792 2792 2785 2785 2232 2232 2233 2233 2792 2792 2784 2784 2792 2792 2233 2233 2792 2792 2784 2784 2785 2785 1953 1953 2793 2793 2794 2794 2795 2795 2400 2400 2796 2796 2403 2403 2796 2796 2400 2400 2796 2796 2403 2403 2793 2793 2793 2793 2403 2403 2794 2794 2405 2405 2794 2794 2403 2403 2794 2794 2405 2405 2797 2797 1664 1664 2797 2797 2405 2405 2797 2797 1664 1664 2798 2798 1953 1953 2794 2794 1970 1970 2797 2797 1970 1970 2794 2794 1970 1970 2797 2797 1969 1969 2798 2798 1969 1969 2797 2797 1969 1969 2798 2798 1960 1960 1957 1957 1954 1954 2799 2799 1957 1957 2799 2799 2800 2800 2801 2801 2800 2800 2799 2799 2800 2800 2801 2801 2802 2802 90 90 2802 2802 2801 2801 2802 2802 90 90 89 89 223 223 222 222 2803 2803 2804 2804 2803 2803 222 222 2803 2803 2804 2804 2805 2805 2804 2804 2806 2806 2805 2805 1877 1877 2805 2805 2806 2806 2805 2805 1877 1877 1882 1882 1613 1613 2807 2807 1611 1611 2808 2808 1611 1611 2807 2807 1893 1893 1884 1884 2809 2809 2808 2808 2809 2809 1884 1884 2809 2809 2808 2808 2810 2810 2807 2807 2810 2810 2808 2808 1881 1881 2811 2811 1882 1882 2812 2812 1882 1882 2811 2811 2812 2812 2811 2811 2813 2813 1603 1603 2813 2813 2811 2811 2813 2813 1603 1603 1602 1602 1878 1878 1890 1890 2814 2814 2815 2815 2814 2814 1890 1890 2814 2814 2815 2815 2816 2816 2817 2817 2816 2816 2815 2815 2398 2398 2818 2818 2397 2397 2819 2819 2397 2397 2818 2818 2397 2397 2819 2819 2817 2817 2820 2820 2817 2817 2819 2819 2817 2817 2820 2820 2816 2816 1613 1613 2396 2396 2807 2807 2821 2821 2807 2807 2396 2396 2807 2807 2821 2821 2810 2810 2822 2822 2810 2810 2821 2821 1891 1891 1893 1893 2822 2822 2809 2809 2822 2822 1893 1893 2822 2822 2809 2809 2810 2810 2396 2396 2397 2397 2821 2821 2817 2817 2821 2821 2397 2397 2821 2821 2817 2817 2822 2822 2815 2815 2822 2822 2817 2817 2822 2822 2815 2815 1891 1891 1890 1890 1891 1891 2815 2815 2823 2823 2816 2816 2820 2820 1915 1915 2823 2823 1914 1914 2820 2820 1914 1914 2823 2823 1914 1914 2820 2820 2824 2824 2819 2819 2824 2824 2820 2820 2816 2816 2823 2823 2814 2814 1879 1879 2814 2814 2823 2823 2814 2814 1879 1879 1878 1878 1637 1637 2363 2363 2825 2825 2826 2826 2825 2825 2363 2363 2825 2825 2826 2826 1956 1956 1955 1955 1956 1956 2826 2826 2363 2363 1937 1937 2826 2826 2827 2827 2826 2826 1937 1937 2826 2826 2827 2827 1955 1955 1952 1952 1955 1955 2827 2827 2828 2828 2796 2796 2793 2793 2828 2828 2793 2793 1936 1936 2827 2827 1937 1937 1936 1936 1936 1936 2793 2793 2827 2827 1953 1953 2827 2827 2793 2793 2827 2827 1953 1953 1952 1952 1638 1638 1637 1637 2829 2829 2825 2825 2829 2829 1637 1637 2829 2829 2825 2825 2830 2830 1956 1956 2830 2830 2825 2825 2830 2830 1956 1956 1957 1957 1935 1935 2427 2427 2831 2831 2832 2832 2831 2831 2427 2427 2831 2831 2832 2832 1885 1885 1894 1894 1885 1885 2832 2832 2427 2427 1916 1916 2832 2832 2833 2833 2832 2832 1916 1916 2832 2832 2833 2833 1894 1894 1895 1895 1894 1894 2833 2833 1897 1897 1895 1895 2833 2833 1897 1897 2833 2833 2834 2834 1916 1916 2834 2834 2833 2833 2834 2834 1916 1916 1918 1918 1918 1918 2835 2835 2834 2834 1876 1876 2834 2834 2835 2835 2834 2834 1876 1876 1875 1875 1918 1918 2425 2425 2835 2835 2836 2836 2835 2835 2425 2425 2835 2835 2836 2836 1876 1876 1883 1883 1876 1876 2836 2836 2425 2425 1611 1611 2836 2836 2808 2808 2836 2836 1611 1611 2836 2836 2808 2808 1883 1883 1884 1884 1883 1883 2808 2808 1915 1915 2333 2333 2823 2823 2837 2837 2823 2823 2333 2333 2823 2823 2837 2837 1879 1879 1880 1880 1879 1879 2837 2837 2333 2333 1603 1603 2837 2837 2811 2811 2837 2837 1603 1603 2837 2837 2811 2811 1880 1880 1881 1881 1880 1880 2811 2811 1664 1664 1662 1662 2838 2838 1664 1664 2838 2838 2798 2798 1958 1958 2798 2798 2838 2838 2798 2798 1958 1958 1960 1960 1662 1662 2453 2453 2838 2838 2839 2839 2838 2838 2453 2453 2838 2838 2839 2839 1958 1958 1965 1965 1958 1958 2839 2839 2453 2453 1976 1976 2839 2839 2840 2840 2839 2839 1976 1976 2839 2839 2840 2840 1965 1965 1966 1966 1965 1965 2840 2840 1978 1978 2449 2449 2841 2841 2842 2842 2841 2841 2449 2449 2841 2841 2842 2842 1962 1962 1963 1963 1962 1962 2842 2842 2449 2449 1993 1993 2842 2842 2843 2843 2842 2842 1993 1993 2842 2842 2843 2843 1963 1963 1964 1964 1963 1963 2843 2843 1968 1968 1966 1966 2840 2840 1968 1968 2840 2840 2844 2844 1976 1976 2844 2844 2840 2840 2844 2844 1976 1976 1978 1978 1978 1978 2841 2841 2844 2844 1962 1962 2844 2844 2841 2841 2844 2844 1962 1962 1975 1975 1964 1964 2843 2843 1954 1954 2845 2845 1954 1954 2843 2843 1993 1993 1992 1992 2843 2843 2846 2846 2843 2843 1992 1992 2843 2843 2846 2846 2845 2845 1934 1934 1935 1935 2847 2847 2831 2831 2847 2847 1935 1935 2847 2847 2831 2831 2848 2848 1885 1885 2848 2848 2831 2831 2848 2848 1885 1885 1877 1877 2849 2849 2850 2850 2851 2851 2850 2850 2852 2852 2240 2240 2853 2853 2240 2240 2852 2852 2240 2240 2853 2853 2238 2238 2850 2850 2240 2240 2851 2851 1027 1027 2851 2851 2240 2240 2851 2851 1027 1027 2854 2854 986 986 2849 2849 987 987 2851 2851 987 987 2849 2849 987 987 2851 2851 988 988 2854 2854 988 988 2851 2851 988 988 2854 2854 989 989 2855 2855 2856 2856 2857 2857 690 690 2857 2857 2856 2856 2857 2857 690 690 692 692 2855 2855 2857 2857 2858 2858 800 800 2858 2858 2857 2857 2858 2858 800 800 796 796 2859 2859 1938 1938 2364 2364 2859 2859 2364 2364 2860 2860 1646 1646 2860 2860 2364 2364 2860 2860 1646 1646 2861 2861 2862 2862 2861 2861 1646 1646 2861 2861 2862 2862 2863 2863 2863 2863 2862 2862 2864 2864 1857 1857 2864 2864 2862 2862 2864 2864 1857 1857 1859 1859 2865 2865 186 186 177 177 2866 2866 2867 2867 2868 2868 2866 2866 2382 2382 2867 2867 2381 2381 2867 2867 2382 2382 2867 2867 2381 2381 2869 2869 2383 2383 2869 2869 2381 2381 2869 2869 2383 2383 2870 2870 2385 2385 2870 2870 2383 2383 2870 2870 2385 2385 2871 2871 2386 2386 2871 2871 2385 2385 2871 2871 2386 2386 2872 2872 2378 2378 2872 2872 2386 2386 2872 2872 2378 2378 2873 2873 2380 2380 2873 2873 2378 2378 2873 2873 2380 2380 2874 2874 2384 2384 2874 2874 2380 2380 2874 2874 2384 2384 2875 2875 105 105 2875 2875 2384 2384 2875 2875 105 105 2876 2876 2865 2865 2868 2868 186 186 2867 2867 186 186 2868 2868 186 186 2867 2867 196 196 2869 2869 196 196 2867 2867 196 196 2869 2869 194 194 2870 2870 194 194 2869 2869 194 194 2870 2870 195 195 2871 2871 195 195 2870 2870 195 195 2871 2871 197 197 2872 2872 197 197 2871 2871 197 197 2872 2872 198 198 2873 2873 198 198 2872 2872 198 198 2873 2873 185 185 2874 2874 185 185 2873 2873 185 185 2874 2874 184 184 2875 2875 184 184 2874 2874 184 184 2875 2875 183 183 2876 2876 183 183 2875 2875 183 183 2876 2876 182 182 2877 2877 177 177 189 189 2877 2877 189 189 1654 1654 2878 2878 1654 1654 189 189 1654 1654 2878 2878 1651 1651 1938 1938 2859 2859 1936 1936 2879 2879 1936 1936 2859 2859 1936 1936 2879 2879 2880 2880 2881 2881 2880 2880 2879 2879 2880 2880 2881 2881 2882 2882 2883 2883 2884 2884 1912 1912 2885 2885 2886 2886 2887 2887 2883 2883 2887 2887 2886 2886 2887 2887 2883 2883 1914 1914 1912 1912 1914 1914 2883 2883 981 981 2888 2888 969 969 2889 2889 969 969 2888 2888 969 969 2889 2889 967 967 2247 2247 2890 2890 2249 2249 2891 2891 2249 2249 2890 2890 2249 2249 2891 2891 2888 2888 2892 2892 2888 2888 2891 2891 2888 2888 2892 2892 2889 2889 1017 1017 2249 2249 2893 2893 2888 2888 2893 2893 2249 2249 2893 2893 2888 2888 980 980 981 981 980 980 2888 2888 2890 2890 2247 2247 2245 2245 1157 1157 2894 2894 1156 1156 2895 2895 1156 1156 2894 2894 1156 1156 2895 2895 2896 2896 2897 2897 2896 2896 2895 2895 2896 2896 2897 2897 2898 2898 2245 2245 2243 2243 2899 2899 1143 1143 2899 2899 2243 2243 2899 2899 1143 1143 2900 2900 2900 2900 2896 2896 2899 2899 2898 2898 2899 2899 2896 2896 2899 2899 2898 2898 2245 2245 2891 2891 2245 2245 2898 2898 2245 2245 2891 2891 2890 2890 2900 2900 2901 2901 2896 2896 2902 2902 2896 2896 2901 2901 2896 2896 2902 2902 1156 1156 1154 1154 1156 1156 2902 2902 2903 2903 2904 2904 2905 2905 1133 1133 2905 2905 2904 2904 2905 2905 1133 1133 1135 1135 2903 2903 2905 2905 2906 2906 1151 1151 2906 2906 2905 2905 2906 2906 1151 1151 1148 1148 2907 2907 1149 1149 2908 2908 1150 1150 2908 2908 1149 1149 2908 2908 1150 1150 2909 2909 2910 2910 2909 2909 1150 1150 1150 1150 2911 2911 2910 2910 2242 2242 2910 2910 2911 2911 2910 2910 2242 2242 2244 2244 2246 2246 2912 2912 2244 2244 2913 2913 2244 2244 2912 2912 2244 2244 2913 2913 2910 2910 1135 1135 2242 2242 2905 2905 2911 2911 2905 2905 2242 2242 2905 2905 2911 2911 1151 1151 1150 1150 1151 1151 2911 2911 2914 2914 2915 2915 2916 2916 2917 2917 2916 2916 2915 2915 2916 2916 2917 2917 2237 2237 2918 2918 2237 2237 2917 2917 2237 2237 2918 2918 2239 2239 802 802 2919 2919 803 803 2920 2920 803 803 2919 2919 803 803 2920 2920 2914 2914 2921 2921 2914 2914 2920 2920 2914 2914 2921 2921 2915 2915 807 807 808 808 2922 2922 2923 2923 2922 2922 808 808 2235 2235 700 700 2924 2924 2925 2925 2924 2924 700 700 2924 2924 2925 2925 2923 2923 2926 2926 2923 2923 2925 2925 2923 2923 2926 2926 2922 2922 808 808 803 803 2923 2923 2914 2914 2923 2923 803 803 2923 2923 2914 2914 2924 2924 2916 2916 2924 2924 2914 2914 2924 2924 2916 2916 2235 2235 2237 2237 2235 2235 2916 2916 805 805 807 807 2927 2927 2922 2922 2927 2927 807 807 2927 2927 2922 2922 2928 2928 700 700 698 698 2925 2925 2928 2928 2925 2925 698 698 2925 2925 2928 2928 2926 2926 2922 2922 2926 2926 2928 2928 200 200 199 199 2929 2929 199 199 220 220 2930 2930 2929 2929 199 199 2931 2931 2930 2930 2931 2931 199 199 2931 2931 2930 2930 2932 2932 2356 2356 2932 2932 2930 2930 2932 2932 2356 2356 2355 2355 2933 2933 218 218 217 217 2933 2933 217 217 2934 2934 216 216 2934 2934 217 217 2934 2934 216 216 2935 2935 219 219 2935 2935 216 216 2935 2935 219 219 2936 2936 201 201 2936 2936 219 219 2936 2936 201 201 2937 2937 210 210 2937 2937 201 201 2937 2937 210 210 2938 2938 209 209 2938 2938 210 210 2938 2938 209 209 2939 2939 208 208 2939 2939 209 209 2939 2939 208 208 2940 2940 220 220 218 218 2930 2930 2933 2933 2930 2930 218 218 2930 2930 2933 2933 2356 2356 2934 2934 2356 2356 2933 2933 2356 2356 2934 2934 2357 2357 2935 2935 2357 2357 2934 2934 2357 2357 2935 2935 2354 2354 2936 2936 2354 2354 2935 2935 2354 2354 2936 2936 2353 2353 2937 2937 2353 2353 2936 2936 2353 2353 2937 2937 2352 2352 2938 2938 2352 2352 2937 2937 2352 2352 2938 2938 2350 2350 2939 2939 2350 2350 2938 2938 2350 2350 2939 2939 2358 2358 2940 2940 2358 2358 2939 2939 2358 2358 2940 2940 129 129 2941 2941 1821 1821 1820 1820 1912 1912 2884 2884 2328 2328 2942 2942 2328 2328 2884 2884 2328 2328 2942 2942 1630 1630 2943 2943 1630 1630 2942 2942 2942 2942 2944 2944 2943 2943 2945 2945 2943 2943 2944 2944 2943 2943 2945 2945 1820 1820 2946 2946 1820 1820 2945 2945 1820 1820 2946 2946 2941 2941 833 833 835 835 2947 2947 837 837 2947 2947 835 835 2947 2947 837 837 2948 2948 2949 2949 2948 2948 837 837 2948 2948 2949 2949 2950 2950 2950 2950 2949 2949 2918 2918 2241 2241 2918 2918 2949 2949 2918 2918 2241 2241 2239 2239 1023 1023 2241 2241 2951 2951 2949 2949 2951 2951 2241 2241 2951 2951 2949 2949 838 838 837 837 838 838 2949 2949 813 813 815 815 2952 2952 847 847 875 875 2953 2953 2951 2951 838 838 845 845 1021 1021 1023 1023 2953 2953 2951 2951 2953 2953 1023 1023 2953 2953 2951 2951 847 847 845 845 847 847 2951 2951 813 813 2952 2952 814 814 1018 1018 1021 1021 2952 2952 2953 2953 2952 2952 1021 1021 2952 2952 2953 2953 814 814 875 875 814 814 2953 2953 2952 2952 815 815 821 821 2912 2912 2246 2246 2248 2248 2954 2954 2955 2955 2956 2956 2957 2957 2956 2956 2955 2955 1018 1018 2956 2956 2248 2248 2957 2957 2248 2248 2956 2956 2248 2248 2957 2957 2912 2912 1018 1018 2952 2952 2956 2956 821 821 2956 2956 2952 2952 2956 2956 821 821 2954 2954 820 820 2954 2954 821 821 2954 2954 820 820 819 819 2958 2958 797 797 2959 2959 799 799 2959 2959 797 797 2959 2959 799 799 2960 2960 2234 2234 2236 2236 2961 2961 2238 2238 2853 2853 2236 2236 2852 2852 2236 2236 2853 2853 2236 2236 2852 2852 2961 2961 799 799 800 800 2962 2962 2857 2857 2962 2962 800 800 2960 2960 799 799 2961 2961 2962 2962 2961 2961 799 799 2961 2961 2962 2962 2234 2234 2857 2857 2234 2234 2962 2962 2234 2234 2857 2857 692 692 1012 1012 989 989 2854 2854 977 977 1014 1014 2963 2963 2893 2893 980 980 978 978 1030 1030 1017 1017 2963 2963 2893 2893 2963 2963 1017 1017 2963 2963 2893 2893 977 977 978 978 977 977 2893 2893 1012 1012 2854 2854 1013 1013 1027 1027 1030 1030 2854 2854 2963 2963 2854 2854 1030 1030 2854 2854 2963 2963 1013 1013 1014 1014 1013 1013 2963 2963 1152 1152 1154 1154 2964 2964 2902 2902 2964 2964 1154 1154 2964 2964 2902 2902 2965 2965 1143 1143 1141 1141 2900 2900 2965 2965 2900 2900 1141 1141 2900 2900 2965 2965 2901 2901 2902 2902 2901 2901 2965 2965 2943 2943 1820 1820 1823 1823 1630 1630 2943 2943 2966 2966 2943 2943 1823 1823 2966 2966 1817 1817 2966 2966 1823 1823 2966 2966 1817 1817 2967 2967 1815 1815 2967 2967 1817 1817 2967 2967 1815 1815 2968 2968 202 202 2968 2968 1815 1815 2968 2968 202 202 2969 2969 1630 1630 2966 2966 1636 1636 2967 2967 1636 1636 2966 2966 1636 1636 2967 2967 1635 1635 2968 2968 1635 1635 2967 2967 1635 1635 2968 2968 1634 1634 2969 2969 1634 1634 2968 2968 1634 1634 2969 2969 1626 1626 2970 2970 1627 1627 1626 1626 2970 2970 1626 1626 200 200 2969 2969 200 200 1626 1626 200 200 2969 2969 202 202 208 208 206 206 2971 2971 208 208 2971 2971 2940 2940 130 130 2940 2940 2971 2971 2940 2940 130 130 129 129 130 130 2971 2971 2972 2972 2971 2971 206 206 1868 1868 2971 2971 1868 1868 2972 2972 1870 1870 2972 2972 1868 1868 2972 2972 1870 1870 2973 2973 1873 1873 2973 2973 1870 1870 2973 2973 1873 1873 2974 2974 1865 1865 2974 2974 1873 1873 2974 2974 1865 1865 2975 2975 1867 1867 2975 2975 1865 1865 2975 2975 1867 1867 2976 2976 172 172 2976 2976 1867 1867 2976 2976 172 172 2977 2977 130 130 2972 2972 132 132 2973 2973 132 132 2972 2972 132 132 2973 2973 133 133 2974 2974 133 133 2973 2973 133 133 2974 2974 119 119 2975 2975 119 119 2974 2974 119 119 2975 2975 120 120 2976 2976 120 120 2975 2975 120 120 2976 2976 134 134 2977 2977 134 134 2976 2976 134 134 2977 2977 135 135 2978 2978 2979 2979 2977 2977 107 107 128 128 2980 2980 2981 2981 2980 2980 128 128 2980 2980 2981 2981 2978 2978 2977 2977 2979 2979 135 135 2982 2982 135 135 2979 2979 135 135 2982 2982 116 116 2978 2978 2977 2977 2980 2980 172 172 2980 2980 2977 2977 2980 2980 172 172 174 174 107 107 2980 2980 2983 2983 2980 2980 174 174 1839 1839 2980 2980 1839 1839 2983 2983 1835 1835 2983 2983 1839 1839 2983 2983 1835 1835 2984 2984 1838 1838 2984 2984 1835 1835 2984 2984 1838 1838 2985 2985 1832 1832 2985 2985 1838 1838 2985 2985 1832 1832 2986 2986 1834 1834 2986 2986 1832 1832 2986 2986 1834 1834 2987 2987 180 180 2987 2987 1834 1834 2987 2987 180 180 2988 2988 107 107 2983 2983 108 108 2984 2984 108 108 2983 2983 108 108 2984 2984 110 110 2985 2985 110 110 2984 2984 110 110 2985 2985 121 121 2986 2986 121 121 2985 2985 121 121 2986 2986 122 122 2987 2987 122 122 2986 2986 122 122 2987 2987 123 123 2988 2988 123 123 2987 2987 123 123 2988 2988 104 104 180 180 182 182 2876 2876 180 180 2876 2876 2988 2988 105 105 2988 2988 2876 2876 2988 2988 105 105 104 104 2878 2878 189 189 1848 1848 1651 1651 2878 2878 2989 2989 2878 2878 1848 1848 2989 2989 1853 1853 2989 2989 1848 1848 2989 2989 1853 1853 2990 2990 1855 1855 2990 2990 1853 1853 2990 2990 1855 1855 2991 2991 1856 1856 2991 2991 1855 1855 2991 2991 1856 1856 2992 2992 1857 1857 2992 2992 1856 1856 2992 2992 1857 1857 2862 2862 1651 1651 2989 2989 1652 1652 2990 2990 1652 1652 2989 2989 1652 1652 2990 2990 1653 1653 2991 2991 1653 1653 2990 2990 1653 1653 2991 2991 1643 1643 2992 2992 1643 1643 2991 2991 1643 1643 2992 2992 1644 1644 2862 2862 1644 1644 2992 2992 1644 1644 2862 2862 1646 1646 2221 2221 2220 2220 2993 2993 2221 2221 2993 2993 2994 2994 288 288 287 287 2995 2995 2994 2994 2995 2995 287 287 2995 2995 2994 2994 2996 2996 2993 2993 2996 2996 2994 2994 2230 2230 2232 2232 2997 2997 2230 2230 2997 2997 2998 2998 308 308 2998 2998 2997 2997 2998 2998 308 308 307 307 307 307 301 301 2998 2998 2999 2999 2998 2998 301 301 2998 2998 2999 2999 2230 2230 2711 2711 2230 2230 2999 2999 301 301 299 299 2999 2999 3000 3000 2999 2999 299 299 2999 2999 3000 3000 2711 2711 2206 2206 2711 2711 3000 3000 3000 3000 299 299 298 298 2207 2207 2206 2206 3001 3001 3000 3000 3001 3001 2206 2206 3001 3001 3000 3000 3002 3002 298 298 3002 3002 3000 3000 287 287 309 309 2994 2994 3003 3003 2994 2994 309 309 2994 2994 3003 3003 2221 2221 2792 2792 2221 2221 3003 3003 309 309 308 308 3003 3003 2997 2997 3003 3003 308 308 3003 3003 2997 2997 2792 2792 2232 2232 2792 2792 2997 2997 3004 3004 3005 3005 3006 3006 3004 3004 3006 3006 3007 3007 2084 2084 3007 3007 3006 3006 3007 3007 2084 2084 2083 2083 1954 1954 3008 3008 2799 2799 3009 3009 2799 2799 3008 3008 2799 2799 3009 3009 2801 2801 3010 3010 2801 2801 3009 3009 2801 2801 3010 3010 90 90 1954 1954 2845 2845 3008 3008 2846 2846 3008 3008 2845 2845 3008 3008 2846 2846 3009 3009 1992 1992 3009 3009 2846 2846 3009 3009 1992 1992 3010 3010 1877 1877 3011 3011 2848 2848 3012 3012 2848 2848 3011 3011 2848 2848 3012 3012 2847 2847 3013 3013 2847 2847 3012 3012 2847 2847 3013 3013 1934 1934 1877 1877 2806 2806 3011 3011 2804 2804 3011 3011 2806 2806 3011 3011 2804 2804 3012 3012 222 222 3012 3012 2804 2804 3012 3012 222 222 3013 3013 3014 3014 3004 3004 3015 3015 3007 3007 3015 3015 3004 3004 3015 3015 3007 3007 3016 3016 3017 3017 3018 3018 2073 2073 2071 2071 2073 2073 3018 3018 2073 2073 3016 3016 3017 3017 3007 3007 3017 3017 3016 3016 3017 3017 3007 3007 3018 3018 2083 2083 3018 3018 3007 3007 2069 2069 2071 2071 3019 3019 3018 3018 3019 3019 2071 2071 3019 3019 3018 3018 3020 3020 2083 2083 3020 3020 3018 3018 3020 3020 2083 2083 2085 2085 2076 2076 2078 2078 3021 3021 2076 2076 3021 3021 3022 3022 3023 3023 3022 3022 3021 3021 3022 3022 3023 3023 3024 3024 2085 2085 3024 3024 3023 3023 3024 3024 2085 2085 2086 2086 3025 3025 2086 2086 2084 2084 2067 2067 2065 2065 3026 3026 3027 3027 3026 3026 2065 2065 3026 3026 3027 3027 3028 3028 3025 3025 3028 3028 3027 3027 3028 3028 3025 3025 3029 3029 2084 2084 3029 3029 3025 3025 3030 3030 3031 3031 3032 3032 3032 3032 3031 3031 3033 3033 3006 3006 3005 3005 3034 3034 3029 3029 3031 3031 3028 3028 3030 3030 3028 3028 3031 3031 3028 3028 3030 3030 3026 3026 3035 3035 3026 3026 3030 3030 3026 3026 3035 3035 2067 2067 2068 2068 2067 2067 3035 3035 3029 3029 2084 2084 3031 3031 3006 3006 3031 3031 2084 2084 3031 3031 3006 3006 3033 3033 3034 3034 3033 3033 3006 3006 3036 3036 2450 2450 1665 1665 1663 1663 1665 1665 2450 2450 97 97 96 96 3037 3037 3038 3038 3037 3037 96 96 3037 3037 3038 3038 3036 3036 1986 1986 3036 3036 3038 3038 3036 3036 1986 1986 2450 2450 1984 1984 1986 1986 3039 3039 3038 3038 3039 3039 1986 1986 3039 3039 3038 3038 94 94 96 96 94 94 3038 3038 91 91 3040 3040 93 93 3041 3041 93 93 3040 3040 93 93 3041 3041 94 94 3039 3039 94 94 3041 3041 3040 3040 1994 1994 3041 3041 2447 2447 3041 3041 1994 1994 3041 3041 2447 2447 3039 3039 1984 1984 3039 3039 2447 2447 91 91 90 90 3040 3040 3010 3010 3040 3040 90 90 3040 3040 3010 3010 1994 1994 1992 1992 1994 1994 3010 3010 3042 3042 3043 3043 3044 3044 1614 1614 2430 2430 1620 1620 3043 3043 1620 1620 2430 2430 3042 3042 3044 3044 3045 3045 3046 3046 3047 3047 3048 3048 3049 3049 3048 3048 3047 3047 3048 3048 3049 3049 3050 3050 232 232 3050 3050 3049 3049 3050 3050 232 232 233 233 3050 3050 3045 3045 3048 3048 3044 3044 3048 3048 3045 3045 3048 3048 3044 3044 3046 3046 2433 2433 3046 3046 3044 3044 3046 3046 2433 2433 1923 1923 3043 3043 2430 2430 3044 3044 2432 2432 3044 3044 2430 2430 3044 3044 2432 2432 2433 2433 1923 1923 1929 1929 3046 3046 3051 3051 3046 3046 1929 1929 3046 3046 3051 3051 3047 3047 3047 3047 3051 3051 3049 3049 224 224 3049 3049 3051 3051 3049 3049 224 224 232 232 224 224 3051 3051 225 225 3052 3052 225 225 3051 3051 225 225 3052 3052 221 221 3053 3053 221 221 3052 3052 3051 3051 1929 1929 3052 3052 2428 2428 3052 3052 1929 1929 3052 3052 2428 2428 3053 3053 1932 1932 3053 3053 2428 2428 1932 1932 1934 1934 3053 3053 3013 3013 3053 3053 1934 1934 3053 3053 3013 3013 221 221 222 222 221 221 3013 3013</p>
        </triangles>
      </mesh>
    </geometry>
  </library_geometries>
  <library_materials>
    <material id="af2c6a88f5f64f95aee736d90d2b5d59" name="defaultmaterial">
      <instance_effect url="#35685335ce4f4a05901901f29f19a9dd"/>
    </material>
  </library_materials>
  <library_visual_scenes>
    <visual_scene id="scene">
      <node id="node0" name="node0">
        <instance_geometry url="#8518eb52c8d040a8bff2bc1579c30177">
          <bind_material>
            <technique_common>
              <instance_material symbol="material0" target="#af2c6a88f5f64f95aee736d90d2b5d59"/>
            </technique_common>
          </bind_material>
        </instance_geometry>
      </node>
    </visual_scene>
  </library_visual_scenes>
  <scene>
    <instance_visual_scene url="#scene"/>
  </scene>
</COLLADA>
