<COLLADA xmlns="http://www.collada.org/2005/11/COLLADASchema" version="1.4.1">
  <asset>
    <created>2026-10-05T22:47:05.023091</created>
    <modified>2026-10-05T22:47:05.023091</modified>
    <up_axis>Y_UP</up_axis>
  </asset>
  <library_effects>
    <effect id="84424e9290eb4d19809eddd6afeaef05" name="84424e9290eb4d19809eddd6afeaef05">
      <profile_COMMON>
        <technique sid="common">
          <phong>
            <emission>
              <color>0.0 0.0 0.0 1.0</color>
            </emission>
            <ambient>
              <color>0.0 0.0 0.0 1.0</color>
            </ambient>
            <diffuse>
              <color>0.9490196078431372 0.7607843137254902 0.18823529411764706 1.0</color>
            </diffuse>
            <specular>
              <color>0.0 0.0 0.0 1.0</color>
            </specular>
            <shininess>
              <float>0.0</float>
            </shininess>
            <reflective>
              <color>0.0 0.0 0.0 1.0</color>
            </reflective>
            <reflectivity>
              <float>0.0</float>
            </reflectivity>
            <transparent>
              <color>0.0 0.0 0.0 1.0</color>
            </transparent>
            <transparency>
              <float>1.0</float>
            </transparency>
          </phong>
        </technique>
        <extra>
          <technique profile="GOOGLEEARTH">
            <double_sided>0</double_sided>
          </technique>
        </extra>
      </profile_COMMON>
    </effect>
  </library_effects>
  <library_geometries>
    <geometry id="5661028817e345b385494108a3ad826d" name="8318e8d5fc9a4b2386af9a7689eb57ca">
      <mesh>
        <source id="verts-array">
          <float_array count="4968" id="verts-array-array">0.0800052 0.01 -0.0145126 0.0785962 0.01 -0.0124038 0.091 0.01 -0.0015 -0.091 0.01 -0.0015 -0.0764874 0.01 -0.0109948 -0.0785962 0.01 -0.0124038 -0.0535 0.01 -0.0105 -0.074 0.01 -0.0105 -0.111 0.01 -0.0685 -0.108776 0.01 -0.0634599 -0.106438 0.01 -0.0628081 0.0764874 0.01 -0.0109948 0.074 0.01 -0.0105 0.0535 0.01 -0.0105 0.0104038 0.01 -0.0124038 0.00899478 0.01 -0.0145126 -0.015 0.01 -0.0105 -0.0510126 0.01 -0.0109948 -0.0355 0.01 -0.0105 -0.0489038 0.01 -0.0124038 -0.0379874 0.01 -0.0109948 -0.0474948 0.01 -0.0145126 0.0785962 0.01 -0.0575962 0.0800052 0.01 -0.0554874 0.091 0.01 -0.054 0.0805 0.01 -0.053 0.0805 0.01 -0.017 -0.11525 0.01 -0.0673612 -0.11701 0.01 -0.0660104 -0.113361 0.01 -0.064 -0.118361 0.01 -0.06425 -0.1185 0.01 -0.064 0.0489038 0.01 -0.0575962 0.0510126 0.01 -0.0590052 0.0355 0.01 -0.0595 -0.0125126 0.01 -0.0109948 -0.1132 0.01 -0.0682104 -0.074 0.01 -0.0595 -0.10109 0.01 -0.0605007 -0.0764874 0.01 -0.0590052 -0.0943016 0.01 -0.0563109 -0.0930038 0.01 -0.0554116 0.0510126 0.01 -0.0109948 0.0355 0.01 -0.0105 0.0489038 0.01 -0.0124038 0.0379874 0.01 -0.0109948 0.0474948 0.01 -0.0145126 0.0400962 0.01 -0.0124038 0.0415052 0.01 -0.0145126 -0.0800052 0.01 -0.0145126 -0.0805 0.01 -0.017 -0.091 0.01 -0.054 -0.0805 0.01 -0.053 -0.0800052 0.01 -0.0554874 -0.0785962 0.01 -0.0575962 -0.0910231 0.01 -0.0540163 0.0104038 0.01 -0.0575962 -0.015 0.01 -0.0595 -0.0125126 0.01 -0.0590052 0.015 0.01 -0.0105 0.0125126 0.01 -0.0109948 -0.0104038 0.01 -0.0575962 -0.00899478 0.01 -0.0554874 0.00899478 0.01 -0.0554874 -0.0415052 0.01 -0.0554874 -0.0474948 0.01 -0.0554874 -0.042 0.01 -0.053 -0.047 0.01 -0.053 -0.042 0.01 -0.017 -0.047 0.01 -0.017 -0.0415052 0.01 -0.0145126 -0.0400962 0.01 -0.0124038 0.0379874 0.01 -0.0590052 0.0400962 0.01 -0.0575962 0.0415052 0.01 -0.0554874 0.0085 0.01 -0.017 -0.00899478 0.01 -0.0145126 -0.0104038 0.01 -0.0124038 -0.0355 0.01 -0.0595 0.111 0.01 -0.0685 0.0535 0.01 -0.0595 0.074 0.01 -0.0595 0.0764874 0.01 -0.0590052 0.110937 0.01 -0.0638439 0.1132 0.01 -0.0682104 0.113361 0.01 -0.064 0.0085 0.01 -0.053 -0.0085 0.01 -0.053 -0.0085 0.01 -0.017 -0.0400962 0.01 -0.0575962 -0.0379874 0.01 -0.0590052 -0.0489038 0.01 -0.0575962 -0.0510126 0.01 -0.0590052 -0.0535 0.01 -0.0595 0.1185 0.01 -0.064 0.11701 0.01 -0.0660104 0.11525 0.01 -0.0673612 0.042 0.01 -0.017 0.047 0.01 -0.017 0.042 0.01 -0.053 0.047 0.01 -0.053 0.0474948 0.01 -0.0554874 0.015 0.01 -0.0595 0.0125126 0.01 -0.0590052 0.0930038 0.01 -0.0554116 0.0984686 0.01 -0.059016 0.103764 0.01 -0.0617871 0.106438 0.01 -0.0628081 0.0910231 0.01 -0.0540163 -0.03875 0 -0.0113708 -0.0355 0 -0.0105 -0.0478708 0 -0.01375 0.11701 0 0.0366104 0.116 0 0.0374739 0.11499 0 0.0366104 -0.11499 0 0.0366104 -0.116 0 0.0374739 -0.11701 0 0.0366104 0.113639 0 0.03485 0.11279 0 0.0328 0.118361 0 0.03485 0.1125 0 0.0306 0.11921 0 0.0328 -0.113639 0 0.03485 0.0796292 0 -0.05625 0.07725 0 -0.0586292 0.111 0 -0.0685 -0.01175 0 -0.0586292 -0.015 0 -0.0595 -0.0355 0 -0.0595 -0.118361 0 0.03485 -0.1125 0 0.0306 -0.11279 0 0.0328 -0.05025 0 -0.0113708 -0.05025 0 -0.0586292 -0.03875 0 -0.0586292 -0.0478708 0 -0.05625 -0.0411292 0 -0.05625 -0.047 0 -0.053 -0.042 0 -0.053 -0.047 0 -0.017 -0.042 0 -0.017 -0.0411292 0 -0.01375 0.015 0 -0.0595 0.01175 0 -0.0586292 -0.00937083 0 -0.05625 0.00937083 0 -0.05625 -0.0085 0 -0.053 0.03875 0 -0.0586292 0.0355 0 -0.0595 0.0085 0 -0.053 -0.00937083 0 -0.01375 -0.0085 0 -0.017 -0.0805 0 -0.017 -0.0796292 0 -0.01375 -0.1125 0 -0.0015 0.0355 0 -0.0105 0.015 0 -0.0105 0.01175 0 -0.0113708 0.074 0 -0.0595 0.0535 0 -0.0595 0.05025 0 -0.0586292 0.0411292 0 -0.05625 0.0478708 0 -0.05625 0.042 0 -0.053 0.047 0 -0.053 0.042 0 -0.017 0.047 0 -0.017 0.0411292 0 -0.01375 0.0478708 0 -0.01375 0.03875 0 -0.0113708 0.05025 0 -0.0113708 0.074 0 -0.0105 0.07725 0 -0.0113708 0.1125 0 -0.0015 0.0796292 0 -0.01375 0.0805 0 -0.017 -0.015 0 -0.0105 -0.01175 0 -0.0113708 0.00937083 0 -0.01375 0.0085 0 -0.017 0.0535 0 -0.0105 -0.074 0 -0.0595 -0.111 0 -0.0685 -0.0535 0 -0.0595 -0.118361 0 -0.06425 -0.11701 0 -0.0660104 -0.0805 0 -0.053 0.1195 0 0.0306 0.1195 0 -0.06 0.0805 0 -0.053 -0.11921 0 0.0328 -0.1195 0 0.0306 -0.1195 0 -0.06 -0.11921 0 -0.0622 -0.07725 0 -0.0113708 -0.074 0 -0.0105 -0.0535 0 -0.0105 0.11525 0 -0.0673612 0.11701 0 -0.0660104 -0.07725 0 -0.0586292 -0.0796292 0 -0.05625 -0.1132 0 -0.0682104 -0.11525 0 -0.0673612 0.1132 0 -0.0682104 0.118361 0 -0.06425 0.11921 0 -0.0622 -0.121 0.0015 0.0306 -0.121 0.0392 0.0306 -0.121 0.0015 -0.06 -0.121 0.0392 -0.0121 -0.121 0.0708 0.0306 -0.121 0.07155 0.0306 -0.121 0.0708 -0.0121 -0.121 0.07155 -0.06 -0.121 0.0703607 -0.0131607 -0.121 0.0396393 -0.0131607 -0.121 0.0407 -0.0136 -0.121 0.0693 -0.0136 0.0992277 0.0101366 0 0.111 0.0015 0 0.102945 0.0121234 0 0.106203 0.0147972 0 0.111 0.0221101 0 0.110863 0.0217723 0 0.108877 0.0180552 0 -0.0951944 0.00891312 0 -0.0992277 0.0101366 0 -0.111 0.0015 0 -0.102945 0.0121234 0 -0.106203 0.0147972 0 -0.108877 0.0180552 0 -0.110863 0.0217723 0 -0.111 0.0221101 0 0.0951944 0.00891312 0 0.091 0.0085 0 -0.091 0.0085 0 0.121 0.0392 0.0306 0.121 0.0015 0.0306 0.121 0.0392 -0.0121 0.121 0.0015 -0.06 0.121 0.0396393 -0.0131607 0.121 0.07155 -0.06 0.121 0.07155 0.0306 0.121 0.0708 -0.0121 0.121 0.0708 0.0306 0.121 0.0703607 -0.0131607 0.121 0.0693 -0.0136 0.121 0.0407 -0.0136 -0.111 0.0015 -0.07 -0.111 0.0085 -0.07 0.111 0.0015 -0.07 0.111 0.0085 -0.07 -0.121 0.04475 -0.009 -0.119 0.04475 -0.009 -0.121 0.0455985 -0.00864853 -0.119 0.0455985 -0.00864853 -0.121 0.04595 -0.0078 -0.119 0.04595 -0.0078 -0.121 0.0455985 -0.00695147 -0.119 0.0455985 -0.00695147 -0.121 0.04475 -0.0066 -0.119 0.04475 -0.0066 -0.121 0.0439015 -0.00695147 -0.119 0.0439015 -0.00695147 -0.121 0.04355 -0.0078 -0.119 0.04355 -0.0078 -0.121 0.0439015 -0.00864853 -0.119 0.0439015 -0.00864853 -0.121 0.06525 -0.009 -0.119 0.06525 -0.009 -0.121 0.0660985 -0.00864853 -0.119 0.0660985 -0.00864853 -0.121 0.06645 -0.0078 -0.119 0.06645 -0.0078 -0.121 0.0660985 -0.00695147 -0.119 0.0660985 -0.00695147 -0.121 0.06525 -0.0066 -0.119 0.06525 -0.0066 -0.121 0.0644015 -0.00695147 -0.119 0.0644015 -0.00695147 -0.121 0.06405 -0.0078 -0.119 0.06405 -0.0078 -0.121 0.0644015 -0.00864853 -0.119 0.0644015 -0.00864853 0.121 0.066 0.002 0.121 0.066 0.019 0.111 0.066 0.002 0.111 0.066 0.019 0.121 0.044 0.002 0.121 0.0453 0.002 0.1187 0.0453 0.002 0.121 0.0647 0.002 0.121 0.066 0.002 0.1187 0.0647 0.002 0.111 0.066 0.002 0.111 0.044 0.002 0.121 0.044 0.019 0.121 0.044 0.002 0.111 0.044 0.019 0.111 0.044 0.002 0.121 0.066 0.019 0.121 0.044 0.019 0.111 0.066 0.019 0.111 0.044 0.019 0.130141 0.0693 0.0356 0.130141 0.0407 0.0356 0.130125 0.0691156 0.0356 0.129619 0.0683181 0.0356 0.121 0.0422 0.0356 0.121 0.0678 0.0356 0.127822 0.0422 0.0356 0.127822 0.0678 0.0356 0.128758 0.04209 0.0356 0.129871 0.0414324 0.0356 0.121 0.0422 -0.0106 0.121 0.0439015 -0.00864853 0.121 0.04355 -0.0078 0.121 0.04475 -0.009 0.121 0.0678 -0.0106 0.121 0.0455985 -0.00864853 0.121 0.0455985 -0.00695147 0.121 0.0647 -0.0054 0.121 0.04475 -0.0066 0.121 0.0453 -0.0054 0.121 0.0439015 -0.00695147 0.121 0.0453 0.002 0.121 0.044 0.002 0.121 0.0647 0.002 0.121 0.066 0.002 0.121 0.0660985 -0.00695147 0.121 0.0678 0.0356 0.121 0.066 0.019 0.121 0.06645 -0.0078 0.121 0.044 0.019 0.121 0.0527373 0.0227373 0.121 0.0518 0.025 0.121 0.055 0.0218 0.121 0.0572627 0.0227373 0.121 0.0660985 -0.00864853 0.121 0.06525 -0.009 0.121 0.0644015 -0.00864853 0.121 0.04595 -0.0078 0.121 0.06405 -0.0078 0.121 0.0644015 -0.00695147 0.121 0.06525 -0.0066 0.121 0.0422 0.0356 0.121 0.0527373 0.0272627 0.121 0.055 0.0282 0.121 0.0572627 0.0272627 0.121 0.0582 0.025 0.130513 0.0678 0.0325756 0.127822 0.0678 0.0356 0.1315 0.0678 0.0286 0.121 0.0678 0.0356 0.1315 0.0678 -0.0036 0.121 0.0678 -0.0106 0.130513 0.0678 -0.00757559 0.127822 0.0678 -0.0106 0.129871 0.0685676 -0.0106 0.129619 0.0416819 -0.0106 0.130141 0.0693 -0.0106 0.130125 0.0408844 -0.0106 0.130141 0.0407 -0.0106 0.121 0.0678 -0.0106 0.121 0.0422 -0.0106 0.127822 0.0678 -0.0106 0.127822 0.0422 -0.0106 0.128758 0.06791 -0.0106 0.129467 0.0682094 -0.0106 0.130513 0.0422 -0.00757559 0.127822 0.0422 -0.0106 0.1315 0.0422 -0.0036 0.121 0.0422 -0.0106 0.1315 0.0422 0.0286 0.121 0.0422 0.0356 0.130513 0.0422 0.0325756 0.127822 0.0422 0.0356 0.111 0.0463056 -0.00624437 0.111 0.04475 -0.0056 0.111 0.044 0.002 0.111 0.066 0.019 0.111 0.044 0.019 0.111 0.055 0.0218 0.111 0.0527373 0.0227373 0.111 0.07155 0.0306 0.111 0.055 0.0282 0.111 0.0015 0.0306 0.111 0.0527373 0.0272627 0.111 0.0518 0.025 0.111 0.06525 -0.0056 0.111 0.04475 -0.01 0.111 0.0463056 -0.00935564 0.111 0.07155 -0.054 0.111 0.03 -0.054 0.111 0.03 -0.0015 0.111 0.066 0.002 0.111 0.0668056 -0.00624437 0.111 0.04695 -0.0078 0.111 0.0572627 0.0227373 0.111 0.0582 0.025 0.111 0.0572627 0.0272627 0.111 0.0431944 -0.00624437 0.111 0.04255 -0.0078 0.111 0.0431944 -0.00935564 0.111 0.0636944 -0.00624437 0.111 0.06305 -0.0078 0.111 0.0636944 -0.00935564 0.111 0.06525 -0.01 0.111 0.0668056 -0.00935564 0.111 0.06745 -0.0078 0.111 0.0261654 -0.000520132 0.111 0.02599 -0.000482313 0.111 0.0221101 0 0.111 0.0015 0 0.111 0.0299727 -0.00149253 0.1195 0.07305 -0.06 0.119182 0.07305 -0.0623033 0.116354 0.07305 -0.0611176 0.11499 0.07305 0.0366104 0.116 0.07305 0.0374739 0.11701 0.07305 0.0366104 0.113639 0.07305 0.03485 0.118361 0.07305 0.03485 0.1125 0.07305 0.0306 0.11279 0.07305 0.0328 0.113525 0.07305 -0.0580469 0.1125 0.07305 -0.054 0.1195 0.07305 0.0306 0.11921 0.07305 0.0328 0.120165 0.0229719 -0.064 0.120165 0.0085 -0.064 0.119856 0.0093761 -0.064 0.113361 0.01 -0.064 0.116934 0.0149185 -0.064 0.1185 0.01 -0.064 0.119024 0.00992583 -0.064 0.119678 0.00956602 -0.064 0.119966 0.0221899 -0.064 0.121 0.06525 -0.0066 0.119 0.06525 -0.0066 0.121 0.0660985 -0.00695147 0.119 0.0660985 -0.00695147 0.121 0.06645 -0.0078 0.119 0.06645 -0.0078 0.121 0.0660985 -0.00864853 0.119 0.0660985 -0.00864853 0.121 0.06525 -0.009 0.119 0.06525 -0.009 0.121 0.0644015 -0.00864853 0.119 0.0644015 -0.00864853 0.121 0.06405 -0.0078 0.119 0.06405 -0.0078 0.121 0.0644015 -0.00695147 0.119 0.0644015 -0.00695147 0.121 0.04475 -0.0066 0.119 0.04475 -0.0066 0.121 0.0455985 -0.00695147 0.119 0.0455985 -0.00695147 0.121 0.04595 -0.0078 0.119 0.04595 -0.0078 0.121 0.0455985 -0.00864853 0.119 0.0455985 -0.00864853 0.121 0.04475 -0.009 0.119 0.04475 -0.009 0.121 0.0439015 -0.00864853 0.119 0.0439015 -0.00864853 0.121 0.04355 -0.0078 0.119 0.04355 -0.0078 0.121 0.0439015 -0.00695147 0.119 0.0439015 -0.00695147 0.119 0.0660985 -0.00864853 0.119 0.0668056 -0.00935564 0.119 0.06525 -0.009 0.119 0.06525 -0.01 0.119 0.0644015 -0.00864853 0.119 0.0636944 -0.00935564 0.119 0.06405 -0.0078 0.119 0.06305 -0.0078 0.119 0.0644015 -0.00695147 0.119 0.0636944 -0.00624437 0.119 0.06525 -0.0066 0.119 0.06525 -0.0056 0.119 0.0660985 -0.00695147 0.119 0.0668056 -0.00624437 0.119 0.06645 -0.0078 0.119 0.06745 -0.0078 0.119 0.06525 -0.0056 0.111 0.06525 -0.0056 0.119 0.0668056 -0.00624437 0.111 0.0668056 -0.00624437 0.119 0.06745 -0.0078 0.111 0.06745 -0.0078 0.119 0.0668056 -0.00935564 0.111 0.0668056 -0.00935564 0.119 0.06525 -0.01 0.111 0.06525 -0.01 0.119 0.0636944 -0.00935564 0.111 0.0636944 -0.00935564 0.119 0.06305 -0.0078 0.111 0.06305 -0.0078 0.119 0.0636944 -0.00624437 0.111 0.0636944 -0.00624437 0.119 0.04475 -0.0056 0.111 0.04475 -0.0056 0.119 0.0463056 -0.00624437 0.111 0.0463056 -0.00624437 0.119 0.04695 -0.0078 0.111 0.04695 -0.0078 0.119 0.0463056 -0.00935564 0.111 0.0463056 -0.00935564 0.119 0.04475 -0.01 0.111 0.04475 -0.01 0.119 0.0431944 -0.00935564 0.111 0.0431944 -0.00935564 0.119 0.04255 -0.0078 0.111 0.04255 -0.0078 0.119 0.0431944 -0.00624437 0.111 0.0431944 -0.00624437 0.119 0.04355 -0.0078 0.119 0.04255 -0.0078 0.119 0.0439015 -0.00695147 0.119 0.0431944 -0.00624437 0.119 0.04475 -0.0066 0.119 0.04475 -0.0056 0.119 0.0455985 -0.00695147 0.119 0.0463056 -0.00624437 0.119 0.04595 -0.0078 0.119 0.04695 -0.0078 0.119 0.0455985 -0.00864853 0.119 0.0463056 -0.00935564 0.119 0.04475 -0.009 0.119 0.04475 -0.01 0.119 0.0439015 -0.00864853 0.119 0.0431944 -0.00935564 0.121 0.055 0.0282 0.111 0.055 0.0282 0.121 0.0572627 0.0272627 0.111 0.0572627 0.0272627 0.121 0.0582 0.025 0.111 0.0582 0.025 0.121 0.0572627 0.0227373 0.111 0.0572627 0.0227373 0.121 0.055 0.0218 0.111 0.055 0.0218 0.121 0.0527373 0.0227373 0.111 0.0527373 0.0227373 0.121 0.0518 0.025 0.111 0.0518 0.025 0.121 0.0527373 0.0272627 0.111 0.0527373 0.0272627 0.117 0.0693 0.0386 0.117 0.0407 0.0386 0.123 0.0693 0.0386 0.123 0.0407 0.0386 0.123 0.0392 0.0371 0.118599 0.0392 0.0371 0.11966 0.0392 0.0356 0.126292 0.0392 0.0364366 0.121 0.0392 0.0306 0.12907 0.0392 0.03455 0.123 0.0392 -0.0121 0.126292 0.0392 -0.0114366 0.12907 0.0392 -0.00955 0.1315 0.0392 -0.0036 0.1315 0.0392 0.0286 0.130869 0.0392 0.0318135 0.121 0.0392 -0.0121 0.130869 0.0392 -0.0068135 0.123 0.0693 -0.0136 0.123 0.0407 -0.0136 0.121 0.0693 -0.0136 0.121 0.0407 -0.0136 0.11966 0.0708 0.0356 0.118599 0.0708 0.0371 0.123 0.0708 0.0371 0.121 0.0708 0.0306 0.126292 0.0708 0.0364366 0.12907 0.0708 0.03455 0.12907 0.0708 -0.00955 0.126292 0.0708 -0.0114366 0.130869 0.0708 -0.0068135 0.123 0.0708 -0.0121 0.1315 0.0708 -0.0036 0.121 0.0708 -0.0121 0.1315 0.0708 0.0286 0.130869 0.0708 0.0318135 0.1187 0.0453 -0.0054 0.1187 0.0647 -0.0054 0.1187 0.0453 0.002 0.1187 0.0647 0.002 0.121 0.0647 -0.0054 0.121 0.0647 0.002 0.1187 0.0647 -0.0054 0.1187 0.0647 0.002 0.121 0.0453 -0.0054 0.121 0.0647 -0.0054 0.1187 0.0453 -0.0054 0.1187 0.0647 -0.0054 0.1187 0.0453 -0.0054 0.1187 0.0453 0.002 0.121 0.0453 -0.0054 0.121 0.0453 0.002 -0.111 0.03 -0.054 -0.111 0.07155 -0.054 -0.111 0.0463056 -0.00935564 -0.111 0.04255 -0.0078 -0.111 0.03 -0.0015 -0.111 0.0431944 -0.00935564 -0.111 0.04475 -0.01 -0.111 0.0636944 -0.00624437 -0.111 0.06525 -0.0056 -0.111 0.066 0.002 -0.111 0.0668056 -0.00624437 -0.111 0.06745 -0.0078 -0.111 0.06305 -0.0078 -0.111 0.04695 -0.0078 -0.111 0.0636944 -0.00935564 -0.111 0.06525 -0.01 -0.111 0.02599 -0.000482313 -0.111 0.044 0.019 -0.111 0.0221101 0 -0.111 0.0015 0.0306 -0.111 0.0015 0 -0.111 0.066 0.019 -0.111 0.07155 0.0306 -0.111 0.0668056 -0.00935564 -0.111 0.055 0.0218 -0.111 0.0527373 0.0227373 -0.111 0.0518 0.025 -0.111 0.0431944 -0.00624437 -0.111 0.04475 -0.0056 -0.111 0.044 0.002 -0.111 0.0463056 -0.00624437 -0.111 0.0299727 -0.00149253 -0.111 0.0261654 -0.000520132 -0.111 0.0527373 0.0272627 -0.111 0.055 0.0282 -0.111 0.0572627 0.0272627 -0.111 0.0582 0.025 -0.111 0.0572627 0.0227373 -0.11701 0.07305 0.0366104 -0.116 0.07305 0.0374739 -0.11499 0.07305 0.0366104 -0.116354 0.07305 -0.0611176 -0.119182 0.07305 -0.0623033 -0.113525 0.07305 -0.0580469 -0.1195 0.07305 -0.06 -0.1195 0.07305 0.0306 -0.11921 0.07305 0.0328 -0.1125 0.07305 0.0306 -0.118361 0.07305 0.03485 -0.11279 0.07305 0.0328 -0.113639 0.07305 0.03485 -0.1125 0.07305 -0.054 -0.116934 0.0149185 -0.064 -0.113361 0.01 -0.064 -0.1185 0.01 -0.064 -0.120165 0.0085 -0.064 -0.120165 0.0229719 -0.064 -0.120154 0.00867397 -0.064 -0.119644 0.00959514 -0.064 -0.119966 0.0221899 -0.064 -0.119 0.04595 -0.0078 -0.119 0.04695 -0.0078 -0.119 0.0455985 -0.00695147 -0.119 0.0463056 -0.00624437 -0.119 0.04475 -0.0066 -0.119 0.04475 -0.0056 -0.119 0.0439015 -0.00695147 -0.119 0.0431944 -0.00624437 -0.119 0.04355 -0.0078 -0.119 0.04255 -0.0078 -0.119 0.0439015 -0.00864853 -0.119 0.0431944 -0.00935564 -0.119 0.04475 -0.009 -0.119 0.04475 -0.01 -0.119 0.0455985 -0.00864853 -0.119 0.0463056 -0.00935564 -0.119 0.04475 -0.01 -0.111 0.04475 -0.01 -0.119 0.0463056 -0.00935564 -0.111 0.0463056 -0.00935564 -0.119 0.04695 -0.0078 -0.111 0.04695 -0.0078 -0.119 0.0463056 -0.00624437 -0.111 0.0463056 -0.00624437 -0.119 0.04475 -0.0056 -0.111 0.04475 -0.0056 -0.119 0.0431944 -0.00624437 -0.111 0.0431944 -0.00624437 -0.119 0.04255 -0.0078 -0.111 0.04255 -0.0078 -0.119 0.0431944 -0.00935564 -0.111 0.0431944 -0.00935564 -0.119 0.06525 -0.01 -0.111 0.06525 -0.01 -0.119 0.0668056 -0.00935564 -0.111 0.0668056 -0.00935564 -0.119 0.06745 -0.0078 -0.111 0.06745 -0.0078 -0.119 0.0668056 -0.00624437 -0.111 0.0668056 -0.00624437 -0.119 0.06525 -0.0056 -0.111 0.06525 -0.0056 -0.119 0.0636944 -0.00624437 -0.111 0.0636944 -0.00624437 -0.119 0.06305 -0.0078 -0.111 0.06305 -0.0078 -0.119 0.0636944 -0.00935564 -0.111 0.0636944 -0.00935564 -0.119 0.0660985 -0.00695147 -0.119 0.0668056 -0.00624437 -0.119 0.06525 -0.0066 -0.119 0.06525 -0.0056 -0.119 0.0644015 -0.00695147 -0.119 0.0636944 -0.00624437 -0.119 0.06405 -0.0078 -0.119 0.06305 -0.0078 -0.119 0.0644015 -0.00864853 -0.119 0.0636944 -0.00935564 -0.119 0.06525 -0.009 -0.119 0.06525 -0.01 -0.119 0.0660985 -0.00864853 -0.119 0.0668056 -0.00935564 -0.119 0.06645 -0.0078 -0.119 0.06745 -0.0078 -0.121 0.055 0.0218 -0.111 0.055 0.0218 -0.121 0.0572627 0.0227373 -0.111 0.0572627 0.0227373 -0.121 0.0582 0.025 -0.111 0.0582 0.025 -0.121 0.0572627 0.0272627 -0.111 0.0572627 0.0272627 -0.121 0.055 0.0282 -0.111 0.055 0.0282 -0.121 0.0527373 0.0272627 -0.111 0.0527373 0.0272627 -0.121 0.0518 0.025 -0.111 0.0518 0.025 -0.121 0.0527373 0.0227373 -0.111 0.0527373 0.0227373 -0.121 0.066 0.019 -0.121 0.066 0.002 -0.111 0.066 0.019 -0.111 0.066 0.002 -0.121 0.066 0.002 -0.121 0.0647 0.002 -0.1187 0.0647 0.002 -0.121 0.0453 0.002 -0.121 0.044 0.002 -0.1187 0.0453 0.002 -0.111 0.044 0.002 -0.111 0.066 0.002 -0.121 0.044 0.002 -0.121 0.044 0.019 -0.111 0.044 0.002 -0.111 0.044 0.019 -0.121 0.044 0.019 -0.121 0.066 0.019 -0.111 0.044 0.019 -0.111 0.066 0.019 -0.117 0.0407 0.0386 -0.117 0.0693 0.0386 -0.123 0.0407 0.0386 -0.123 0.0693 0.0386 -0.123 0.0708 0.0371 -0.118599 0.0708 0.0371 -0.11966 0.0708 0.0356 -0.126292 0.0708 0.0364366 -0.121 0.0708 0.0306 -0.12907 0.0708 0.03455 -0.123 0.0708 -0.0121 -0.126292 0.0708 -0.0114366 -0.12907 0.0708 -0.00955 -0.1315 0.0708 -0.0036 -0.1315 0.0708 0.0286 -0.130869 0.0708 0.0318135 -0.121 0.0708 -0.0121 -0.130869 0.0708 -0.0068135 -0.11966 0.0392 0.0356 -0.118599 0.0392 0.0371 -0.123 0.0392 0.0371 -0.121 0.0392 0.0306 -0.126292 0.0392 0.0364366 -0.12907 0.0392 0.03455 -0.12907 0.0392 -0.00955 -0.126292 0.0392 -0.0114366 -0.130869 0.0392 -0.0068135 -0.123 0.0392 -0.0121 -0.1315 0.0392 -0.0036 -0.121 0.0392 -0.0121 -0.1315 0.0392 0.0286 -0.130869 0.0392 0.0318135 -0.123 0.0407 -0.0136 -0.123 0.0693 -0.0136 -0.121 0.0407 -0.0136 -0.121 0.0693 -0.0136 -0.129871 0.0414324 -0.0106 -0.129619 0.0683181 -0.0106 -0.130141 0.0407 -0.0106 -0.130125 0.0691156 -0.0106 -0.130141 0.0693 -0.0106 -0.121 0.0422 -0.0106 -0.121 0.0678 -0.0106 -0.127822 0.0422 -0.0106 -0.127822 0.0678 -0.0106 -0.128758 0.04209 -0.0106 -0.129467 0.0417906 -0.0106 -0.130513 0.0422 0.0325756 -0.127822 0.0422 0.0356 -0.1315 0.0422 0.0286 -0.121 0.0422 0.0356 -0.1315 0.0422 -0.0036 -0.121 0.0422 -0.0106 -0.130513 0.0422 -0.00757559 -0.127822 0.0422 -0.0106 -0.129871 0.0685676 0.0356 -0.129619 0.0416819 0.0356 -0.130141 0.0693 0.0356 -0.130125 0.0408844 0.0356 -0.130141 0.0407 0.0356 -0.121 0.0678 0.0356 -0.121 0.0422 0.0356 -0.127822 0.0678 0.0356 -0.127822 0.0422 0.0356 -0.128758 0.06791 0.0356 -0.129467 0.0682094 0.0356 -0.121 0.0455985 -0.00695147 -0.121 0.04475 -0.0066 -0.121 0.0453 -0.0054 -0.121 0.0527373 0.0272627 -0.121 0.0422 0.0356 -0.121 0.055 0.0282 -0.121 0.0678 0.0356 -0.121 0.0572627 0.0272627 -0.121 0.0582 0.025 -0.121 0.0453 0.002 -0.121 0.04475 -0.009 -0.121 0.06525 -0.0066 -0.121 0.0644015 -0.00695147 -0.121 0.0518 0.025 -0.121 0.0527373 0.0227373 -0.121 0.044 0.019 -0.121 0.055 0.0218 -0.121 0.066 0.019 -0.121 0.0572627 0.0227373 -0.121 0.0455985 -0.00864853 -0.121 0.04595 -0.0078 -0.121 0.0678 -0.0106 -0.121 0.066 0.002 -0.121 0.06645 -0.0078 -0.121 0.0660985 -0.00695147 -0.121 0.0647 -0.0054 -0.121 0.0647 0.002 -0.121 0.044 0.002 -0.121 0.0439015 -0.00695147 -0.121 0.04355 -0.0078 -0.121 0.0422 -0.0106 -0.121 0.0439015 -0.00864853 -0.121 0.06405 -0.0078 -0.121 0.0644015 -0.00864853 -0.121 0.06525 -0.009 -0.121 0.0660985 -0.00864853 -0.130513 0.0678 -0.00757559 -0.127822 0.0678 -0.0106 -0.1315 0.0678 -0.0036 -0.121 0.0678 -0.0106 -0.1315 0.0678 0.0286 -0.121 0.0678 0.0356 -0.130513 0.0678 0.0325756 -0.127822 0.0678 0.0356 -0.1187 0.0647 -0.0054 -0.1187 0.0453 -0.0054 -0.1187 0.0647 0.002 -0.1187 0.0453 0.002 -0.1187 0.0647 -0.0054 -0.1187 0.0647 0.002 -0.121 0.0647 -0.0054 -0.121 0.0647 0.002 -0.121 0.0647 -0.0054 -0.121 0.0453 -0.0054 -0.1187 0.0647 -0.0054 -0.1187 0.0453 -0.0054 -0.121 0.0453 -0.0054 -0.121 0.0453 0.002 -0.1187 0.0453 -0.0054 -0.1187 0.0453 0.002 0.0355 0.0015 -0.058 0.0355 0.0085 -0.058 0.015 0.0015 -0.058 0.015 0.0085 -0.058 0.0405 0.0015 -0.017 0.0405 0.0085 -0.017 0.0405 0.0015 -0.053 0.0405 0.0085 -0.053 0.015 0.0015 -0.012 0.015 0.0085 -0.012 0.0355 0.0015 -0.012 0.0355 0.0085 -0.012 0.01 0.0015 -0.053 0.01 0.0085 -0.053 0.01 0.0015 -0.017 0.01 0.0085 -0.017 0.0485 0.0015 -0.053 0.0485 0.0085 -0.053 0.0485 0.0015 -0.017 0.0485 0.0085 -0.017 0.0535 0.0015 -0.012 0.0535 0.0085 -0.012 0.074 0.0015 -0.012 0.074 0.0085 -0.012 0.079 0.0015 -0.017 0.079 0.0085 -0.017 0.079 0.0015 -0.053 0.079 0.0085 -0.053 0.074 0.0015 -0.058 0.074 0.0085 -0.058 0.0535 0.0015 -0.058 0.0535 0.0085 -0.058 -0.079 0.0015 -0.053 -0.079 0.0085 -0.053 -0.079 0.0015 -0.017 -0.079 0.0085 -0.017 -0.074 0.0015 -0.012 -0.074 0.0085 -0.012 -0.0535 0.0015 -0.012 -0.0535 0.0085 -0.012 -0.0485 0.0015 -0.017 -0.0485 0.0085 -0.017 -0.0485 0.0015 -0.053 -0.0485 0.0085 -0.053 -0.0535 0.0015 -0.058 -0.0535 0.0085 -0.058 -0.074 0.0015 -0.058 -0.074 0.0085 -0.058 -0.0405 0.0015 -0.053 -0.0405 0.0085 -0.053 -0.0405 0.0015 -0.017 -0.0405 0.0085 -0.017 -0.0355 0.0015 -0.012 -0.0355 0.0085 -0.012 -0.015 0.0015 -0.012 -0.015 0.0085 -0.012 -0.01 0.0015 -0.017 -0.01 0.0085 -0.017 -0.01 0.0015 -0.053 -0.01 0.0085 -0.053 -0.015 0.0015 -0.058 -0.015 0.0085 -0.058 -0.0355 0.0015 -0.058 -0.0355 0.0085 -0.058 0.110616 0.0260982 -0.0015 0.11031 0.0247933 -0.054 0.109478 0.0223463 -0.0015 0.109478 0.0223463 -0.054 0.107629 0.0188886 -0.0015 0.108289 0.0199456 -0.054 0.105142 0.0158579 -0.0015 0.105075 0.0157914 -0.054 0.102111 0.0133706 -0.0015 0.100891 0.012617 -0.054 0.0986537 0.0115224 -0.0015 0.0986537 0.0115224 -0.054 0.0949018 0.0103843 -0.0015 0.0960245 0.0106414 -0.054 -0.11031 0.0247933 -0.054 -0.110616 0.0260982 -0.0015 -0.109478 0.0223463 -0.054 -0.109478 0.0223463 -0.0015 -0.108289 0.0199456 -0.054 -0.107629 0.0188886 -0.0015 -0.105075 0.0157914 -0.054 -0.105142 0.0158579 -0.0015 -0.100891 0.012617 -0.054 -0.102111 0.0133706 -0.0015 -0.0986537 0.0115224 -0.054 -0.0986537 0.0115224 -0.0015 -0.0960245 0.0106414 -0.054 -0.0949018 0.0103843 -0.0015 -0.113588 0.0085 -0.0696593 -0.113588 0.0015 -0.0696593 -0.116 0.0085 -0.0686603 -0.116 0.0015 -0.0686603 -0.118071 0.0085 -0.0670711 -0.118071 0.0015 -0.0670711 -0.11966 0.0085 -0.065 -0.12018 0.03 -0.0639663 -0.12018 0.07155 -0.0639663 -0.120165 0.0229719 -0.064 -0.120165 0.0085 -0.064 -0.120659 0.0015 -0.0625882 -0.11966 0.0015 -0.065 0.12018 0.07155 -0.0639663 0.12018 0.03 -0.0639663 0.120165 0.0229719 -0.064 0.120165 0.0085 -0.064 0.120659 0.0015 -0.0625882 0.11966 0.0015 -0.065 0.118071 0.0085 -0.0670711 0.118071 0.0015 -0.0670711 0.116 0.0085 -0.0686603 0.116 0.0015 -0.0686603 0.113588 0.0085 -0.0696593 0.113588 0.0015 -0.0696593 0.117545 0.0396393 0.0381607 0.116 0.0015 0.0392603 0.118599 0.0392 0.0371 0.118071 0.0015 0.0376711 0.11966 0.0392 0.0356 0.117 0.0693 0.0386 0.116 0.07155 0.0392603 0.117 0.0407 0.0386 0.117171 0.0400858 0.0384685 0.117172 0.0699146 0.0384683 0.117545 0.0703607 0.0381607 0.118071 0.07155 0.0376711 0.118599 0.0708 0.0371 0.11966 0.07155 0.0356 0.11966 0.0708 0.0356 0.120659 0.07155 0.0331882 0.120659 0.0015 0.0331882 0.11966 0.0015 0.0356 0.111341 0.07155 0.0331882 0.111341 0.0015 0.0331882 0.11234 0.07155 0.0356 0.11234 0.0015 0.0356 0.113929 0.07155 0.0376711 0.113929 0.0015 0.0376711 0.116 0.07155 0.0392603 0.116 0.0015 0.0392603 0.116271 0.0231862 -0.0632388 0.0984686 0.01 -0.059016 0.0930038 0.01 -0.0554116 0.102339 0.0100713 -0.0610711 0.103764 0.01 -0.0617871 0.107137 0.0137106 -0.0610711 0.106438 0.01 -0.0628081 0.10942 0.0114058 -0.0632388 0.110937 0.01 -0.0638439 0.113625 0.0168423 -0.0632388 0.110821 0.0184732 -0.0610711 0.12018 0.03 -0.0639663 0.117173 0.03 -0.0632388 0.113929 0.03 -0.0610711 0.113138 0.0240308 -0.0610711 0.111761 0.03 -0.0578268 0.111045 0.0245951 -0.0578268 0.101267 0.0119554 -0.0578268 0.105611 0.0152506 -0.0578268 0.108947 0.019563 -0.0578268 0.12018 0.07155 -0.0639663 0.115534 0.07155 -0.0623737 0.112206 0.07155 -0.0587611 0.126873 0.0407 0.0378195 0.126873 0.0693 0.0378195 0.130141 0.0407 0.0356 0.130141 0.0693 0.0356 0.126873 0.0693 -0.0128195 0.126873 0.0407 -0.0128195 0.130141 0.0693 -0.0106 0.130141 0.0407 -0.0106 -0.120659 0.0015 0.0331882 -0.11966 0.0392 0.0356 -0.117545 0.0703607 0.0381607 -0.117171 0.0699142 0.0384685 -0.116 0.07155 0.0392603 -0.117 0.0693 0.0386 -0.117 0.0407 0.0386 -0.116 0.0015 0.0392603 -0.117172 0.0400854 0.0384683 -0.117545 0.0396393 0.0381607 -0.118599 0.0392 0.0371 -0.118071 0.0015 0.0376711 -0.11966 0.0015 0.0356 -0.120659 0.07155 0.0331882 -0.11966 0.0708 0.0356 -0.118599 0.0708 0.0371 -0.118071 0.07155 0.0376711 -0.11966 0.07155 0.0356 -0.113625 0.0168423 -0.0632388 -0.110821 0.0184732 -0.0610711 -0.107137 0.0137106 -0.0610711 -0.108947 0.019563 -0.0578268 -0.105611 0.0152506 -0.0578268 -0.12018 0.03 -0.0639663 -0.117173 0.03 -0.0632388 -0.106438 0.01 -0.0628081 -0.108776 0.01 -0.0634599 -0.10942 0.0114058 -0.0632388 -0.0930038 0.01 -0.0554116 -0.0943016 0.01 -0.0563109 -0.10109 0.01 -0.0605007 -0.111761 0.03 -0.0578268 -0.111045 0.0245951 -0.0578268 -0.101267 0.0119554 -0.0578268 -0.102339 0.0100713 -0.0610711 -0.116271 0.0231862 -0.0632388 -0.113138 0.0240308 -0.0610711 -0.113929 0.03 -0.0610711 -0.112206 0.03 -0.0587611 -0.12018 0.07155 -0.0639663 -0.115534 0.07155 -0.0623737 -0.112206 0.07155 -0.0587611 -0.116 0.07155 0.0392603 -0.116 0.0015 0.0392603 -0.113929 0.07155 0.0376711 -0.113929 0.0015 0.0376711 -0.11234 0.07155 0.0356 -0.11234 0.0015 0.0356 -0.111341 0.07155 0.0331882 -0.111341 0.0015 0.0331882 -0.130141 0.0693 0.0356 -0.130141 0.0407 0.0356 -0.126873 0.0407 0.0378195 -0.126873 0.0693 0.0378195 -0.130141 0.0407 -0.0106 -0.130141 0.0693 -0.0106 -0.126873 0.0693 -0.0128195 -0.126873 0.0407 -0.0128195 -0.038 0.0015 -0.0573301 -0.0374134 0.0085 -0.0576194 -0.0390355 0.0015 -0.0565355 -0.0390355 0.0085 -0.0565355 -0.0398301 0.0015 -0.0555 -0.0401194 0.0085 -0.0549134 -0.0106699 0.0015 -0.0555 -0.0103806 0.0085 -0.0549134 -0.0114645 0.0015 -0.0565355 -0.0114645 0.0085 -0.0565355 -0.0125 0.0015 -0.0573301 -0.0130866 0.0085 -0.0576194 -0.0125 0.0015 -0.0126699 -0.0130866 0.0085 -0.0123806 -0.0114645 0.0015 -0.0134645 -0.0114645 0.0085 -0.0134645 -0.0106699 0.0015 -0.0145 -0.0103806 0.0085 -0.0150866 -0.0398301 0.0015 -0.0145 -0.0401194 0.0085 -0.0150866 -0.0390355 0.0015 -0.0134645 -0.0390355 0.0085 -0.0134645 -0.038 0.0015 -0.0126699 -0.0374134 0.0085 -0.0123806 -0.0765 0.0015 -0.0573301 -0.0759134 0.0085 -0.0576194 -0.0775355 0.0015 -0.0565355 -0.0775355 0.0085 -0.0565355 -0.0783301 0.0015 -0.0555 -0.0786194 0.0085 -0.0549134 -0.0491699 0.0015 -0.0555 -0.0488806 0.0085 -0.0549134 -0.0499645 0.0015 -0.0565355 -0.0499645 0.0085 -0.0565355 -0.051 0.0015 -0.0573301 -0.0515866 0.0085 -0.0576194 -0.051 0.0015 -0.0126699 -0.0515866 0.0085 -0.0123806 -0.0499645 0.0015 -0.0134645 -0.0499645 0.0085 -0.0134645 -0.0491699 0.0015 -0.0145 -0.0488806 0.0085 -0.0150866 -0.0783301 0.0015 -0.0145 -0.0786194 0.0085 -0.0150866 -0.0775355 0.0015 -0.0134645 -0.0775355 0.0085 -0.0134645 -0.0765 0.0015 -0.0126699 -0.0759134 0.0085 -0.0123806 0.051 0.0015 -0.0573301 0.0515866 0.0085 -0.0576194 0.0499645 0.0015 -0.0565355 0.0499645 0.0085 -0.0565355 0.0491699 0.0015 -0.0555 0.0488806 0.0085 -0.0549134 0.0783301 0.0015 -0.0555 0.0786194 0.0085 -0.0549134 0.0775355 0.0015 -0.0565355 0.0775355 0.0085 -0.0565355 0.0765 0.0015 -0.0573301 0.0759134 0.0085 -0.0576194 0.0765 0.0015 -0.0126699 0.0759134 0.0085 -0.0123806 0.0775355 0.0015 -0.0134645 0.0775355 0.0085 -0.0134645 0.0783301 0.0015 -0.0145 0.0786194 0.0085 -0.0150866 0.0491699 0.0015 -0.0145 0.0488806 0.0085 -0.0150866 0.0499645 0.0015 -0.0134645 0.0499645 0.0085 -0.0134645 0.051 0.0015 -0.0126699 0.0515866 0.0085 -0.0123806 0.0125 0.0015 -0.0573301 0.0130866 0.0085 -0.0576194 0.0114645 0.0015 -0.0565355 0.0114645 0.0085 -0.0565355 0.0106699 0.0015 -0.0555 0.0103806 0.0085 -0.0549134 0.0398301 0.0015 -0.0555 0.0401194 0.0085 -0.0549134 0.0390355 0.0015 -0.0565355 0.0390355 0.0085 -0.0565355 0.038 0.0015 -0.0573301 0.0374134 0.0085 -0.0576194 0.038 0.0015 -0.0126699 0.0374134 0.0085 -0.0123806 0.0390355 0.0015 -0.0134645 0.0390355 0.0085 -0.0134645 0.0398301 0.0015 -0.0145 0.0401194 0.0085 -0.0150866 0.0106699 0.0015 -0.0145 0.0103806 0.0085 -0.0150866 0.0114645 0.0015 -0.0134645 0.0114645 0.0085 -0.0134645 0.0125 0.0015 -0.0126699 0.0130866 0.0085 -0.0123806 0.112383 0.0723 -0.0586654 0.115643 0.0723 -0.0622054 0.120141 0.0719755 -0.0639012 0.115944 0.072849 -0.0617457 0.119861 0.0726649 -0.063435 0.119186 0.07305 -0.06231 0.112866 0.072849 -0.058404 0.111201 0.0723 -0.054 0.111439 0.0726107 -0.054 0.11175 0.072849 -0.054 0.111201 0.0723 0.0306 0.111439 0.0726107 0.0306 0.11175 0.072849 0.0306 0.116 0.07305 0.0374818 0.116 0.0726197 0.0387383 0.116 0.0729466 0.03814 0.114459 0.072849 0.0371407 0.114071 0.0723 0.037529 0.116 0.0723896 0.0389622 0.112514 0.0723 0.0354995 0.111535 0.0723 0.0331362 0.112065 0.072849 0.0329941 0.112989 0.072849 0.035225 -0.117172 0.0400854 0.0384683 -0.117545 0.0396393 0.0381607 -0.123 0.0396393 0.0381607 -0.123 0.0396393 -0.0131607 -0.126703 0.0396393 -0.0124145 -0.129828 0.0396393 -0.0102925 -0.131851 0.0396393 -0.00721449 -0.132561 0.0396393 -0.0036 -0.132258 0.0407 -0.00738059 -0.133 0.0407 -0.0036 -0.121 0.0396393 -0.0131607 -0.133 0.0693 -0.0036 -0.132258 0.0693 -0.00738059 -0.13145 0.0682393 -0.00807168 -0.129619 0.0683181 -0.0106 -0.130125 0.0691156 -0.0106 -0.132561 0.0682393 -0.0036 -0.130125 0.0408844 0.0356 -0.129619 0.0416819 0.0356 -0.131661 0.04145 0.0331832 -0.131176 0.041999 0.0329264 -0.132799 0.04145 0.0286 -0.133 0.0407 0.0286 -0.132258 0.0407 0.0323806 -0.132561 0.0417607 0.0286 -0.13225 0.041999 0.0286 -0.132561 0.0417607 -0.0036 -0.132561 0.0396393 0.0286 -0.131851 0.0396393 0.0322145 -0.129828 0.0396393 0.0352925 -0.126703 0.0396393 0.0374145 -0.13145 0.0417607 -0.00807168 -0.129467 0.0417906 -0.0106 -0.129871 0.0414324 -0.0106 -0.128758 0.04209 -0.0106 0.116 1.37533e-08 0.0374818 0.116 0.000337929 0.0386171 0.114459 0.000200962 0.0371407 0.116 0.000435022 0.0387439 0.114071 0.00075 0.037529 0.116 0.0010546 0.039182 0.112989 0.000200962 0.035225 0.112065 0.000200962 0.0329941 0.11175 0.000200962 0.0306 0.111535 0.00075 0.0331362 0.111201 0.00075 0.0306 0.111439 0.00043934 0.0306 0.112514 0.00075 0.0354995 0.120561 0.00043934 -0.06 0.120235 0.00043934 -0.0624745 0.11928 0.00043934 -0.0647803 0.11776 0.00043934 -0.0667604 0.11578 0.00043934 -0.0682798 0.113474 0.00043934 -0.0692349 0.111 0.00043934 -0.0695607 0.120561 0.00043934 0.0306 -0.112866 0.072849 -0.058404 -0.119186 0.07305 -0.06231 -0.115944 0.072849 -0.0617457 -0.119556 0.0729485 -0.0629264 -0.119888 0.072626 -0.0634801 -0.115643 0.0723 -0.0622054 -0.120032 0.0723513 -0.06372 -0.112383 0.0723 -0.0586654 -0.11175 0.072849 -0.054 -0.111439 0.0726107 -0.054 -0.111201 0.0723 -0.054 -0.116 0.07305 0.0374818 -0.116 0.0727121 0.0386171 -0.114459 0.072849 0.0371407 -0.116 0.072615 0.0387439 -0.114071 0.0723 0.037529 -0.116 0.0719954 0.039182 -0.112989 0.072849 0.035225 -0.112065 0.072849 0.0329941 -0.11175 0.072849 0.0306 -0.111535 0.0723 0.0331362 -0.111201 0.0723 0.0306 -0.111439 0.0726107 0.0306 -0.112514 0.0723 0.0354995 0.132258 0.0407 0.0323806 0.131661 0.04145 0.0331832 0.129871 0.0414324 0.0356 0.131176 0.041999 0.0329264 0.128758 0.04209 0.0356 0.13225 0.041999 0.0286 0.132561 0.0417607 0.0286 0.132799 0.04145 0.0286 0.133 0.0407 0.0286 0.130125 0.0691156 0.0356 0.13145 0.0682393 0.0330717 0.129619 0.0683181 0.0356 0.132561 0.0682393 0.0286 0.133 0.0693 0.0286 0.132258 0.0693 0.0323806 0.121 0.0703607 -0.0131607 0.123 0.0703607 -0.0131607 0.123 0.0703607 0.0381607 0.126703 0.0703607 0.0374145 0.129828 0.0703607 0.0352925 0.131851 0.0703607 0.0322145 0.132561 0.0703607 0.0286 0.117172 0.0699146 0.0384683 0.117545 0.0703607 0.0381607 0.119856 0.0093761 -0.064 0.119024 0.00992583 -0.064 0.11776 0.00956066 -0.0667604 0.119678 0.00956602 -0.064 0.11578 0.00956066 -0.0682798 0.113474 0.00956066 -0.0692349 0.111 0.00956066 -0.0695607 -0.111 0.00925 -0.069799 -0.111 0.00956066 -0.0695607 -0.111 0.00979904 -0.06925 -0.120154 0.00867397 -0.064 -0.119644 0.00959514 -0.064 -0.119486 0.00925 -0.0648995 -0.119011 0.00979904 -0.064625 -0.117929 0.00925 -0.066929 -0.1159 0.00925 -0.0684862 -0.113536 0.00925 -0.0694651 -0.113394 0.00979904 -0.0689348 -0.117541 0.00979904 -0.0665407 -0.115625 0.00979904 -0.0680107 -0.109883 0.0221782 -0.00043934 -0.111 0.02599 -0.000482313 -0.107995 0.0186445 -0.00043934 -0.105453 0.0155472 -0.00043934 -0.102355 0.0130053 -0.00043934 -0.0988218 0.0111165 -0.00043934 -0.0949875 0.0099534 -0.00043934 -0.091 0.00956066 -0.00043934 -0.111 0.0261654 -0.000520132 0.091 0.00956066 -0.00043934 0.12025 0.072849 -0.06 0.120561 0.0726107 -0.06 0.120561 0.0726107 0.0306 0.120799 0.0723 -0.06 0.116 0.0723896 0.0389622 0.11776 0.0726107 0.0373604 0.116 0.0729466 0.03814 0.116 0.0726197 0.0387383 0.11928 0.0726107 0.0353803 0.120235 0.0726107 0.0330745 -0.117929 0.00075 0.037529 -0.116 0.000660364 0.0389622 -0.116 1.37533e-08 0.0374818 -0.117541 0.000200962 0.0371407 -0.116 0.000103373 0.03814 -0.119011 0.000200962 0.035225 -0.119935 0.000200962 0.0329941 -0.12025 0.000200962 0.0306 -0.120465 0.00075 0.0331362 -0.120799 0.00075 0.0306 -0.120561 0.00043934 0.0306 -0.119486 0.00075 0.0354995 -0.11175 0.000200962 0.0306 -0.111439 0.00043934 -0.00043934 -0.111439 0.00043934 0.0306 -0.111114 0.000925975 -0.000114181 -0.111201 0.00075 0.0306 -0.120561 0.00043934 -0.06 -0.111114 0.000925975 -0.000114181 -0.111439 0.00043934 -0.00043934 0.111439 0.00043934 -0.00043934 0.111114 0.000925975 -0.000114181 -0.111 0.00043934 -0.0695607 -0.113474 0.00043934 -0.0692349 -0.11578 0.00043934 -0.0682798 -0.11776 0.00043934 -0.0667604 -0.11928 0.00043934 -0.0647803 -0.120235 0.00043934 -0.0624745 0.111439 0.00043934 -0.00043934 0.111114 0.000925975 -0.000114181 -0.114459 0.000200962 0.0371407 -0.116 0.000103373 0.03814 -0.114071 0.00075 0.037529 -0.116 0.000660364 0.0389622 -0.112989 0.000200962 0.035225 -0.112065 0.000200962 0.0329941 -0.112514 0.00075 0.0354995 -0.111535 0.00075 0.0331362 -0.116 0.0719954 0.039182 -0.116 0.072615 0.0387439 -0.11776 0.0726107 0.0373604 -0.116 0.0727121 0.0386171 -0.11928 0.0726107 0.0353803 -0.120235 0.0726107 0.0330745 -0.120561 0.0726107 0.0306 -0.120561 0.0726107 -0.06 -0.119556 0.0729485 -0.0629264 -0.119888 0.072626 -0.0634801 -0.120032 0.0723513 -0.06372 0.121 0.0396393 -0.0131607 0.123 0.0396393 -0.0131607 0.126703 0.0396393 -0.0124145 0.129828 0.0396393 -0.0102925 0.132258 0.0407 -0.00738059 0.131851 0.0396393 -0.00721449 0.133 0.0407 -0.0036 0.132561 0.0396393 -0.0036 0.123 0.0396393 0.0381607 0.117545 0.0396393 0.0381607 0.117171 0.0400858 0.0384685 0.130125 0.0408844 -0.0106 0.13145 0.0417607 -0.00807168 0.129619 0.0416819 -0.0106 0.132561 0.0417607 -0.0036 0.132561 0.0396393 0.0286 0.131851 0.0396393 0.0322145 0.129828 0.0396393 0.0352925 0.126703 0.0396393 0.0374145 0.132561 0.0703607 -0.0036 0.133 0.0693 -0.0036 0.131851 0.0703607 -0.00721449 0.132258 0.0693 -0.00738059 0.129828 0.0703607 -0.0102925 0.126703 0.0703607 -0.0124145 0.132561 0.0682393 -0.0036 0.129871 0.0685676 -0.0106 0.13145 0.0682393 -0.00807168 0.129467 0.0682094 -0.0106 0.128758 0.06791 -0.0106 0.120141 0.0719755 -0.0639012 0.119861 0.0726649 -0.063435 0.111 0.0261654 -0.000520132 0.111 0.02599 -0.000482313 0.109883 0.0221782 -0.00043934 0.107995 0.0186445 -0.00043934 0.105453 0.0155472 -0.00043934 0.102355 0.0130053 -0.00043934 0.0988218 0.0111165 -0.00043934 0.0949875 0.0099534 -0.00043934 0.116 0.0010546 0.039182 0.116 0.000435022 0.0387439 0.11776 0.00043934 0.0373604 0.116 0.000337929 0.0386171 0.11928 0.00043934 0.0353803 0.120235 0.00043934 0.0330745 -0.132258 0.0693 0.0323806 -0.133 0.0693 0.0286 -0.132561 0.0682393 0.0286 -0.13145 0.0682393 0.0330717 -0.129467 0.0682094 0.0356 -0.129871 0.0685676 0.0356 -0.128758 0.06791 0.0356 0.015 0.00956066 -0.0584393 0.0129185 0.00956066 -0.0580253 0.0111538 0.00956066 -0.0568462 0.0099747 0.00956066 -0.0550815 0.00956066 0.00956066 -0.053 0.00956066 0.00956066 -0.017 0.0099747 0.00956066 -0.0149185 0.0111538 0.00956066 -0.0131538 0.0129185 0.00956066 -0.0119747 0.015 0.00956066 -0.0115607 0.0355 0.00956066 -0.0115607 0.0375815 0.00956066 -0.0119747 0.0393462 0.00956066 -0.0131538 0.0405253 0.00956066 -0.0149185 0.0409393 0.00956066 -0.017 0.0409393 0.00956066 -0.053 0.0405253 0.00956066 -0.0550815 0.0393462 0.00956066 -0.0568462 0.0375815 0.00956066 -0.0580253 0.0355 0.00956066 -0.0584393 0.015 0.00043934 -0.0584393 0.0122803 0.00043934 -0.0577106 0.0102894 0.00043934 -0.0557197 0.00956066 0.00043934 -0.053 0.00956066 0.00043934 -0.017 0.0102894 0.00043934 -0.0142803 0.0122803 0.00043934 -0.0122894 0.015 0.00043934 -0.0115607 0.0355 0.00043934 -0.0115607 0.0382197 0.00043934 -0.0122894 0.0402106 0.00043934 -0.0142803 0.0409393 0.00043934 -0.017 0.0409393 0.00043934 -0.053 0.0402106 0.00043934 -0.0557197 0.0382197 0.00043934 -0.0577106 0.0355 0.00043934 -0.0584393 0.0535 0.00956066 -0.0584393 0.0514185 0.00956066 -0.0580253 0.0496538 0.00956066 -0.0568462 0.0484747 0.00956066 -0.0550815 0.0480607 0.00956066 -0.053 0.0480607 0.00956066 -0.017 0.0484747 0.00956066 -0.0149185 0.0496538 0.00956066 -0.0131538 0.0514185 0.00956066 -0.0119747 0.0535 0.00956066 -0.0115607 0.074 0.00956066 -0.0115607 0.0760815 0.00956066 -0.0119747 0.0778462 0.00956066 -0.0131538 0.0790253 0.00956066 -0.0149185 0.0794393 0.00956066 -0.017 0.0794393 0.00956066 -0.053 0.0790253 0.00956066 -0.0550815 0.0778462 0.00956066 -0.0568462 0.0760815 0.00956066 -0.0580253 0.074 0.00956066 -0.0584393 0.0535 0.00043934 -0.0584393 0.0507803 0.00043934 -0.0577106 0.0487894 0.00043934 -0.0557197 0.0480607 0.00043934 -0.053 0.0480607 0.00043934 -0.017 0.0487894 0.00043934 -0.0142803 0.0507803 0.00043934 -0.0122894 0.0535 0.00043934 -0.0115607 0.074 0.00043934 -0.0115607 0.0767197 0.00043934 -0.0122894 0.0787106 0.00043934 -0.0142803 0.0794393 0.00043934 -0.017 0.0794393 0.00043934 -0.053 0.0787106 0.00043934 -0.0557197 0.0767197 0.00043934 -0.0577106 0.074 0.00043934 -0.0584393 -0.074 0.00956066 -0.0584393 -0.0760815 0.00956066 -0.0580253 -0.0778462 0.00956066 -0.0568462 -0.0790253 0.00956066 -0.0550815 -0.0794393 0.00956066 -0.053 -0.0794393 0.00956066 -0.017 -0.0790253 0.00956066 -0.0149185 -0.0778462 0.00956066 -0.0131538 -0.0760815 0.00956066 -0.0119747 -0.074 0.00956066 -0.0115607 -0.0535 0.00925 -0.011799 -0.0515097 0.00925 -0.0121949 -0.0512996 0.00979904 -0.0116877 -0.0494341 0.00979904 -0.0129341 -0.0481877 0.00979904 -0.0147996 -0.0535 0.00979904 -0.01125 -0.0535 0.00956066 -0.0115607 -0.04775 0.00979904 -0.017 -0.0480607 0.00956066 -0.017 -0.0498224 0.00925 -0.0133224 -0.0486949 0.00925 -0.0150097 -0.048299 0.00925 -0.017 -0.0480607 0.00956066 -0.053 -0.0484747 0.00956066 -0.0550815 -0.0496538 0.00956066 -0.0568462 -0.0514185 0.00956066 -0.0580253 -0.0535 0.00956066 -0.0584393 -0.074 0.00043934 -0.0584393 -0.0767197 0.00043934 -0.0577106 -0.0787106 0.00043934 -0.0557197 -0.0794393 0.00043934 -0.053 -0.0794393 0.00043934 -0.017 -0.0787106 0.00043934 -0.0142803 -0.0767197 0.00043934 -0.0122894 -0.074 0.00043934 -0.0115607 -0.0480607 0.00043934 -0.017 -0.04775 0.000200962 -0.017 -0.0485204 0.000200962 -0.014125 -0.0535 0.00043934 -0.0115607 -0.0535 0.00075 -0.011799 -0.0508995 0.00075 -0.0124958 -0.0489958 0.00075 -0.0143995 -0.048299 0.00075 -0.017 -0.0535 0.000200962 -0.01125 -0.050625 0.000200962 -0.0120204 -0.0480607 0.00043934 -0.053 -0.0487894 0.00043934 -0.0557197 -0.0507803 0.00043934 -0.0577106 -0.0535 0.00043934 -0.0584393 -0.0355 0.00956066 -0.0584393 -0.0375815 0.00956066 -0.0580253 -0.0393462 0.00956066 -0.0568462 -0.0405253 0.00956066 -0.0550815 -0.0409393 0.00956066 -0.053 -0.0409393 0.00956066 -0.017 -0.0405253 0.00956066 -0.0149185 -0.0393462 0.00956066 -0.0131538 -0.0375815 0.00956066 -0.0119747 -0.0355 0.00956066 -0.0115607 -0.015 0.00956066 -0.0115607 -0.0129185 0.00956066 -0.0119747 -0.0111538 0.00956066 -0.0131538 -0.0099747 0.00956066 -0.0149185 -0.00956066 0.00956066 -0.017 -0.00956066 0.00956066 -0.053 -0.0099747 0.00956066 -0.0550815 -0.0111538 0.00956066 -0.0568462 -0.0129185 0.00956066 -0.0580253 -0.015 0.00956066 -0.0584393 -0.0355 0.00043934 -0.0584393 -0.0382197 0.00043934 -0.0577106 -0.0402106 0.00043934 -0.0557197 -0.0409393 0.00043934 -0.053 -0.0409393 0.00043934 -0.017 -0.0402106 0.00043934 -0.0142803 -0.0382197 0.00043934 -0.0122894 -0.0355 0.00043934 -0.0115607 -0.015 0.00043934 -0.0115607 -0.0122803 0.00043934 -0.0122894 -0.0102894 0.00043934 -0.0142803 -0.00956066 0.00043934 -0.017 -0.00956066 0.00043934 -0.053 -0.0102894 0.00043934 -0.0557197 -0.0122803 0.00043934 -0.0577106 -0.015 0.00043934 -0.0584393 -0.123 0.0703607 0.0381607 -0.117545 0.0703607 0.0381607 -0.117171 0.0699142 0.0384685 -0.126703 0.0703607 0.0374145 -0.129828 0.0703607 0.0352925 -0.131851 0.0703607 0.0322145 -0.132561 0.0703607 0.0286 -0.121 0.0703607 -0.0131607 -0.123 0.0703607 -0.0131607 -0.132561 0.0703607 -0.0036 -0.131851 0.0703607 -0.00721449 -0.129828 0.0703607 -0.0102925 -0.126703 0.0703607 -0.0124145</float_array>
          <technique_common>
            <accessor count="1656" source="#verts-array-array" stride="3">
              <param type="float" name="X"/>
              <param type="float" name="Y"/>
              <param type="float" name="Z"/>
            </accessor>
          </technique_common>
        </source>
        <source id="normals-array">
          <float_array count="4968" id="normals-array-array">-0.1583828 0.9851959 -0.06560403 -0.1212166 0.985197 -0.1212163 -0.04883843 0.9792485 0.1966904 0.04839885 0.9793987 0.1960502 0.06560403 0.9851959 -0.1583828 0.1212163 0.985197 -0.1212166 -0.01139013 0.9924076 -0.1224639 0.01584997 0.9830871 -0.1824512 -0.009286014 0.9906863 -0.1358472 0 1 0 0 1 0 -0.06560217 0.9851961 -0.1583823 -0.01708106 0.9829242 -0.1832163 0.01707973 0.982924 -0.1832177 0.1212162 0.985197 -0.1212168 0.1583799 0.9851965 -0.06560234 -0.01708106 0.9829242 -0.1832163 -0.04378911 0.9934315 -0.1057181 0.01707973 0.982924 -0.1832177 -0.08091337 0.9934314 -0.08091415 0.06560403 0.9851959 -0.1583828 -0.1057189 0.9934314 -0.04378901 -0.1212163 0.985197 0.1212166 -0.1583823 0.9851961 0.06560217 -0.04413405 0.9988703 -0.01761796 -0.1832163 0.9829242 0.01708106 -0.1832177 0.982924 -0.01707973 -0.07059151 0.9899833 -0.1222698 -0.09977149 0.9899954 -0.0997739 0 1 0 -0.1140503 0.9906139 -0.07534283 -0.1802772 0.9819356 -0.05746772 0.1212166 0.985197 0.1212163 0.06560217 0.9851961 0.1583823 -0.01707973 0.982924 0.1832177 -0.06560217 0.9851961 -0.1583823 -0.03654546 0.9899813 -0.1363873 0.01708106 0.9829242 0.1832163 0 1 0 0.06560217 0.9851961 0.1583823 0 1 0 0 1 0 0.06560403 0.9851959 -0.1583828 -0.01708106 0.9829242 -0.1832163 0.1212163 0.985197 -0.1212166 -0.06560217 0.9851961 -0.1583823 0.1583823 0.9851961 -0.06560217 -0.1212166 0.985197 -0.1212163 -0.1583828 0.9851959 -0.06560403 0.1583823 0.9851961 -0.06560217 0.1832163 0.9829242 -0.01708106 0.04379389 0.9988941 -0.01710494 0.1832177 0.982924 0.01707973 0.1583828 0.9851959 0.06560403 0.1212166 0.985197 0.1212163 0.06267356 0.9940713 -0.08884934 0.1212165 0.9851969 0.1212169 -0.01707973 0.982924 0.1832177 -0.06560403 0.9851959 0.1583828 0.01707973 0.982924 -0.1832177 0.06560403 0.9851959 -0.1583828 -0.1212162 0.985197 0.1212168 -0.1583799 0.9851965 0.06560234 0.15838 0.9851965 0.0656023 0.1583828 0.9851959 0.06560403 -0.1583823 0.9851961 0.06560217 0.1832177 0.982924 0.01707973 -0.1827799 0.9830175 0.01637336 0.1832163 0.9829242 -0.01708106 -0.1224641 0.9924076 -0.01138998 0.1583823 0.9851961 -0.06560217 0.1212163 0.985197 -0.1212166 -0.06560403 0.9851959 0.1583828 -0.1212163 0.985197 0.1212166 -0.1583823 0.9851961 0.06560217 0.183223 0.982923 -0.01708104 -0.15838 0.9851965 -0.0656023 -0.1212165 0.9851969 -0.1212169 0.01708106 0.9829242 0.1832163 0.01383598 0.9791176 -0.2028232 0.01708106 0.9829242 0.1832163 -0.01707973 0.982924 0.1832177 -0.06560403 0.9851959 0.1583828 0 1 0 0.05453466 0.9775609 -0.2034713 0 1 0 0.183223 0.982923 0.01708102 -0.183223 0.982923 0.01708104 -0.183223 0.982923 -0.01708102 0.1212166 0.985197 0.1212163 0.06560217 0.9851961 0.1583823 -0.1212163 0.985197 0.1212166 -0.06560403 0.9851959 0.1583828 -0.01707973 0.982924 0.1832177 0.1200297 0.9827211 -0.1408974 0.150997 0.977353 -0.1482602 0.1053426 0.97756 -0.1824266 -0.1832177 0.982924 -0.01707973 0.1832163 0.9829242 -0.01708106 -0.1832163 0.9829242 0.01708106 0.1832177 0.982924 0.01707973 0.1583828 0.9851959 0.06560403 0.01708106 0.9829242 0.1832163 0.06560217 0.9851961 0.1583823 0 1 0 0 1 0 0 1 0 0 1 0 -0.06267356 0.9940713 -0.08884934 0.08172561 -0.9865509 -0.1415566 0.02194761 -0.9835658 -0.1792111 -0.09441902 -0.994039 -0.05451252 0.1510048 -0.9782725 0.1420581 -0.04998243 -0.9986032 0.01712768 -0.1010314 -0.990291 0.09547952 0.1011247 -0.9903156 0.09512531 -0.04998243 -0.9986032 0.01712768 -0.1010314 -0.990291 0.09547952 -0.1222068 -0.989993 0.07056434 -0.1362861 -0.9899964 0.03651316 0.1823569 -0.9775772 0.1053029 -0.1366173 -0.9905907 0.008109929 0.2033564 -0.9775864 0.05450623 0.1222087 -0.9899932 0.07055873 -0.1415566 -0.9865509 0.0817259 -0.08172561 -0.9865509 0.1415566 0.01384009 -0.9791169 -0.2028263 -0.0817258 -0.986551 0.141556 -0.02194761 -0.9835658 0.1792111 0.0219474 -0.9835658 0.1792113 -0.1222068 -0.989993 0.07056434 0.1358448 -0.9906866 0.009282961 0.1362734 -0.9899976 0.03652758 -0.05451122 -0.9940391 -0.09441867 -0.08172561 -0.9865509 0.1415566 0.0817259 -0.9865509 0.1415566 -0.1415566 -0.9865509 0.0817259 0.1415566 -0.9865509 0.08172561 -0.1787757 -0.9836606 0.02123972 0.1792111 -0.9835658 0.02194761 -0.1197637 -0.9926947 -0.01462226 0.1792113 -0.9835658 -0.0219474 0.1415566 -0.9865509 -0.0817259 0.0219474 -0.9835658 0.1792113 0.08172599 -0.9865509 0.1415565 -0.1415599 -0.9865502 0.08172866 0.1415603 -0.9865501 0.08172861 -0.1792165 -0.9835648 0.02194902 -0.08172561 -0.9865509 0.1415566 -0.02194761 -0.9835658 0.1792111 0.1792166 -0.9835648 0.02194898 -0.1415603 -0.9865501 -0.08172861 -0.1792166 -0.9835648 -0.02194898 0.1792113 -0.9835658 -0.0219474 0.1415566 -0.9865509 -0.0817259 0.05036936 -0.997475 0.05006525 -0.0219474 -0.9835658 -0.1792113 0.02194761 -0.9835658 -0.1792111 0.0817258 -0.986551 -0.141556 -0.02194761 -0.9835658 0.1792111 0.0219474 -0.9835658 0.1792113 0.0817259 -0.9865509 0.1415566 -0.1415566 -0.9865509 0.0817259 0.1415566 -0.9865509 0.08172561 -0.1792113 -0.9835658 0.0219474 0.1792111 -0.9835658 0.02194761 -0.1792111 -0.9835658 -0.02194761 0.1792113 -0.9835658 -0.0219474 -0.1415566 -0.9865509 -0.08172561 0.1415566 -0.9865509 -0.0817259 -0.0817259 -0.9865509 -0.1415566 0.08172561 -0.9865509 -0.1415566 -0.0219474 -0.9835658 -0.1792113 -0.0817259 -0.9865509 -0.1415566 -0.05048388 -0.9974483 0.05047957 -0.1415566 -0.9865509 -0.08172561 -0.1792111 -0.9835658 -0.02194761 -0.0219474 -0.9835658 -0.1792113 -0.08172599 -0.9865509 -0.1415565 0.1415599 -0.9865502 -0.08172866 0.1792165 -0.9835648 -0.02194902 0.02194761 -0.9835658 -0.1792111 0.0219474 -0.9835658 0.1792113 -0.01383559 -0.9791176 -0.2028232 -0.02194761 -0.9835658 0.1792111 -0.1823569 -0.9775772 -0.1053029 -0.1489296 -0.9775679 -0.1489331 0.1792111 -0.9835658 0.02194761 0.2027787 -0.9791267 0.01384632 0.2027829 -0.9791257 -0.0138526 -0.1792113 -0.9835658 0.0219474 -0.1362861 -0.9899964 0.03651316 -0.1358546 -0.9906851 0.009298236 -0.2026031 -0.979159 -0.01412964 -0.2033564 -0.9775864 -0.05450623 0.08172561 -0.9865509 -0.1415566 0.02071788 -0.9837316 -0.1784461 -0.01462321 -0.9926948 -0.1197627 0.1053368 -0.9775616 -0.1824209 0.1489184 -0.9775704 -0.1489274 0.0817259 -0.9865509 0.1415566 0.1415566 -0.9865509 0.08172561 -0.05453466 -0.9775609 -0.2034713 -0.1053426 -0.97756 -0.1824266 0.05452579 -0.977561 -0.2034736 0.1823538 -0.9775791 -0.1052909 0.2033614 -0.9775858 -0.05449905 -0.9894648 -0.1295854 0.06455282 -0.9918033 0.004355841 0.1276997 -0.980037 -0.185979 -0.07028053 -1 0 0 -0.9962025 -0.0406587 0.07699057 -0.9791142 0.1930595 0.06374505 -1 0 0 -0.97723 0.189647 -0.09516084 -1 0 0 -1 0 0 -1 0 0 -1 0 0 -0.07014818 0.16936 0.9830546 0 -0.1036714 0.9946116 -0.1018161 0.1523612 0.9830664 -0.1296081 0.1296239 0.9830561 -0.2565134 0.104033 0.9609256 -0.1693917 0.07321572 0.9828255 -0.1524008 0.1018151 0.9830604 0.03576145 0.1797874 0.9830552 0.07015222 0.1693532 0.9830555 0.0005322241 -0.1040748 0.9945693 0.1018052 0.1523703 0.9830661 0.1296185 0.129621 0.9830551 0.152399 0.1018155 0.9830606 0.1712027 0.07990021 0.9819906 0.3148115 0.1135553 0.942337 -0.03576162 0.1797871 0.9830553 -0.009036675 0.1891887 0.9818992 0.009036645 0.1891888 0.9818992 0.9918033 0.004355841 0.1276997 0.9791129 -0.1930659 0.06374495 1 0 0 0.9800374 -0.1859781 -0.07027695 1 0 0 0.9872069 0.1266557 -0.09685477 0.9791314 0.192879 0.06402601 1 0 0 0.9962025 -0.0406587 0.07699057 1 0 0 1 0 0 1 0 0 -0.06369994 -0.1931896 -0.9790915 -0.0645129 0.1295946 -0.9894662 0.06369306 -0.1931841 -0.979093 0.06381572 0.1931162 -0.9790984 0 0 1 0 0 1 0 -0.7071005 0.707113 0 -0.7071005 0.707113 0 -1 0 0 -1 0 0 -0.7071005 -0.707113 0 -0.7071005 -0.707113 0 0 -1 0 1.912568e-17 -1 0 0.7071005 -0.707113 0 0.7071005 -0.707113 0 1 -3.825163e-17 0 1 1.912582e-17 0 0.7071005 0.707113 0 0.7071005 0.707113 0 0 1 0 0 1 0 -0.7071005 0.707113 0 -0.7071005 0.707113 0 -1 0 0 -1 0 0 -0.7071005 -0.707113 0 -0.7071005 -0.707113 0 0 -1 0 1.912568e-17 -1 0 0.7071005 -0.707113 0 0.7071005 -0.707113 0 1 0 0 1 0 0 0.7071005 0.707113 0 0.7071005 0.707113 0 -1 0 0 -1 0 0 -1 0 0 -1 0 0 0 1 0 0 1 0 0 1 0 0 1 0 0 1 0 0 1 0 0 1 0 0 1 0 1 0 0 1 0 0 1 0 0 1 0 0 0 -1 0 0 -1 0 0 -1 0 0 -1 0 0 -1 0 0 -1 0 0 -1 0 0 -1 0 0 -1 0 0 -1 0 0 -1 0 0 -1 0 0 -1 0 0 -1 1 0 0 1 0 0 1 0 0 1 0 0 1 0 0 1 0 0 1 0 0 1 0 0 1 0 0 1 0 0 1 0 0 1 0 0 1 0 0 1 0 0 1 0 0 1 0 0 1 0 0 1 0 0 1 0 0 1 0 0 1 0 0 1 0 0 1 0 0 1 0 0 1 0 0 1 0 0 1 0 0 1 0 0 1 0 0 1 0 0 1 0 0 1 0 0 1 0 0 1 0 0 1 0 0 1 0 0 0.1978965 -0.9746611 0.1042718 0.07757024 -0.9948044 0.06593157 0.2092601 -0.9774685 0.02766936 0 -1 0 0.2092496 -0.9774713 -0.02764902 0 -1 0 0.1981067 -0.9762368 -0.08783775 0.03141563 -0.9991155 -0.02795238 0 0 1 0 0 1 0 0 1 0 0 1 0 0 1 0 0 1 0 0 1 0 0 1 0 0 1 0 0 1 0 0 1 0.1978971 0.974661 -0.1042723 0.07757054 0.9948044 -0.06593139 0.208763 0.9775521 -0.02845817 0 1 0 0.1403969 0.9899202 0.01862229 0 1 0 0.132914 0.9891602 0.0624182 0.03141557 0.9991155 0.02795242 -1 0 0 -1 0 0 -1 0 0 -1 0 0 -1 0 0 -1 0 0 -1 0 0 -0.989463 0.1295936 0.0645638 -1 0 0 -0.9894648 -0.1295854 0.06455282 -1 0 0 -1 0 0 -1 0 0 -1 0 0 -1 0 0 -0.9842537 0.1283477 -0.121538 -0.992888 0.06679758 -0.09854667 -0.9994723 0.028679 0.01525202 -1 0 0 -1 0 0 -1 0 0 -1 0 0 -1 0 0 -1 0 0 -1 0 0 -1 0 0 -1 0 0 -1 0 0 -1 0 0 -1 0 0 -1 0 0 -1 0 0 -1 0 0 -1 0 0 -1 0 0 -1 0 0 -0.9945574 -0.1041861 0.0008697064 -0.9841227 0.0465785 0.1712685 0.1360424 0.9906564 -0.009612 -0.02881749 0.9992968 -0.02399053 -0.08570532 0.9889731 -0.1207759 -0.1011437 0.9903123 0.0951393 0.09050272 0.9953881 0.03180971 0.1508297 0.9782242 0.1425758 -0.1222305 0.9899896 0.07057135 0.1823392 0.9775827 0.1052825 -0.1358692 0.9906833 0.00928462 -0.1362978 0.989994 0.03653412 -0.1326002 0.9885658 -0.07179698 -0.1405855 0.9898853 -0.01904561 0.2027665 0.9791291 0.01385379 0.203345 0.9775894 0.05449467 -0.1809685 0.03066813 -0.9830106 0 0 -1 0 0 -1 -0.06293355 0.07964818 -0.9948344 -0.07912223 0.04453508 -0.9958696 0 0 -1 0 0 -1 0 0 -1 -0.08890376 0.02942374 -0.9956055 0 9.562838e-18 -1 0 0 -1 0 -0.7071005 -0.707113 0 -0.7071005 -0.707113 0 -1 0 0 -1 0 0 -0.7071005 0.707113 0 -0.7071005 0.707113 0 0 1 0 0 1 0 0.7071005 0.707113 0 0.7071005 0.707113 0 1 0 0 1 0 0 0.7071005 -0.707113 0 0.7071005 -0.707113 0 9.562838e-18 -1 0 0 -1 0 -0.7071005 -0.707113 0 -0.7071005 -0.707113 0 -1 0 0 -1 0 0 -0.7071005 0.707113 0 -0.7071005 0.707113 0 0 1 0 0 1 0 0.7071005 0.707113 0 0.7071005 0.707113 0 1 3.825163e-17 0 1 -1.912582e-17 0 0.7071005 -0.707113 0 0.7071005 -0.707113 -1 0 0 -1 0 0 -1 0 0 -1 0 0 -1 0 0 -1 0 0 -1 0 0 -1 0 0 -1 0 0 -1 0 0 -1 0 0 -1 0 0 -1 0 0 -1 0 0 -1 0 0 -1 0 0 0 9.562841e-18 -1 0 0 -1 0 -0.7071034 -0.7071102 0 -0.7071034 -0.7071102 0 -1 -1.136407e-06 0 -1 -1.136407e-06 0 -0.7071022 0.7071113 0 -0.7071022 0.7071113 0 0 1 0 0 1 0 0.7071022 0.7071113 0 0.7071022 0.7071113 0 1 -1.136407e-06 0 1 -1.136407e-06 0 0.7071034 -0.7071102 0 0.7071034 -0.7071102 0 7.363388e-16 -1 0 7.650273e-16 -1 0 -0.7071034 -0.7071102 0 -0.7071034 -0.7071102 0 -1 -1.136407e-06 0 -1 -1.136407e-06 0 -0.7071022 0.7071113 0 -0.7071022 0.7071113 0 8.032768e-16 1 0 8.032768e-16 1 0 0.7071022 0.7071113 0 0.7071022 0.7071113 0 1 -1.136407e-06 0 1 -1.136407e-06 0 0.7071034 -0.7071102 0 0.7071034 -0.7071102 -1 0 0 -1 0 0 -1 0 0 -1 0 0 -1 0 0 -1 0 0 -1 0 0 -1 0 0 -1 0 0 -1 0 0 -1 0 0 -1 0 0 -1 0 0 -1 0 0 -1 0 0 -1 0 0 0 5.594289e-16 -1 0 5.737732e-16 -1 0 -0.7071068 -0.7071068 0 -0.7071068 -0.7071068 0 -1 0 0 -1 0 0 -0.7071068 0.7071068 0 -0.7071068 0.7071068 0 4.972701e-16 1 0 5.355217e-16 1 0 0.7071068 0.7071068 0 0.7071068 0.7071068 0 1 0 0 1 0 0 0.7071068 -0.7071068 0 0.7071068 -0.7071068 0 0.09555667 0.995424 0 -0.09552874 0.9954267 0.09699759 0.1918722 0.9766148 0.1009445 -0.188777 0.976818 0.02195139 -0.978147 0.2067525 0 -0.9613891 0.2751927 0 -1 0 0.08465023 -0.9758211 0.2015129 0 -1 0 0.1553961 -0.9758991 0.1532087 0.02195073 -0.9781471 -0.2067521 0.08464398 -0.975822 -0.2015114 0.1554112 -0.9758983 -0.1531985 0.2064148 -0.9782321 -0.0213296 0.2064189 -0.978231 0.0213368 0.2018061 -0.9759526 0.08240679 0 -0.9807897 -0.1950681 0.2018019 -0.9759518 -0.08242604 0.09634377 0.1919503 -0.9766642 0.09634563 -0.1919517 -0.9766637 0 0.1950681 -0.9807897 0 -0.1950681 -0.9807897 0 1 0 0 0.9613891 0.2751927 0.02195073 0.9781471 0.2067521 0 1 0 0.08464398 0.975822 0.2015114 0.155411 0.9758984 0.1531985 0.1553961 0.9758991 -0.1532087 0.08465023 0.9758211 -0.2015129 0.2018066 0.9759524 -0.08240711 0.02195139 0.978147 -0.2067525 0.206419 0.978231 -0.02133686 0 0.9807897 -0.1950681 0.2064148 0.9782321 0.0213296 0.2018014 0.975952 0.0824255 1 0 0 1 0 0 1 0 0 1 0 0 0 -1 0 0 -1 0 0 -1 0 0 -1 0 0 0 1 0 0 1 0 0 1 0 0 1 0 1 0 0 1 0 0 1 0 0 1 0 0.9929919 0.06578012 -0.09818366 0.9842046 0.1294819 -0.1207302 1 0 0 1 0 0 0.9994445 0.02921145 0.01604122 1 0 0 1 0 0 1 0 0 1 0 0 1 0 0 1 0 0 1 0 0 1 0 0 1 0 0 1 0 0 1 0 0 1 0 0 1 0 0 1 0 0 0.989463 -0.1295936 0.0645638 0.9945574 -0.1041861 0.0008697064 1 0 0 0.9894648 0.1295854 0.06455282 1 0 0 1 0 0 1 0 0 1 0 0 1 0 0 1 0 0 1 0 0 1 0 0 0.9841227 0.0465785 0.1712685 1 0 0 1 0 0 1 0 0 1 0 0 1 0 0 1 0 0 -0.1509935 0.9782763 0.1420437 0.05043016 0.9985993 0.0160071 0.1010495 0.9902875 0.09549662 0.08576566 0.9889822 -0.120658 -0.07790508 0.9965917 0.02712581 0.1326095 0.9885658 -0.07178068 -0.2031248 0.9790447 -0.01455582 -0.2027623 0.9791301 0.01384521 -0.2033401 0.9775901 0.05450185 0.135879 0.9906818 0.009299898 -0.1823422 0.9775809 0.1052944 0.1363105 0.9899928 0.0365197 0.1222287 0.9899894 0.07057697 0.1405904 0.9898844 -0.01905539 0.07800949 0.04484545 -0.9959435 0.101926 0.0875094 -0.9909355 0 0 -1 0 0 -1 0.1809685 0.03066813 -0.9830106 0 0 -1 0 0 -1 0.08890049 0.02942565 -0.9956058 1 0 0 1 0 0 1 0 0 1 0 0 1 0 0 1 0 0 1 0 0 1 0 0 1 0 0 1 0 0 1 0 0 1 0 0 1 0 0 1 0 0 1 0 0 1 0 0 0 8.032768e-16 1 0 8.032768e-16 1 0 -0.7071022 0.7071113 0 -0.7071022 0.7071113 0 -1 -1.136407e-06 0 -1 -1.136407e-06 0 -0.7071034 -0.7071102 0 -0.7071034 -0.7071102 0 7.650273e-16 -1 0 7.267759e-16 -1 0 0.7071034 -0.7071102 0 0.7071034 -0.7071102 0 1 -1.136407e-06 0 1 -1.136407e-06 0 0.7071022 0.7071113 0 0.7071022 0.7071113 0 -4.78141e-18 1 0 0 1 0 -0.7071022 0.7071113 0 -0.7071022 0.7071113 0 -1 -1.136407e-06 0 -1 -1.136407e-06 0 -0.7071034 -0.7071102 0 -0.7071034 -0.7071102 0 0 -1 0 0 -1 0 0.7071034 -0.7071102 0 0.7071034 -0.7071102 0 1 -1.136407e-06 0 1 -1.136407e-06 0 0.7071022 0.7071113 0 0.7071022 0.7071113 1 0 0 1 0 0 1 0 0 1 0 0 1 0 0 1 0 0 1 0 0 1 0 0 1 0 0 1 0 0 1 0 0 1 0 0 1 0 0 1 0 0 1 0 0 1 0 0 0 5.450846e-16 1 0 4.972701e-16 1 0 -0.7071068 0.7071068 0 -0.7071068 0.7071068 0 -1 0 0 -1 0 0 -0.7071068 -0.7071068 0 -0.7071068 -0.7071068 0 5.737732e-16 -1 0 5.737732e-16 -1 0 0.7071068 -0.7071068 0 0.7071068 -0.7071068 0 1 0 0 1 0 0 0.7071068 0.7071068 0 0.7071068 0.7071068 0 -1 0 0 -1 0 0 -1 0 0 -1 0 0 0 1 0 0 1 0 0 1 0 0 1 0 0 1 0 0 1 0 0 1 0 0 1 0 1 0 0 1 0 0 1 0 0 1 0 0 0 -1 0 0 -1 0 0 -1 0 0 -1 0 -0.09555667 0.995424 0 0.09552874 0.9954267 -0.09699759 -0.1918722 0.9766148 -0.1009445 0.188777 0.976818 -0.02195139 0.978147 0.2067525 0 0.9613891 0.2751927 0 1 0 -0.08465023 0.9758211 0.2015129 0 1 0 -0.1553961 0.9758991 0.1532087 -0.02195073 0.9781471 -0.2067521 -0.08464398 0.975822 -0.2015114 -0.1554112 0.9758983 -0.1531985 -0.2064148 0.9782321 -0.0213296 -0.2064189 0.978231 0.0213368 -0.2018061 0.9759526 0.08240679 0 0.9807897 -0.1950681 -0.2018019 0.9759518 -0.08242604 0 -1 0 0 -0.9613891 0.2751927 -0.02195073 -0.9781471 0.2067521 0 -1 0 -0.08464398 -0.975822 0.2015114 -0.155411 -0.9758984 0.1531985 -0.1553961 -0.9758991 -0.1532087 -0.08465023 -0.9758211 -0.2015129 -0.2018066 -0.9759524 -0.08240711 -0.02195139 -0.978147 -0.2067525 -0.206419 -0.978231 -0.02133686 0 -0.9807897 -0.1950681 -0.2064148 -0.9782321 0.0213296 -0.2018014 -0.975952 0.0824255 -0.09634377 -0.1919503 -0.9766642 -0.09634563 0.1919517 -0.9766637 0 -0.1950681 -0.9807897 0 0.1950681 -0.9807897 0 0 1 0 0 1 0 0 1 0 0 1 0 0 1 0 0 1 0 0 1 0 0 1 0 0 1 0 0 1 0 0 1 -0.1328643 0.9886584 0.07001191 -0.07104296 0.9950538 0.06943161 -0.140396 0.9899203 0.01862066 0 1 0 -0.2087525 0.977555 -0.0284377 0 1 0 -0.1981067 0.9762368 -0.08783775 -0.03141563 0.9991155 -0.02795238 0 0 -1 0 0 -1 0 0 -1 0 0 -1 0 0 -1 0 0 -1 0 0 -1 0 0 -1 0 0 -1 0 0 -1 0 0 -1 -1 0 0 -1 0 0 -1 0 0 -1 0 0 -1 0 0 -1 0 0 -1 0 0 -1 0 0 -1 0 0 -1 0 0 -1 0 0 -1 0 0 -1 0 0 -1 0 0 -1 0 0 -1 0 0 -1 0 0 -1 0 0 -1 0 0 -1 0 0 -1 0 0 -1 0 0 -1 0 0 -1 0 0 -1 0 0 -1 0 0 -1 0 0 -1 0 0 -1 0 0 -1 0 0 -1 0 0 -1 0 0 -1 0 0 -1 0 0 -1 0 0 -1 0 0 -0.1978971 -0.974661 -0.1042723 -0.07757054 -0.9948044 -0.06593139 -0.2092601 -0.9774685 -0.02766949 0 -1 0 -0.2092496 -0.9774713 0.02764894 0 -1 0 -0.1981063 -0.9762369 0.08783742 -0.03141557 -0.9991155 0.02795242 -1 0 0 -1 0 0 -1 0 0 -1 0 0 0 -1 0 0 -1 0 0 -1 0 0 -1 0 0 0 1 0 0 1 0 0 1 0 0 1 0 1 0 0 1 0 0 1 0 0 1 0 -0.1273257 -0.1928832 0.9729256 -0.09725685 0.1965467 0.975659 0.1300513 -0.1966137 0.9718177 0.1008481 0.2011804 0.9743491 -0.9729256 -0.1928832 -0.1273257 -0.975659 0.1965467 -0.09725685 -0.9718177 -0.1966137 0.1300513 -0.9743491 0.2011804 0.1008481 0.1273257 -0.1928832 -0.9729256 0.09725685 0.1965467 -0.975659 -0.1300513 -0.1966137 -0.9718177 -0.1008481 0.2011804 -0.9743491 0.9729225 -0.1928972 0.1273282 0.9756558 0.1965628 0.09725661 0.9718145 -0.1966298 -0.130051 0.974346 0.2011938 -0.1008511 0.9729256 -0.1928832 0.1273257 0.975659 0.1965467 0.09725685 0.9718177 -0.1966137 -0.1300513 0.9743491 0.2011804 -0.1008481 0.1273257 -0.1928832 -0.9729256 0.09725685 0.1965467 -0.975659 -0.1300513 -0.1966137 -0.9718177 -0.1008481 0.2011804 -0.9743491 -0.9729256 -0.1928832 -0.1273257 -0.975659 0.1965467 -0.09725685 -0.9718177 -0.1966137 0.1300513 -0.9743491 0.2011804 0.1008481 -0.1273257 -0.1928832 0.9729256 -0.09725685 0.1965467 0.975659 0.1300513 -0.1966137 0.9718177 0.1008481 0.2011804 0.9743491 0.9729256 -0.1928832 0.1273257 0.975659 0.1965467 0.09725685 0.9718177 -0.1966137 -0.1300513 0.9743491 0.2011804 -0.1008481 0.1261061 -0.1921478 -0.9732299 0.09603368 0.1958044 -0.9759294 -0.1308249 -0.1308438 -0.9827333 -0.1015678 0.135668 -0.9855345 -0.983589 -0.1270716 -0.1280837 -0.9865315 0.1309898 -0.09796562 -0.9719957 -0.196196 0.1293503 -0.9745085 0.200759 0.100145 -0.1273257 -0.1928832 0.9729256 -0.09725685 0.1965467 0.975659 0.1300513 -0.1966137 0.9718177 0.1008481 0.2011804 0.9743491 0.9729256 -0.1928832 0.1273257 0.975659 0.1965467 0.09725685 0.9718177 -0.1966137 -0.1300513 0.9743491 0.2011804 -0.1008481 0.1273257 -0.1928832 -0.9729256 0.09725685 0.1965467 -0.975659 -0.1300513 -0.1966137 -0.9718177 -0.1008481 0.2011804 -0.9743491 -0.9729225 -0.1928972 -0.1273282 -0.9756558 0.1965628 -0.09725661 -0.9718145 -0.1966298 0.130051 -0.974346 0.2011938 0.1008511 -0.1273257 -0.1928832 0.9729256 -0.09725685 0.1965467 0.975659 0.1300513 -0.1966137 0.9718177 0.1008481 0.2011804 0.9743491 -0.9639681 0.1890656 0.1871358 -0.9689951 0.2268265 -0.09797063 -0.9056978 0.3755094 0.1967335 -0.9162195 0.3949273 -0.06763284 -0.814667 0.5449395 0.19839 -0.8495748 0.5197026 -0.09017716 -0.6934263 0.6927177 0.1982474 -0.7006203 0.7067501 -0.09816043 -0.54488 0.8150342 0.1970406 -0.5217248 0.8474777 -0.09790213 -0.3749511 0.9058602 0.1970506 -0.3865725 0.9142951 -0.1209385 -0.1907837 0.9614279 0.1981361 -0.2088358 0.9718363 -0.1091873 0.9688835 0.2267893 -0.09915361 0.9637359 0.1897895 0.1875983 0.9198264 0.3818323 -0.09013041 0.9064343 0.3740745 0.1960744 0.8437085 0.52778 -0.09800118 0.814902 0.5449545 0.1973814 0.7000624 0.7072784 -0.09833595 0.6926427 0.6934459 0.1984413 0.5420341 0.8293214 -0.1357388 0.5450292 0.8146202 0.1983356 0.3437669 0.92814 -0.1427604 0.375424 0.9056544 0.1970963 0.2437274 0.969212 -0.03500202 0.1910205 0.9615891 0.1971233 -0.2566348 0.1291897 -0.9578354 -0.2539906 -0.1920983 -0.9479383 -0.4957831 0.1290427 -0.8588056 -0.4906899 -0.1921286 -0.8498882 -0.7012266 0.1290896 -0.7011541 -0.6939376 -0.1921259 -0.6939296 -0.8393324 0.1190374 -0.5304256 -0.9792189 -5.022434e-05 -0.2028064 -0.973495 0.1086328 -0.2012621 -0.977794 -0.001015502 -0.2095657 -0.9423825 0.008268592 -0.3344351 -0.9519118 -0.1803536 -0.2476622 -0.8499422 -0.19191 -0.4906819 0.9776727 0.05745681 -0.2021258 0.9792189 -5.022434e-05 -0.2028064 0.977794 -0.001015502 -0.2095657 0.9220639 0.07164073 -0.3803494 0.9520276 -0.1822708 -0.2458065 0.8487115 -0.1928929 -0.4924238 0.7069254 0.1914838 -0.6808747 0.6939637 -0.1921589 -0.6938944 0.4906899 0.1921286 -0.8498882 0.4906889 -0.1921272 -0.8498891 0.2539906 0.1920983 -0.9479383 0.2539974 -0.1920925 -0.9479376 0.6614801 -0.005174384 0.7499449 0.6083874 -0.06524995 0.7909533 0.759106 -0.005474659 0.650944 0.7012255 -0.1845647 0.6886354 0.9036944 0.003083201 0.4281669 0.5565245 0.003525126 0.8308237 0.5897162 0.1438652 0.7946934 0.5568481 -0.0002141183 0.8306143 0.6117616 -0.002333197 0.7910388 0.5861706 0.02794746 0.8097054 0.6293595 0.03546669 0.7763045 0.6961475 0.2005022 0.6893312 0.7724279 0.04610988 0.6334264 0.8526895 0.1976478 0.4835865 0.8803946 -0.04084745 0.4724795 0.9657296 0.01955548 0.2588126 0.9479942 -0.1917244 0.2540647 0.8499422 -0.19191 0.4906819 -0.9578347 0.1290845 0.2566901 -0.9578308 -0.1290808 0.2567068 -0.858787 0.1291256 0.4957937 -0.8587925 -0.1291266 0.495784 -0.7004182 0.1299167 0.701809 -0.7012161 -0.1291 0.7011627 -0.6038256 0.1272847 0.7868883 -0.6184412 -0.07684279 0.782065 -0.3545677 0.09655413 -0.9300317 -0.3449327 0.8724263 -0.3462568 -0.1235033 0.9760298 -0.1792002 -0.4991993 0.1914297 -0.8450767 -0.3582534 0.4676506 -0.8080578 -0.4903673 0.4993094 -0.7143039 -0.3112045 0.4135919 -0.8556246 -0.297923 0.2694575 -0.9157699 -0.1616004 0.1504332 -0.9753231 -0.3174733 0.1865379 -0.9297388 -0.6040681 0.3512504 -0.7153495 -0.2351505 0.002580426 -0.9719555 -0.3909595 0.0194612 -0.9202021 -0.7042261 0.04912287 -0.7082743 -0.6746322 0.1819185 -0.715386 -0.9201223 0.06601271 -0.3860275 -0.8920497 0.2378877 -0.3842613 -0.4876595 0.7888151 -0.3741109 -0.6484273 0.6546155 -0.3886137 -0.796531 0.4631883 -0.3885808 -0.3305361 0.06406841 -0.9416162 -0.5440017 0.1278564 -0.8292858 -0.8717819 0.1262688 -0.4733419 0.3802158 -0.1904941 0.9050679 0.3802266 0.190507 0.9050607 0.7012516 -0.1130838 0.7038879 0.7151741 0.157975 0.6808596 0.3802158 0.1904941 -0.9050679 0.3802266 -0.190507 -0.9050607 0.7112917 0.1020554 -0.6954487 0.7151749 -0.1579746 -0.6808589 -0.9578558 -0.1288816 0.2567135 -0.9036944 0.003083201 0.4281669 -0.6402506 0.1320887 0.7567243 -0.5863922 0.02791707 0.809546 -0.6018 0.08054901 0.7945745 -0.5566698 0.003618425 0.830726 -0.556697 -0.0002085573 0.8307156 -0.6035778 -0.1245496 0.7875159 -0.6107944 -0.002300265 0.7917859 -0.6619242 -0.005203679 0.7495527 -0.759106 -0.005474659 0.650944 -0.7008943 -0.1282366 0.7016427 -0.8587925 -0.1291266 0.495784 -0.9657283 0.0195611 0.258817 -0.8731146 -0.0288072 0.4866632 -0.7635828 0.0922459 0.6390868 -0.6856884 0.1309725 0.7160151 -0.8499433 0.1919037 0.4906826 0.3186093 0.1852932 -0.9295991 0.6040459 0.3512651 -0.715361 0.4914436 0.4977599 -0.7146456 0.7957772 0.4696042 -0.3823749 0.6484503 0.6545946 -0.3886104 0.2385195 0.007653386 -0.9711075 0.389326 0.02219899 -0.9208325 0.3279995 0.4207441 -0.8458078 0.2053014 0.2431497 -0.9480135 0.2614805 0.2777521 -0.9243818 0.1243442 0.9762348 -0.1774939 0.1701626 0.9658045 -0.1956179 0.35856 0.8064177 -0.4702395 0.9467105 0.06283527 -0.3158969 0.8945507 0.232442 -0.3817719 0.7581844 0.5748185 -0.3077988 0.4594363 0.1773557 -0.8703236 0.3545769 0.09653835 -0.9300299 0.6746395 0.1818929 -0.7153855 0.6883471 0.03928755 -0.7243168 0.8513222 0.04526588 -0.5226868 0.3225447 0.1029329 -0.9409409 0.5418878 0.1288147 -0.8305206 0.871967 0.1310743 -0.4716917 0.6184412 0.07684279 0.782065 0.603826 -0.12728 0.7868888 0.7012161 0.1291 0.7011627 0.7004188 -0.1299162 0.7018086 0.8587925 0.1291266 0.495784 0.858787 -0.1291256 0.4957937 0.9578308 0.1290808 0.2567068 0.9578347 -0.1290845 0.2566901 -0.7112912 0.1020555 0.6954492 -0.7032113 -0.1698091 0.6904048 -0.3802266 -0.190507 0.9050607 -0.3802158 0.1904941 0.9050679 -0.7112917 -0.1020554 -0.6954487 -0.7151749 0.1579746 -0.6808589 -0.3802266 0.190507 -0.9050607 -0.3802158 -0.1904941 -0.9050679 0.434322 -0.2032937 0.877517 0.3709279 0.2057628 0.9055795 0.6963543 -0.1568943 0.7003391 0.6918701 0.1972181 0.6945652 0.8789515 -0.195715 0.4349022 0.9063356 0.1980501 0.373272 -0.8775154 -0.2032958 0.4343243 -0.9055795 0.2057628 0.3709279 -0.7003391 -0.1568943 0.6963543 -0.6945652 0.1972181 0.6918701 -0.4349022 -0.195715 0.8789515 -0.373272 0.1980501 0.9063356 -0.434322 -0.2032937 -0.877517 -0.3709279 0.2057628 -0.9055795 -0.6963543 -0.1568943 -0.7003391 -0.6918701 0.1972181 -0.6945652 -0.8789515 -0.195715 -0.4349022 -0.9063338 0.1980527 -0.3732749 0.877517 -0.2032937 -0.434322 0.9055795 0.2057628 -0.3709279 0.7003391 -0.1568943 -0.6963543 0.6945652 0.1972181 -0.6918701 0.4349022 -0.195715 -0.8789515 0.373272 0.1980501 -0.9063356 0.434322 -0.2032937 0.877517 0.3709279 0.2057628 0.9055795 0.6963543 -0.1568943 0.7003391 0.6918701 0.1972181 0.6945652 0.8789515 -0.195715 0.4349022 0.9063356 0.1980501 0.373272 -0.877517 -0.2032937 0.434322 -0.9055795 0.2057628 0.3709279 -0.7003391 -0.1568943 0.6963543 -0.6945652 0.1972181 0.6918701 -0.4349022 -0.195715 0.8789515 -0.373272 0.1980501 0.9063356 -0.4398957 -0.1362817 -0.887648 -0.3754369 0.1386297 -0.9164218 -0.7039297 -0.0578834 -0.7079071 -0.6997593 0.1299522 -0.7024595 -0.8886182 -0.1286209 -0.4402436 -0.9166901 0.1308433 -0.3775703 0.877517 -0.2032937 -0.434322 0.9055795 0.2057628 -0.3709279 0.7003391 -0.1568943 -0.6963543 0.6945652 0.1972181 -0.6918701 0.4349022 -0.195715 -0.8789515 0.373272 0.1980501 -0.9063356 0.434322 -0.2032937 0.877517 0.3709279 0.2057628 0.9055795 0.6963543 -0.1568943 0.7003391 0.6918701 0.1972181 0.6945652 0.8789515 -0.195715 0.4349022 0.9063356 0.1980501 0.373272 -0.877517 -0.2032937 0.434322 -0.9055795 0.2057628 0.3709279 -0.7003391 -0.1568943 0.6963543 -0.6945652 0.1972181 0.6918701 -0.4349022 -0.195715 0.8789515 -0.373272 0.1980501 0.9063356 -0.434322 -0.2032937 -0.877517 -0.3709279 0.2057628 -0.9055795 -0.6963543 -0.1568943 -0.7003391 -0.6918701 0.1972181 -0.6945652 -0.8789515 -0.195715 -0.4349022 -0.9063356 0.1980501 -0.373272 0.877517 -0.2032937 -0.434322 0.9055795 0.2057628 -0.3709279 0.7003391 -0.1568943 -0.6963543 0.6945652 0.1972181 -0.6918701 0.4349022 -0.195715 -0.8789515 0.373272 0.1980501 -0.9063356 0.434322 -0.2032937 0.877517 0.3709279 0.2057628 0.9055795 0.6963543 -0.1568943 0.7003391 0.6918701 0.1972181 0.6945652 0.8789515 -0.195715 0.4349022 0.9063338 0.1980527 0.3732749 -0.877517 -0.2032937 0.434322 -0.9055795 0.2057628 0.3709279 -0.7003391 -0.1568943 0.6963543 -0.6945652 0.1972181 0.6918701 -0.4349022 -0.195715 0.8789515 -0.373272 0.1980501 0.9063356 -0.434322 -0.2032937 -0.877517 -0.3709279 0.2057628 -0.9055795 -0.6963543 -0.1568943 -0.7003391 -0.6918701 0.1972181 -0.6945652 -0.8789515 -0.195715 -0.4349022 -0.9063356 0.1980501 -0.373272 0.8775154 -0.2032958 -0.4343243 0.9055795 0.2057628 -0.3709279 0.7003391 -0.1568943 -0.6963543 0.6945652 0.1972181 -0.6918701 0.4349022 -0.195715 -0.8789515 0.373272 0.1980501 -0.9063356 -0.7694784 0.481981 -0.4190433 -0.4732456 0.4865131 -0.7344002 -0.3416579 0.2461733 -0.9070108 -0.2894997 0.8450463 -0.4495405 -0.3034005 0.5676072 -0.7653563 0.08983445 0.9785283 -0.1855053 -0.4626479 0.8492727 -0.2543479 -0.8942879 0.4335921 -0.1106663 -0.709221 0.699298 -0.08937491 -0.4531687 0.8895146 -0.05832626 -0.8970336 0.4380672 0.05854779 -0.7089732 0.7036286 0.04757999 -0.4482149 0.8934298 0.02977519 0.06428901 0.992905 0.1000324 -0.4515707 0.6844504 0.5723736 -0.2879858 0.8884738 0.3573212 -0.3722198 0.8578902 0.3542269 -0.6219231 0.4857096 0.6142458 -0.5575474 0.4121722 0.7205935 -0.7545789 0.4907501 0.4356318 -0.8419839 0.4879874 0.2300685 -0.4942236 0.8582949 0.1381047 -0.4468341 0.8566255 0.2579381 -0.01495504 -0.3430678 0.9391916 -0.02630475 -0.6641254 0.7471583 -0.07169533 -0.6939988 0.7163975 -0.07169322 -0.6940002 -0.7163964 -0.2826215 -0.6837562 -0.6727574 -0.5197643 -0.6839237 -0.5119506 -0.6749621 -0.6844099 -0.2756978 -0.716279 -0.6943082 -0.06986104 -0.9341733 0.02707563 -0.3557909 -0.9954401 -0.0005136659 -0.0953877 0 -0.7071068 -0.7071068 -0.9945178 -0.006488088 -0.1043662 -0.938513 -0.04402548 -0.3424253 -0.6521187 -0.6759267 -0.3433136 -0.4643834 -0.8084947 -0.361503 -0.817218 -0.2552266 -0.516734 -0.7177033 -0.6907359 -0.08823819 -0.7851683 0.2631391 0.5605966 -0.4615604 0.7945039 0.3946207 -0.7909175 0.448309 0.4164956 -0.4651756 0.8553758 0.2279121 -0.8944518 0.4337926 0.1085358 -0.9927848 -0.05676092 0.105625 -0.9435902 0.01988407 0.330518 -0.7092485 0.6994912 0.08762767 -0.4529738 0.8896941 0.05708942 -0.7137179 0.6960706 -0.07805362 -0.7162949 -0.6942885 0.06989372 -0.6749838 -0.6844192 0.2756215 -0.5197083 -0.6839413 0.5119841 -0.2826387 -0.6837442 0.6727624 -0.6587331 0.6692318 -0.3438016 -0.4516984 0.8229579 -0.3445416 -0.6992365 0.5120066 -0.4989163 -0.2017736 0.9661716 -0.1606235 0.01109921 -0.9824658 0.1861122 -0.3899543 -0.7860946 0.4795736 -0.3686316 -0.8585406 0.3563969 -0.4981732 -0.586029 0.6390567 -0.6227771 -0.4865971 0.612676 -0.6006209 -0.2734932 0.7513029 -0.4468183 -0.8566255 0.2579653 -0.4942179 -0.8583029 0.1380757 -0.4475874 -0.8937843 0.02855079 -0.8419892 -0.4879733 0.2300787 -0.8969465 -0.4382885 0.05822408 -0.7091542 -0.7034668 0.04727368 -0.7545803 -0.4907389 0.435642 0.7139398 -0.6986348 -0.04689784 0.6977733 -0.6914837 -0.1869832 0.6256246 -0.6914394 -0.3612554 0.5107235 -0.6915972 -0.5107395 0.3611441 -0.6915685 -0.6255461 0.1869346 -0.6915528 -0.6977178 0.0468621 -0.6986932 -0.7138849 0.7139433 -0.6986314 0.04689494 0.4626543 0.8492788 -0.2543159 -0.08200004 0.9942005 -0.06957932 0.2980889 0.8489102 -0.4364566 0.1879949 0.8429496 -0.5040773 0.2641878 0.6177556 -0.7406638 0.4847619 0.4805242 -0.7308231 0.3073123 0.344513 -0.8870569 0.7694705 0.4819555 -0.4190871 0.4531645 0.8895164 -0.0583313 0.709221 0.699298 -0.08937491 0.894286 0.4335991 -0.1106543 -0.01095783 0.9825844 0.1854933 0.3899713 0.7860838 0.4795776 0.3686389 0.8585396 0.3563919 0.4981828 0.5860109 0.6390659 0.6227749 0.486609 0.6126688 0.6006223 0.2734882 0.7513036 0.4468209 0.8566237 0.2579668 0.4942174 0.8583024 0.1380802 0.4482066 0.8934336 0.02978563 0.8419818 0.4879853 0.2300803 0.8970305 0.4380751 0.05853544 0.7089732 0.7036286 0.04757999 0.7545733 0.4907531 0.435638 0.9384847 -0.005166147 0.3452823 0.7871106 0.4504233 0.4213974 0.6215436 0.6118453 0.4892125 0.4703186 0.8525628 0.2278971 0.229791 0.9532062 0.1964536 0.4529731 0.8896944 0.05709027 0.7092485 0.6994912 0.08762767 0.8923489 0.440853 0.09675757 0.9934595 -0.0637704 0.09471794 0.8172163 -0.255226 0.516737 0.6521194 -0.6759251 0.3433155 0.4643824 -0.8084943 0.3615051 0.7177032 -0.6907359 0.0882378 0.9945178 -0.006488022 0.1043658 0.9385131 -0.04402459 0.3424252 0 0.7071068 -0.7071068 0.07169322 0.6940002 -0.7163964 0.07169533 0.6939988 0.7163975 0.2826387 0.6837442 0.6727624 0.5197083 0.6839413 0.5119841 0.6749838 0.6844192 0.2756215 0.7162949 0.6942885 0.06989372 0.01495504 0.3430678 0.9391916 0.02630475 0.6641254 0.7471583 0.7459861 0.4210791 -0.515943 0.3401414 0.8993494 -0.2747262 0.5176503 0.6892296 -0.5069524 0.5902201 0.6945139 -0.4114494 0.3611449 0.6915726 -0.6255411 0.1869338 0.6915486 -0.6977223 0.04699077 0.6987357 -0.7138349 -0.05850896 0.4383722 -0.8968871 -0.04724332 0.7038277 -0.708798 -0.0294719 0.8932051 -0.4486826 -0.8785722 0.2213949 -0.4231964 -0.6694963 0.6894122 -0.2765602 -0.7368994 0.4889092 -0.466848 -0.426741 0.8691596 -0.2499075 -0.6161022 0.4908374 -0.6160331 -0.4356379 0.4908873 -0.7544861 -0.2299792 0.4881751 -0.8418994 -0.1380545 0.8583191 -0.4941956 -0.3647598 0.8566923 -0.3647308 -0.2578582 0.8567503 -0.4466409 0.6387068 0.2671539 0.7215832 0.8830076 0.1827467 0.4323208 0.5775323 0.3859038 0.7193989 0.4911852 0.4912081 0.7193412 0.3859475 0.57765 0.7192809 0.2658855 0.6418601 0.71925 0.1355378 0.6814024 0.7192498 0.03444431 0.7004938 0.7128268 0.9297248 0.08374701 0.358606 -0.03444431 0.7004938 0.7128268 0.4628866 0.8843567 -0.06040794 0.7026443 0.7054564 -0.09285621 0.7137972 0.6987602 0.04719829 0.8932586 0.4400779 -0.09176358 0.5629972 0.4115896 0.7166786 0.5248529 0.6923745 0.4951232 0.3179638 0.8866422 0.3358044 0.4510807 0.6853428 0.5716917 0.6256198 0.6914452 0.3612526 0.6977679 0.6914895 0.1869818 -0.6192009 -0.488735 0.6145961 -0.5333527 -0.4720893 0.7019021 -0.01430857 -0.9944328 0.104397 -0.3699181 -0.8566206 0.3596688 -0.3173735 -0.857131 0.40571 -0.4468183 -0.8566255 0.2579653 -0.4942179 -0.8583029 0.1380757 -0.4482591 -0.8934072 0.02978688 -0.8419892 -0.4879733 0.2300787 -0.8968305 -0.4385955 0.05769757 -0.7094008 -0.7032523 0.04676309 -0.7545803 -0.4907389 0.435642 0.4482676 -0.8934039 0.02975975 0.5466021 -0.8373894 -0.002282594 0.7091542 -0.7034668 0.04727368 0.9079822 -0.4190082 0.000672889 0.8969496 -0.4382806 0.05823643 -0.7140586 -0.6984933 -0.04719608 0.0004094603 -0.4193348 0.9078316 0 -0.8390449 0.5440622 -0.0003276122 -0.8389814 0.54416 -0.0006191943 -0.4201008 0.9074772 -0.04686757 -0.698687 -0.7138907 -0.1869338 -0.6915486 -0.6977223 -0.3611449 -0.6915726 -0.6255411 -0.5106647 -0.6916299 -0.5107539 -0.6256281 -0.6914674 -0.3611957 -0.6977761 -0.6914775 -0.1869957 -0.5440393 -0.8390598 -3.705798e-05 -0.9079822 -0.4190082 0.000672889 0.3669465 -0.8538291 0.3692236 0.3395712 -0.8463358 0.4103743 0.6132452 -0.4921303 0.6178495 0.5414707 -0.4732062 0.6948996 0.4468315 -0.8566273 0.2579366 0.494224 -0.8582954 0.1381002 0.7545858 -0.4907359 0.4356358 0.8419912 -0.4879754 0.2300669 -0.5904972 0.2924295 0.7521955 -0.5075399 0.572557 0.6438802 -0.5212896 0.6937185 0.4970028 -0.3788881 0.7994837 0.4661219 -0.6256232 0.6914733 0.3611929 -0.6977707 0.6914834 0.1869942 -0.7139372 0.6986376 0.04689455 -0.7188493 0.6923463 -0.06254871 -0.5068137 0.8587938 -0.07492044 -0.7903254 0.6017552 -0.1152236 -0.9159944 0.3683316 -0.1590157 0 -0.7071068 -0.7071068 0.07169533 -0.6939988 -0.7163975 0.2826387 -0.6837442 -0.6727624 0.5197087 -0.6839412 -0.5119837 0.938513 0.04402548 -0.3424253 0.6749842 -0.684419 -0.2756211 0.9944334 0.00597054 -0.1051976 0.7162949 -0.6942884 -0.06989388 0.07663579 -0.696029 0.7139122 0 -0.6882822 0.7254431 0.001387304 -0.3387816 0.940864 0.817218 0.2552266 -0.516734 0.6521187 0.6759267 -0.3433136 0.4643834 0.8084947 -0.361503 0.7175899 0.6906372 -0.08991676 0.716279 -0.6943082 0.06986085 0.6749616 -0.6844102 0.2756982 0.5197639 -0.6839239 0.5119509 0.2826215 -0.6837562 0.6727574 0.716279 0.6943082 -0.06986104 0.9955195 -9.824489e-17 -0.09455605 0.6749621 0.6844099 -0.2756978 0.9341733 -0.02707563 -0.3557909 0.5197643 0.6839237 -0.5119506 0.2826215 0.6837562 -0.6727574 0.7138143 -0.6961581 -0.07637377 0.6992365 -0.5120066 -0.4989163 0.6587331 -0.6692318 -0.3438016 0.4516984 -0.8229579 -0.3445416 0.2017736 -0.9661716 -0.1606235 0.9459541 0.2697943 -0.1799495 0.7997939 0.5877312 -0.1220731 -0.9297248 0.08374701 0.358606 -0.8840548 0.1811532 0.4308487 -0.6406921 0.2672258 0.7197944 -0.5775521 0.385817 0.7194295 -0.4911902 0.4912298 0.7193229 -0.3859557 0.5776544 0.7192729 -0.2658765 0.641859 0.7192542 -0.1355384 0.6814023 0.7192497 0.5904972 -0.2924355 0.7521931 0.5075366 -0.5725731 0.6438685 0.521293 -0.6937136 0.4970061 0.378884 -0.7994935 0.4661084 0.6256281 -0.6914674 0.3611957 0.6977761 -0.6914775 0.1869957 -0.9341733 -0.02707482 0.3557908 -0.9955196 -9.824488e-17 0.09455581 -0.7138143 -0.6961581 0.07637354 -0.6587339 -0.6692297 0.343804 -0.4516977 -0.8229573 0.3445438 -0.6992357 -0.5120054 0.4989187 -0.2017732 -0.9661716 0.1606241 0.06847665 0.7179829 0.6926843 0.2608309 0.7317171 0.6297279 0.4819587 0.7317362 0.4819522 0.6297187 0.7317228 0.2608373 0.6926757 0.7179909 0.06847964 0.6926755 0.717991 -0.06847984 0.6297236 0.7317197 -0.2608342 0.481952 0.7317359 -0.4819594 0.2608336 0.7317227 -0.6297203 0.06847647 0.7179857 -0.6926814 -0.06847665 0.7179829 -0.6926843 -0.2608309 0.7317171 -0.6297279 -0.4819594 0.7317359 -0.481952 -0.6297203 0.7317227 -0.2608336 -0.6926814 0.7179857 -0.06847647 -0.6926843 0.7179829 0.06847665 -0.6297279 0.7317171 0.2608309 -0.481952 0.7317359 0.4819594 -0.2608336 0.7317227 0.6297203 -0.06847647 0.7179857 0.6926814 0.09105026 -0.7210847 0.6868382 0.329051 -0.7294626 0.5996747 0.5996774 -0.7294574 0.3290577 0.6868338 -0.7210889 0.09105048 0.6868326 -0.7210898 -0.09105214 0.5996772 -0.7294581 -0.3290565 0.3290558 -0.7294598 -0.5996754 0.09104716 -0.7210823 -0.6868411 -0.09105026 -0.7210847 -0.6868382 -0.329051 -0.7294626 -0.5996747 -0.5996755 -0.7294601 -0.3290551 -0.6868411 -0.7210823 -0.09104716 -0.6868382 -0.7210847 0.09105026 -0.5996747 -0.7294626 0.329051 -0.3290551 -0.7294601 0.5996755 -0.09104716 -0.7210823 0.6868411 0.06847665 0.7179829 0.6926843 0.2608309 0.7317171 0.6297279 0.4819594 0.7317359 0.481952 0.6297203 0.7317227 0.2608336 0.6926814 0.7179857 0.06847647 0.6926843 0.7179829 -0.06847665 0.6297279 0.7317171 -0.2608309 0.481952 0.7317359 -0.4819594 0.2608336 0.7317227 -0.6297203 0.06847647 0.7179857 -0.6926814 -0.06847665 0.7179829 -0.6926843 -0.2608309 0.7317171 -0.6297279 -0.4819594 0.7317359 -0.481952 -0.6297203 0.7317227 -0.2608336 -0.6926814 0.7179857 -0.06847647 -0.6926843 0.7179829 0.06847665 -0.6297279 0.7317171 0.2608309 -0.481952 0.7317359 0.4819594 -0.2608336 0.7317227 0.6297203 -0.06847647 0.7179857 0.6926814 0.09105026 -0.7210847 0.6868382 0.329051 -0.7294626 0.5996747 0.5996755 -0.7294601 0.3290551 0.6868411 -0.7210823 0.09104716 0.6868382 -0.7210847 -0.09105026 0.5996747 -0.7294626 -0.329051 0.3290551 -0.7294601 -0.5996755 0.09104716 -0.7210823 -0.6868411 -0.09105026 -0.7210847 -0.6868382 -0.329051 -0.7294626 -0.5996747 -0.5996755 -0.7294601 -0.3290551 -0.6868411 -0.7210823 -0.09104716 -0.6868382 -0.7210847 0.09105026 -0.5996747 -0.7294626 0.329051 -0.3290551 -0.7294601 0.5996755 -0.09104716 -0.7210823 0.6868411 0.06847665 0.7179829 0.6926843 0.2608309 0.7317171 0.6297279 0.4819594 0.7317359 0.481952 0.6297203 0.7317227 0.2608336 0.6926814 0.7179857 0.06847647 0.6926843 0.7179829 -0.06847665 0.6297279 0.7317171 -0.2608309 0.481952 0.7317359 -0.4819594 0.2608336 0.7317227 -0.6297203 0.06584143 0.7181051 -0.692813 -0.07817302 0.4524093 -0.8883776 -0.3281566 0.5144683 -0.7922346 -0.1805131 0.8801798 -0.4389745 -0.3358573 0.8800033 -0.3358483 -0.4374715 0.8817414 -0.1764957 -0.04215624 0.9009523 -0.4318655 -0.05863814 0.7047942 -0.7069842 -0.4318661 0.9009534 -0.04212579 -0.7014944 0.7094172 -0.06806551 -0.6063447 0.5144979 -0.6063316 -0.7965718 0.5110123 -0.3230169 -0.8909032 0.4454544 -0.08866695 -0.6927602 0.7180519 0.06696823 -0.6297279 0.7317171 0.2608309 -0.481952 0.7317359 0.4819594 -0.2608336 0.7317227 0.6297203 -0.06847647 0.7179857 0.6926814 0.09105026 -0.7210847 0.6868382 0.329051 -0.7294626 0.5996747 0.5996755 -0.7294601 0.3290551 0.6868411 -0.7210823 0.09104716 0.6868382 -0.7210847 -0.09105026 0.5996747 -0.7294626 -0.329051 0.3290551 -0.7294601 -0.5996755 0.08841753 -0.721243 -0.6870159 -0.7029529 -0.706091 -0.08539793 -0.428168 -0.901974 -0.05581286 -0.4040304 -0.8847104 -0.2324798 -0.09202759 -0.7094575 -0.6987138 -0.1185827 -0.4457354 -0.8872757 -0.4114909 -0.5007213 -0.7615468 -0.7576935 -0.5034325 -0.4152786 -0.8856175 -0.4512353 -0.1098565 -0.05584499 -0.901972 -0.428168 -0.2292379 -0.8858955 -0.4032854 -0.6869388 -0.7211773 0.08954501 -0.5996747 -0.7294626 0.329051 -0.3290551 -0.7294601 0.5996755 -0.09104716 -0.7210823 0.6868411 0.06847665 0.7179829 0.6926843 0.2608309 0.7317171 0.6297279 0.4819594 0.7317359 0.481952 0.6297203 0.7317227 0.2608336 0.6926814 0.7179857 0.06847647 0.6926843 0.7179829 -0.06847665 0.6297279 0.7317171 -0.2608309 0.481952 0.7317359 -0.4819594 0.2608336 0.7317227 -0.6297203 0.06847647 0.7179857 -0.6926814 -0.06847665 0.7179829 -0.6926843 -0.2608309 0.7317171 -0.6297279 -0.4819587 0.7317362 -0.4819522 -0.6297187 0.7317228 -0.2608373 -0.6926757 0.7179909 -0.06847964 -0.6926755 0.717991 0.06847984 -0.6297236 0.7317197 0.2608342 -0.481952 0.7317359 0.4819594 -0.2608336 0.7317227 0.6297203 -0.06847647 0.7179857 0.6926814 0.09105026 -0.7210847 0.6868382 0.329051 -0.7294626 0.5996747 0.5996755 -0.7294601 0.3290551 0.6868411 -0.7210823 0.09104716 0.6868382 -0.7210847 -0.09105026 0.5996747 -0.7294626 -0.329051 0.3290551 -0.7294601 -0.5996755 0.09104716 -0.7210823 -0.6868411 -0.09105026 -0.7210847 -0.6868382 -0.329051 -0.7294626 -0.5996747 -0.5996774 -0.7294574 -0.3290577 -0.6868338 -0.7210889 -0.09105048 -0.6868326 -0.7210898 0.09105214 -0.5996772 -0.7294581 0.3290565 -0.3290558 -0.7294598 0.5996754 -0.09104716 -0.7210823 0.6868411 -0.07663579 0.696029 0.7139122 0 0.6882822 0.7254431 -0.001387304 0.3387816 0.940864 -0.2826215 0.6837562 0.6727574 -0.5197639 0.6839239 0.5119509 -0.6749616 0.6844102 0.2756982 -0.716279 0.6943082 0.06986085 0 0.7071068 -0.7071068 -0.07169533 0.6939988 -0.7163975 -0.7162949 0.6942884 -0.06989388 -0.6749842 0.684419 -0.2756211 -0.5197087 0.6839412 -0.5119837 -0.2826387 0.6837442 -0.6727624</float_array>
          <technique_common>
            <accessor count="1656" source="#normals-array-array" stride="3">
              <param type="float" name="X"/>
              <param type="float" name="Y"/>
              <param type="float" name="Z"/>
            </accessor>
          </technique_common>
        </source>
        <vertices id="verts-array-vertices">
          <input semantic="POSITION" source="#verts-array"/>
        </vertices>
        <triangles count="2616" material="material0">
          <input offset="0" semantic="VERTEX" source="#verts-array-vertices"/>
          <input offset="1" semantic="NORMAL" source="#normals-array"/>
          <p>0 0 1 1 2 2 3 3 4 4 5 5 2 2 6 6 3 3 7 7 3 3 6 6 3 3 7 7 4 4 8 8 9 9 10 10 1 1 11 11 2 2 12 12 2 2 11 11 2 2 12 12 13 13 14 14 15 15 16 16 17 17 18 18 19 19 20 20 19 19 18 18 19 19 20 20 21 21 22 22 23 23 24 24 25 25 24 24 23 23 24 24 25 25 2 2 26 26 2 2 25 25 2 2 26 26 0 0 27 27 28 28 29 29 30 30 29 29 28 28 29 29 30 30 31 31 32 32 33 33 34 34 16 16 15 15 35 35 16 16 18 18 2 2 17 17 2 2 18 18 2 2 17 17 6 6 9 9 8 8 29 29 36 36 29 29 8 8 29 29 36 36 27 27 37 37 38 38 39 39 40 40 39 39 38 38 39 39 40 40 41 41 13 13 42 42 43 43 44 44 43 43 42 42 43 43 44 44 45 45 46 46 45 45 44 44 45 45 46 46 47 47 48 48 47 47 46 46 5 5 49 49 3 3 50 50 3 3 49 49 3 3 50 50 51 51 52 52 51 51 50 50 51 51 52 52 53 53 53 53 54 54 51 51 39 39 51 51 54 54 51 51 39 39 55 55 41 41 55 55 39 39 56 56 57 57 58 58 13 13 43 43 2 2 59 59 2 2 43 43 2 2 59 59 16 16 60 60 16 16 59 59 16 16 60 60 14 14 58 58 61 61 56 56 62 62 56 56 61 61 56 56 62 62 63 63 64 64 65 65 66 66 67 67 66 66 65 65 66 66 67 67 68 68 69 69 68 68 67 67 68 68 69 69 70 70 21 21 70 70 69 69 70 70 21 21 71 71 20 20 71 71 21 21 34 34 72 72 32 32 73 73 32 32 72 72 32 32 73 73 74 74 75 75 76 76 15 15 77 77 15 15 76 76 15 15 77 77 35 35 78 78 57 57 79 79 80 80 81 81 79 79 82 82 79 79 81 81 79 79 83 83 84 84 85 85 84 84 83 83 63 63 62 62 86 86 87 87 86 86 62 62 86 86 87 87 75 75 88 88 75 75 87 87 75 75 88 88 76 76 64 64 89 89 65 65 90 90 65 65 89 89 65 65 90 90 91 91 78 78 91 91 90 90 91 91 78 78 92 92 79 79 92 92 78 78 92 92 79 79 93 93 8 8 93 93 79 79 93 93 8 8 37 37 10 10 37 37 8 8 37 37 10 10 38 38 94 94 95 95 85 85 96 96 85 85 95 95 85 85 96 96 84 84 48 48 46 46 97 97 98 98 97 97 46 46 97 97 98 98 99 99 100 100 99 99 98 98 99 99 100 100 74 74 101 101 74 74 100 100 74 74 101 101 32 32 33 33 80 80 34 34 79 79 34 34 80 80 34 34 79 79 102 102 57 57 102 102 79 79 102 102 57 57 103 103 56 56 103 103 57 57 104 104 105 105 82 82 106 106 82 82 105 105 82 82 106 106 79 79 107 107 79 79 106 106 79 79 107 107 83 83 22 22 24 24 82 82 108 108 82 82 24 24 82 82 108 108 104 104 109 109 110 110 111 111 112 112 113 113 114 114 115 115 116 116 117 117 114 114 118 118 112 112 119 119 112 112 118 118 112 112 119 119 120 120 121 121 120 120 119 119 120 120 121 121 122 122 115 115 117 117 123 123 124 124 125 125 126 126 127 127 128 128 126 126 129 129 126 126 128 128 130 130 131 131 117 117 132 132 117 117 131 131 117 117 132 132 123 123 111 111 110 110 133 133 134 134 135 135 136 136 137 137 136 136 135 135 136 136 137 137 138 138 139 139 138 138 137 137 138 138 139 139 140 140 141 141 140 140 139 139 140 140 141 141 111 111 142 142 111 111 141 141 111 111 142 142 109 109 143 143 144 144 145 145 146 146 145 145 144 144 145 145 146 146 147 147 148 148 149 149 126 126 143 143 126 126 149 149 126 126 143 143 127 127 145 145 127 127 143 143 150 150 151 151 146 146 152 152 146 146 151 151 146 146 152 152 147 147 153 153 154 154 155 155 156 156 155 155 157 157 158 158 157 157 155 155 125 125 159 159 126 126 160 160 126 126 159 159 126 126 160 160 148 148 161 161 148 148 160 160 148 148 161 161 162 162 163 163 162 162 161 161 162 162 163 163 164 164 165 165 164 164 163 163 164 164 165 165 166 166 167 167 166 166 165 165 166 166 167 167 168 168 169 169 168 168 167 167 168 168 169 169 170 170 171 171 170 170 169 169 172 172 173 173 174 174 175 175 174 174 173 173 174 174 175 175 176 176 177 177 178 178 179 179 151 151 179 179 178 178 179 179 151 151 180 180 150 150 180 180 151 151 172 172 174 174 181 181 155 155 181 181 174 174 181 181 155 155 171 171 156 156 171 171 155 155 171 171 156 156 170 170 182 182 183 183 184 184 126 126 184 184 183 183 184 184 126 126 134 134 129 129 134 134 126 126 134 134 129 129 135 135 185 185 186 186 187 187 122 122 121 121 188 188 174 174 188 188 121 121 188 188 174 174 189 189 176 176 189 189 174 174 189 189 176 176 190 190 153 153 155 155 187 187 130 130 191 191 131 131 192 192 131 131 191 191 131 131 192 192 155 155 193 193 155 155 192 192 155 155 193 193 187 187 194 194 187 187 193 193 187 187 194 194 185 185 154 154 195 195 155 155 196 196 155 155 195 195 155 155 196 196 197 197 190 190 198 198 199 199 182 182 200 200 183 183 201 201 183 183 200 200 183 183 201 201 202 202 187 187 202 202 201 201 202 202 187 187 203 203 186 186 203 203 187 187 179 179 158 158 177 177 155 155 177 177 158 158 177 177 155 155 110 110 197 197 110 110 155 155 110 110 197 197 133 133 124 124 126 126 190 190 204 204 190 190 126 126 190 190 204 204 198 198 199 199 205 205 190 190 206 206 190 190 205 205 190 190 206 206 189 189 207 207 208 208 209 209 210 210 209 209 208 208 211 211 212 212 213 213 214 214 213 213 212 212 213 213 214 214 215 215 210 210 216 216 209 209 217 217 209 209 216 216 209 209 217 217 214 214 218 218 214 214 217 217 214 214 218 218 215 215 219 219 220 220 221 221 222 222 221 221 220 220 223 223 224 224 220 220 225 225 220 220 224 224 220 220 225 225 222 222 226 226 227 227 228 228 229 229 228 228 227 227 228 228 229 229 230 230 230 230 231 231 228 228 232 232 228 228 231 231 228 228 232 232 233 233 219 219 234 234 220 220 235 235 220 220 234 234 220 220 235 235 228 228 236 236 228 228 235 235 228 228 236 236 226 226 237 237 238 238 239 239 240 240 239 239 238 238 239 239 240 240 241 241 242 242 243 243 244 244 245 245 244 244 243 243 244 244 246 246 242 242 247 247 242 242 246 246 242 242 247 247 240 240 248 248 240 240 247 247 240 240 248 248 241 241 249 249 250 250 251 251 252 252 251 251 250 250 253 253 254 254 255 255 256 256 255 255 254 254 255 255 256 256 257 257 258 258 257 257 256 256 257 257 258 258 259 259 260 260 259 259 258 258 259 259 260 260 261 261 262 262 261 261 260 260 261 261 262 262 263 263 264 264 263 263 262 262 263 263 264 264 265 265 266 266 265 265 264 264 265 265 266 266 267 267 268 268 267 267 266 266 267 267 268 268 253 253 254 254 253 253 268 268 269 269 270 270 271 271 272 272 271 271 270 270 271 271 272 272 273 273 274 274 273 273 272 272 273 273 274 274 275 275 276 276 275 275 274 274 275 275 276 276 277 277 278 278 277 277 276 276 277 277 278 278 279 279 280 280 279 279 278 278 279 279 280 280 281 281 282 282 281 281 280 280 281 281 282 282 283 283 284 284 283 283 282 282 283 283 284 284 269 269 270 270 269 269 284 284 285 285 286 286 287 287 288 288 287 287 286 286 289 289 290 290 291 291 292 292 293 293 294 294 295 295 294 294 293 293 294 294 295 295 291 291 296 296 291 291 295 295 291 291 296 296 289 289 297 297 298 298 299 299 300 300 299 299 298 298 301 301 302 302 303 303 304 304 303 303 302 302 305 305 306 306 307 307 308 308 307 307 306 306 309 309 310 310 311 311 312 312 311 311 310 310 311 311 312 312 313 313 308 308 313 313 312 312 313 313 308 308 314 314 306 306 314 314 308 308 315 315 316 316 317 317 316 316 315 315 318 318 319 319 318 318 315 315 318 318 319 319 320 320 321 321 322 322 323 323 324 324 323 323 322 322 323 323 324 324 325 325 326 326 325 325 324 324 325 325 326 326 327 327 328 328 322 322 329 329 330 330 329 329 322 322 331 331 332 332 319 319 329 329 319 319 332 332 319 319 329 329 333 333 330 330 333 333 329 329 334 334 335 335 336 336 335 335 334 334 337 337 332 332 337 337 334 334 337 337 332 332 338 338 333 333 339 339 319 319 340 340 319 319 339 339 319 319 340 340 320 320 341 341 320 320 340 340 320 320 341 341 342 342 343 343 342 342 341 341 342 342 343 343 321 321 344 344 321 321 343 343 321 321 344 344 322 322 345 345 322 322 344 344 322 322 345 345 330 330 336 336 346 346 334 334 315 315 334 334 346 346 334 334 315 315 327 327 317 317 327 327 315 315 327 327 317 317 325 325 336 336 347 347 346 346 348 348 346 346 347 347 346 346 348 348 331 331 349 349 331 331 348 348 331 331 349 349 332 332 350 350 332 332 349 349 332 332 350 350 338 338 351 351 352 352 353 353 354 354 353 353 352 352 353 353 354 354 355 355 356 356 355 355 354 354 355 355 356 356 357 357 358 358 357 357 356 356 359 359 360 360 361 361 362 362 361 361 360 360 361 361 362 362 363 363 364 364 365 365 366 366 367 367 366 366 365 365 366 366 367 367 368 368 360 360 368 368 367 367 368 368 360 360 369 369 359 359 369 369 360 360 370 370 371 371 372 372 373 373 372 372 371 371 372 372 373 373 374 374 375 375 374 374 373 373 374 374 375 375 376 376 377 377 376 376 375 375 378 378 379 379 380 380 381 381 382 382 383 383 384 384 383 383 382 382 385 385 386 386 387 387 388 388 387 387 386 386 387 387 388 388 389 389 390 390 391 391 392 392 393 393 394 394 395 395 396 396 397 397 390 390 380 380 396 396 378 378 390 390 378 378 396 396 378 378 390 390 398 398 392 392 398 398 390 390 399 399 400 400 385 385 401 401 385 385 400 400 385 385 401 401 386 386 402 402 403 403 387 387 404 404 387 387 403 403 379 379 402 402 380 380 387 387 380 380 402 402 380 380 387 387 382 382 389 389 382 382 387 387 382 382 389 389 384 384 390 390 405 405 391 391 406 406 391 391 405 405 391 391 406 406 407 407 408 408 409 409 393 393 410 410 393 393 409 409 393 393 410 410 385 385 383 383 399 399 381 381 385 385 381 381 399 399 381 381 385 385 396 396 410 410 396 396 385 385 396 396 410 410 397 397 411 411 412 412 387 387 413 413 387 387 412 412 387 387 413 413 414 414 407 407 408 408 391 391 393 393 391 391 408 408 391 391 393 393 404 404 395 395 404 404 393 393 404 404 395 395 387 387 415 415 387 387 395 395 387 387 415 415 411 411 416 416 417 417 418 418 419 419 420 420 421 421 419 419 421 421 422 422 423 423 424 424 421 421 425 425 421 421 424 424 421 421 425 425 422 422 418 418 426 426 416 416 427 427 416 416 426 426 416 416 427 427 428 428 424 424 428 428 427 427 428 428 424 424 429 429 423 423 429 429 424 424 430 430 431 431 432 432 433 433 434 434 435 435 436 436 435 435 434 434 432 432 437 437 430 430 436 436 430 430 437 437 430 430 436 436 438 438 434 434 438 438 436 436 439 439 440 440 441 441 442 442 441 441 440 440 441 441 442 442 443 443 444 444 443 443 442 442 443 443 444 444 445 445 446 446 445 445 444 444 445 445 446 446 447 447 448 448 447 447 446 446 447 447 448 448 449 449 450 450 449 449 448 448 449 449 450 450 451 451 452 452 451 451 450 450 451 451 452 452 453 453 454 454 453 453 452 452 453 453 454 454 439 439 440 440 439 439 454 454 455 455 456 456 457 457 458 458 457 457 456 456 457 457 458 458 459 459 460 460 459 459 458 458 459 459 460 460 461 461 462 462 461 461 460 460 461 461 462 462 463 463 464 464 463 463 462 462 463 463 464 464 465 465 466 466 465 465 464 464 465 465 466 466 467 467 468 468 467 467 466 466 467 467 468 468 469 469 470 470 469 469 468 468 469 469 470 470 455 455 456 456 455 455 470 470 471 471 472 472 473 473 474 474 473 473 472 472 473 473 474 474 475 475 476 476 475 475 474 474 475 475 476 476 477 477 478 478 477 477 476 476 477 477 478 478 479 479 480 480 479 479 478 478 479 479 480 480 481 481 482 482 481 481 480 480 481 481 482 482 483 483 484 484 483 483 482 482 483 483 484 484 485 485 486 486 485 485 484 484 485 485 486 486 471 471 472 472 471 471 486 486 487 487 488 488 489 489 490 490 489 489 488 488 489 489 490 490 491 491 492 492 491 491 490 490 491 491 492 492 493 493 494 494 493 493 492 492 493 493 494 494 495 495 496 496 495 495 494 494 495 495 496 496 497 497 498 498 497 497 496 496 497 497 498 498 499 499 500 500 499 499 498 498 499 499 500 500 501 501 502 502 501 501 500 500 501 501 502 502 487 487 488 488 487 487 502 502 503 503 504 504 505 505 506 506 505 505 504 504 505 505 506 506 507 507 508 508 507 507 506 506 507 507 508 508 509 509 510 510 509 509 508 508 509 509 510 510 511 511 512 512 511 511 510 510 511 511 512 512 513 513 514 514 513 513 512 512 513 513 514 514 515 515 516 516 515 515 514 514 515 515 516 516 517 517 518 518 517 517 516 516 517 517 518 518 503 503 504 504 503 503 518 518 519 519 520 520 521 521 522 522 521 521 520 520 521 521 522 522 523 523 524 524 523 523 522 522 523 523 524 524 525 525 526 526 525 525 524 524 525 525 526 526 527 527 528 528 527 527 526 526 527 527 528 528 529 529 530 530 529 529 528 528 529 529 530 530 531 531 532 532 531 531 530 530 531 531 532 532 533 533 534 534 533 533 532 532 533 533 534 534 519 519 520 520 519 519 534 534 535 535 536 536 537 537 538 538 537 537 536 536 537 537 538 538 539 539 540 540 539 539 538 538 539 539 540 540 541 541 542 542 541 541 540 540 541 541 542 542 543 543 544 544 543 543 542 542 543 543 544 544 545 545 546 546 545 545 544 544 545 545 546 546 547 547 548 548 547 547 546 546 547 547 548 548 549 549 550 550 549 549 548 548 549 549 550 550 535 535 536 536 535 535 550 550 551 551 552 552 553 553 554 554 553 553 552 552 555 555 556 556 557 557 555 555 557 557 558 558 559 559 558 558 557 557 558 558 559 559 560 560 561 561 562 562 563 563 564 564 565 565 559 559 566 566 559 559 565 565 559 559 566 566 560 560 559 559 567 567 564 564 561 561 564 564 567 567 564 564 561 561 568 568 563 563 568 568 561 561 569 569 570 570 571 571 572 572 571 571 570 570 573 573 574 574 575 575 573 573 575 575 576 576 577 577 576 576 575 575 576 576 577 577 578 578 579 579 580 580 581 581 582 582 581 581 580 580 581 581 582 582 583 583 584 584 583 583 582 582 583 583 584 584 585 585 576 576 585 585 584 584 585 585 576 576 586 586 578 578 586 586 576 576 587 587 588 588 589 589 590 590 589 589 588 588 591 591 592 592 593 593 594 594 593 593 592 592 595 595 596 596 597 597 598 598 597 597 596 596 599 599 600 600 601 601 602 602 601 601 600 600 603 603 604 604 605 605 606 606 607 607 608 608 603 603 608 608 607 607 608 608 603 603 609 609 605 605 609 609 603 603 610 610 611 611 612 612 613 613 612 612 611 611 612 612 613 613 614 614 615 615 616 616 617 617 605 605 617 617 616 616 617 617 605 605 618 618 604 604 618 618 605 605 619 619 620 620 621 621 622 622 621 621 620 620 621 621 622 622 623 623 624 624 612 612 625 625 614 614 625 625 612 612 625 625 614 614 604 604 626 626 604 604 614 614 604 604 626 626 618 618 624 624 627 627 620 620 628 628 620 620 627 627 620 620 628 628 622 622 629 629 622 622 628 628 630 630 631 631 632 632 612 612 632 632 610 610 631 631 610 610 632 632 610 610 631 631 615 615 633 633 615 615 631 631 615 615 633 633 616 616 606 606 630 630 607 607 632 632 607 607 630 630 607 607 632 632 634 634 620 620 634 634 632 632 634 634 620 620 635 635 619 619 635 635 620 620 629 629 636 636 622 622 637 637 622 622 636 636 622 622 637 637 625 625 637 637 638 638 625 625 639 639 625 625 638 638 625 625 639 639 624 624 640 640 624 624 639 639 624 624 640 640 627 627 641 641 642 642 643 643 644 644 645 645 646 646 647 647 646 646 645 645 648 648 649 649 650 650 651 651 650 650 649 649 650 650 651 651 652 652 641 641 652 652 651 651 652 652 641 641 653 653 643 643 653 653 641 641 648 648 650 650 647 647 654 654 647 647 650 650 647 647 654 654 646 646 655 655 656 656 657 657 658 658 659 659 660 660 661 661 660 660 659 659 661 661 659 659 657 657 662 662 657 657 659 659 657 657 662 662 655 655 663 663 664 664 665 665 666 666 665 665 664 664 665 665 666 666 667 667 668 668 667 667 666 666 667 667 668 668 669 669 670 670 669 669 668 668 669 669 670 670 671 671 672 672 671 671 670 670 671 671 672 672 673 673 674 674 673 673 672 672 673 673 674 674 675 675 676 676 675 675 674 674 675 675 676 676 677 677 678 678 677 677 676 676 677 677 678 678 663 663 664 664 663 663 678 678 679 679 680 680 681 681 682 682 681 681 680 680 681 681 682 682 683 683 684 684 683 683 682 682 683 683 684 684 685 685 686 686 685 685 684 684 685 685 686 686 687 687 688 688 687 687 686 686 687 687 688 688 689 689 690 690 689 689 688 688 689 689 690 690 691 691 692 692 691 691 690 690 691 691 692 692 693 693 694 694 693 693 692 692 693 693 694 694 679 679 680 680 679 679 694 694 695 695 696 696 697 697 698 698 697 697 696 696 697 697 698 698 699 699 700 700 699 699 698 698 699 699 700 700 701 701 702 702 701 701 700 700 701 701 702 702 703 703 704 704 703 703 702 702 703 703 704 704 705 705 706 706 705 705 704 704 705 705 706 706 707 707 708 708 707 707 706 706 707 707 708 708 709 709 710 710 709 709 708 708 709 709 710 710 695 695 696 696 695 695 710 710 711 711 712 712 713 713 714 714 713 713 712 712 713 713 714 714 715 715 716 716 715 715 714 714 715 715 716 716 717 717 718 718 717 717 716 716 717 717 718 718 719 719 720 720 719 719 718 718 719 719 720 720 721 721 722 722 721 721 720 720 721 721 722 722 723 723 724 724 723 723 722 722 723 723 724 724 725 725 726 726 725 725 724 724 725 725 726 726 711 711 712 712 711 711 726 726 727 727 728 728 729 729 730 730 729 729 728 728 729 729 730 730 731 731 732 732 731 731 730 730 731 731 732 732 733 733 734 734 733 733 732 732 733 733 734 734 735 735 736 736 735 735 734 734 735 735 736 736 737 737 738 738 737 737 736 736 737 737 738 738 739 739 740 740 739 739 738 738 739 739 740 740 741 741 742 742 741 741 740 740 741 741 742 742 727 727 728 728 727 727 742 742 743 743 744 744 745 745 746 746 745 745 744 744 747 747 748 748 749 749 750 750 751 751 752 752 753 753 752 752 751 751 752 752 753 753 749 749 754 754 749 749 753 753 749 749 754 754 747 747 755 755 756 756 757 757 758 758 757 757 756 756 759 759 760 760 761 761 762 762 761 761 760 760 763 763 764 764 765 765 766 766 765 765 764 764 767 767 768 768 769 769 767 767 769 769 770 770 771 771 770 770 769 769 770 770 771 771 772 772 773 773 774 774 775 775 776 776 777 777 771 771 778 778 771 771 777 777 771 771 778 778 772 772 771 771 779 779 776 776 773 773 776 776 779 779 776 776 773 773 780 780 775 775 780 780 773 773 781 781 782 782 783 783 781 781 783 783 784 784 785 785 784 784 783 783 784 784 785 785 786 786 787 787 788 788 789 789 790 790 789 789 788 788 789 789 790 790 791 791 792 792 791 791 790 790 791 791 792 792 793 793 784 784 793 793 792 792 793 793 784 784 794 794 786 786 794 794 784 784 795 795 796 796 797 797 798 798 797 797 796 796 799 799 800 800 801 801 802 802 801 801 800 800 801 801 802 802 803 803 804 804 805 805 806 806 807 807 806 806 805 805 806 806 807 807 808 808 800 800 808 808 807 807 808 808 800 800 809 809 799 799 809 809 800 800 810 810 811 811 812 812 813 813 812 812 811 811 812 812 813 813 814 814 815 815 814 814 813 813 814 814 815 815 816 816 817 817 816 816 815 815 818 818 819 819 820 820 821 821 820 820 819 819 820 820 821 821 822 822 823 823 824 824 825 825 826 826 825 825 824 824 825 825 826 826 827 827 819 819 827 827 826 826 827 827 819 819 828 828 818 818 828 828 819 819 829 829 830 830 831 831 832 832 833 833 834 834 835 835 834 834 833 833 834 834 835 835 836 836 837 837 836 836 835 835 831 831 830 830 838 838 839 839 840 840 841 841 842 842 843 843 844 844 845 845 844 844 843 843 844 844 845 845 846 846 847 847 846 846 845 845 846 846 847 847 837 837 839 839 848 848 840 840 849 849 840 840 848 848 840 840 849 849 829 829 837 837 835 835 846 846 850 850 846 846 835 835 846 846 850 850 851 851 852 852 851 851 850 850 851 851 852 852 853 853 829 829 831 831 840 840 854 854 840 840 831 831 840 840 854 854 853 853 855 855 853 853 854 854 853 853 855 855 851 851 856 856 833 833 844 844 832 832 844 844 833 833 844 844 832 832 842 842 838 838 830 830 856 856 857 857 856 856 830 830 856 856 857 857 833 833 858 858 833 833 857 857 833 833 858 858 859 859 860 860 859 859 858 858 859 859 860 860 839 839 841 841 861 861 839 839 862 862 839 839 861 861 839 839 862 862 859 859 863 863 859 859 862 862 859 859 863 863 850 850 864 864 850 850 863 863 850 850 864 864 852 852 865 865 866 866 867 867 868 868 867 867 866 866 867 867 868 868 869 869 870 870 869 869 868 868 869 869 870 870 871 871 872 872 871 871 870 870 873 873 874 874 875 875 876 876 875 875 874 874 877 877 878 878 879 879 880 880 879 879 878 878 881 881 882 882 883 883 884 884 883 883 882 882 885 885 886 886 887 887 888 888 887 887 886 886 889 889 890 890 891 891 892 892 891 891 890 890 893 893 894 894 895 895 896 896 895 895 894 894 897 897 898 898 899 899 900 900 899 899 898 898 901 901 902 902 903 903 904 904 903 903 902 902 905 905 906 906 907 907 908 908 907 907 906 906 909 909 910 910 911 911 912 912 911 911 910 910 913 913 914 914 915 915 916 916 915 915 914 914 917 917 918 918 919 919 920 920 919 919 918 918 921 921 922 922 923 923 924 924 923 923 922 922 925 925 926 926 927 927 928 928 927 927 926 926 929 929 930 930 931 931 932 932 931 931 930 930 933 933 934 934 935 935 936 936 935 935 934 934 937 937 938 938 939 939 940 940 939 939 938 938 941 941 942 942 943 943 944 944 943 943 942 942 945 945 946 946 947 947 948 948 947 947 946 946 949 949 950 950 951 951 952 952 951 951 950 950 395 395 394 394 953 953 954 954 953 953 394 394 953 953 954 954 955 955 956 956 955 955 954 954 955 955 956 956 957 957 958 958 957 957 956 956 957 957 958 958 959 959 960 960 959 959 958 958 959 959 960 960 961 961 962 962 961 961 960 960 961 961 962 962 963 963 964 964 963 963 962 962 963 963 964 964 965 965 966 966 965 965 964 964 965 965 966 966 2 2 24 24 2 2 966 966 603 603 607 607 967 967 968 968 967 967 607 607 967 967 968 968 969 969 970 970 969 969 968 968 969 969 970 970 971 971 972 972 971 971 970 970 971 971 972 972 973 973 974 974 973 973 972 972 973 973 974 974 975 975 976 976 975 975 974 974 975 975 976 976 977 977 978 978 977 977 976 976 977 977 978 978 979 979 980 980 979 979 978 978 979 979 980 980 51 51 3 3 51 51 980 980 250 250 249 249 981 981 982 982 981 981 249 249 981 981 982 982 983 983 984 984 983 983 982 982 983 983 984 984 985 985 986 986 985 985 984 984 985 985 986 986 987 987 209 209 214 214 988 988 989 989 988 988 214 214 988 988 990 990 209 209 991 991 209 209 990 990 209 209 991 991 992 992 987 987 992 992 991 991 992 992 987 987 993 993 986 986 993 993 987 987 994 994 242 242 995 995 240 240 995 995 242 242 995 995 240 240 996 996 997 997 996 996 240 240 240 240 998 998 997 997 999 999 997 997 998 998 997 997 999 999 1000 1000 1001 1001 1000 1000 999 999 1000 1000 1001 1001 1002 1002 1003 1003 1002 1002 1001 1001 1002 1002 1003 1003 1004 1004 1005 1005 1004 1004 1003 1003 1004 1004 1005 1005 252 252 251 251 252 252 1005 1005 1006 1006 1007 1007 1008 1008 1009 1009 1008 1008 1007 1007 1008 1008 1009 1009 1010 1010 1011 1011 1012 1012 1013 1013 1007 1007 1013 1013 1012 1012 1013 1013 1007 1007 1014 1014 1006 1006 1014 1014 1007 1007 1011 1011 1015 1015 1012 1012 1016 1016 1012 1012 1015 1015 1012 1012 1016 1016 1017 1017 1018 1018 1017 1017 1016 1016 1017 1017 1018 1018 1019 1019 1020 1020 1019 1019 1018 1018 1019 1019 1020 1020 1021 1021 245 245 1021 1021 1020 1020 1021 1021 245 245 243 243 238 238 237 237 1022 1022 1010 1010 1022 1022 237 237 1022 1022 1010 1010 1023 1023 1009 1009 1023 1023 1010 1010 385 385 387 387 1024 1024 1025 1025 1024 1024 387 387 1024 1024 1025 1025 1026 1026 1027 1027 1026 1026 1025 1025 1026 1026 1027 1027 1028 1028 1029 1029 1028 1028 1027 1027 1028 1028 1029 1029 1030 1030 1031 1031 1030 1030 1029 1029 430 430 438 438 1032 1032 1033 1033 1034 1034 966 966 108 108 966 966 1034 1034 966 966 108 108 24 24 1033 1033 1035 1035 1036 1036 1037 1037 1036 1036 1035 1035 1036 1036 1037 1037 1038 1038 1039 1039 1038 1038 1037 1037 1038 1038 1039 1039 1040 1040 1041 1041 434 434 433 433 433 433 1040 1040 1041 1041 1039 1039 1041 1041 1040 1040 1041 1041 1039 1039 1042 1042 1037 1037 1042 1042 1039 1039 1043 1043 430 430 1044 1044 1032 1032 1044 1044 430 430 1044 1044 1032 1032 1045 1045 1046 1046 1045 1045 1032 1032 1045 1045 1046 1046 1047 1047 1048 1048 1047 1047 1046 1046 1047 1047 1048 1048 394 394 966 966 964 964 1033 1033 1049 1049 1033 1033 964 964 1033 1033 1049 1049 1035 1035 1050 1050 1035 1035 1049 1049 1035 1035 1050 1050 1037 1037 1051 1051 1037 1037 1050 1050 1037 1037 1051 1051 1042 1042 958 958 956 956 1048 1048 954 954 1048 1048 956 956 1048 1048 954 954 394 394 964 964 962 962 1049 1049 960 960 1049 1049 962 962 1049 1049 960 960 1050 1050 958 958 1050 1050 960 960 1050 1050 958 958 1051 1051 1048 1048 1051 1051 958 958 1051 1051 1048 1048 1042 1042 1046 1046 1042 1042 1048 1048 1042 1042 1046 1046 1041 1041 1032 1032 1041 1041 1046 1046 1041 1041 1032 1032 434 434 438 438 434 434 1032 1032 1043 1043 1044 1044 1052 1052 1053 1053 1052 1052 1044 1044 1044 1044 1045 1045 1053 1053 1047 1047 1053 1053 1045 1045 1053 1053 1047 1047 1054 1054 394 394 1054 1054 1047 1047 1054 1054 394 394 393 393 553 553 554 554 1055 1055 553 553 1055 1055 1056 1056 1057 1057 1056 1056 1055 1055 1056 1056 1057 1057 1058 1058 570 570 569 569 1059 1059 570 570 1059 1059 1060 1060 1061 1061 1060 1060 1059 1059 1060 1060 1061 1061 1062 1062 207 207 1063 1063 208 208 1064 1064 208 208 1063 1063 1065 1065 1066 1066 1067 1067 1066 1066 1068 1068 1067 1067 1069 1069 1067 1067 1068 1068 1067 1067 1069 1069 1070 1070 1071 1071 1070 1070 1069 1069 1071 1071 1072 1072 1070 1070 1073 1073 1070 1070 1072 1072 1070 1070 1073 1073 1074 1074 1064 1064 1074 1074 1073 1073 1074 1074 1064 1064 1075 1075 1063 1063 1075 1075 1064 1064 212 212 211 211 1076 1076 1077 1077 1076 1076 211 211 1065 1065 1067 1067 1078 1078 1079 1079 1078 1078 1067 1067 1078 1078 1079 1079 1077 1077 1080 1080 1077 1077 1079 1079 1077 1077 1080 1080 1076 1076 1081 1081 1082 1082 1083 1083 1082 1082 1084 1084 1085 1085 659 659 1086 1086 1087 1087 1088 1088 1089 1089 1090 1090 656 656 1090 1090 1089 1089 1090 1090 656 656 655 655 979 979 51 51 55 55 55 55 1091 1091 979 979 1092 1092 979 979 1091 1091 979 979 1092 1092 977 977 1093 1093 977 977 1092 1092 977 977 1093 1093 975 975 603 603 967 967 1094 1094 1095 1095 1094 1094 967 967 1082 1082 1085 1085 1083 1083 1096 1096 1083 1083 1085 1085 1083 1083 1096 1096 1097 1097 662 662 659 659 1098 1098 1087 1087 1098 1098 659 659 1098 1098 1087 1087 1099 1099 1100 1100 1099 1099 1087 1087 1099 1099 1100 1100 1095 1095 1101 1101 1095 1095 1100 1100 1095 1095 1101 1101 1094 1094 967 967 969 969 1095 1095 1084 1084 1095 1095 969 969 1095 1095 1084 1084 1099 1099 1082 1082 1099 1099 1084 1084 1099 1099 1082 1082 1098 1098 1081 1081 1098 1098 1082 1082 1098 1098 1081 1081 662 662 969 969 971 971 1084 1084 973 973 1084 1084 971 971 1084 1084 973 973 1085 1085 975 975 1085 1085 973 973 1085 1085 975 975 1096 1096 1093 1093 1096 1096 975 975 1096 1096 1093 1093 1097 1097 1088 1088 1097 1097 1093 1093 1097 1097 1088 1088 1083 1083 1090 1090 1083 1083 1088 1088 1083 1083 1090 1090 1081 1081 655 655 1081 1081 1090 1090 1081 1081 655 655 662 662 1086 1086 1102 1102 1103 1103 603 603 1094 1094 604 604 1104 1104 604 604 1094 1094 1094 1094 1101 1101 1104 1104 1100 1100 1104 1104 1101 1101 1104 1104 1100 1100 1103 1103 1087 1087 1103 1103 1100 1100 1103 1103 1087 1087 1086 1086 1105 1105 1106 1106 1107 1107 1108 1108 1107 1107 1106 1106 1107 1107 1108 1108 1109 1109 1110 1110 1109 1109 1108 1108 1109 1109 1110 1110 1111 1111 1112 1112 1111 1111 1110 1110 1111 1111 1112 1112 625 625 622 622 625 625 1112 1112 1113 1113 1114 1114 1115 1115 1113 1113 1115 1115 1116 1116 765 765 1116 1116 1115 1115 1116 1116 765 765 766 766 1117 1117 1118 1118 1119 1119 1117 1117 1119 1119 1120 1120 796 796 1120 1120 1119 1119 1120 1120 796 796 795 795 951 951 952 952 1121 1121 1122 1122 1121 1121 952 952 1121 1121 1122 1122 1123 1123 1124 1124 1123 1123 1122 1122 1123 1123 1124 1124 1125 1125 1126 1126 1125 1125 1124 1124 1125 1125 1126 1126 937 937 938 938 937 937 1126 1126 947 947 948 948 1127 1127 1128 1128 1127 1127 948 948 1127 1127 1128 1128 1129 1129 1130 1130 1129 1129 1128 1128 1129 1129 1130 1130 1131 1131 1132 1132 1131 1131 1130 1130 1131 1131 1132 1132 949 949 950 950 949 949 1132 1132 943 943 944 944 1133 1133 1134 1134 1133 1133 944 944 1133 1133 1134 1134 1135 1135 1136 1136 1135 1135 1134 1134 1135 1135 1136 1136 1137 1137 1138 1138 1137 1137 1136 1136 1137 1137 1138 1138 945 945 946 946 945 945 1138 1138 939 939 940 940 1139 1139 1140 1140 1139 1139 940 940 1139 1139 1140 1140 1141 1141 1142 1142 1141 1141 1140 1140 1141 1141 1142 1142 1143 1143 1144 1144 1143 1143 1142 1142 1143 1143 1144 1144 941 941 942 942 941 941 1144 1144 935 935 936 936 1145 1145 1146 1146 1145 1145 936 936 1145 1145 1146 1146 1147 1147 1148 1148 1147 1147 1146 1146 1147 1147 1148 1148 1149 1149 1150 1150 1149 1149 1148 1148 1149 1149 1150 1150 921 921 922 922 921 921 1150 1150 931 931 932 932 1151 1151 1152 1152 1151 1151 932 932 1151 1151 1152 1152 1153 1153 1154 1154 1153 1153 1152 1152 1153 1153 1154 1154 1155 1155 1156 1156 1155 1155 1154 1154 1155 1155 1156 1156 933 933 934 934 933 933 1156 1156 927 927 928 928 1157 1157 1158 1158 1157 1157 928 928 1157 1157 1158 1158 1159 1159 1160 1160 1159 1159 1158 1158 1159 1159 1160 1160 1161 1161 1162 1162 1161 1161 1160 1160 1161 1161 1162 1162 929 929 930 930 929 929 1162 1162 923 923 924 924 1163 1163 1164 1164 1163 1163 924 924 1163 1163 1164 1164 1165 1165 1166 1166 1165 1165 1164 1164 1165 1165 1166 1166 1167 1167 1168 1168 1167 1167 1166 1166 1167 1167 1168 1168 925 925 926 926 925 925 1168 1168 919 919 920 920 1169 1169 1170 1170 1169 1169 920 920 1169 1169 1170 1170 1171 1171 1172 1172 1171 1171 1170 1170 1171 1171 1172 1172 1173 1173 1174 1174 1173 1173 1172 1172 1173 1173 1174 1174 905 905 906 906 905 905 1174 1174 915 915 916 916 1175 1175 1176 1176 1175 1175 916 916 1175 1175 1176 1176 1177 1177 1178 1178 1177 1177 1176 1176 1177 1177 1178 1178 1179 1179 1180 1180 1179 1179 1178 1178 1179 1179 1180 1180 917 917 918 918 917 917 1180 1180 911 911 912 912 1181 1181 1182 1182 1181 1181 912 912 1181 1181 1182 1182 1183 1183 1184 1184 1183 1183 1182 1182 1183 1183 1184 1184 1185 1185 1186 1186 1185 1185 1184 1184 1185 1185 1186 1186 913 913 914 914 913 913 1186 1186 907 907 908 908 1187 1187 1188 1188 1187 1187 908 908 1187 1187 1188 1188 1189 1189 1190 1190 1189 1189 1188 1188 1189 1189 1190 1190 1191 1191 1192 1192 1191 1191 1190 1190 1191 1191 1192 1192 909 909 910 910 909 909 1192 1192 891 891 892 892 1193 1193 1194 1194 1193 1193 892 892 1193 1193 1194 1194 1195 1195 1196 1196 1195 1195 1194 1194 1195 1195 1196 1196 1197 1197 1198 1198 1197 1197 1196 1196 1197 1197 1198 1198 901 901 902 902 901 901 1198 1198 895 895 896 896 1199 1199 1200 1200 1199 1199 896 896 1199 1199 1200 1200 1201 1201 1202 1202 1201 1201 1200 1200 1201 1201 1202 1202 1203 1203 1204 1204 1203 1203 1202 1202 1203 1203 1204 1204 889 889 890 890 889 889 1204 1204 899 899 900 900 1205 1205 1206 1206 1205 1205 900 900 1205 1205 1206 1206 1207 1207 1208 1208 1207 1207 1206 1206 1207 1207 1208 1208 1209 1209 1210 1210 1209 1209 1208 1208 1209 1209 1210 1210 893 893 894 894 893 893 1210 1210 903 903 904 904 1211 1211 1212 1212 1211 1211 904 904 1211 1211 1212 1212 1213 1213 1214 1214 1213 1213 1212 1212 1213 1213 1214 1214 1215 1215 1216 1216 1215 1215 1214 1214 1215 1215 1216 1216 897 897 898 898 897 897 1216 1216 1217 1217 1054 1054 393 393 1052 1052 1053 1053 1218 1218 1052 1052 1218 1218 1219 1219 1220 1220 1219 1219 1218 1218 1219 1219 1220 1220 1221 1221 418 418 417 417 1220 1220 1222 1222 1220 1220 417 417 1220 1220 1222 1222 1221 1221 1053 1053 1054 1054 1218 1218 1217 1217 1218 1218 1054 1054 1218 1218 1217 1217 1220 1220 1223 1223 1220 1220 1217 1217 1220 1220 1223 1223 418 418 426 426 418 418 1223 1223 393 393 1224 1224 1217 1217 1225 1225 1217 1217 1224 1224 1217 1217 1225 1225 1223 1223 1226 1226 1223 1223 1225 1225 1223 1223 1226 1226 426 426 427 427 426 426 1226 1226 393 393 385 385 1224 1224 1227 1227 1224 1224 385 385 1224 1224 1227 1227 1225 1225 1228 1228 1225 1225 1227 1227 1225 1225 1228 1228 1226 1226 1229 1229 1226 1226 1228 1228 1226 1226 1229 1229 427 427 424 424 427 427 1229 1229 1230 1230 420 420 419 419 1231 1231 1232 1232 1233 1233 1230 1230 1233 1233 1232 1232 1234 1234 1235 1235 1231 1231 1028 1028 1030 1030 1235 1235 1235 1235 1234 1234 1028 1028 1236 1236 1028 1028 1234 1234 1028 1028 1236 1236 1026 1026 1237 1237 1026 1026 1236 1236 1026 1026 1237 1237 1024 1024 1227 1227 1024 1024 1237 1237 1024 1024 1227 1227 385 385 1238 1238 1229 1229 1228 1228 1231 1231 1233 1233 1234 1234 1239 1239 1234 1234 1233 1233 1234 1234 1239 1239 1236 1236 1238 1238 1236 1236 1239 1239 1236 1236 1238 1238 1237 1237 1228 1228 1237 1237 1238 1238 1237 1237 1228 1228 1227 1227 1230 1230 419 419 1233 1233 422 422 1233 1233 419 419 1233 1233 422 422 1239 1239 425 425 1239 1239 422 422 1239 1239 425 425 1238 1238 424 424 1238 1238 425 425 1238 1238 424 424 1229 1229 1240 1240 763 763 765 765 1240 1240 765 765 1241 1241 765 765 1242 1242 1241 1241 783 783 1241 1241 1242 1242 1241 1241 783 783 782 782 795 795 1243 1243 1244 1244 1243 1243 790 790 788 788 1243 1243 788 788 1244 1244 787 787 1244 1244 788 788 1244 1244 787 787 1245 1245 789 789 1245 1245 787 787 1245 1245 789 789 1246 1246 791 791 1246 1246 789 789 1246 1246 791 791 1247 1247 795 795 1244 1244 1120 1120 1245 1245 1120 1120 1244 1244 1120 1120 1245 1245 1117 1117 1246 1246 1117 1117 1245 1245 1117 1117 1246 1246 1248 1248 1247 1247 1248 1248 1246 1246 1248 1248 1247 1247 1249 1249 795 795 797 797 1250 1250 795 795 1250 1250 1243 1243 792 792 1243 1243 1250 1250 1243 1243 792 792 790 790 1251 1251 1252 1252 1253 1253 865 865 1253 1253 866 866 1254 1254 866 866 1253 1253 1252 1252 1118 1118 1253 1253 1255 1255 1253 1253 1118 1118 1253 1253 1255 1255 1254 1254 865 865 867 867 1253 1253 1256 1256 1253 1253 867 867 1253 1253 1256 1256 1251 1251 1257 1257 1258 1258 1259 1259 810 810 1260 1260 811 811 1258 1258 811 811 1260 1260 1257 1257 1259 1259 1114 1114 1261 1261 1262 1262 1259 1259 1263 1263 1259 1259 1262 1262 1259 1259 1263 1263 1114 1114 1258 1258 1260 1260 1259 1259 1264 1264 1259 1259 1260 1260 1259 1259 1264 1264 1261 1261 810 810 812 812 1260 1260 1265 1265 1260 1260 812 812 1260 1260 1265 1265 1264 1264 1262 1262 1261 1261 1249 1249 1266 1266 1249 1249 1261 1261 812 812 814 814 1265 1265 1266 1266 1265 1265 814 814 1265 1265 1266 1266 1264 1264 1261 1261 1264 1264 1266 1266 1262 1262 1267 1267 1268 1268 1267 1267 793 793 794 794 1267 1267 794 794 1268 1268 786 786 1268 1268 794 794 1268 1268 786 786 1269 1269 785 785 1269 1269 786 786 1269 1269 785 785 1270 1270 783 783 1270 1270 785 785 1270 1270 783 783 1242 1242 1262 1262 1268 1268 1263 1263 1269 1269 1263 1263 1268 1268 1263 1263 1269 1269 1114 1114 1270 1270 1114 1114 1269 1269 1114 1114 1270 1270 1115 1115 1242 1242 1115 1115 1270 1270 1115 1115 1242 1242 765 765 1248 1248 1249 1249 1266 1266 1271 1271 1272 1272 1273 1273 1272 1272 1271 1271 1274 1274 816 816 1274 1274 1271 1271 1274 1274 816 816 817 817 814 814 816 816 1266 1266 1271 1271 1266 1266 816 816 1266 1266 1271 1271 1248 1248 1273 1273 1248 1248 1271 1271 1248 1248 1273 1273 1117 1117 1262 1262 1249 1249 1247 1247 1262 1262 1247 1247 1267 1267 791 791 1267 1267 1247 1247 1267 1267 791 791 793 793 1275 1275 1276 1276 1277 1277 1276 1276 1278 1278 1279 1279 1280 1280 1279 1279 1278 1278 1279 1279 1280 1280 1031 1031 1275 1275 1277 1277 113 113 113 113 1277 1277 114 114 1281 1281 114 114 1277 1277 114 114 1281 1281 118 118 1282 1282 118 118 1281 1281 118 118 1282 1282 119 119 1283 1283 119 119 1282 1282 119 119 1283 1283 121 121 1284 1284 1285 1285 1286 1286 1276 1276 1279 1279 1277 1277 1287 1287 1277 1277 1279 1279 1277 1277 1287 1287 1281 1281 1284 1284 1281 1281 1287 1287 1281 1281 1284 1284 1282 1282 1286 1286 1282 1282 1284 1284 1282 1282 1286 1286 1283 1283 1031 1031 1029 1029 1279 1279 1027 1027 1279 1279 1029 1029 1279 1279 1027 1027 1287 1287 1025 1025 1287 1287 1027 1027 1287 1287 1025 1025 1284 1284 387 387 1284 1284 1025 1025 1284 1284 387 387 1285 1285 240 240 1288 1288 1289 1289 1288 1288 189 189 206 206 1288 1288 206 206 1289 1289 205 205 1289 1289 206 206 1289 1289 205 205 1290 1290 199 199 1290 1290 205 205 1290 1290 199 199 1291 1291 198 198 1291 1291 199 199 1291 1291 198 198 1292 1292 204 204 1292 1292 198 198 1292 1292 204 204 1293 1293 126 126 1293 1293 204 204 1293 1293 126 126 1294 1294 240 240 1289 1289 998 998 1290 1290 998 998 1289 1289 998 998 1290 1290 999 999 1291 1291 999 999 1290 1290 999 999 1291 1291 1001 1001 1292 1292 1001 1001 1291 1291 1001 1001 1292 1292 1003 1003 1293 1293 1003 1003 1292 1292 1003 1003 1293 1293 1005 1005 1294 1294 1005 1005 1293 1293 1005 1005 1294 1294 251 251 240 240 238 238 1295 1295 240 240 1295 1295 1288 1288 188 188 1288 1288 1295 1295 1288 1288 188 188 189 189 1296 1296 646 646 654 654 645 645 644 644 1297 1297 1298 1298 1297 1297 644 644 1297 1297 1298 1298 1299 1299 1299 1299 1298 1298 1300 1300 1301 1301 1300 1300 1298 1298 1300 1300 1301 1301 1302 1302 1103 1103 1302 1302 1301 1301 1302 1302 1103 1103 1102 1102 644 644 646 646 1298 1298 1296 1296 1298 1298 646 646 1298 1298 1296 1296 1301 1301 1303 1303 1301 1301 1296 1296 1301 1301 1303 1303 1103 1103 1104 1104 1103 1103 1303 1303 654 654 1304 1304 1296 1296 1305 1305 1296 1296 1304 1304 1296 1296 1305 1305 1303 1303 1306 1306 1303 1303 1305 1305 1303 1303 1306 1306 1104 1104 604 604 1104 1104 1306 1306 1307 1307 1308 1308 1309 1309 1308 1308 1310 1310 1311 1311 1312 1312 1311 1311 1310 1310 1311 1311 1312 1312 1105 1105 1307 1307 1309 1309 642 642 642 642 1309 1309 643 643 1313 1313 643 643 1309 1309 643 643 1313 1313 653 653 1314 1314 653 653 1313 1313 653 653 1314 1314 652 652 1315 1315 652 652 1314 1314 652 652 1315 1315 650 650 1316 1316 1317 1317 1318 1318 1308 1308 1311 1311 1309 1309 1319 1319 1309 1309 1311 1311 1309 1309 1319 1319 1313 1313 1316 1316 1313 1313 1319 1319 1313 1313 1316 1316 1314 1314 1318 1318 1314 1314 1316 1316 1314 1314 1318 1318 1315 1315 1105 1105 1107 1107 1311 1311 1109 1109 1311 1311 1107 1107 1311 1311 1109 1109 1319 1319 1111 1111 1319 1319 1109 1109 1319 1319 1111 1111 1316 1316 625 625 1316 1316 1111 1111 1316 1316 625 625 1317 1317 1057 1057 1320 1320 1321 1321 1057 1057 1321 1321 1322 1322 1323 1323 1322 1322 1321 1321 1322 1322 1323 1323 1324 1324 376 376 1324 1324 1323 1323 1324 1324 376 376 377 377 374 374 376 376 1325 1325 1323 1323 1325 1325 376 376 1325 1325 1323 1323 1326 1326 1321 1321 1326 1326 1323 1323 1326 1326 1321 1321 1327 1327 1320 1320 1327 1327 1321 1321 1327 1327 1320 1320 1328 1328 1058 1058 1329 1329 1330 1330 1331 1331 1330 1330 1329 1329 1330 1330 1331 1331 352 352 352 352 351 351 1330 1330 353 353 1330 1330 351 351 1330 1330 353 353 1332 1332 1332 1332 1333 1333 1330 1330 1334 1334 1330 1330 1333 1333 1330 1330 1334 1334 1058 1058 569 569 571 571 1335 1335 569 569 1335 1335 1336 1336 584 584 1336 1336 1335 1335 1336 1336 584 584 582 582 575 575 1337 1337 1338 1338 1337 1337 553 553 1056 1056 1337 1337 1056 1056 1338 1338 1058 1058 1338 1338 1056 1056 1338 1338 1058 1058 1339 1339 1334 1334 1339 1339 1058 1058 1339 1339 1334 1334 1340 1340 1333 1333 1340 1340 1334 1334 1340 1340 1333 1333 1341 1341 575 575 1338 1338 577 577 1339 1339 577 577 1338 1338 577 577 1339 1339 578 578 1340 1340 578 578 1339 1339 578 578 1340 1340 586 586 1341 1341 586 586 1340 1340 586 586 1341 1341 585 585 1342 1342 551 551 553 553 1342 1342 553 553 1343 1343 553 553 1337 1337 1343 1343 575 575 1343 1343 1337 1337 1343 1343 575 575 574 574 1344 1344 997 997 1000 1000 94 94 1345 1345 1346 1346 1347 1347 1346 1346 1345 1345 1346 1346 1347 1347 1344 1344 1344 1344 1000 1000 1346 1346 1002 1002 1346 1346 1000 1000 1346 1346 1002 1002 1348 1348 1004 1004 1348 1348 1002 1002 1348 1348 1004 1004 1349 1349 252 252 1349 1349 1004 1004 1349 1349 252 252 1350 1350 94 94 1346 1346 95 95 1348 1348 95 95 1346 1346 95 95 1348 1348 96 96 1349 1349 96 96 1348 1348 96 96 1349 1349 84 84 1350 1350 84 84 1349 1349 84 84 1350 1350 79 79 252 252 250 250 1351 1351 252 252 1351 1351 1350 1350 1352 1352 1350 1350 1351 1351 1350 1350 1352 1352 79 79 1353 1353 79 79 1352 1352 79 79 1353 1353 8 8 1354 1354 1355 1355 1356 1356 1357 1357 1355 1355 31 31 987 987 991 991 1354 1354 1354 1354 1356 1356 987 987 1358 1358 987 987 1356 1356 987 987 1358 1358 985 985 1359 1359 985 985 1358 1358 985 985 1359 1359 983 983 1360 1360 983 983 1359 1359 983 983 1360 1360 981 981 1351 1351 981 981 1360 1360 981 981 1351 1351 250 250 1361 1361 1353 1353 1352 1352 1355 1355 1357 1357 1356 1356 1362 1362 1356 1356 1357 1357 1356 1356 1362 1362 1358 1358 1363 1363 1358 1358 1362 1362 1358 1358 1363 1363 1359 1359 1361 1361 1359 1359 1363 1363 1359 1359 1361 1361 1360 1360 1352 1352 1360 1360 1361 1361 1360 1360 1352 1352 1351 1351 31 31 30 30 1357 1357 28 28 1357 1357 30 30 1357 1357 28 28 1362 1362 27 27 1362 1362 28 28 1362 1362 27 27 1363 1363 36 36 1363 1363 27 27 1363 1363 36 36 1361 1361 8 8 1361 1361 36 36 1361 1361 8 8 1353 1353 1364 1364 1365 1365 233 233 968 968 607 607 634 634 233 233 232 232 1364 1364 231 231 1364 1364 232 232 1364 1364 231 231 1366 1366 230 230 1366 1366 231 231 1366 1366 230 230 1367 1367 229 229 1367 1367 230 230 1367 1367 229 229 1368 1368 227 227 1368 1368 229 229 1368 1368 227 227 1369 1369 226 226 1369 1369 227 227 1369 1369 226 226 1370 1370 236 236 1370 1370 226 226 1370 1370 236 236 1371 1371 634 634 1372 1372 968 968 1365 1365 968 968 1372 1372 968 968 1365 1365 970 970 1365 1365 1364 1364 970 970 1366 1366 970 970 1364 1364 970 970 1366 1366 972 972 1367 1367 972 972 1366 1366 972 972 1367 1367 974 974 1368 1368 974 974 1367 1367 974 974 1368 1368 976 976 1369 1369 976 976 1368 1368 976 976 1369 1369 978 978 1370 1370 978 978 1369 1369 978 978 1370 1370 980 980 1371 1371 980 980 1370 1370 980 980 1371 1371 3 3 236 236 235 235 1373 1373 236 236 1373 1373 1371 1371 2 2 1371 1371 1373 1373 1371 1371 2 2 3 3 1374 1374 416 416 428 428 1374 1374 428 428 1375 1375 1376 1376 1375 1375 428 428 1375 1375 1376 1376 1377 1377 243 243 1377 1377 1376 1376 1377 1377 243 243 242 242 1378 1378 1012 1012 1017 1017 420 420 1230 1230 1379 1379 1230 1230 1380 1380 1379 1379 1381 1381 1379 1379 1380 1380 1379 1379 1381 1381 1378 1378 1378 1378 1017 1017 1379 1379 1019 1019 1379 1379 1017 1017 1379 1379 1019 1019 1382 1382 1021 1021 1382 1382 1019 1019 1382 1382 1021 1021 1383 1383 243 243 1383 1383 1021 1021 1383 1383 243 243 1376 1376 420 420 1379 1379 421 421 1382 1382 421 421 1379 1379 421 421 1382 1382 423 423 1383 1383 423 423 1382 1382 423 423 1383 1383 429 429 1376 1376 429 429 1383 1383 429 429 1376 1376 428 428 1384 1384 1385 1385 1070 1070 116 116 1386 1386 1387 1387 1388 1388 1387 1387 1386 1386 1387 1387 1388 1388 1385 1385 116 116 1387 1387 117 117 1389 1389 117 117 1387 1387 117 117 1389 1389 130 130 1390 1390 130 130 1389 1389 130 130 1390 1390 191 191 1391 1391 191 191 1390 1390 191 191 1391 1391 192 192 1392 1392 1393 1393 1394 1394 1385 1385 1384 1384 1387 1387 1395 1395 1387 1387 1384 1384 1387 1387 1395 1395 1389 1389 1392 1392 1389 1389 1395 1395 1389 1389 1392 1392 1390 1390 1394 1394 1390 1390 1392 1392 1390 1390 1394 1394 1391 1391 1070 1070 1074 1074 1384 1384 1075 1075 1384 1384 1074 1074 1384 1384 1075 1075 1395 1395 1063 1063 1395 1395 1075 1075 1395 1395 1063 1063 1392 1392 207 207 1392 1392 1063 1063 1392 1392 207 207 1393 1393 131 131 155 155 1396 1396 1397 1397 1396 1396 155 155 1396 1396 1397 1397 1398 1398 1399 1399 1398 1398 1397 1397 1398 1398 1399 1399 1400 1400 623 623 1400 1400 1399 1399 1400 1400 623 623 622 622 1393 1393 207 207 209 209 1393 1393 209 209 1394 1394 1401 1401 1394 1394 209 209 1394 1394 1401 1401 1391 1391 193 193 1391 1391 1401 1401 1391 1391 193 193 192 192 1402 1402 1403 1403 1404 1404 155 155 1404 1404 1403 1403 1404 1404 155 155 174 174 1402 1402 1404 1404 228 228 1405 1405 228 228 1404 1404 228 228 1405 1405 220 220 249 249 1406 1406 1407 1407 1406 1406 183 183 202 202 1406 1406 202 202 1407 1407 203 203 1407 1407 202 202 1407 1407 203 203 1408 1408 186 186 1408 1408 203 203 1408 1408 186 186 1409 1409 185 185 1409 1409 186 186 1409 1409 185 185 1410 1410 194 194 1410 1410 185 185 1410 1410 194 194 1411 1411 193 193 1411 1411 194 194 1411 1411 193 193 1401 1401 249 249 1407 1407 982 982 1408 1408 982 982 1407 1407 982 982 1408 1408 984 984 1409 1409 984 984 1408 1408 984 984 1409 1409 986 986 1410 1410 986 986 1409 1409 986 986 1410 1410 993 993 1411 1411 993 993 1410 1410 993 993 1411 1411 992 992 1401 1401 992 992 1411 1411 992 992 1401 1401 209 209 1412 1412 174 174 121 121 387 387 414 414 1285 1285 1413 1413 1285 1285 414 414 1285 1285 1413 1413 1286 1286 1412 1412 1286 1286 1413 1413 1286 1286 1412 1412 1283 1283 121 121 1283 1283 1412 1412 249 249 251 251 1294 1294 249 249 1294 1294 1406 1406 126 126 1406 1406 1294 1294 1406 1406 126 126 183 183 1386 1386 116 116 115 115 1414 1414 1415 1415 1386 1386 1416 1416 1417 1417 1415 1415 1108 1108 1106 1106 1417 1417 1386 1386 115 115 1414 1414 123 123 1414 1414 115 115 1414 1414 123 123 1418 1418 132 132 1418 1418 123 123 1418 1418 132 132 1419 1419 132 132 131 131 1419 1419 1396 1396 1419 1419 131 131 1419 1419 1396 1396 1398 1398 1415 1415 1414 1414 1416 1416 1418 1418 1416 1416 1414 1414 1416 1416 1418 1418 1420 1420 1419 1419 1420 1420 1418 1418 1420 1420 1419 1419 1421 1421 1398 1398 1421 1421 1419 1419 1421 1421 1398 1398 1400 1400 1417 1417 1416 1416 1108 1108 1420 1420 1108 1108 1416 1416 1108 1108 1420 1420 1110 1110 1421 1421 1110 1110 1420 1420 1110 1110 1421 1421 1112 1112 1400 1400 1112 1112 1421 1421 1112 1112 1400 1400 622 622 1307 1307 642 642 641 641 1422 1422 1423 1423 1424 1424 1425 1425 1424 1424 1423 1423 1424 1424 1425 1425 1307 1307 1079 1079 1067 1067 1422 1422 1307 1307 641 641 1424 1424 651 651 1424 1424 641 641 1424 1424 651 651 1426 1426 649 649 1426 1426 651 651 1426 1426 649 649 1427 1427 648 648 1427 1427 649 649 1427 1427 648 648 1428 1428 1422 1422 1424 1424 1079 1079 1426 1426 1079 1079 1424 1424 1079 1079 1426 1426 1080 1080 1427 1427 1080 1080 1426 1426 1080 1080 1427 1427 1076 1076 1428 1428 1076 1076 1427 1427 1076 1076 1428 1428 212 212 648 648 647 647 1429 1429 648 648 1429 1429 1428 1428 214 214 1428 1428 1429 1429 1428 1428 214 214 212 212 654 654 650 650 1304 1304 1315 1315 1304 1304 650 650 1304 1304 1315 1315 1305 1305 1318 1318 1305 1305 1315 1315 1305 1305 1318 1318 1306 1306 1317 1317 1306 1306 1318 1318 1306 1306 1317 1317 604 604 625 625 604 604 1317 1317 647 647 645 645 1429 1429 1297 1297 1429 1429 645 645 1297 1297 1430 1430 1429 1429 1431 1431 1429 1429 1430 1430 1429 1429 1431 1431 214 214 1432 1432 214 214 1431 1431 214 214 1432 1432 989 989 561 561 567 567 1433 1433 561 561 1433 1433 1434 1434 572 572 1434 1434 1433 1433 1434 1434 572 572 570 570 561 561 1434 1434 1435 1435 1434 1434 570 570 1060 1060 1434 1434 1060 1060 1435 1435 1062 1062 1435 1435 1060 1060 1435 1435 1062 1062 1436 1436 1437 1437 1436 1436 1062 1062 1436 1436 1437 1437 1438 1438 1439 1439 1438 1438 1437 1437 1438 1438 1439 1439 1440 1440 561 561 1435 1435 562 562 1436 1436 562 562 1435 1435 562 562 1436 1436 563 563 1438 1438 563 563 1436 1436 563 563 1438 1438 568 568 1440 1440 568 568 1438 1438 568 568 1440 1440 564 564 555 555 1441 1441 556 556 1442 1442 556 556 1441 1441 1442 1442 1441 1441 1443 1443 554 554 1443 1443 1441 1441 1443 1443 554 554 552 552 1062 1062 1444 1444 1445 1445 1446 1446 1445 1445 1444 1444 1445 1445 1446 1446 371 371 371 371 370 370 1445 1445 372 372 1445 1445 370 370 1445 1445 372 372 1447 1447 1447 1447 1439 1439 1445 1445 1437 1437 1445 1445 1439 1439 1445 1445 1437 1437 1062 1062 565 565 564 564 1440 1440 565 565 1440 1440 1448 1448 1439 1439 1448 1448 1440 1440 1448 1448 1439 1439 1328 1328 565 565 1448 1448 1449 1449 1448 1448 1328 1328 1320 1320 1448 1448 1320 1320 1449 1449 1057 1057 1449 1449 1320 1320 1449 1449 1057 1057 1450 1450 1055 1055 1450 1450 1057 1057 1450 1450 1055 1055 1451 1451 554 554 1451 1451 1055 1055 1451 1451 554 554 1441 1441 565 565 1449 1449 566 566 1450 1450 566 566 1449 1449 566 566 1450 1450 560 560 1451 1451 560 560 1450 1450 560 560 1451 1451 558 558 1441 1441 558 558 1451 1451 558 558 1441 1441 555 555 374 374 1325 1325 372 372 1447 1447 372 372 1325 1325 1328 1328 1439 1439 1327 1327 1447 1447 1327 1327 1439 1439 1327 1327 1447 1447 1326 1326 1325 1325 1326 1326 1447 1447 583 583 585 585 1341 1341 583 583 1341 1341 1452 1452 1333 1333 1452 1452 1341 1341 1452 1452 1333 1333 1453 1453 583 583 1452 1452 1454 1454 1452 1452 1453 1453 1455 1455 1452 1452 1455 1455 1454 1454 1061 1061 1454 1454 1455 1455 1454 1454 1061 1061 1456 1456 1059 1059 1456 1456 1061 1061 1456 1456 1059 1059 1457 1457 569 569 1457 1457 1059 1059 1457 1457 569 569 1336 1336 583 583 1454 1454 581 581 1456 1456 581 581 1454 1454 581 581 1456 1456 579 579 1457 1457 579 579 1456 1456 579 579 1457 1457 580 580 1336 1336 580 580 1457 1457 580 580 1336 1336 582 582 353 353 355 355 1458 1458 353 353 1458 1458 1332 1332 1453 1453 1332 1332 1458 1458 1332 1332 1453 1453 1333 1333 1458 1458 355 355 357 357 1061 1061 1455 1455 1459 1459 1460 1460 1459 1459 1455 1455 1459 1459 1460 1460 1461 1461 1462 1462 1461 1461 1460 1460 358 358 1462 1462 357 357 1460 1460 357 357 1462 1462 357 357 1460 1460 1458 1458 1455 1455 1458 1458 1460 1460 1458 1458 1455 1455 1453 1453 417 417 416 416 1222 1222 1374 1374 1222 1222 416 416 1375 1375 1463 1463 1374 1374 1464 1464 1374 1374 1463 1463 1374 1374 1464 1464 1222 1222 1375 1375 1377 1377 1463 1463 242 242 1463 1463 1377 1377 1463 1463 242 242 994 994 415 415 395 395 953 953 415 415 953 953 1465 1465 224 224 223 223 1466 1466 1465 1465 953 953 1466 1466 1467 1467 1466 1466 953 953 1466 1466 1467 1467 224 224 1468 1468 224 224 1467 1467 224 224 1468 1468 225 225 1469 1469 225 225 1468 1468 225 225 1469 1469 222 222 1470 1470 222 222 1469 1469 222 222 1470 1470 221 221 1471 1471 221 221 1470 1470 221 221 1471 1471 219 219 1472 1472 219 219 1471 1471 219 219 1472 1472 234 234 1373 1373 234 234 1472 1472 234 234 1373 1373 235 235 953 953 955 955 1467 1467 957 957 1467 1467 955 955 1467 1467 957 957 1468 1468 959 959 1468 1468 957 957 1468 1468 959 959 1469 1469 961 961 1469 1469 959 959 1469 1469 961 961 1470 1470 963 963 1470 1470 961 961 1470 1470 963 963 1471 1471 965 965 1471 1471 963 963 1471 1471 965 965 1472 1472 2 2 1472 1472 965 965 1472 1472 2 2 1373 1373 1275 1275 113 113 112 112 1473 1473 1474 1474 1475 1475 1476 1476 1475 1475 1474 1474 1475 1475 1476 1476 1275 1275 1009 1009 1007 1007 1473 1473 1275 1275 112 112 1475 1475 120 120 1475 1475 112 112 1475 1475 120 120 1477 1477 122 122 1477 1477 120 120 1477 1477 122 122 1478 1478 188 188 1478 1478 122 122 1478 1478 188 188 1295 1295 1473 1473 1475 1475 1009 1009 1477 1477 1009 1009 1475 1475 1009 1009 1477 1477 1023 1023 1478 1478 1023 1023 1477 1477 1023 1023 1478 1478 1022 1022 1295 1295 1022 1022 1478 1478 1022 1022 1295 1295 238 238 1479 1479 1480 1480 1481 1481 1482 1482 1483 1483 1484 1484 1483 1483 1482 1482 1485 1485 871 871 1485 1485 1482 1482 1485 1485 871 871 872 872 869 869 871 871 1481 1481 1482 1482 1481 1481 871 871 1481 1481 1482 1482 1479 1479 1484 1484 1479 1479 1482 1482 1479 1479 1484 1484 1113 1113 892 892 1486 1486 1487 1487 1486 1486 102 102 103 103 1486 1486 103 103 1487 1487 56 56 1487 1487 103 103 1487 1487 56 56 1488 1488 63 63 1488 1488 56 56 1488 1488 63 63 1489 1489 86 86 1489 1489 63 63 1489 1489 86 86 1490 1490 892 892 1487 1487 1194 1194 1488 1488 1194 1194 1487 1487 1194 1194 1488 1488 1196 1196 1489 1489 1196 1196 1488 1488 1196 1196 1489 1489 1198 1198 1490 1490 1198 1198 1489 1489 1198 1198 1490 1490 902 902 904 904 1491 1491 1492 1492 1491 1491 75 75 15 15 1491 1491 15 15 1492 1492 14 14 1492 1492 15 15 1492 1492 14 14 1493 1493 60 60 1493 1493 14 14 1493 1493 60 60 1494 1494 59 59 1494 1494 60 60 1494 1494 59 59 1495 1495 904 904 1492 1492 1212 1212 1493 1493 1212 1212 1492 1492 1212 1212 1493 1493 1214 1214 1494 1494 1214 1214 1493 1493 1214 1214 1494 1494 1216 1216 1495 1495 1216 1216 1494 1494 1216 1216 1495 1495 898 898 900 900 1496 1496 1497 1497 1496 1496 43 43 45 45 1496 1496 45 45 1497 1497 47 47 1497 1497 45 45 1497 1497 47 47 1498 1498 48 48 1498 1498 47 47 1498 1498 48 48 1499 1499 97 97 1499 1499 48 48 1499 1499 97 97 1500 1500 900 900 1497 1497 1206 1206 1498 1498 1206 1206 1497 1497 1206 1206 1498 1498 1208 1208 1499 1499 1208 1208 1498 1498 1208 1208 1499 1499 1210 1210 1500 1500 1210 1210 1499 1499 1210 1210 1500 1500 894 894 896 896 1501 1501 1502 1502 1501 1501 99 99 74 74 1501 1501 74 74 1502 1502 73 73 1502 1502 74 74 1502 1502 73 73 1503 1503 72 72 1503 1503 73 73 1503 1503 72 72 1504 1504 34 34 1504 1504 72 72 1504 1504 34 34 1505 1505 896 896 1502 1502 1200 1200 1503 1503 1200 1200 1502 1502 1200 1200 1503 1503 1202 1202 1504 1504 1202 1202 1503 1503 1202 1202 1504 1504 1204 1204 1505 1505 1204 1204 1504 1504 1204 1204 1505 1505 890 890 143 143 1506 1506 1507 1507 1506 1506 891 891 1193 1193 1506 1506 1193 1193 1507 1507 1195 1195 1507 1507 1193 1193 1507 1507 1195 1195 1508 1508 1195 1195 1197 1197 1508 1508 901 901 1508 1508 1197 1197 1508 1508 901 901 1509 1509 143 143 1507 1507 144 144 1508 1508 144 144 1507 1507 144 144 1508 1508 146 146 1509 1509 146 146 1508 1508 146 146 1509 1509 150 150 180 180 1510 1510 1511 1511 1510 1510 903 903 1211 1211 1510 1510 1211 1211 1511 1511 1213 1213 1511 1511 1211 1211 1511 1511 1213 1213 1512 1512 1213 1213 1215 1215 1512 1512 897 897 1512 1512 1215 1215 1512 1512 897 897 1513 1513 180 180 1511 1511 179 179 1512 1512 179 179 1511 1511 179 179 1512 1512 158 158 1513 1513 158 158 1512 1512 158 158 1513 1513 157 157 156 156 1514 1514 1515 1515 1514 1514 899 899 1205 1205 1514 1514 1205 1205 1515 1515 1207 1207 1515 1515 1205 1205 1515 1515 1207 1207 1516 1516 1207 1207 1209 1209 1516 1516 893 893 1516 1516 1209 1209 1516 1516 893 893 1517 1517 156 156 1515 1515 170 170 1516 1516 170 170 1515 1515 170 170 1516 1516 168 168 1517 1517 168 168 1516 1516 168 168 1517 1517 166 166 164 164 1518 1518 1519 1519 1518 1518 895 895 1199 1199 1518 1518 1199 1199 1519 1519 1201 1201 1519 1519 1199 1199 1519 1519 1201 1201 1520 1520 1201 1201 1203 1203 1520 1520 889 889 1520 1520 1203 1203 1520 1520 889 889 1521 1521 164 164 1519 1519 162 162 1520 1520 162 162 1519 1519 162 162 1520 1520 148 148 1521 1521 148 148 1520 1520 148 148 1521 1521 149 149 920 920 1522 1522 1523 1523 1522 1522 80 80 33 33 1522 1522 33 33 1523 1523 32 32 1523 1523 33 33 1523 1523 32 32 1524 1524 101 101 1524 1524 32 32 1524 1524 101 101 1525 1525 100 100 1525 1525 101 101 1525 1525 100 100 1526 1526 920 920 1523 1523 1170 1170 1524 1524 1170 1170 1523 1523 1170 1170 1524 1524 1172 1172 1525 1525 1172 1172 1524 1524 1172 1172 1525 1525 1174 1174 1526 1526 1174 1174 1525 1525 1174 1174 1526 1526 906 906 908 908 1527 1527 1528 1528 1527 1527 98 98 46 46 1527 1527 46 46 1528 1528 44 44 1528 1528 46 46 1528 1528 44 44 1529 1529 42 42 1529 1529 44 44 1529 1529 42 42 1530 1530 13 13 1530 1530 42 42 1530 1530 13 13 1531 1531 908 908 1528 1528 1188 1188 1529 1529 1188 1188 1528 1528 1188 1188 1529 1529 1190 1190 1530 1530 1190 1190 1529 1529 1190 1190 1530 1530 1192 1192 1531 1531 1192 1192 1530 1530 1192 1192 1531 1531 910 910 912 912 1532 1532 1533 1533 1532 1532 12 12 11 11 1532 1532 11 11 1533 1533 1 1 1533 1533 11 11 1533 1533 1 1 1534 1534 0 0 1534 1534 1 1 1534 1534 0 0 1535 1535 26 26 1535 1535 0 0 1535 1535 26 26 1536 1536 912 912 1533 1533 1182 1182 1534 1534 1182 1182 1533 1533 1182 1182 1534 1534 1184 1184 1535 1535 1184 1184 1534 1534 1184 1184 1535 1535 1186 1186 1536 1536 1186 1186 1535 1535 1186 1186 1536 1536 914 914 916 916 1537 1537 1538 1538 1537 1537 25 25 23 23 1537 1537 23 23 1538 1538 22 22 1538 1538 23 23 1538 1538 22 22 1539 1539 82 82 1539 1539 22 22 1539 1539 82 82 1540 1540 81 81 1540 1540 82 82 1540 1540 81 81 1541 1541 916 916 1538 1538 1176 1176 1539 1539 1176 1176 1538 1538 1176 1176 1539 1539 1178 1178 1540 1540 1178 1178 1539 1539 1178 1178 1540 1540 1180 1180 1541 1541 1180 1180 1540 1540 1180 1180 1541 1541 918 918 160 160 1542 1542 1543 1543 1542 1542 919 919 1169 1169 1542 1542 1169 1169 1543 1543 1171 1171 1543 1543 1169 1169 1543 1543 1171 1171 1544 1544 1171 1171 1173 1173 1544 1544 905 905 1544 1544 1173 1173 1544 1544 905 905 1545 1545 160 160 1543 1543 161 161 1544 1544 161 161 1543 1543 161 161 1544 1544 163 163 1545 1545 163 163 1544 1544 163 163 1545 1545 165 165 167 167 1546 1546 1547 1547 1546 1546 907 907 1187 1187 1546 1546 1187 1187 1547 1547 1189 1189 1547 1547 1187 1187 1547 1547 1189 1189 1548 1548 1189 1189 1191 1191 1548 1548 909 909 1548 1548 1191 1191 1548 1548 909 909 1549 1549 167 167 1547 1547 169 169 1548 1548 169 169 1547 1547 169 169 1548 1548 171 171 1549 1549 171 171 1548 1548 171 171 1549 1549 181 181 172 172 1550 1550 1551 1551 1550 1550 911 911 1181 1181 1550 1550 1181 1181 1551 1551 1183 1183 1551 1551 1181 1181 1551 1551 1183 1183 1552 1552 1183 1183 1185 1185 1552 1552 913 913 1552 1552 1185 1185 1552 1552 913 913 1553 1553 172 172 1551 1551 173 173 1552 1552 173 173 1551 1551 173 173 1552 1552 175 175 1553 1553 175 175 1552 1552 175 175 1553 1553 176 176 190 190 1554 1554 1555 1555 1554 1554 915 915 1175 1175 1554 1554 1175 1175 1555 1555 1177 1177 1555 1555 1175 1175 1555 1555 1177 1177 1556 1556 1177 1177 1179 1179 1556 1556 917 917 1556 1556 1179 1179 1556 1556 917 917 1557 1557 190 190 1555 1555 124 124 1556 1556 124 124 1555 1555 124 124 1556 1556 125 125 1557 1557 125 125 1556 1556 125 125 1557 1557 159 159 936 936 1558 1558 1559 1559 1558 1558 37 37 39 39 1558 1558 39 39 1559 1559 54 54 1559 1559 39 39 1559 1559 54 54 1560 1560 53 53 1560 1560 54 54 1560 1560 53 53 1561 1561 52 52 1561 1561 53 53 1561 1561 52 52 1562 1562 936 936 1559 1559 1146 1146 1560 1560 1146 1146 1559 1559 1146 1146 1560 1560 1148 1148 1561 1561 1148 1148 1560 1560 1148 1148 1561 1561 1150 1150 1562 1562 1150 1150 1561 1561 1150 1150 1562 1562 922 922 924 924 1563 1563 1564 1564 1563 1563 50 50 49 49 1563 1563 49 49 1564 1564 5 5 1564 1564 49 49 1564 1564 5 5 1565 1565 4 4 1565 1565 5 5 1565 1565 4 4 1566 1566 7 7 1566 1566 4 4 1566 1566 7 7 1567 1567 924 924 1564 1564 1164 1164 1565 1565 1164 1164 1564 1564 1164 1164 1565 1565 1166 1166 1566 1566 1166 1166 1565 1565 1166 1166 1566 1566 1168 1168 1567 1567 1168 1168 1566 1566 1168 1168 1567 1567 926 926 928 928 1568 1568 1569 1569 1570 1570 17 17 19 19 1570 1570 19 19 1571 1571 21 21 1571 1571 19 19 1571 1571 21 21 1572 1572 6 6 17 17 1573 1573 1570 1570 1573 1573 17 17 1573 1573 1570 1570 1574 1574 1568 1568 1574 1574 1570 1570 21 21 69 69 1572 1572 1575 1575 1572 1572 69 69 1572 1572 1575 1575 1576 1576 1568 1568 1570 1570 1569 1569 1571 1571 1569 1569 1570 1570 1569 1569 1571 1571 1577 1577 1572 1572 1577 1577 1571 1571 1577 1577 1572 1572 1578 1578 1576 1576 1578 1578 1572 1572 1578 1578 1576 1576 1579 1579 928 928 1569 1569 1158 1158 1577 1577 1158 1158 1569 1569 1158 1158 1577 1577 1160 1160 1578 1578 1160 1160 1577 1577 1160 1160 1578 1578 1162 1162 1579 1579 1162 1162 1578 1578 1162 1162 1579 1579 930 930 932 932 1580 1580 1581 1581 1580 1580 67 67 65 65 1580 1580 65 65 1581 1581 91 91 1581 1581 65 65 1581 1581 91 91 1582 1582 92 92 1582 1582 91 91 1582 1582 92 92 1583 1583 93 93 1583 1583 92 92 1583 1583 93 93 1584 1584 932 932 1581 1581 1152 1152 1582 1582 1152 1152 1581 1581 1152 1152 1582 1582 1154 1154 1583 1583 1154 1154 1582 1582 1154 1154 1583 1583 1156 1156 1584 1584 1156 1156 1583 1583 1156 1156 1584 1584 934 934 182 182 1585 1585 1586 1586 1585 1585 935 935 1145 1145 1585 1585 1145 1145 1586 1586 1147 1147 1586 1586 1145 1145 1586 1586 1147 1147 1587 1587 1147 1147 1149 1149 1587 1587 921 921 1587 1587 1149 1149 1587 1587 921 921 1588 1588 182 182 1586 1586 200 200 1587 1587 200 200 1586 1586 200 200 1587 1587 201 201 1588 1588 201 201 1587 1587 201 201 1588 1588 187 187 153 153 1589 1589 1590 1590 1589 1589 923 923 1163 1163 1589 1589 1163 1163 1590 1590 1165 1165 1590 1590 1163 1163 1590 1590 1165 1165 1591 1591 1165 1165 1167 1167 1591 1591 925 925 1591 1591 1167 1167 1591 1591 925 925 1592 1592 153 153 1590 1590 154 154 1591 1591 154 154 1590 1590 154 154 1591 1591 195 195 1592 1592 195 195 1591 1591 195 195 1592 1592 196 196 1593 1593 1594 1594 1595 1595 1596 1596 1597 1597 1598 1598 1597 1597 927 927 1157 1157 1597 1597 1157 1157 1598 1598 1159 1159 1598 1598 1157 1157 1598 1598 1159 1159 1599 1599 1159 1159 1161 1161 1599 1599 929 929 1599 1599 1161 1161 1599 1599 929 929 1600 1600 197 197 1601 1601 1602 1602 1596 1596 1602 1602 1601 1601 1596 1596 1598 1598 1602 1602 1599 1599 1602 1602 1598 1598 1602 1602 1599 1599 1595 1595 1600 1600 1595 1595 1599 1599 1595 1595 1600 1600 1593 1593 197 197 1602 1602 133 133 1595 1595 133 133 1602 1602 133 133 1595 1595 111 111 1594 1594 111 111 1595 1595 111 111 1594 1594 140 140 138 138 1603 1603 1604 1604 1603 1603 931 931 1151 1151 1603 1603 1151 1151 1604 1604 1153 1153 1604 1604 1151 1151 1604 1604 1153 1153 1605 1605 1153 1153 1155 1155 1605 1605 933 933 1605 1605 1155 1155 1605 1605 933 933 1606 1606 138 138 1604 1604 136 136 1605 1605 136 136 1604 1604 136 136 1605 1605 134 134 1606 1606 134 134 1605 1605 134 134 1606 1606 184 184 952 952 1607 1607 1608 1608 1607 1607 78 78 90 90 1607 1607 90 90 1608 1608 89 89 1608 1608 90 90 1608 1608 89 89 1609 1609 64 64 1609 1609 89 89 1609 1609 64 64 1610 1610 66 66 1610 1610 64 64 1610 1610 66 66 1611 1611 952 952 1608 1608 1122 1122 1609 1609 1122 1122 1608 1608 1122 1122 1609 1609 1124 1124 1610 1610 1124 1124 1609 1609 1124 1124 1610 1610 1126 1126 1611 1611 1126 1126 1610 1610 1126 1126 1611 1611 938 938 940 940 1612 1612 1613 1613 1612 1612 68 68 70 70 1612 1612 70 70 1613 1613 71 71 1613 1613 70 70 1613 1613 71 71 1614 1614 20 20 1614 1614 71 71 1614 1614 20 20 1615 1615 18 18 1615 1615 20 20 1615 1615 18 18 1616 1616 940 940 1613 1613 1140 1140 1614 1614 1140 1140 1613 1613 1140 1140 1614 1614 1142 1142 1615 1615 1142 1142 1614 1614 1142 1142 1615 1615 1144 1144 1616 1616 1144 1144 1615 1615 1144 1144 1616 1616 942 942 944 944 1617 1617 1618 1618 1617 1617 16 16 35 35 1617 1617 35 35 1618 1618 77 77 1618 1618 35 35 1618 1618 77 77 1619 1619 76 76 1619 1619 77 77 1619 1619 76 76 1620 1620 88 88 1620 1620 76 76 1620 1620 88 88 1621 1621 944 944 1618 1618 1134 1134 1619 1619 1134 1134 1618 1618 1134 1134 1619 1619 1136 1136 1620 1620 1136 1136 1619 1619 1136 1136 1620 1620 1138 1138 1621 1621 1138 1138 1620 1620 1138 1138 1621 1621 946 946 948 948 1622 1622 1623 1623 1622 1622 87 87 62 62 1622 1622 62 62 1623 1623 61 61 1623 1623 62 62 1623 1623 61 61 1624 1624 58 58 1624 1624 61 61 1624 1624 58 58 1625 1625 57 57 1625 1625 58 58 1625 1625 57 57 1626 1626 948 948 1623 1623 1128 1128 1624 1624 1128 1128 1623 1623 1128 1128 1624 1624 1130 1130 1625 1625 1130 1130 1624 1624 1130 1130 1625 1625 1132 1132 1626 1626 1132 1132 1625 1625 1132 1132 1626 1626 950 950 129 129 1627 1627 1628 1628 1627 1627 951 951 1121 1121 1627 1627 1121 1121 1628 1628 1123 1123 1628 1628 1121 1121 1628 1628 1123 1123 1629 1629 1123 1123 1125 1125 1629 1629 937 937 1629 1629 1125 1125 1629 1629 937 937 1630 1630 129 129 1628 1628 135 135 1629 1629 135 135 1628 1628 135 135 1629 1629 137 137 1630 1630 137 137 1629 1629 137 137 1630 1630 139 139 141 141 1631 1631 1632 1632 1631 1631 939 939 1139 1139 1631 1631 1139 1139 1632 1632 1141 1141 1632 1632 1139 1139 1632 1632 1141 1141 1633 1633 1141 1141 1143 1143 1633 1633 941 941 1633 1633 1143 1143 1633 1633 941 941 1634 1634 141 141 1632 1632 142 142 1633 1633 142 142 1632 1632 142 142 1633 1633 109 109 1634 1634 109 109 1633 1633 109 109 1634 1634 110 110 177 177 1635 1635 1636 1636 1635 1635 943 943 1133 1133 1635 1635 1133 1133 1636 1636 1135 1135 1636 1636 1133 1133 1636 1636 1135 1135 1637 1637 1135 1135 1137 1137 1637 1637 945 945 1637 1637 1137 1137 1637 1637 945 945 1638 1638 177 177 1636 1636 178 178 1637 1637 178 178 1636 1636 178 178 1637 1637 151 151 1638 1638 151 151 1637 1637 151 151 1638 1638 152 152 147 147 1639 1639 1640 1640 1639 1639 947 947 1127 1127 1639 1639 1127 1127 1640 1640 1129 1129 1640 1640 1127 1127 1640 1640 1129 1129 1641 1641 1129 1129 1131 1131 1641 1641 949 949 1641 1641 1131 1131 1641 1641 949 949 1642 1642 147 147 1640 1640 145 145 1641 1641 145 145 1640 1640 145 145 1641 1641 127 127 1642 1642 127 127 1641 1641 127 127 1642 1642 128 128 941 941 943 943 1635 1635 941 941 1635 1635 1634 1634 177 177 1634 1634 1635 1635 1634 1634 177 177 110 110 937 937 939 939 1631 1631 937 937 1631 1631 1630 1630 141 141 1630 1630 1631 1631 1630 1630 141 141 139 139 945 945 947 947 1639 1639 945 945 1639 1639 1638 1638 147 147 1638 1638 1639 1639 1638 1638 147 147 152 152 949 949 951 951 1627 1627 949 949 1627 1627 1642 1642 129 129 1642 1642 1627 1627 1642 1642 129 129 128 128 940 940 938 938 1611 1611 940 940 1611 1611 1612 1612 66 66 1612 1612 1611 1611 1612 1612 66 66 68 68 944 944 942 942 1616 1616 944 944 1616 1616 1617 1617 18 18 1617 1617 1616 1616 1617 1617 18 18 16 16 952 952 950 950 1626 1626 952 952 1626 1626 1607 1607 57 57 1607 1607 1626 1626 1607 1607 57 57 78 78 948 948 946 946 1621 1621 948 948 1621 1621 1622 1622 88 88 1622 1622 1621 1621 1622 1622 88 88 87 87 927 927 1597 1597 925 925 1592 1592 925 925 1597 1597 197 197 196 196 1601 1601 1592 1592 1601 1601 196 196 1601 1601 1592 1592 1596 1596 1597 1597 1596 1596 1592 1592 921 921 923 923 1589 1589 921 921 1589 1589 1588 1588 153 153 1588 1588 1589 1589 1588 1588 153 153 187 187 929 929 931 931 1600 1600 1603 1603 1600 1600 931 931 1600 1600 1603 1603 1593 1593 1593 1593 1603 1603 1594 1594 138 138 1594 1594 1603 1603 1594 1594 138 138 140 140 933 933 935 935 1585 1585 933 933 1585 1585 1606 1606 182 182 1606 1606 1585 1585 1606 1606 182 182 184 184 924 924 922 922 1562 1562 924 924 1562 1562 1563 1563 52 52 1563 1563 1562 1562 1563 1563 52 52 50 50 928 928 926 926 1568 1568 1567 1567 1568 1568 926 926 1568 1568 1567 1567 1574 1574 1574 1574 1567 1567 1573 1573 7 7 1573 1573 1567 1567 1573 1573 7 7 6 6 936 936 934 934 1584 1584 936 936 1584 1584 1558 1558 93 93 1558 1558 1584 1584 1558 1558 93 93 37 37 930 930 1579 1579 932 932 1580 1580 932 932 1579 1579 69 69 67 67 1575 1575 1580 1580 1575 1575 67 67 1575 1575 1580 1580 1576 1576 1579 1579 1576 1576 1580 1580 909 909 911 911 1550 1550 909 909 1550 1550 1549 1549 172 172 1549 1549 1550 1550 1549 1549 172 172 181 181 905 905 907 907 1546 1546 905 905 1546 1546 1545 1545 167 167 1545 1545 1546 1546 1545 1545 167 167 165 165 913 913 915 915 1554 1554 913 913 1554 1554 1553 1553 190 190 1553 1553 1554 1554 1553 1553 190 190 176 176 917 917 919 919 1542 1542 917 917 1542 1542 1557 1557 160 160 1557 1557 1542 1542 1557 1557 160 160 159 159 908 908 906 906 1526 1526 908 908 1526 1526 1527 1527 100 100 1527 1527 1526 1526 1527 1527 100 100 98 98 912 912 910 910 1531 1531 912 912 1531 1531 1532 1532 13 13 1532 1532 1531 1531 1532 1532 13 13 12 12 920 920 918 918 1541 1541 920 920 1541 1541 1522 1522 81 81 1522 1522 1541 1541 1522 1522 81 81 80 80 916 916 914 914 1536 1536 916 916 1536 1536 1537 1537 26 26 1537 1537 1536 1536 1537 1537 26 26 25 25 897 897 899 899 1514 1514 897 897 1514 1514 1513 1513 156 156 1513 1513 1514 1514 1513 1513 156 156 157 157 901 901 903 903 1510 1510 901 901 1510 1510 1509 1509 180 180 1509 1509 1510 1510 1509 1509 180 180 150 150 893 893 895 895 1518 1518 893 893 1518 1518 1517 1517 164 164 1517 1517 1518 1518 1517 1517 164 164 166 166 889 889 891 891 1506 1506 889 889 1506 1506 1521 1521 143 143 1521 1521 1506 1506 1521 1521 143 143 149 149 904 904 902 902 1490 1490 904 904 1490 1490 1491 1491 86 86 1491 1491 1490 1490 1491 1491 86 86 75 75 900 900 898 898 1495 1495 900 900 1495 1495 1496 1496 59 59 1496 1496 1495 1495 1496 1496 59 59 43 43 892 892 890 890 1505 1505 892 892 1505 1505 1486 1486 34 34 1486 1486 1505 1505 1486 1486 34 34 102 102 896 896 894 894 1500 1500 896 896 1500 1500 1501 1501 97 97 1501 1501 1500 1500 1501 1501 97 97 99 99 767 767 1643 1643 768 768 1644 1644 768 768 1643 1643 1644 1644 1643 1643 1645 1645 766 766 1645 1645 1643 1643 1645 1645 766 766 764 764 766 766 1643 1643 1646 1646 1643 1643 767 767 770 770 1643 1643 770 770 1646 1646 772 772 1646 1646 770 770 1646 1646 772 772 1647 1647 778 778 1647 1647 772 772 1647 1647 778 778 1648 1648 777 777 1648 1648 778 778 1648 1648 777 777 1649 1649 766 766 1646 1646 1116 1116 1647 1647 1116 1116 1646 1646 1116 1116 1647 1647 1113 1113 1648 1648 1113 1113 1647 1647 1113 1113 1648 1648 1479 1479 1649 1649 1479 1479 1648 1648 1479 1479 1649 1649 1480 1480 773 773 779 779 1650 1650 773 773 1650 1650 1651 1651 798 798 1651 1651 1650 1650 1651 1651 798 798 796 796 1251 1251 1480 1480 1649 1649 1251 1251 1649 1649 1652 1652 777 777 1652 1652 1649 1649 1652 1652 777 777 776 776 1251 1251 1652 1652 1653 1653 1652 1652 776 776 780 780 1652 1652 780 780 1653 1653 775 775 1653 1653 780 780 1653 1653 775 775 1654 1654 774 774 1654 1654 775 775 1654 1654 774 774 1655 1655 773 773 1655 1655 774 774 1655 1655 773 773 1651 1651 1251 1251 1653 1653 1252 1252 1654 1654 1252 1252 1653 1653 1252 1252 1654 1654 1118 1118 1655 1655 1118 1118 1654 1654 1118 1118 1655 1655 1119 1119 1651 1651 1119 1119 1655 1655 1119 1119 1651 1651 796 796 1480 1480 1251 1251 1256 1256 1480 1480 1256 1256 1481 1481 867 867 1481 1481 1256 1256 1481 1481 867 867 869 869</p>
        </triangles>
      </mesh>
    </geometry>
  </library_geometries>
  <library_materials>
    <material id="673706a45f024cf2b68c525841858082" name="defaultmaterial">
      <instance_effect url="#84424e9290eb4d19809eddd6afeaef05"/>
    </material>
  </library_materials>
  <library_visual_scenes>
    <visual_scene id="scene">
      <node id="node0" name="node0">
        <instance_geometry url="#5661028817e345b385494108a3ad826d">
          <bind_material>
            <technique_common>
              <instance_material symbol="material0" target="#673706a45f024cf2b68c525841858082"/>
            </technique_common>
          </bind_material>
        </instance_geometry>
      </node>
    </visual_scene>
  </library_visual_scenes>
  <scene>
    <instance_visual_scene url="#scene"/>
  </scene>
</COLLADA>
