<COLLADA xmlns="http://www.collada.org/2005/11/COLLADASchema" version="1.4.1">
  <asset>
    <created>2026-10-05T20:05:23.381319</created>
    <modified>2026-10-05T20:05:23.381319</modified>
    <up_axis>Y_UP</up_axis>
  </asset>
  <library_effects>
    <effect id="88caf94252724f0ca905a2a6e2eac5a6" name="88caf94252724f0ca905a2a6e2eac5a6">
      <profile_COMMON>
        <technique sid="common">
          <phong>
            <emission>
              <color>0.0 0.0 0.0 1.0</color>
            </emission>
            <ambient>
              <color>0.0 0.0 0.0 1.0</color>
            </ambient>
            <diffuse>
              <color>0.3058823529411765 0.3176470588235294 0.32941176470588235 1.0</color>
            </diffuse>
            <specular>
              <color>0.0 0.0 0.0 1.0</color>
            </specular>
            <shininess>
              <float>0.0</float>
            </shininess>
            <reflective>
              <color>0.0 0.0 0.0 1.0</color>
            </reflective>
            <reflectivity>
              <float>0.0</float>
            </reflectivity>
            <transparent>
              <color>0.0 0.0 0.0 1.0</color>
            </transparent>
            <transparency>
              <float>1.0</float>
            </transparency>
          </phong>
        </technique>
        <extra>
          <technique profile="GOOGLEEARTH">
            <double_sided>0</double_sided>
          </technique>
        </extra>
      </profile_COMMON>
    </effect>
    <effect id="e49eaae9d2cc487ba1998869e039cb1b" name="e49eaae9d2cc487ba1998869e039cb1b">
      <profile_COMMON>
        <technique sid="common">
          <phong>
            <emission>
              <color>0.0 0.0 0.0 1.0</color>
            </emission>
            <ambient>
              <color>0.0 0.0 0.0 1.0</color>
            </ambient>
            <diffuse>
              <color>0.6274509803921569 0.6274509803921569 0.6274509803921569 1.0</color>
            </diffuse>
            <specular>
              <color>0.0 0.0 0.0 1.0</color>
            </specular>
            <shininess>
              <float>0.0</float>
            </shininess>
            <reflective>
              <color>0.0 0.0 0.0 1.0</color>
            </reflective>
            <reflectivity>
              <float>0.0</float>
            </reflectivity>
            <transparent>
              <color>0.0 0.0 0.0 1.0</color>
            </transparent>
            <transparency>
              <float>1.0</float>
            </transparency>
          </phong>
        </technique>
        <extra>
          <technique profile="GOOGLEEARTH">
            <double_sided>0</double_sided>
          </technique>
        </extra>
      </profile_COMMON>
    </effect>
    <effect id="091ab822569043f2b066a4726c5178d2" name="091ab822569043f2b066a4726c5178d2">
      <profile_COMMON>
        <technique sid="common">
          <phong>
            <emission>
              <color>0.0 0.0 0.0 1.0</color>
            </emission>
            <ambient>
              <color>0.0 0.0 0.0 1.0</color>
            </ambient>
            <diffuse>
              <color>0.6549019607843137 0.6705882352941176 0.7019607843137254 1.0</color>
            </diffuse>
            <specular>
              <color>0.0 0.0 0.0 1.0</color>
            </specular>
            <shininess>
              <float>0.0</float>
            </shininess>
            <reflective>
              <color>0.0 0.0 0.0 1.0</color>
            </reflective>
            <reflectivity>
              <float>0.0</float>
            </reflectivity>
            <transparent>
              <color>0.0 0.0 0.0 1.0</color>
            </transparent>
            <transparency>
              <float>1.0</float>
            </transparency>
          </phong>
        </technique>
        <extra>
          <technique profile="GOOGLEEARTH">
            <double_sided>0</double_sided>
          </technique>
        </extra>
      </profile_COMMON>
    </effect>
    <effect id="c782eb46e9024ff1971b7573e7c33a4a" name="c782eb46e9024ff1971b7573e7c33a4a">
      <profile_COMMON>
        <technique sid="common">
          <phong>
            <emission>
              <color>0.0 0.0 0.0 1.0</color>
            </emission>
            <ambient>
              <color>0.0 0.0 0.0 1.0</color>
            </ambient>
            <diffuse>
              <color>0.792156862745098 0.8196078431372549 0.9333333333333333 1.0</color>
            </diffuse>
            <specular>
              <color>0.0 0.0 0.0 1.0</color>
            </specular>
            <shininess>
              <float>0.0</float>
            </shininess>
            <reflective>
              <color>0.0 0.0 0.0 1.0</color>
            </reflective>
            <reflectivity>
              <float>0.0</float>
            </reflectivity>
            <transparent>
              <color>0.0 0.0 0.0 1.0</color>
            </transparent>
            <transparency>
              <float>1.0</float>
            </transparency>
          </phong>
        </technique>
        <extra>
          <technique profile="GOOGLEEARTH">
            <double_sided>0</double_sided>
          </technique>
        </extra>
      </profile_COMMON>
    </effect>
  </library_effects>
  <library_geometries>
    <geometry id="c197d4ba8d854c759ac4fdd271dac6c1" name="db0e219744cf476ebf71dc9a3dbea49a">
      <mesh>
        <source id="verts-array">
          <float_array count="2241" id="verts-array-array">-0.01371343 0.01053626 0.01420319 -0.01365633 0.01024926 0.01420319 -0.01324263 0.01199736 0.01420319 0.008891746 0.009412209 0.01420319 0.008891746 0.01199736 0.01420319 0.007043666 0.01024926 0.01420319 0.007457376 0.01199736 0.01420319 0.006986576 0.01053626 0.01420319 0.006293666 0.009499259 0.01420319 0.006006656 0.009556349 0.01420319 0.005129956 0.01199736 0.01420319 0.005600756 0.009962249 0.01420319 0.005543666 0.01024926 0.01420319 0.005763336 0.009718929 0.01420319 -0.01515633 0.01024926 0.01420319 -0.01509923 0.01053626 0.01420319 -0.01557003 0.01199736 0.01420319 -0.01493663 0.01077956 0.01420319 -0.01502133 0.01225716 0.01420319 -0.01469333 0.01094216 0.01420319 -0.01440633 0.01234926 0.01420319 -0.01440633 0.01099926 0.01420319 -0.01379133 0.01225716 0.01420319 -0.01411933 0.01094216 0.01420319 -0.01387603 0.01077956 0.01420319 -0.01371343 0.009962249 0.01420319 -0.01387603 0.009718929 0.01420319 0.006101576 0.006999259 0.01420319 -0.01675853 0.009633889 0.01420319 -0.01719213 0.008985049 0.01420319 -0.01784093 0.008551499 0.01420319 -0.02020443 0.006999259 0.01420319 -0.01860633 0.008399259 0.01420319 -0.02020443 0.008399259 0.01420319 -0.01411933 0.009556349 0.01420319 -0.01440633 0.009499259 0.01420319 -0.01469333 0.009556349 0.01420319 -0.01493663 0.009718929 0.01420319 -0.01509923 0.009962249 0.01420319 -0.01660633 0.01039926 0.01420319 0.006580676 0.009556349 0.01420319 0.006873546 0.007842429 0.01420319 0.006823996 0.009718929 0.01420319 0.006986576 0.009962249 0.01420319 0.005600756 0.01053626 0.01420319 0.005763336 0.01077956 0.01420319 0.005678706 0.01225716 0.01420319 0.006006656 0.01094216 0.01420319 0.006293666 0.01234926 0.01420319 0.006293666 0.01099926 0.01420319 0.006908626 0.01225716 0.01420319 0.006580676 0.01094216 0.01420319 0.006823996 0.01077956 0.01420319 -0.01660633 0.01199736 0.01420319 0.007457376 0.01199736 0.01420319 0.008891746 0.01199736 0.01420319 0.006908626 0.01225716 0.01323339 0.009253476 0.01235906 0.01285319 -0.01324263 0.01199736 0.01420319 0.005129956 0.01199736 0.01420319 -0.01379133 0.01225716 0.01323339 0.005678706 0.01225716 0.01323339 0.005982756 0.01232616 0.01297619 -0.01660633 0.01199736 0.01420319 -0.01557003 0.01199736 0.01420319 -0.01660633 0.01235906 0.01285319 -0.01502133 0.01225716 0.01323339 -0.01471723 0.01232616 0.01297619 0.006293666 0.01234926 0.01288979 0.006449546 0.01234346 0.01291139 0.006604576 0.01232616 0.01297619 -0.01456223 0.01234346 0.01291139 -0.01440633 0.01234926 0.01288979 -0.01425043 0.01234346 0.01291139 -0.01409543 0.01232616 0.01297619 0.006137786 0.01234346 0.01291139 -0.02056613 0.008399259 0.01285319 -0.02056613 -0.008400741 0.01285319 -0.02020443 -0.007000741 0.01420319 -0.02020443 -0.008400741 0.01420319 -0.02020443 0.008399259 0.01420319 -0.02020443 0.006999259 0.01420319 -0.01990963 0.006999259 0.01530319 -0.01990963 -0.007000741 0.01530319 -0.01990963 0.006999259 0.01530319 0.005722926 0.006999259 0.01530319 -0.02020443 0.006999259 0.01420319 0.006101576 0.006999259 0.01420319 -0.01557003 -0.01199884 0.01420319 -0.01660633 -0.01199884 0.01420319 -0.01502133 -0.01225864 0.01323339 -0.01660633 -0.01236054 0.01285319 0.008891746 -0.01199884 0.01420319 0.007457376 -0.01199884 0.01420319 0.009253476 -0.01236054 0.01285319 0.006908626 -0.01225864 0.01323339 0.006604576 -0.01232764 0.01297619 0.005129956 -0.01199884 0.01420319 -0.01324263 -0.01199884 0.01420319 0.005678706 -0.01225864 0.01323339 -0.01379133 -0.01225864 0.01323339 -0.01409543 -0.01232764 0.01297619 -0.01440633 -0.01235074 0.01288979 -0.01456223 -0.01234494 0.01291139 -0.01471723 -0.01232764 0.01297619 0.006449546 -0.01234494 0.01291139 0.006293666 -0.01235074 0.01288979 0.006137786 -0.01234494 0.01291139 0.005982756 -0.01232764 0.01297619 -0.01425043 -0.01234494 0.01291139 0.006101576 0.006999259 0.01420319 0.005722926 0.006999259 0.01530319 0.004837496 0.005700759 0.01530319 0.009253476 -0.009207641 0.01285319 0.007127296 -0.007586121 0.01285319 0.008891746 -0.009413691 0.01420319 0.006873546 -0.007843911 0.01420319 0.006101576 -0.007000741 0.01420319 0.005404286 -0.005371011 0.01285319 0.005722926 -0.007000741 0.01530319 0.005404286 0.005369529 0.01285319 0.007127296 0.007584639 0.01285319 0.006873546 0.007842429 0.01420319 0.009253476 0.009206159 0.01285319 0.008891746 0.009412209 0.01420319 0.004320106 0.002781089 0.01285319 0.003686446 0.002952669 0.01530319 0.003950146 -7.414324e-07 0.01285319 0.003293666 -7.414324e-07 0.01530319 0.004320106 -0.002782571 0.01285319 0.003686446 -0.002954151 0.01530319 0.004837496 -0.005702241 0.01530319 -0.01515633 -0.01025074 0.01420319 -0.01509923 -0.009963731 0.01420319 -0.01557003 -0.01199884 0.01420319 0.005129956 -0.01199884 0.01420319 0.006580676 -0.01094364 0.01420319 0.006293666 -0.01100074 0.01420319 0.006986576 -0.009963731 0.01420319 0.007043666 -0.01025074 0.01420319 0.008891746 -0.009413691 0.01420319 0.007457376 -0.01199884 0.01420319 0.008891746 -0.01199884 0.01420319 -0.01509923 -0.01053774 0.01420319 -0.01324263 -0.01199884 0.01420319 -0.01440633 -0.009500741 0.01420319 -0.01411933 -0.009557831 0.01420319 0.005600756 -0.009963731 0.01420319 -0.02020443 -0.007000741 0.01420319 0.005763336 -0.009720411 0.01420319 -0.01365633 -0.01025074 0.01420319 0.006006656 -0.01094364 0.01420319 0.005763336 -0.01078104 0.01420319 0.006101576 -0.007000741 0.01420319 -0.01371343 -0.01053774 0.01420319 -0.01387603 -0.01078104 0.01420319 -0.01379133 -0.01225864 0.01420319 -0.01411933 -0.01094364 0.01420319 -0.01440633 -0.01235074 0.01420319 -0.01440633 -0.01100074 0.01420319 -0.01502133 -0.01225864 0.01420319 -0.01469333 -0.01094364 0.01420319 -0.01493663 -0.01078104 0.01420319 0.006986576 -0.01053774 0.01420319 0.006823996 -0.01078104 0.01420319 0.006908626 -0.01225864 0.01420319 0.006293666 -0.01235074 0.01420319 0.006006656 -0.009557831 0.01420319 0.006293666 -0.009500741 0.01420319 0.006873546 -0.007843911 0.01420319 0.006580676 -0.009557831 0.01420319 0.006823996 -0.009720411 0.01420319 0.005678706 -0.01225864 0.01420319 -0.01660633 -0.01199884 0.01420319 -0.01660633 -0.01040074 0.01420319 -0.01675853 -0.009635371 0.01420319 -0.01493663 -0.009720411 0.01420319 -0.01469333 -0.009557831 0.01420319 -0.01719213 -0.008986531 0.01420319 -0.01784093 -0.008552981 0.01420319 -0.01860633 -0.008400741 0.01420319 -0.02020443 -0.008400741 0.01420319 0.005600756 -0.01053774 0.01420319 0.005543666 -0.01025074 0.01420319 -0.01371343 -0.009963731 0.01420319 -0.01387603 -0.009720411 0.01420319 0.003293666 -7.414324e-07 0.01530319 -0.01990963 0.006999259 0.01530319 0.003686446 -0.002954151 0.01530319 -0.01990963 -0.007000741 0.01530319 0.004837496 -0.005702241 0.01530319 0.005722926 -0.007000741 0.01530319 0.003686446 0.002952669 0.01530319 0.004837496 0.005700759 0.01530319 0.005722926 0.006999259 0.01530319 -0.02020443 -0.007000741 0.01420319 0.006101576 -0.007000741 0.01420319 -0.01990963 -0.007000741 0.01530319 0.005722926 -0.007000741 0.01530319 -0.02030093 0.01039926 -0.01723641 -0.02060633 0.01039926 -0.01609681 -0.01860633 0.01239926 -0.01609681 -0.01860633 0.01231086 -0.01642691 0.009293666 0.01239926 -0.01609681 -0.01793493 0.01233166 -0.01634911 -0.01825463 0.01234866 -0.01628551 0.009293666 0.01199736 -0.01759681 0.007457376 0.01199736 -0.01759681 0.006901546 0.01225936 -0.01661891 0.005129956 0.01199736 -0.01759681 -0.01704263 0.01199736 -0.01759681 0.005685786 0.01225936 -0.01661891 -0.01762163 0.01226616 -0.01659341 0.005986416 0.01232666 -0.01636771 0.006293666 0.01234926 -0.01628341 0.006600916 0.01232666 -0.01636771 0.02179367 0.01239926 -0.01609681 0.02479367 0.009399259 -0.01609681 0.02479367 0.006399259 -0.01609681 0.02179367 -0.01240074 -0.01609681 0.02119367 -0.01240074 -0.01609681 0.02119367 -0.01050074 -0.01609681 0.01366657 -0.002853911 -0.01609681 0.01552077 -0.002853911 -0.01609681 0.02119367 -0.003400741 -0.01609681 0.01702077 -0.001764101 -0.01609681 0.02119367 -7.414324e-07 -0.01609681 0.01759367 -7.414324e-07 -0.01609681 0.02119367 0.003999259 -0.01609681 0.01702077 0.001762619 -0.01609681 0.01552077 0.002852429 -0.01609681 0.01159367 -7.414324e-07 -0.01609681 0.006568666 -7.414324e-07 -0.01609681 0.01216657 0.001762619 -0.01609681 0.006568666 0.003999259 -0.01609681 0.01366657 0.002852429 -0.01609681 0.02369367 -0.01050074 -0.01609681 0.02119367 -0.006400741 -0.01609681 0.02479367 -0.009400741 -0.01609681 0.009293666 0.01239926 -0.01609681 0.02119367 0.01239926 -0.01609681 0.009293666 0.009182979 -0.01609681 0.02119367 0.006399259 -0.01609681 0.007596306 0.007965919 -0.01609681 0.006568666 0.006873769 -0.01609681 0.003043666 0.006499259 -0.01609681 0.006216276 0.006499259 -0.01609681 0.006568666 0.006399259 -0.01609681 -0.001956334 0.006399259 -0.01609681 -0.0001634435 0.006892149 -0.01609681 0.0005436665 0.006599259 -0.01609681 0.001250773 0.006892149 -0.01609681 0.001543666 0.007599259 -0.01609681 0.003043666 0.01009926 -0.01609681 0.001250773 0.008306369 -0.01609681 0.0005436665 0.008599259 -0.01609681 -0.001956334 0.01009926 -0.01609681 -0.0001634435 0.008306369 -0.01609681 -0.0004563335 0.007599259 -0.01609681 0.007596306 -0.007967401 -0.01609681 0.006568666 -0.006875251 -0.01609681 0.006568666 -0.006400741 -0.01609681 0.006216276 -0.006500741 -0.01609681 0.003043666 -0.006500741 -0.01609681 0.0005436665 -0.006600741 -0.01609681 -0.0001634435 -0.006893631 -0.01609681 -0.001956334 -0.006400741 -0.01609681 -0.0004563335 -0.007600741 -0.01609681 -0.001956334 -0.01010074 -0.01609681 -0.0001634435 -0.008307851 -0.01609681 0.0005436665 -0.008600741 -0.01609681 0.003043666 -0.01010074 -0.01609681 0.001250773 -0.008307851 -0.01609681 0.001543666 -0.007600741 -0.01609681 0.001250773 -0.006893631 -0.01609681 0.009293666 -0.009184461 -0.01609681 0.009293666 -0.01050074 -0.01609681 0.009293666 -0.01240074 -0.01609681 0.001543666 -0.002800741 -0.01609681 0.006568666 -0.003400741 -0.01609681 0.01216657 -0.001764101 -0.01609681 0.001250773 -0.002093631 -0.01609681 0.0005436665 -0.001800741 -0.01609681 -0.001956334 -7.414324e-07 -0.01609681 -0.0001634435 -0.002093631 -0.01609681 -0.001956334 -0.003400741 -0.01609681 0.001250773 -0.003507851 -0.01609681 0.001295138 -0.003400741 -0.01609681 -0.0001634435 -0.005907851 -0.01609681 0.0005436665 -0.006200741 -0.01609681 -0.0001634435 -0.004493631 -0.01609681 -0.0004563335 -0.005200741 -0.01609681 -0.0004563335 -0.002800741 -0.01609681 -0.0002078035 -0.003400741 -0.01609681 -0.0001634435 -0.003507851 -0.01609681 0.0005436665 -0.004200741 -0.01609681 0.0005436665 -0.003800741 -0.01609681 0.001250773 -0.004493631 -0.01609681 0.001543666 -0.005200741 -0.01609681 0.001250773 -0.005907851 -0.01609681 0.0005436665 0.006199259 -0.01609681 -0.0001634435 0.005906369 -0.01609681 -0.0004563335 0.005199259 -0.01609681 -0.001956334 0.003999259 -0.01609681 -0.0001634435 0.004492149 -0.01609681 0.0005436665 0.004199259 -0.01609681 0.001250773 0.004492149 -0.01609681 0.001543666 0.005199259 -0.01609681 0.001250773 0.005906369 -0.01609681 -0.0004563335 0.002799259 -0.01609681 -0.0001634435 0.002092149 -0.01609681 0.0005436665 0.001799259 -0.01609681 0.001250773 0.002092149 -0.01609681 0.001543666 0.002799259 -0.01609681 0.001250773 0.003506369 -0.01609681 0.0005436665 0.003799259 -0.01609681 -0.0001634435 0.003506369 -0.01609681 0.02479367 0.003999259 -0.01609681 0.02479367 -7.414324e-07 -0.01609681 0.02479367 -0.003400741 -0.01609681 0.02479367 -0.006400741 -0.01609681 0.02179367 0.01239926 0.01270319 0.02479367 0.009399259 0.01270319 0.02179367 0.01239926 -0.01609681 0.02479367 0.009399259 -0.01609681 0.009293666 -0.009184461 0.01270319 0.009293666 -0.01240074 0.01270319 0.02179367 -0.01240074 0.01270319 0.02179367 0.01239926 0.01270319 0.009293666 0.01239926 0.01270319 0.009293666 0.009182979 0.01270319 0.02479367 0.009399259 0.01270319 0.01275517 0.001541949 0.01270319 0.01417687 0.002362799 0.01270319 0.01579367 0.002077719 0.01270319 0.01684897 0.0008201066 0.01270319 0.02479367 -0.009400741 0.01270319 0.01684897 -0.0008215894 0.01270319 0.01579367 -0.002079201 0.01270319 0.01219367 -7.414324e-07 0.01270319 0.004645296 -0.003669611 0.01270319 0.01275517 -0.001543431 0.01270319 0.006529266 -0.006885231 0.01270319 0.01417687 -0.002364281 0.01270319 0.006529266 0.006883749 0.01270319 0.004645296 0.003668129 0.01270319 0.003990336 -7.414324e-07 0.01270319 -0.01860633 0.01239926 0.01270319 -0.01860633 0.01239926 -0.01609681 -0.01937173 0.01224706 -0.01609681 -0.02002053 0.01181346 0.01270319 -0.02060633 0.01039926 -0.01609681 -0.02060633 0.01039926 0.01270319 -0.02045413 0.01116466 -0.01609681 -0.02002053 0.01181346 -0.01609681 -0.01660633 0.01239926 0.01270319 0.009293666 0.01239926 -0.01609681 0.009293666 0.01239926 0.01270319 0.02119367 0.01239926 -0.01609681 0.02179367 0.01239926 0.01270319 0.02179367 0.01239926 -0.01609681 0.01334367 -7.414324e-07 -0.01609681 0.01370977 0.0008831416 -0.01609681 0.01459367 -7.414324e-07 -0.01609681 0.01370977 -0.0008846244 -0.01609681 0.01584367 -7.414324e-07 -0.01609681 0.01547757 -0.0008846244 -0.01609681 0.01459367 -0.001250741 -0.01609681 0.01459367 0.001249259 -0.01609681 0.01547757 0.0008831416 -0.01609681 -0.001956334 0.009199259 -0.01759681 -0.005306334 0.009199259 -0.01939681 -0.01530633 0.009199259 -0.01759681 -0.01530633 0.009199259 -0.01939681 -0.01530633 -0.009200741 -0.01939681 -0.01530633 -0.009200741 -0.01759681 -0.01530633 0.009199259 -0.01939681 -0.01530633 0.009199259 -0.01759681 -0.01530633 -0.009200741 -0.01759681 -0.01530633 -0.009200741 -0.01939681 -0.001956334 -0.009200741 -0.01759681 -0.005306334 -0.009200741 -0.01939681 -0.001956334 -0.009200741 -0.01759681 -0.005306334 -0.009200741 -0.01939681 -0.001956334 0.009199259 -0.01759681 -0.005306334 0.009199259 -0.01939681 0.001543666 0.002799259 -0.02109681 0.001250773 0.002092149 -0.02109681 0.0005436665 0.002799259 -0.02109681 0.001250773 0.003506369 -0.02109681 -0.0004563335 0.002799259 -0.02109681 -0.0001634435 0.003506369 -0.02109681 0.0005436665 0.003799259 -0.02109681 0.0005436665 0.001799259 -0.02109681 -0.0001634435 0.002092149 -0.02109681 0.001543666 0.005199259 -0.02109681 0.001250773 0.004492149 -0.02109681 0.0005436665 0.005199259 -0.02109681 0.001250773 0.005906369 -0.02109681 -0.0004563335 0.005199259 -0.02109681 -0.0001634435 0.005906369 -0.02109681 0.0005436665 0.006199259 -0.02109681 0.0005436665 0.004199259 -0.02109681 -0.0001634435 0.004492149 -0.02109681 0.001543666 0.007599259 -0.02109681 0.001250773 0.006892149 -0.02109681 0.0005436665 0.007599259 -0.02109681 0.001250773 0.008306369 -0.02109681 -0.0004563335 0.007599259 -0.02109681 -0.0001634435 0.008306369 -0.02109681 0.0005436665 0.008599259 -0.02109681 0.0005436665 0.006599259 -0.02109681 -0.0001634435 0.006892149 -0.02109681 0.001543666 -0.002800741 -0.02109681 0.001250773 -0.003507851 -0.02109681 0.0005436665 -0.002800741 -0.02109681 0.001250773 -0.002093631 -0.02109681 -0.0004563335 -0.002800741 -0.02109681 -0.0001634435 -0.002093631 -0.02109681 0.0005436665 -0.001800741 -0.02109681 0.0005436665 -0.003800741 -0.02109681 -0.0001634435 -0.003507851 -0.02109681 0.001543666 -0.005200741 -0.02109681 0.001250773 -0.005907851 -0.02109681 0.0005436665 -0.005200741 -0.02109681 0.001250773 -0.004493631 -0.02109681 -0.0004563335 -0.005200741 -0.02109681 -0.0001634435 -0.004493631 -0.02109681 0.0005436665 -0.004200741 -0.02109681 0.0005436665 -0.006200741 -0.02109681 -0.0001634435 -0.005907851 -0.02109681 0.001543666 -0.007600741 -0.02109681 0.001250773 -0.008307851 -0.02109681 0.0005436665 -0.007600741 -0.02109681 0.001250773 -0.006893631 -0.02109681 -0.0004563335 -0.007600741 -0.02109681 -0.0001634435 -0.006893631 -0.02109681 0.0005436665 -0.006600741 -0.02109681 0.0005436665 -0.008600741 -0.02109681 -0.0001634435 -0.008307851 -0.02109681 -0.01860633 -0.01231234 -0.01642691 -0.01825463 -0.01235014 -0.01628551 -0.01860633 -0.01240074 -0.01609681 -0.01793493 -0.01233314 -0.01634911 0.009293666 -0.01240074 -0.01609681 0.007457376 -0.01199884 -0.01759681 0.009293666 -0.01199884 -0.01759681 0.006901546 -0.01226084 -0.01661891 -0.01762163 -0.01226764 -0.01659341 -0.01704263 -0.01199884 -0.01759681 0.005129956 -0.01199884 -0.01759681 0.005685786 -0.01226084 -0.01661891 0.005986416 -0.01232814 -0.01636771 0.006293666 -0.01235074 -0.01628341 0.006600916 -0.01232814 -0.01636771 -0.01860633 -0.01240074 -0.01609681 -0.01860633 -0.01240074 0.01270319 -0.01937173 -0.01224854 -0.01609681 -0.02002053 -0.01181494 0.01270319 -0.02002053 -0.01181494 -0.01609681 -0.02060633 -0.01040074 0.01270319 -0.02060633 -0.01040074 -0.01609681 -0.02030093 -0.01040074 -0.01723641 -0.02060633 -0.01040074 -0.01609681 -0.02029103 -0.009997941 -0.01727341 -0.02020443 -0.009604451 -0.01759681 -0.02020443 0.009602969 -0.01759681 -0.02030543 0.01018896 -0.01721961 -0.01530633 -0.009200741 -0.01759681 -0.001956334 -0.009200741 -0.01759681 -0.001956334 -0.01010074 -0.01759681 -0.01530633 0.009199259 -0.01759681 -0.01825463 0.01234866 -0.01759681 -0.01704263 0.01199736 -0.01759681 0.009293666 0.009644239 -0.01759681 0.007331066 0.008267899 -0.01759681 0.006823996 0.009718929 -0.01759681 0.006293666 0.009499259 -0.01759681 0.005713036 0.006499259 -0.01759681 0.005763336 0.009718929 -0.01759681 0.003043666 0.006499259 -0.01759681 0.005543666 0.01024926 -0.01759681 0.003043666 0.01009926 -0.01759681 -0.001956334 0.01009926 -0.01759681 0.005543666 -0.01025074 -0.01759681 -0.01820633 -0.01100074 -0.01759681 -0.01767603 -0.01078104 -0.01759681 0.007043666 0.01024926 -0.01759681 0.006823996 0.01077956 -0.01759681 0.009293666 0.01199736 -0.01759681 0.005763336 0.01077956 -0.01759681 0.005129956 0.01199736 -0.01759681 0.006293666 0.01099926 -0.01759681 0.006293666 0.01234926 -0.01759681 0.007457376 0.01199736 -0.01759681 -0.001956334 0.009199259 -0.01759681 0.003043666 -0.01010074 -0.01759681 0.003043666 -0.006500741 -0.01759681 0.006293666 -0.009500741 -0.01759681 0.005713036 -0.006500741 -0.01759681 0.006823996 -0.009720411 -0.01759681 0.007331066 -0.008269381 -0.01759681 0.007043666 -0.01025074 -0.01759681 0.009293666 -0.009645721 -0.01759681 0.006823996 -0.01078104 -0.01759681 0.005763336 -0.009720411 -0.01759681 -0.01745633 -0.01025074 -0.01759681 -0.01767603 -0.009720411 -0.01759681 0.009293666 -0.01199884 -0.01759681 0.007457376 -0.01199884 -0.01759681 0.006293666 -0.01100074 -0.01759681 0.006293666 -0.01235074 -0.01759681 0.005763336 -0.01078104 -0.01759681 0.005129956 -0.01199884 -0.01759681 -0.01704263 -0.01199884 -0.01759681 -0.01825463 -0.01235014 -0.01759681 -0.01873663 -0.01078104 -0.01759681 -0.01947413 -0.01192484 -0.01759681 -0.01895633 -0.01025074 -0.01759681 -0.02021413 -0.01086634 -0.01759681 -0.01873663 -0.009720411 -0.01759681 -0.02020443 -0.009604451 -0.01759681 -0.02020443 0.009602969 -0.01759681 -0.01873663 0.009718929 -0.01759681 -0.01820633 0.009499259 -0.01759681 -0.01820633 -0.009500741 -0.01759681 -0.01767603 0.009718929 -0.01759681 -0.01745633 0.01024926 -0.01759681 -0.01767603 0.01077956 -0.01759681 -0.01820633 0.01099926 -0.01759681 -0.01947413 0.01192336 -0.01759681 -0.01873663 0.01077956 -0.01759681 -0.02021413 0.01086486 -0.01759681 -0.01895633 0.01024926 -0.01759681 0.001543666 0.002799259 -0.01609681 0.001250773 0.003506369 -0.02109681 0.001250773 0.003506369 -0.01609681 0.0005436665 0.003799259 -0.02109681 0.0005436665 0.003799259 -0.01609681 -0.0001634435 0.003506369 -0.02109681 -0.0001634435 0.003506369 -0.01609681 -0.0004563335 0.002799259 -0.02109681 -0.0004563335 0.002799259 -0.01609681 -0.0001634435 0.002092149 -0.02109681 -0.0001634435 0.002092149 -0.01609681 0.0005436665 0.001799259 -0.02109681 0.0005436665 0.001799259 -0.01609681 0.001250773 0.002092149 -0.02109681 0.001250773 0.002092149 -0.01609681 0.001543666 0.002799259 -0.02109681 0.001543666 0.005199259 -0.01609681 0.001250773 0.005906369 -0.02109681 0.001250773 0.005906369 -0.01609681 0.0005436665 0.006199259 -0.02109681 0.0005436665 0.006199259 -0.01609681 -0.0001634435 0.005906369 -0.02109681 -0.0001634435 0.005906369 -0.01609681 -0.0004563335 0.005199259 -0.02109681 -0.0004563335 0.005199259 -0.01609681 -0.0001634435 0.004492149 -0.02109681 -0.0001634435 0.004492149 -0.01609681 0.0005436665 0.004199259 -0.02109681 0.0005436665 0.004199259 -0.01609681 0.001250773 0.004492149 -0.02109681 0.001250773 0.004492149 -0.01609681 0.001543666 0.005199259 -0.02109681 0.001543666 0.007599259 -0.01609681 0.001250773 0.008306369 -0.02109681 0.001250773 0.008306369 -0.01609681 0.0005436665 0.008599259 -0.02109681 0.0005436665 0.008599259 -0.01609681 -0.0001634435 0.008306369 -0.02109681 -0.0001634435 0.008306369 -0.01609681 -0.0004563335 0.007599259 -0.02109681 -0.0004563335 0.007599259 -0.01609681 -0.0001634435 0.006892149 -0.02109681 -0.0001634435 0.006892149 -0.01609681 0.0005436665 0.006599259 -0.02109681 0.0005436665 0.006599259 -0.01609681 0.001250773 0.006892149 -0.02109681 0.001250773 0.006892149 -0.01609681 0.001543666 0.007599259 -0.02109681 0.01759367 -7.414324e-07 -0.01609681 0.01702077 0.001762619 -0.01999681 0.01702077 0.001762619 -0.01609681 0.01552077 0.002852429 -0.01999681 0.01552077 0.002852429 -0.01609681 0.01366657 0.002852429 -0.01999681 0.01366657 0.002852429 -0.01609681 0.01216657 0.001762619 -0.01999681 0.01216657 0.001762619 -0.01609681 0.01159367 -7.414324e-07 -0.01999681 0.01159367 -7.414324e-07 -0.01609681 0.01216657 -0.001764101 -0.01999681 0.01216657 -0.001764101 -0.01609681 0.01366657 -0.002853911 -0.01999681 0.01366657 -0.002853911 -0.01609681 0.01552077 -0.002853911 -0.01999681 0.01552077 -0.002853911 -0.01609681 0.01702077 -0.001764101 -0.01999681 0.01702077 -0.001764101 -0.01609681 0.01759367 -7.414324e-07 -0.01999681 0.001250773 -0.003507851 -0.02109681 0.0005436665 -0.003800741 -0.01609681 0.0005436665 -0.003800741 -0.02109681 -0.0001634435 -0.003507851 -0.01609681 -0.0001634435 -0.003507851 -0.02109681 -0.0002078035 -0.003400741 -0.01609681 -0.0004563335 -0.002800741 -0.02109681 -0.0004563335 -0.002800741 -0.01609681 -0.0001634435 -0.002093631 -0.01609681 -0.0001634435 -0.002093631 -0.02109681 0.0005436665 -0.001800741 -0.01609681 0.0005436665 -0.001800741 -0.02109681 0.001250773 -0.002093631 -0.01609681 0.001250773 -0.002093631 -0.02109681 0.001543666 -0.002800741 -0.01609681 0.001543666 -0.002800741 -0.02109681 0.001295138 -0.003400741 -0.01609681 0.001250773 -0.003507851 -0.01609681 0.001543666 -0.005200741 -0.01609681 0.001250773 -0.004493631 -0.02109681 0.001250773 -0.004493631 -0.01609681 0.0005436665 -0.004200741 -0.02109681 0.0005436665 -0.004200741 -0.01609681 -0.0001634435 -0.004493631 -0.02109681 -0.0001634435 -0.004493631 -0.01609681 -0.0004563335 -0.005200741 -0.02109681 -0.0004563335 -0.005200741 -0.01609681 -0.0001634435 -0.005907851 -0.02109681 -0.0001634435 -0.005907851 -0.01609681 0.0005436665 -0.006200741 -0.02109681 0.0005436665 -0.006200741 -0.01609681 0.001250773 -0.005907851 -0.02109681 0.001250773 -0.005907851 -0.01609681 0.001543666 -0.005200741 -0.02109681 0.001543666 -0.007600741 -0.01609681 0.001250773 -0.006893631 -0.02109681 0.001250773 -0.006893631 -0.01609681 0.0005436665 -0.006600741 -0.02109681 0.0005436665 -0.006600741 -0.01609681 -0.0001634435 -0.006893631 -0.02109681 -0.0001634435 -0.006893631 -0.01609681 -0.0004563335 -0.007600741 -0.02109681 -0.0004563335 -0.007600741 -0.01609681 -0.0001634435 -0.008307851 -0.02109681 -0.0001634435 -0.008307851 -0.01609681 0.0005436665 -0.008600741 -0.02109681 0.0005436665 -0.008600741 -0.01609681 0.001250773 -0.008307851 -0.02109681 0.001250773 -0.008307851 -0.01609681 0.001543666 -0.007600741 -0.02109681 0.02479367 0.006399259 -0.01609681 0.02479367 0.009399259 -0.01609681 0.02479367 0.009399259 0.01270319 0.02479367 -0.009400741 0.01270319 0.02479367 -0.009400741 -0.01609681 0.02479367 -0.006400741 -0.01609681 0.02479367 -0.003400741 -0.01609681 0.02479367 -7.414324e-07 -0.01609681 0.02479367 0.003999259 -0.01609681 0.02179367 -0.01240074 -0.01609681 0.02179367 -0.01240074 0.01270319 0.02119367 -0.01240074 -0.01609681 0.009293666 -0.01240074 0.01270319 0.009293666 -0.01240074 -0.01609681 -0.01660633 -0.01240074 0.01270319 0.02479367 -0.009400741 -0.01609681 0.02479367 -0.009400741 0.01270319 0.02369367 -0.01050074 -0.01609681 0.02179367 -0.01240074 0.01270319 0.02179367 -0.01240074 -0.01609681 0.005713036 0.006499259 -0.01759681 0.006216276 0.006499259 -0.01609681 0.003043666 0.006499259 -0.01759681 0.003043666 0.006499259 -0.01609681 0.003043666 0.006499259 -0.01759681 0.003043666 0.006499259 -0.01609681 0.003043666 0.01009926 -0.01759681 0.003043666 0.01009926 -0.01609681 0.003043666 0.01009926 -0.01759681 0.003043666 0.01009926 -0.01609681 -0.001956334 0.01009926 -0.01759681 -0.001956334 0.01009926 -0.01609681 -0.001956334 -0.01010074 -0.01609681 -0.001956334 -0.01010074 -0.01759681 -0.001956334 -0.009200741 -0.01759681 -0.001956334 -0.006400741 -0.01609681 -0.001956334 0.01009926 -0.01759681 -0.001956334 0.01009926 -0.01609681 -0.001956334 0.009199259 -0.01759681 -0.001956334 0.006399259 -0.01609681 -0.001956334 0.003999259 -0.01609681 -0.001956334 -7.414324e-07 -0.01609681 -0.001956334 -0.003400741 -0.01609681 0.003043666 -0.01010074 -0.01609681 0.003043666 -0.01010074 -0.01759681 -0.001956334 -0.01010074 -0.01609681 -0.001956334 -0.01010074 -0.01759681 0.003043666 -0.006500741 -0.01609681 0.003043666 -0.006500741 -0.01759681 0.003043666 -0.01010074 -0.01609681 0.003043666 -0.01010074 -0.01759681 0.006216276 -0.006500741 -0.01609681 0.005713036 -0.006500741 -0.01759681 0.003043666 -0.006500741 -0.01609681 0.003043666 -0.006500741 -0.01759681 0.01459367 0.001249259 -0.01999681 0.01552077 0.002852429 -0.01999681 0.01547757 0.0008831416 -0.01999681 0.01702077 0.001762619 -0.01999681 0.01584367 -7.414324e-07 -0.01999681 0.01759367 -7.414324e-07 -0.01999681 0.01547757 -0.0008846244 -0.01999681 0.01702077 -0.001764101 -0.01999681 0.01459367 -0.001250741 -0.01999681 0.01552077 -0.002853911 -0.01999681 0.01366657 -0.002853911 -0.01999681 0.01370977 -0.0008846244 -0.01999681 0.01216657 -0.001764101 -0.01999681 0.01334367 -7.414324e-07 -0.01999681 0.01159367 -7.414324e-07 -0.01999681 0.01370977 0.0008831416 -0.01999681 0.01216657 0.001762619 -0.01999681 0.01366657 0.002852429 -0.01999681 -0.005306334 0.009199259 -0.01939681 -0.005306334 -0.009200741 -0.01939681 -0.01530633 0.009199259 -0.01939681 -0.01530633 -0.009200741 -0.01939681 -0.02060633 0.008399259 0.01270319 -0.02060633 -0.008400741 0.01270319 0.01334367 -7.414324e-07 -0.01609681 0.01334367 -7.414324e-07 -0.01999681 0.01370977 0.0008831416 -0.01609681 0.01370977 0.0008831416 -0.01999681 0.01459367 0.001249259 -0.01609681 0.01459367 0.001249259 -0.01999681 0.01547757 0.0008831416 -0.01609681 0.01547757 0.0008831416 -0.01999681 0.01584367 -7.414324e-07 -0.01609681 0.01584367 -7.414324e-07 -0.01999681 0.01547757 -0.0008846244 -0.01609681 0.01547757 -0.0008846244 -0.01999681 0.01459367 -0.001250741 -0.01609681 0.01459367 -0.001250741 -0.01999681 0.01370977 -0.0008846244 -0.01609681 0.01370977 -0.0008846244 -0.01999681</float_array>
          <technique_common>
            <accessor count="747" source="#verts-array-array" stride="3">
              <param type="float" name="X"/>
              <param type="float" name="Y"/>
              <param type="float" name="Z"/>
            </accessor>
          </technique_common>
        </source>
        <source id="normals-array">
          <float_array count="2241" id="normals-array-array">0 0 1 0 0 1 0 0 1 0 0 1 0 0 1 0 0 1 0 0 1 0 0 1 0 0 1 0 0 1 0 0 1 0 0 1 0 0 1 0 0 1 0 0 1 0 0 1 0 0 1 0 0 1 0 0 1 0 0 1 0 0 1 0 0 1 0 0 1 0 0 1 0 0 1 0 0 1 0 0 1 0 0 1 0 0 1 0 0 1 0 0 1 0 0 1 0 0 1 0 0 1 0 0 1 0 0 1 0 0 1 0 0 1 0 0 1 0 0 1 0 0 1 0 0 1 0 0 1 0 0 1 0 0 1 0 0 1 0 0 1 0 0 1 0 0 1 0 0 1 0 0 1 0 0 1 0 0 1 0 0 1 0 0.96594 0.258766 -1.106022e-05 0.9659344 0.2587871 1.90983e-05 0.9658853 0.2589702 -1.032111e-05 0.9659296 0.258805 0 0.96594 0.258766 0 0.96594 0.258766 2.545343e-06 0.9658769 0.2590017 0 0.9658758 0.2590056 -1.339813e-05 0.9661047 0.2581504 0 0.9659314 0.2587981 1.418907e-05 0.9659342 0.2587879 6.707807e-06 0.9659304 0.2588022 -1.921108e-05 0.9658895 0.2589547 1.063534e-05 0.9660799 0.2582434 2.985912e-06 0.9659104 0.2588767 4.703086e-06 0.9658469 0.2591134 -8.335936e-06 0.9660839 0.2582283 -5.960788e-06 0.9658512 0.2590973 -4.602848e-07 0.9659564 0.258705 6.803944e-07 0.9658348 0.2591583 -1.223257e-06 0.9660941 0.2581903 5.97686e-06 0.965818 0.2592211 -0.9659314 0 0.2587981 -0.9659314 0 0.2587981 -0.9659255 0 0.2588203 -0.9659314 0 0.2587981 -0.9659314 0 0.2587981 -0.9659255 0 0.2588203 -0.9659136 0 0.2588648 -0.9659136 0 0.2588648 0 1 0 0 1 0 0 1 0 0 1 0 0 -0.96594 0.258766 1.349188e-05 -0.9659345 0.2587865 -2.405069e-05 -0.9658888 0.258957 1.31651e-05 -0.9659282 0.2588103 0 -0.9659314 0.2587981 -1.235751e-05 -0.9659356 0.2587827 -4.144526e-06 -0.965931 0.2587998 1.537536e-05 -0.9658858 0.2589685 -8.335936e-06 -0.9660839 0.2582283 0 -0.96594 0.258766 0 -0.96594 0.258766 -2.545347e-06 -0.9658769 0.2590017 0 -0.9658758 0.2590056 1.339825e-05 -0.9661047 0.2581504 -2.845598e-06 -0.9659262 0.2588175 -5.960788e-06 -0.9658512 0.2590973 1.063534e-05 -0.9660799 0.2582434 4.703086e-06 -0.9658469 0.2591134 3.284316e-07 -0.9659564 0.258705 -7.025626e-07 -0.9658349 0.2591581 1.289502e-06 -0.966094 0.2581905 -5.976545e-06 -0.965818 0.2592211 0.7335993 -0.5894711 0.3381655 0.7946871 -0.5418867 0.273553 0.8463875 -0.4639052 0.2615726 0.5833692 0.7649292 0.2730636 0.6658411 0.6921317 0.2785845 0.5863838 0.7643132 0.2682896 0.6553877 0.7096092 0.2586924 0.7587111 0.5863329 0.2838505 0.8382557 0.4719287 0.2731494 0.7923716 0.5504007 0.2630707 0.835941 -0.4778702 0.2698937 0.6797952 -0.6862173 0.2588133 0.6676459 -0.6883257 0.2836487 0.5890445 -0.7621955 0.2684858 0.5904483 -0.7591145 0.2740729 0.9323503 -0.2524579 0.2588203 0.9323502 -0.252458 0.2588204 0.9659254 -1.193733e-07 0.2588206 0.9659254 -1.077298e-07 0.2588206 0.9323502 0.2524581 0.2588204 0.9323502 0.2524581 0.2588203 0.8485999 0.4614646 0.2587057 0 0 1 0 0 1 0 0 1 0 0 1 0 0 1 0 0 1 0 0 1 0 0 1 0 0 1 0 0 1 0 0 1 0 0 1 0 0 1 0 0 1 0 0 1 0 0 1 0 0 1 0 0 1 0 0 1 0 0 1 0 0 1 0 0 1 0 0 1 0 0 1 0 0 1 0 0 1 0 0 1 0 0 1 0 0 1 0 0 1 0 0 1 0 0 1 0 0 1 0 0 1 0 0 1 0 0 1 0 0 1 0 0 1 0 0 1 0 0 1 0 0 1 0 0 1 0 0 1 0 0 1 0 0 1 0 0 1 0 0 1 0 0 1 0 0 1 0 0 1 0 0 1 0 0 1 0 0 1 0 0 1 0 0 1 0 0 1 0 0 1 0 0 1 0 0 1 0 0 1 0 0 1 0 0 1 0 0 1 0 -1 0 0 -1 0 0 -1 0 0 -1 0 -0.9659163 -1.01566e-05 -0.2588547 -0.9659239 2.753371e-05 -0.2588261 0.0001012424 0.9659367 -0.2587785 0.0001828816 0.9659624 -0.2586824 -2.378521e-06 0.9659295 -0.2588054 -1.201736e-05 0.9659131 -0.2588665 -0.0001540139 0.9658053 -0.2592682 0 0.9659297 -0.2588048 -4.375504e-06 0.965931 -0.2587998 -6.904785e-06 0.965932 -0.258796 0 0.9659326 -0.2587937 -1.265099e-06 0.96594 -0.2587663 -9.306158e-07 0.9659342 -0.2587879 -2.495594e-08 0.9659028 -0.2589051 1.786662e-07 0.9658998 -0.2589161 8.175311e-07 0.9659193 -0.2588433 3.574455e-06 0.9659057 -0.258894 0 0 -1 0 0 -1 0 0 -1 0 0 -1 0 0 -1 0 0 -1 0 0 -1 0 0 -1 0 0 -1 0 0 -1 0 0 -1 0 0 -1 0 0 -1 0 0 -1 0 0 -1 0 0 -1 0 0 -1 0 0 -1 0 0 -1 0 0 -1 0 0 -1 0 0 -1 0 0 -1 0 0 -1 0 0 -1 0 0 -1 0 0 -1 0 0 -1 0 0 -1 0 0 -1 0 0 -1 0 0 -1 0 0 -1 0 0 -1 0 0 -1 0 0 -1 0 0 -1 0 0 -1 0 0 -1 0 0 -1 0 0 -1 0 0 -1 0 0 -1 0 0 -1 0 0 -1 0 0 -1 0 0 -1 0 0 -1 0 0 -1 0 0 -1 0 0 -1 0 0 -1 0 0 -1 0 0 -1 0 0 -1 0 0 -1 0 0 -1 0 0 -1 0 0 -1 0 0 -1 0 0 -1 0 0 -1 0 0 -1 0 0 -1 0 0 -1 0 0 -1 0 0 -1 0 0 -1 0 0 -1 0 0 -1 0 0 -1 0 0 -1 0 0 -1 0 0 -1 0 0 -1 0 0 -1 0 0 -1 0 0 -1 0 0 -1 0 0 -1 0 0 -1 0 0 -1 0 0 -1 0 0 -1 0 0 -1 0 0 -1 0 0 -1 0 0 -1 0 0 -1 0 0 -1 0 0 -1 0 0 -1 0 0 -1 0 0 -1 0 0 -1 0 0 -1 0 0 -1 0 0 -1 0 0 -1 0 0 -1 0 0 -1 0 0 -1 0 0 -1 0 0 -1 0 0 -1 0.7071068 0.7071068 0 0.7071068 0.7071068 0 0.7071068 0.7071068 0 0.7071068 0.7071068 0 0 0 1 0 0 1 0 0 1 0 0 1 0 0 1 0 0 1 0 0 1 0 0 1 0 0 1 0 0 1 0 0 1 0 0 1 0 0 1 0 0 1 0 0 1 0 0 1 0 0 1 0 0 1 0 0 1 0 0 1 0 0 1 0 0 1 -0.1934437 0.9811078 0.002649388 -0.09798742 0.9951877 0 -0.382698 0.9238735 9.119727e-05 -0.7070956 0.7070956 0.005619148 -0.9951877 0.09798742 0 -0.9811078 0.1934437 0.002649388 -0.9238735 0.382698 9.119727e-05 -0.7071068 0.7071068 0 0 1 0 0 1 0 0 1 0 0 1 0 0 1 0 0 1 0 0 0 -1 0 0 -1 0 0 -1 0 0 -1 0 0 -1 0 0 -1 0 0 -1 0 0 -1 0 0 -1 0 1 0 0 1 0 0 1 0 0 1 0 -1 0 0 -1 0 0 -1 0 0 -1 0 0 0 -1 0 0 -1 0 0 -1 0 0 -1 0 0.4733156 0 -0.8808929 0.4733156 0 -0.8808929 0.4733156 0 -0.8808929 0.4733156 0 -0.8808929 0 0 -1 0 0 -1 0 0 -1 0 0 -1 0 0 -1 0 0 -1 0 0 -1 0 0 -1 0 0 -1 0 0 -1 0 0 -1 0 0 -1 0 0 -1 0 0 -1 0 0 -1 0 0 -1 0 0 -1 0 0 -1 0 0 -1 0 0 -1 0 0 -1 0 0 -1 0 0 -1 0 0 -1 0 0 -1 0 0 -1 0 0 -1 0 0 -1 0 0 -1 0 0 -1 0 0 -1 0 0 -1 0 0 -1 0 0 -1 0 0 -1 0 0 -1 0 0 -1 0 0 -1 0 0 -1 0 0 -1 0 0 -1 0 0 -1 0 0 -1 0 0 -1 0 0 -1 0 0 -1 0 0 -1 0 0 -1 0 0 -1 0 0 -1 0 0 -1 0 0 -1 0 0 -1 0 0 -1 0.0001828816 -0.9659624 -0.2586824 -0.0001540139 -0.9658053 -0.2592682 0.0001012424 -0.9659367 -0.2587785 -1.201736e-05 -0.9659131 -0.2588665 -4.520216e-06 -0.9659289 -0.2588077 0 -0.9659326 -0.2587937 -3.61254e-06 -0.9659304 -0.2588019 -5.325691e-06 -0.9659318 -0.2587966 3.475301e-07 -0.9659027 -0.2589053 0 -0.9659403 -0.258765 -1.295654e-06 -0.965933 -0.2587924 -1.319026e-06 -0.9659341 -0.258788 1.786662e-07 -0.9658998 -0.2589161 8.175311e-07 -0.9659193 -0.2588433 3.574455e-06 -0.9659057 -0.258894 -0.09798742 -0.9951877 0 -0.1934437 -0.9811078 0.002649388 -0.382698 -0.9238735 9.119727e-05 -0.7082941 -0.7059118 0.002811541 -0.7730357 -0.6343625 0 -0.9807842 -0.195096 0 -0.9807842 -0.195096 0 -0.9659163 -3.73715e-05 -0.2588547 -0.9659188 -7.597944e-06 -0.2588452 -0.9659274 -1.15709e-05 -0.2588133 -0.9659667 0 -0.2586664 -0.9659259 3.025307e-05 -0.2588188 -0.9659113 9.504073e-05 -0.2588731 0 0 -1 0 0 -1 0 0 -1 0 0 -1 0 0 -1 0 0 -1 0 0 -1 0 0 -1 0 0 -1 0 0 -1 0 0 -1 0 0 -1 0 0 -1 0 0 -1 0 0 -1 0 0 -1 0 0 -1 0 0 -1 0 0 -1 0 0 -1 0 0 -1 0 0 -1 0 0 -1 0 0 -1 0 0 -1 0 0 -1 0 0 -1 0 0 -1 0 0 -1 0 0 -1 0 0 -1 0 0 -1 0 0 -1 0 0 -1 0 0 -1 0 0 -1 0 0 -1 0 0 -1 0 0 -1 0 0 -1 0 0 -1 0 0 -1 0 0 -1 0 0 -1 0 0 -1 0 0 -1 0 0 -1 0 0 -1 0 0 -1 0 0 -1 0 0 -1 0 0 -1 0 0 -1 0 0 -1 0 0 -1 0 0 -1 0 0 -1 0 0 -1 0 0 -1 0 0 -1 0 0 -1 0 0 -1 0 0 -1 0 0 -1 0 0 -1 0 0 -1 1 2.629768e-17 0 0.707106 0.7071075 0 0.707106 0.7071075 0 7.499911e-07 1 0 7.499911e-07 1 0 -0.7071068 0.7071068 0 -0.7071068 0.7071068 0 -1 1.912555e-16 0 -1 -1.912555e-16 0 -0.7071068 -0.7071068 0 -0.7071068 -0.7071068 0 7.499911e-07 -1 0 7.499911e-07 -1 0 0.707106 -0.7071075 0 0.707106 -0.7071075 0 1 -3.825117e-17 0 1 9.323722e-17 0 0.707106 0.7071075 0 0.707106 0.7071075 0 7.499911e-07 1 0 7.499911e-07 1 0 -0.7071068 0.7071068 0 -0.7071068 0.7071068 0 -1 2.677578e-16 0 -1 2.295066e-16 0 -0.7071068 -0.7071068 0 -0.7071068 -0.7071068 0 7.499911e-07 -1 0 7.499911e-07 -1 0 0.707106 -0.7071075 0 0.707106 -0.7071075 0 1 3.442605e-16 0 1 -1.745209e-16 0 0.707106 0.7071075 0 0.707106 0.7071075 0 7.499911e-07 1 0 7.499911e-07 1 0 -0.7071068 0.7071068 0 -0.7071068 0.7071068 0 -1 -1.530044e-16 0 -1 1.530044e-16 0 -0.7071068 -0.7071068 0 -0.7071068 -0.7071068 0 7.499911e-07 -1 0 7.499911e-07 -1 0 0.707106 -0.7071075 0 0.707106 -0.7071075 0 1 1.912558e-16 0 1 -9.289458e-18 0 0.8090241 0.5877755 0 0.8090241 0.5877755 0 0.3090162 0.9510568 0 0.3090162 0.9510568 0 -0.3090162 0.9510568 0 -0.3090162 0.9510568 0 -0.8090241 0.5877755 0 -0.8090241 0.5877755 2.195981e-17 -1 1.114735e-16 -2.195952e-17 -1 7.431567e-17 2.195952e-17 -0.8090241 -0.5877755 -2.195981e-17 -0.8090241 -0.5877755 0 -0.3090162 -0.9510568 0 -0.3090162 -0.9510568 0 0.3090162 -0.9510568 0 0.3090162 -0.9510568 0 0.8090241 -0.5877755 0 0.8090241 -0.5877755 0 1 -7.431567e-17 0 0.7071061 -0.7071075 1.162156e-07 7.499911e-07 -1 0 7.499911e-07 -1 0 -0.7071229 -0.7070907 0 -0.707107 -0.7071065 5.640668e-07 -0.9238888 -0.382661 5.129966e-08 -1 -3.348555e-07 5.254367e-07 -1 -4.072262e-06 0 -0.7071068 0.7071068 0 -0.7071068 0.7071068 0 7.499911e-07 1 0 7.499911e-07 1 0 0.707106 0.7071075 0 0.707106 0.7071075 0 1 -8.390166e-07 0 1 -6.899092e-08 1.082569e-07 0.9238817 -0.3826781 1.056938e-08 0.7071094 -0.7071042 0 1 -3.299163e-16 0 0.707106 0.7071075 0 0.707106 0.7071075 0 7.499911e-07 1 0 7.499911e-07 1 0 -0.7071068 0.7071068 0 -0.7071068 0.7071068 0 -1 -2.295066e-16 0 -1 -2.677578e-16 0 -0.7071068 -0.7071068 0 -0.7071068 -0.7071068 0 7.499911e-07 -1 0 7.499911e-07 -1 0 0.707106 -0.7071075 0 0.707106 -0.7071075 0 1 -7.650233e-17 0 1 -1.745209e-16 0 0.707106 0.7071075 0 0.707106 0.7071075 0 7.499911e-07 1 0 7.499911e-07 1 0 -0.7071068 0.7071068 0 -0.7071068 0.7071068 0 -1 -1.530044e-16 0 -1 1.530044e-16 0 -0.7071068 -0.7071068 0 -0.7071068 -0.7071068 0 7.499911e-07 -1 0 7.499911e-07 -1 0 0.707106 -0.7071075 0 0.707106 -0.7071075 0 1 1.912558e-16 0 1 0 0 1 0 0 1 0 0 1 0 0 1 0 0 1 0 0 1 0 0 1 0 0 1 0 0 0 -1 0 0 -1 0 0 -1 0 0 -1 0 0 -1 0 0 -1 0 0.7071068 -0.7071068 0 0.7071068 -0.7071068 -6.694061e-17 0.7071068 -0.7071068 -3.243515e-18 0.7071068 -0.7071068 -6.521652e-17 0.7071068 -0.7071068 0 0 -1 0 0 -1 0 0 -1 0 0 -1 0 -1 0 0 -1 0 0 -1 0 0 -1 0 0 0 -1 0 0 -1 0 0 -1 0 0 -1 0 1 0 0 1 0 0 1 0 0 1 0 0 1 0 0 1 0 0 1 0 0 1 0 0 1 0 0 1 0 0 1 0 0 0 1 0 0 1 0 0 1 0 0 1 0 -1 0 0 -1 0 0 -1 0 0 -1 0 0 0 1 0 0 1 0 0 1 0 0 1 0 0 0 -1 0 0 -1 0 0 -1 0 0 -1 0 0 -1 0 0 -1 0 0 -1 0 0 -1 0 0 -1 0 0 -1 0 0 -1 0 0 -1 0 0 -1 0 0 -1 0 0 -1 0 0 -1 0 0 -1 0 0 -1 0 0 -1 0 0 -1 0 0 -1 0 0 -1 -1 0 0 -1 0 0 1 4.781368e-18 1.376983e-17 1 1.912547e-16 -1.376983e-17 0.7071102 -0.7071034 1.376998e-17 0.7071102 -0.7071034 0 -3.442599e-16 -1 0 -3.82511e-16 -1 0 -0.7071102 -0.7071034 0 -0.7071102 -0.7071034 0 -1 -3.825095e-17 0 -1 0 0 -0.7071102 0.7071034 0 -0.7071102 0.7071034 0 -3.82511e-16 1 0 -3.442599e-16 1 0 0.7071102 0.7071034 0 0.7071102 0.7071034 -1.376998e-17</float_array>
          <technique_common>
            <accessor count="747" source="#normals-array-array" stride="3">
              <param type="float" name="X"/>
              <param type="float" name="Y"/>
              <param type="float" name="Z"/>
            </accessor>
          </technique_common>
        </source>
        <vertices id="verts-array-vertices">
          <input semantic="POSITION" source="#verts-array"/>
        </vertices>
        <triangles count="721" material="material0">
          <input offset="0" semantic="VERTEX" source="#verts-array-vertices"/>
          <input offset="1" semantic="NORMAL" source="#normals-array"/>
          <p>0 0 1 1 2 2 3 3 4 4 5 5 6 6 5 5 4 4 5 5 6 6 7 7 1 1 8 8 9 9 10 10 11 11 12 12 10 10 2 2 11 11 1 1 11 11 2 2 11 11 1 1 13 13 9 9 13 13 1 1 14 14 15 15 16 16 17 17 16 16 15 15 16 16 17 17 18 18 19 19 18 18 17 17 18 18 19 19 20 20 21 21 20 20 19 19 20 20 21 21 22 22 23 23 22 22 21 21 22 22 23 23 2 2 24 24 2 2 23 23 2 2 24 24 0 0 25 25 26 26 27 27 28 28 29 29 27 27 30 30 27 27 29 29 27 27 30 30 31 31 32 32 31 31 30 30 31 31 32 32 33 33 26 26 34 34 27 27 35 35 27 27 34 34 27 27 35 35 28 28 36 36 28 28 35 35 36 36 37 37 28 28 38 38 28 28 37 37 28 28 38 38 39 39 1 1 25 25 8 8 27 27 8 8 25 25 8 8 27 27 40 40 41 41 40 40 27 27 40 40 41 41 42 42 3 3 42 42 41 41 42 42 3 3 43 43 5 5 43 43 3 3 12 12 44 44 10 10 45 45 10 10 44 44 10 10 45 45 46 46 47 47 46 46 45 45 46 46 47 47 48 48 49 49 48 48 47 47 48 48 49 49 50 50 51 51 50 50 49 49 50 50 51 51 6 6 52 52 6 6 51 51 6 6 52 52 7 7 14 14 16 16 38 38 53 53 38 38 16 16 38 38 53 53 39 39 54 54 55 55 56 56 57 57 56 56 55 55 58 58 59 59 60 60 61 61 60 60 59 59 60 60 61 61 62 62 63 63 64 64 65 65 66 66 65 65 64 64 65 65 66 66 67 67 68 68 69 69 57 57 70 70 57 57 69 69 57 57 70 70 56 56 67 67 71 71 65 65 72 72 65 65 71 71 65 65 72 72 57 57 72 72 73 73 57 57 74 74 57 57 73 73 57 57 74 74 68 68 60 60 68 68 74 74 68 68 60 60 75 75 62 62 75 75 60 60 76 76 77 77 78 78 79 79 78 78 77 77 80 80 76 76 81 81 78 78 81 81 76 76 81 81 78 78 82 82 83 83 82 82 78 78 84 84 85 85 86 86 87 87 86 86 85 85 88 88 89 89 90 90 91 91 90 90 89 89 92 92 93 93 94 94 95 95 94 94 93 93 94 94 95 95 96 96 97 97 98 98 99 99 100 100 99 99 98 98 99 99 100 100 101 101 102 102 103 103 91 91 104 104 91 91 103 103 91 91 104 104 90 90 96 96 105 105 94 94 106 106 94 94 105 105 94 94 106 106 91 91 106 106 107 107 91 91 108 108 91 91 107 107 91 91 108 108 102 102 99 99 102 102 108 108 102 102 99 99 109 109 101 101 109 109 99 99 110 110 111 111 112 112 113 113 114 114 115 115 116 116 115 115 114 114 116 116 114 114 117 117 118 118 117 117 114 114 117 117 118 118 119 119 120 120 121 121 122 122 123 123 122 122 121 121 122 122 123 123 124 124 122 122 110 110 120 120 112 112 120 120 110 110 120 120 112 112 125 125 126 126 125 125 112 112 125 125 126 126 127 127 128 128 127 127 126 126 127 127 128 128 129 129 130 130 129 129 128 128 129 129 130 130 118 118 131 131 118 118 130 130 118 118 131 131 119 119 132 132 133 133 134 134 135 135 136 136 137 137 138 138 139 139 140 140 141 141 140 140 139 139 140 140 141 141 142 142 132 132 134 134 143 143 135 135 137 137 144 144 145 145 146 146 147 147 148 148 147 147 149 149 144 144 137 137 150 150 151 151 150 150 137 137 150 150 151 151 152 152 148 148 149 149 153 153 150 150 154 154 144 144 155 155 144 144 154 154 144 144 155 155 156 156 157 157 156 156 155 155 156 156 157 157 158 158 159 159 158 158 157 157 158 158 159 159 160 160 161 161 160 160 159 159 160 160 161 161 134 134 162 162 134 134 161 161 134 134 162 162 143 143 139 139 163 163 141 141 164 164 141 141 163 163 141 141 164 164 165 165 166 166 165 165 164 164 149 149 167 167 153 153 168 168 153 153 167 167 153 153 168 168 169 169 170 170 169 169 168 168 169 169 170 170 140 140 171 171 140 140 170 170 140 140 171 171 138 138 136 136 135 135 164 164 172 172 164 164 135 135 164 164 172 172 166 166 173 173 134 134 174 174 133 133 174 174 134 134 174 174 133 133 175 175 176 176 175 175 133 133 176 176 177 177 175 175 145 145 175 175 177 177 175 175 145 145 178 178 147 147 178 178 145 145 178 178 147 147 179 179 148 148 179 179 147 147 179 179 148 148 180 180 181 181 180 180 148 148 152 152 182 182 150 150 183 183 150 150 182 182 150 150 183 183 184 184 147 147 184 184 183 183 184 184 147 147 185 185 146 146 185 185 147 147 186 186 187 187 188 188 189 189 188 188 187 187 188 188 189 189 190 190 191 191 190 190 189 189 186 186 192 192 187 187 193 193 187 187 192 192 187 187 193 193 194 194 195 195 196 196 197 197 198 198 197 197 196 196 203 203 204 204 201 201 205 205 201 201 204 204 201 201 205 205 202 202 206 206 207 207 203 203 208 208 203 203 207 207 209 209 210 210 211 211 212 212 211 211 210 210 211 211 212 212 213 213 204 204 213 213 212 212 213 213 204 204 214 214 203 203 214 214 204 204 214 214 203 203 215 215 208 208 215 215 203 203 216 216 217 217 218 218 219 219 220 220 221 221 222 222 223 223 224 224 225 225 224 224 223 223 224 224 225 225 226 226 227 227 226 226 225 225 226 226 227 227 228 228 229 229 228 228 227 227 228 228 229 229 230 230 231 231 232 232 233 233 234 234 233 233 232 232 233 233 234 234 235 235 219 219 221 221 236 236 237 237 236 236 221 221 236 236 237 237 238 238 239 239 240 240 241 241 242 242 241 241 240 240 241 241 242 242 243 243 244 244 243 243 242 242 245 245 246 246 247 247 248 248 249 249 250 250 245 245 251 251 252 252 245 245 252 252 253 253 252 252 254 254 253 253 255 255 253 253 254 254 253 253 255 255 256 256 257 257 256 256 255 255 256 256 257 257 248 248 258 258 248 248 257 257 248 248 258 258 249 249 259 259 260 260 261 261 262 262 261 261 260 260 261 261 262 262 263 263 264 264 265 265 266 266 267 267 266 266 265 265 266 266 267 267 268 268 267 267 269 269 268 268 270 270 268 268 269 269 268 268 270 270 271 271 272 272 271 271 270 270 271 271 272 272 263 263 273 273 263 263 272 272 263 263 273 273 274 274 275 275 237 237 276 276 221 221 276 276 237 237 276 276 221 221 277 277 220 220 277 277 221 221 278 278 232 232 279 279 231 231 279 279 232 232 279 279 231 231 280 280 278 278 281 281 232 232 282 282 232 232 281 281 232 232 282 282 283 283 284 284 283 283 282 282 283 283 284 284 285 285 261 261 286 286 279 279 287 287 279 279 286 286 279 279 287 287 278 278 266 266 288 288 289 289 285 285 290 290 266 266 291 291 266 266 290 290 266 266 291 291 288 288 274 274 264 264 263 263 266 266 263 263 264 264 263 263 266 266 261 261 289 289 261 261 266 266 284 284 292 292 285 285 293 293 285 285 292 292 285 285 293 293 290 290 294 294 290 290 293 293 290 290 294 294 295 295 296 296 295 295 294 294 295 295 296 296 297 297 286 286 297 297 296 296 297 297 286 286 298 298 261 261 298 298 286 286 298 298 261 261 299 299 289 289 299 299 261 261 300 300 301 301 248 248 302 302 248 248 301 301 248 248 302 302 303 303 302 302 304 304 303 303 305 305 303 303 304 304 303 303 305 305 234 234 306 306 234 234 305 305 234 234 306 306 247 247 307 307 247 247 306 306 247 247 307 307 308 308 308 308 300 300 247 247 248 248 247 247 300 300 247 247 248 248 245 245 250 250 245 245 248 248 245 245 250 250 251 251 246 246 244 244 247 247 242 242 247 247 244 244 247 247 242 242 234 234 228 228 234 234 242 242 234 234 228 228 235 235 230 230 235 235 228 228 283 283 303 303 309 309 309 309 310 310 283 283 311 311 283 283 310 310 283 283 311 311 232 232 312 312 232 232 311 311 232 232 312 312 234 234 313 313 234 234 312 312 313 313 314 314 234 234 315 315 234 234 314 314 234 234 315 315 303 303 316 316 303 303 315 315 303 303 316 316 309 309 280 280 222 222 279 279 224 224 279 279 222 222 279 279 224 224 261 261 237 237 261 261 224 224 261 261 237 237 259 259 275 275 259 259 237 237 240 240 216 216 242 242 218 218 242 242 216 216 242 242 218 218 228 228 317 317 228 228 218 218 228 228 317 317 226 226 318 318 226 226 317 317 226 226 318 318 224 224 319 319 224 224 318 318 224 224 319 319 237 237 320 320 237 237 319 319 237 237 320 320 238 238 321 321 322 322 323 323 324 324 323 323 322 322 325 325 326 326 327 327 328 328 329 329 330 330 328 328 330 330 331 331 332 332 333 333 330 330 334 334 330 330 333 333 330 330 334 334 331 331 335 335 331 331 334 334 331 331 335 335 336 336 337 337 336 336 335 335 336 336 337 337 338 338 339 339 340 340 341 341 342 342 341 341 340 340 341 341 342 342 343 343 325 325 343 343 342 342 343 343 325 325 338 338 327 327 338 338 325 325 338 338 327 327 336 336 330 330 344 344 332 332 345 345 332 332 344 344 332 332 345 345 339 339 346 346 339 339 345 345 339 339 346 346 340 340 347 347 348 348 349 349 347 347 349 349 350 350 351 351 352 352 353 353 350 350 353 353 352 352 353 353 350 350 354 354 349 349 354 354 350 350 348 348 347 347 355 355 348 348 355 355 356 356 357 357 356 356 355 355 356 356 357 357 358 358 359 359 358 358 357 357 358 358 359 359 360 360 361 361 362 362 363 363 361 361 363 363 364 364 365 365 366 366 363 363 367 367 363 363 366 366 363 363 367 367 364 364 362 362 368 368 363 363 369 369 363 363 368 368 363 363 369 369 365 365 370 370 371 371 372 372 373 373 372 372 371 371 374 374 375 375 376 376 377 377 376 376 375 375 378 378 379 379 380 380 381 381 380 380 379 379 382 382 383 383 384 384 385 385 384 384 383 383 386 386 387 387 388 388 386 386 388 388 389 389 390 390 391 391 388 388 392 392 388 388 391 391 388 388 392 392 389 389 387 387 393 393 388 388 394 394 388 388 393 393 388 388 394 394 390 390 395 395 396 396 397 397 395 395 397 397 398 398 399 399 400 400 397 397 401 401 397 397 400 400 397 397 401 401 398 398 396 396 402 402 397 397 403 403 397 397 402 402 397 397 403 403 399 399 404 404 405 405 406 406 404 404 406 406 407 407 408 408 409 409 406 406 410 410 406 406 409 409 406 406 410 410 407 407 405 405 411 411 406 406 412 412 406 406 411 411 406 406 412 412 408 408 413 413 414 414 415 415 413 413 415 415 416 416 417 417 418 418 415 415 419 419 415 415 418 418 415 415 419 419 416 416 414 414 420 420 415 415 421 421 415 415 420 420 415 415 421 421 417 417 422 422 423 423 424 424 422 422 424 424 425 425 426 426 427 427 424 424 428 428 424 424 427 427 424 424 428 428 425 425 423 423 429 429 424 424 430 430 424 424 429 429 424 424 430 430 426 426 431 431 432 432 433 433 431 431 433 433 434 434 435 435 436 436 433 433 437 437 433 433 436 436 433 433 437 437 434 434 432 432 438 438 433 433 439 439 433 433 438 438 433 433 439 439 435 435 440 440 441 441 442 442 443 443 442 442 441 441 442 442 443 443 444 444 445 445 446 446 447 447 444 444 447 447 446 446 448 448 449 449 450 450 450 450 451 451 448 448 452 452 448 448 451 451 448 448 452 452 443 443 453 453 443 443 452 452 443 443 453 453 444 444 454 454 444 444 453 453 444 444 454 454 447 447 455 455 456 456 457 457 458 458 457 457 456 456 457 457 458 458 459 459 460 460 459 459 458 458 459 459 460 460 461 461 462 462 463 463 464 464 200 200 464 464 463 463 465 465 464 464 466 466 200 200 466 466 464 464 466 466 200 200 467 467 199 199 467 467 200 200 468 468 469 469 470 470 471 471 472 472 473 473 474 474 475 475 476 476 476 476 475 475 477 477 478 478 477 477 475 475 477 477 478 478 479 479 480 480 479 479 478 478 479 479 480 480 481 481 482 482 481 481 480 480 481 481 482 482 483 483 484 484 485 485 486 486 476 476 487 487 474 474 488 488 474 474 487 487 474 474 488 488 489 489 490 490 491 491 492 492 493 493 492 492 491 491 492 492 493 493 488 488 494 494 488 488 493 493 488 488 494 494 489 489 490 490 481 481 491 491 483 483 491 491 481 481 491 491 483 483 473 473 495 495 473 473 483 483 473 473 495 495 471 471 496 496 497 497 498 498 499 499 498 498 497 497 498 498 499 499 500 500 501 501 500 500 499 499 500 500 501 501 502 502 503 503 502 502 501 501 502 502 503 503 504 504 498 498 505 505 496 496 484 484 496 496 505 505 496 496 484 484 470 470 486 486 470 470 484 484 470 470 486 486 468 468 506 506 468 468 486 486 468 468 506 506 507 507 503 503 508 508 504 504 509 509 504 504 508 508 504 504 509 509 510 510 511 511 510 510 509 509 510 510 511 511 512 512 513 513 512 512 511 511 512 512 513 513 484 484 514 514 484 484 513 513 484 484 514 514 485 485 515 515 485 485 514 514 485 485 515 515 516 516 517 517 516 516 515 515 516 516 517 517 518 518 519 519 518 518 517 517 518 518 519 519 520 520 521 521 520 520 519 519 520 520 521 521 522 522 523 523 524 524 525 525 526 526 525 525 524 524 525 525 526 526 507 507 471 471 507 507 526 526 507 507 471 471 468 468 526 526 527 527 471 471 528 528 471 471 527 527 471 471 528 528 472 472 529 529 472 472 528 528 472 472 529 529 530 530 531 531 530 530 529 529 530 530 531 531 532 532 533 533 532 532 531 531 532 532 533 533 522 522 523 523 522 522 533 533 522 522 523 523 520 520 525 525 520 520 523 523 534 534 535 535 536 536 537 537 536 536 535 535 536 536 537 537 538 538 539 539 538 538 537 537 538 538 539 539 540 540 541 541 540 540 539 539 540 540 541 541 542 542 543 543 542 542 541 541 542 542 543 543 544 544 545 545 544 544 543 543 544 544 545 545 546 546 547 547 546 546 545 545 546 546 547 547 548 548 549 549 548 548 547 547 548 548 549 549 534 534 535 535 534 534 549 549 550 550 551 551 552 552 553 553 552 552 551 551 552 552 553 553 554 554 555 555 554 554 553 553 554 554 555 555 556 556 557 557 556 556 555 555 556 556 557 557 558 558 559 559 558 558 557 557 558 558 559 559 560 560 561 561 560 560 559 559 560 560 561 561 562 562 563 563 562 562 561 561 562 562 563 563 564 564 565 565 564 564 563 563 564 564 565 565 550 550 551 551 550 550 565 565 566 566 567 567 568 568 569 569 568 568 567 567 568 568 569 569 570 570 571 571 570 570 569 569 570 570 571 571 572 572 573 573 572 572 571 571 572 572 573 573 574 574 575 575 574 574 573 573 574 574 575 575 576 576 577 577 576 576 575 575 576 576 577 577 578 578 579 579 578 578 577 577 578 578 579 579 580 580 581 581 580 580 579 579 580 580 581 581 566 566 567 567 566 566 581 581 582 582 583 583 584 584 585 585 584 584 583 583 584 584 585 585 586 586 587 587 586 586 585 585 586 586 587 587 588 588 589 589 588 588 587 587 588 588 589 589 590 590 591 591 590 590 589 589 590 590 591 591 592 592 593 593 592 592 591 591 592 592 593 593 594 594 595 595 594 594 593 593 594 594 595 595 596 596 597 597 596 596 595 595 596 596 597 597 598 598 599 599 598 598 597 597 598 598 599 599 600 600 601 601 600 600 599 599 600 600 601 601 582 582 583 583 582 582 601 601 602 602 603 603 604 604 605 605 604 604 603 603 604 604 605 605 606 606 607 607 606 606 605 605 606 606 607 607 608 608 607 607 609 609 608 608 610 610 608 608 609 609 608 608 610 610 611 611 612 612 611 611 610 610 611 611 612 612 613 613 614 614 613 613 612 612 613 613 614 614 615 615 616 616 615 615 614 614 615 615 616 616 617 617 618 618 617 617 616 616 617 617 618 618 602 602 619 619 602 602 618 618 602 602 619 619 603 603 620 620 621 621 622 622 623 623 622 622 621 621 622 622 623 623 624 624 625 625 624 624 623 623 624 624 625 625 626 626 627 627 626 626 625 625 626 626 627 627 628 628 629 629 628 628 627 627 628 628 629 629 630 630 631 631 630 630 629 629 630 630 631 631 632 632 633 633 632 632 631 631 632 632 633 633 634 634 635 635 634 634 633 633 634 634 635 635 620 620 621 621 620 620 635 635 636 636 637 637 638 638 639 639 638 638 637 637 638 638 639 639 640 640 641 641 640 640 639 639 640 640 641 641 642 642 643 643 642 642 641 641 642 642 643 643 644 644 645 645 644 644 643 643 644 644 645 645 646 646 647 647 646 646 645 645 646 646 647 647 648 648 649 649 648 648 647 647 648 648 649 649 650 650 651 651 650 650 649 649 650 650 651 651 636 636 637 637 636 636 651 651 652 652 653 653 654 654 655 655 656 656 657 657 657 657 658 658 655 655 659 659 655 655 658 658 655 655 659 659 654 654 660 660 654 654 659 659 654 654 660 660 652 652 661 661 662 662 663 663 664 664 663 663 662 662 663 663 664 664 665 665 666 666 665 665 664 664 665 665 666 666 455 455 456 456 455 455 666 666 667 667 668 668 669 669 670 670 669 669 668 668 669 669 670 670 671 671 672 672 673 673 674 674 675 675 674 674 673 673 676 676 677 677 678 678 679 679 678 678 677 677 680 680 681 681 682 682 683 683 682 682 681 681 684 684 685 685 686 686 684 684 686 686 687 687 688 688 689 689 690 690 691 691 690 690 689 689 691 691 692 692 690 690 693 693 690 690 692 692 690 690 693 693 686 686 694 694 686 686 693 693 686 686 694 694 687 687 695 695 696 696 697 697 698 698 697 697 696 696 699 699 700 700 701 701 702 702 701 701 700 700 703 703 704 704 705 705 706 706 705 705 704 704 707 707 708 708 709 709 710 710 709 709 708 708 709 709 710 710 711 711 712 712 711 711 710 710 711 711 712 712 713 713 714 714 713 713 712 712 713 713 714 714 715 715 714 714 716 716 715 715 717 717 715 715 716 716 715 715 717 717 718 718 719 719 718 718 717 717 718 718 719 719 720 720 721 721 720 720 719 719 720 720 721 721 722 722 723 723 722 722 721 721 722 722 723 723 707 707 724 724 707 707 723 723 707 707 724 724 708 708 725 725 726 726 727 727 728 728 727 727 726 726 352 352 351 351 729 729 461 461 729 729 351 351 729 729 461 461 730 730 460 460 730 730 461 461 731 731 732 732 733 733 734 734 733 733 732 732 733 733 734 734 735 735 736 736 735 735 734 734 735 735 736 736 737 737 738 738 737 737 736 736 737 737 738 738 739 739 740 740 739 739 738 738 739 739 740 740 741 741 742 742 741 741 740 740 741 741 742 742 743 743 744 744 743 743 742 742 743 743 744 744 745 745 746 746 745 745 744 744 745 745 746 746 731 731 732 732 731 731 746 746</p>
        </triangles>
      </mesh>
    </geometry>
    <geometry id="0d2008f998924195a58226955d05a372" name="93e5c14141cc4d2cafc119d4ed315506">
      <mesh>
        <source id="verts-array">
          <float_array count="1053" id="verts-array-array">-0.01740633 -0.01050074 0.01350319 -0.01740633 -0.01000074 0.01350319 -0.01805633 -0.01050074 0.01285319 -0.01805633 -0.01000074 0.01285319 -0.01835633 -0.009700741 0.01285319 -0.01835633 -0.01000074 0.01285319 -0.01885633 -0.009700741 0.01285319 -0.01885633 -0.01000074 0.01285319 -0.01915633 -0.01000074 0.01285319 -0.01885633 -0.01000074 0.01285319 -0.01885633 -0.01080074 0.01285319 -0.01885633 -0.01050074 0.01285319 -0.01915633 -0.01050074 0.01285319 -0.01885633 -0.01050074 0.01285319 -0.01885633 -0.01080074 0.01285319 -0.01885633 -0.01145074 0.01350319 -0.01835633 -0.01080074 0.01285319 -0.01835633 -0.01145074 0.01350319 -0.01805633 -0.01000074 0.01285319 -0.01835633 -0.01000074 0.01285319 -0.01835633 -0.01080074 0.01285319 -0.01835633 -0.01050074 0.01285319 -0.01915633 -0.01000074 0.01285319 -0.01980633 -0.01000074 0.01350319 -0.01915633 -0.01050074 0.01285319 -0.01980633 -0.01050074 0.01350319 -0.01835633 -0.009050741 0.01350319 -0.01885633 -0.009050741 0.01350319 -0.01835633 -0.009700741 0.01285319 -0.01885633 -0.009700741 0.01285319 -0.01805633 -0.01050074 0.01285319 -0.01835633 -0.01050074 0.01285319 -0.02035633 -0.01025074 0.01285319 -0.01984373 -0.01148814 0.01285319 -0.01860633 -0.01200074 0.01285319 -0.01736893 -0.01148814 0.01285319 -0.01685633 -0.01025074 0.01285319 -0.01736893 -0.009013301 0.01285319 -0.01860633 -0.008500741 0.01285319 -0.01984373 -0.009013301 0.01285319 -0.01805633 0.01049926 0.01285319 -0.01835633 0.01049926 0.01285319 -0.01805633 0.009999259 0.01285319 -0.01835633 0.009999259 0.01285319 -0.01835633 0.009699259 0.01285319 -0.01835633 0.009999259 0.01285319 -0.01885633 0.009699259 0.01285319 -0.01885633 0.009999259 0.01285319 -0.01915633 0.009999259 0.01285319 -0.01885633 0.009999259 0.01285319 -0.01915633 0.01049926 0.01285319 -0.01885633 0.01049926 0.01285319 -0.01835633 0.01079926 0.01285319 -0.01835633 0.01144926 0.01350319 -0.01885633 0.01079926 0.01285319 -0.01885633 0.01144926 0.01350319 -0.01885633 0.01079926 0.01285319 -0.01885633 0.01049926 0.01285319 -0.01740633 0.009999259 0.01350319 -0.01740633 0.01049926 0.01350319 -0.01805633 0.009999259 0.01285319 -0.01805633 0.01049926 0.01285319 -0.02035633 0.01024926 0.01285319 -0.01984373 0.009011819 0.01285319 -0.01860633 0.008499259 0.01285319 -0.01736893 0.009011819 0.01285319 -0.01685633 0.01024926 0.01285319 -0.01736893 0.01148666 0.01285319 -0.01860633 0.01199926 0.01285319 -0.01984373 0.01148666 0.01285319 -0.01835633 0.01079926 0.01285319 -0.01835633 0.01049926 0.01285319 -0.01885633 0.009049259 0.01350319 -0.01835633 0.009049259 0.01350319 -0.01885633 0.009699259 0.01285319 -0.01835633 0.009699259 0.01285319 -0.01915633 0.01049926 0.01285319 -0.01980633 0.01049926 0.01350319 -0.01915633 0.009999259 0.01285319 -0.01980633 0.009999259 0.01350319 0.009253476 -0.009207641 0.01285319 0.008891746 -0.009413691 0.01420319 0.009253476 -0.01236054 0.01285319 0.008891746 -0.01199884 0.01420319 0.006908626 0.01225716 0.01323339 0.006908626 0.01225716 0.01420319 0.007457376 0.01199736 0.01420319 0.006449546 0.01234346 0.01291139 0.006293666 0.01234926 0.01288979 0.006293666 0.01234926 0.01420319 0.006137786 0.01234346 0.01291139 0.005982756 0.01232616 0.01297619 0.005678706 0.01225716 0.01420319 0.005678706 0.01225716 0.01323339 0.005129956 0.01199736 0.01420319 0.006604576 0.01232616 0.01297619 -0.01379133 0.01225716 0.01323339 -0.01379133 0.01225716 0.01420319 -0.01324263 0.01199736 0.01420319 -0.01425043 0.01234346 0.01291139 -0.01440633 0.01234926 0.01288979 -0.01440633 0.01234926 0.01420319 -0.01456223 0.01234346 0.01291139 -0.01471723 0.01232616 0.01297619 -0.01502133 0.01225716 0.01420319 -0.01502133 0.01225716 0.01323339 -0.01557003 0.01199736 0.01420319 -0.01409543 0.01232616 0.01297619 -0.01660633 0.01039926 0.01285319 -0.01660633 0.01039926 0.01420319 -0.01660633 0.01235906 0.01285319 -0.01660633 0.01199736 0.01420319 -0.01860633 0.008399259 0.01285319 -0.01860633 0.008399259 0.01420319 -0.01784093 0.008551499 0.01285319 -0.01784093 0.008551499 0.01420319 -0.01719213 0.008985049 0.01285319 -0.01719213 0.008985049 0.01420319 -0.01675853 0.009633889 0.01285319 -0.01675853 0.009633889 0.01420319 -0.02056613 0.008399259 0.01285319 -0.02020443 0.008399259 0.01420319 0.009253476 0.01235906 0.01285319 -0.01660633 0.01235906 0.01285319 -0.02056613 0.008399259 0.01285319 -0.02056613 -0.008400741 0.01285319 0.009253476 0.01235906 0.01285319 0.008891746 0.01199736 0.01420319 0.009253476 0.009206159 0.01285319 0.008891746 0.009412209 0.01420319 -0.01660633 -0.01040074 0.01285319 -0.01660633 -0.01040074 0.01420319 -0.01675853 -0.009635371 0.01285319 -0.01675853 -0.009635371 0.01420319 -0.01719213 -0.008986531 0.01285319 -0.01719213 -0.008986531 0.01420319 -0.01784093 -0.008552981 0.01285319 -0.01784093 -0.008552981 0.01420319 -0.01860633 -0.008400741 0.01285319 -0.01860633 -0.008400741 0.01420319 -0.01365633 0.01024926 0.01285319 -0.01387603 0.01077956 0.01285319 -0.01440633 0.01099926 0.01285319 -0.01493663 0.01077956 0.01285319 -0.01515633 0.01024926 0.01285319 -0.01493663 0.009718929 0.01285319 -0.01440633 0.009499259 0.01285319 -0.01387603 0.009718929 0.01285319 0.007043666 0.01024926 0.01285319 0.006823996 0.01077956 0.01285319 0.006293666 0.01099926 0.01285319 0.005763336 0.01077956 0.01285319 0.005543666 0.01024926 0.01285319 0.005763336 0.009718929 0.01285319 0.006293666 0.009499259 0.01285319 0.006823996 0.009718929 0.01285319 0.007043666 -0.01025074 0.01285319 0.006823996 -0.009720411 0.01285319 0.006293666 -0.009500741 0.01285319 0.005763336 -0.009720411 0.01285319 0.005543666 -0.01025074 0.01285319 0.005763336 -0.01078104 0.01285319 0.006293666 -0.01100074 0.01285319 0.006823996 -0.01078104 0.01285319 -0.01365633 -0.01025074 0.01285319 -0.01387603 -0.009720411 0.01285319 -0.01440633 -0.009500741 0.01285319 -0.01493663 -0.009720411 0.01285319 -0.01515633 -0.01025074 0.01285319 -0.01493663 -0.01078104 0.01285319 -0.01440633 -0.01100074 0.01285319 -0.01387603 -0.01078104 0.01285319 -0.01660633 -0.01236054 0.01285319 0.009253476 -0.01236054 0.01285319 0.009253476 -0.009207641 0.01285319 0.009253476 0.009206159 0.01285319 0.003950146 -7.414324e-07 0.01285319 -0.01502133 -0.01225864 0.01323339 -0.01502133 -0.01225864 0.01420319 -0.01557003 -0.01199884 0.01420319 -0.01456223 -0.01234494 0.01291139 -0.01440633 -0.01235074 0.01288979 -0.01440633 -0.01235074 0.01420319 -0.01425043 -0.01234494 0.01291139 -0.01409543 -0.01232764 0.01297619 -0.01379133 -0.01225864 0.01420319 -0.01379133 -0.01225864 0.01323339 -0.01324263 -0.01199884 0.01420319 -0.01471723 -0.01232764 0.01297619 0.005678706 -0.01225864 0.01323339 0.005678706 -0.01225864 0.01420319 0.005129956 -0.01199884 0.01420319 0.006137786 -0.01234494 0.01291139 0.006293666 -0.01235074 0.01288979 0.006293666 -0.01235074 0.01420319 0.006449546 -0.01234494 0.01291139 0.006604576 -0.01232764 0.01297619 0.006908626 -0.01225864 0.01420319 0.006908626 -0.01225864 0.01323339 0.007457376 -0.01199884 0.01420319 0.005982756 -0.01232764 0.01297619 -0.02056613 -0.008400741 0.01285319 -0.02020443 -0.008400741 0.01420319 -0.01660633 -0.01236054 0.01285319 -0.01660633 -0.01199884 0.01420319 -0.01835633 -0.01050074 0.01260319 -0.01835633 -0.01055074 0.01260319 -0.01885633 -0.01050074 0.01260319 -0.01890633 -0.01050074 0.01260319 -0.01890633 -0.01050074 0.01260319 -0.01890633 -0.01000074 0.01260319 -0.01890633 -0.01000074 0.01260319 -0.01885633 -0.01000074 0.01260319 -0.01885633 -0.01000074 0.01260319 -0.01885633 -0.009950741 0.01260319 -0.01885633 -0.009950741 0.01260319 -0.01835633 -0.009950741 0.01260319 -0.01830633 -0.01050074 0.01260319 -0.01835633 -0.01050074 0.01260319 -0.02035633 -0.01025074 0.01270319 -0.01984373 -0.009013301 0.01270319 -0.01860633 -0.008500741 0.01270319 -0.01736893 -0.009013301 0.01270319 -0.01685633 -0.01025074 0.01270319 -0.01736893 -0.01148814 0.01270319 -0.01860633 -0.01200074 0.01270319 -0.01984373 -0.01148814 0.01270319 -0.01830633 -0.01000074 0.01260319 -0.01830633 -0.01050074 0.01260319 -0.01835633 -0.009950741 0.01260319 -0.01835633 -0.01000074 0.01260319 -0.01835633 -0.01000074 0.01260319 -0.01830633 -0.01000074 0.01260319 -0.01835633 -0.01055074 0.01260319 -0.01885633 -0.01055074 0.01260319 -0.01885633 -0.01055074 0.01260319 -0.01885633 -0.01050074 0.01260319 -0.01835633 0.009999259 0.01260319 -0.01835633 0.009949259 0.01260319 -0.01835633 0.009949259 0.01260319 -0.01885633 0.009949259 0.01260319 -0.01885633 0.009949259 0.01260319 -0.01885633 0.009999259 0.01260319 -0.01885633 0.009999259 0.01260319 -0.01890633 0.009999259 0.01260319 -0.01890633 0.009999259 0.01260319 -0.01890633 0.01049926 0.01260319 -0.01885633 0.01054926 0.01260319 -0.01835633 0.01054926 0.01260319 -0.01830633 0.009999259 0.01260319 -0.01835633 0.009999259 0.01260319 -0.01835633 0.01054926 0.01260319 -0.01835633 0.01049926 0.01260319 -0.02035633 0.01024926 0.01270319 -0.01984373 0.01148666 0.01270319 -0.01860633 0.01199926 0.01270319 -0.01736893 0.01148666 0.01270319 -0.01685633 0.01024926 0.01270319 -0.01736893 0.009011819 0.01270319 -0.01860633 0.008499259 0.01270319 -0.01984373 0.009011819 0.01270319 -0.01830633 0.01049926 0.01260319 -0.01830633 0.009999259 0.01260319 -0.01835633 0.01049926 0.01260319 -0.01830633 0.01049926 0.01260319 -0.01890633 0.01049926 0.01260319 -0.01885633 0.01049926 0.01260319 -0.01885633 0.01049926 0.01260319 -0.01885633 0.01054926 0.01260319 -0.01660633 -0.01040074 0.01270319 -0.01719213 -0.008986531 0.01270319 -0.01860633 -0.008400741 0.01270319 -0.01660633 -0.01240074 0.01270319 -0.02060633 -0.008400741 0.01270319 -0.01660633 0.01239926 0.01270319 -0.01660633 0.01039926 0.01270319 0.009293666 0.009182979 0.01270319 0.009293666 0.01239926 0.01270319 0.009293666 0.009182979 0.01270319 0.006529266 0.006883749 0.01270319 0.006498696 0.006909839 0.01285319 0.004645296 0.003668129 0.01270319 0.004607586 0.003682029 0.01285319 0.003990336 -7.414324e-07 0.01270319 0.004645296 -0.003669611 0.01270319 0.004607586 -0.003683511 0.01285319 0.006529266 -0.006885231 0.01270319 0.006498696 -0.006911321 0.01285319 0.009293666 -0.009184461 0.01270319 -0.01660633 -0.01240074 0.01270319 0.009293666 -0.01240074 0.01270319 0.009293666 -0.01240074 0.01270319 0.009293666 -0.009184461 0.01270319 0.007043666 0.01024926 0.01270319 0.006823996 0.01077956 0.01270319 0.006293666 0.01099926 0.01270319 0.005763336 0.01077956 0.01270319 0.005543666 0.01024926 0.01270319 0.005763336 0.009718929 0.01270319 0.006293666 0.009499259 0.01270319 0.006823996 0.009718929 0.01270319 -0.01365633 0.01024926 0.01270319 -0.01387603 0.01077956 0.01270319 -0.01440633 0.01099926 0.01270319 -0.01493663 0.01077956 0.01270319 -0.01515633 0.01024926 0.01270319 -0.01493663 0.009718929 0.01270319 -0.01440633 0.009499259 0.01270319 -0.01387603 0.009718929 0.01270319 0.007043666 -0.01025074 0.01270319 0.006823996 -0.009720411 0.01270319 0.006293666 -0.009500741 0.01270319 0.005763336 -0.009720411 0.01270319 0.005543666 -0.01025074 0.01270319 0.005763336 -0.01078104 0.01270319 0.006293666 -0.01100074 0.01270319 0.006823996 -0.01078104 0.01270319 -0.01365633 -0.01025074 0.01270319 -0.01387603 -0.009720411 0.01270319 -0.01440633 -0.009500741 0.01270319 -0.01493663 -0.009720411 0.01270319 -0.01515633 -0.01025074 0.01270319 -0.01493663 -0.01078104 0.01270319 -0.01440633 -0.01100074 0.01270319 -0.01387603 -0.01078104 0.01270319 0.009293666 0.01239926 0.01270319 -0.01660633 0.01239926 0.01270319 -0.02060633 0.008399259 0.01270319 -0.02060633 -0.008400741 0.01270319 -0.01860633 0.008399259 0.01270319 -0.01719213 0.008985049 0.01270319 -0.02060633 0.008399259 0.01270319 0.01699367 -7.414324e-07 0.01285319 0.01684897 -0.0008215894 0.01285319 0.01684897 -0.0008215894 0.01270319 0.01579367 -0.002079201 0.01285319 0.01579367 -0.002079201 0.01270319 0.01417687 -0.002364281 0.01285319 0.01417687 -0.002364281 0.01270319 0.01275517 -0.001543431 0.01285319 0.01275517 -0.001543431 0.01270319 0.01219367 -7.414324e-07 0.01285319 0.01219367 -7.414324e-07 0.01270319 0.01275517 0.001541949 0.01285319 0.01275517 0.001541949 0.01270319 0.01417687 0.002362799 0.01285319 0.01417687 0.002362799 0.01270319 0.01579367 0.002077719 0.01285319 0.01579367 0.002077719 0.01270319 0.01684897 0.0008201066 0.01285319 0.01684897 0.0008201066 0.01270319</float_array>
          <technique_common>
            <accessor count="351" source="#verts-array-array" stride="3">
              <param type="float" name="X"/>
              <param type="float" name="Y"/>
              <param type="float" name="Z"/>
            </accessor>
          </technique_common>
        </source>
        <source id="normals-array">
          <float_array count="1053" id="normals-array-array">-0.7071068 0 0.7071068 -0.7071068 0 0.7071068 -0.7071068 0 0.7071068 -0.7071068 0 0.7071068 -1 0 0 -1 0 0 1 0 0 1 0 0 0 -1 0 0 -1 0 1 0 0 1 0 0 0 1 0 0 1 0 0 0.7071068 0.7071068 0 0.7071068 0.7071068 0 0.7071068 0.7071068 0 0.7071068 0.7071068 0 -1 0 0 -1 0 -1 0 0 -1 0 0 0.7071068 0 0.7071068 0.7071068 0 0.7071068 0.7071068 0 0.7071068 0.7071068 0 0.7071068 0 -0.7071068 0.7071068 0 -0.7071068 0.7071068 0 -0.7071068 0.7071068 0 -0.7071068 0.7071068 0 1 0 0 1 0 -1 -5.714709e-06 0 -0.7071068 -0.7071068 0 3.825177e-17 -1 0 0.7071068 -0.7071068 0 1 -5.714709e-06 0 0.7071011 0.7071125 0 -3.060106e-16 1 0 -0.7071011 0.7071125 0 0 -1 0 0 -1 0 0 1 0 0 1 0 -1 0 0 -1 0 0 1 0 0 1 0 0 0 1 0 0 1 0 0 -1 0 0 -1 0 0 -0.7071068 0.7071068 0 -0.7071068 0.7071068 0 -0.7071068 0.7071068 0 -0.7071068 0.7071068 1 0 0 1 0 0 -0.7071068 0 0.7071068 -0.7071068 0 0.7071068 -0.7071068 0 0.7071068 -0.7071068 0 0.7071068 -1 5.714709e-06 0 -0.7071011 -0.7071125 0 3.060106e-16 -1 0 0.7071011 -0.7071125 0 1 5.714709e-06 0 0.7071068 0.7071068 0 -3.825177e-17 1 0 -0.7071068 0.7071068 0 -1 0 0 -1 0 0 0 0.7071068 0.7071068 0 0.7071068 0.7071068 0 0.7071068 0.7071068 0 0.7071068 0.7071068 0.7071068 0 0.7071068 0.7071068 0 0.7071068 0.7071068 0 0.7071068 0.7071068 0 0.7071068 0.965928 0 0.2588108 0.9659261 0 0.2588181 0.9659282 0 0.2588104 0.9659261 0 0.2588181 0.2336048 0.9721494 0.0188221 0.2911395 0.9566806 0 0.4279058 0.9038233 0 0.06878541 0.9976242 0.003821063 0 1 0 0.005000153 0.9999157 0.01198209 -0.06878541 0.9976242 0.003821063 -0.1399671 0.9901202 0.008433049 -0.2967699 0.9549152 0.008040492 -0.2632914 0.9647163 0 -0.4279058 0.9038233 0 0.1426808 0.9896136 0.01752308 0.2335932 0.9721523 0.01881695 0.2911518 0.9566769 0 0.4279376 0.9038083 0 0.06879097 0.9976238 0.003822801 -3.754746e-16 1 0 0.004999132 0.9999157 0.01198033 -0.06879097 0.9976238 0.003822801 -0.1399694 0.9901199 0.008434793 -0.2967811 0.9549117 0.00803875 -0.2632697 0.9647223 0 -0.4279376 0.9038083 0 0.1426828 0.9896133 0.01752243 -0.9892306 0.1463655 0 -0.9951873 0.09799115 0 -1 0 0 -1 0 0 -0.1463753 0.9892291 0 -0.09801243 0.9951852 0 -0.3826966 0.9238741 0 -0.3826966 0.9238741 0 -0.7071017 0.7071119 0 -0.707098 0.7071155 0 -0.9238775 0.3826883 0 -0.9238775 0.3826883 0 0 1 0 0 1 0 0 0.9659136 0.2588648 0 0.9659136 0.2588648 -0.9659136 0 0.2588648 -0.9659136 0 0.2588648 0.9659282 0 0.2588104 0.9659261 0 0.2588181 0.965928 0 0.2588108 0.9659261 0 0.2588181 -0.9892306 -0.1463655 0 -0.9951873 -0.09799115 0 -0.9238775 -0.3826883 0 -0.9238775 -0.3826883 0 -0.7071017 -0.7071119 0 -0.707098 -0.7071155 0 -0.3826966 -0.9238741 0 -0.3826966 -0.9238741 0 -0.1463753 -0.9892291 0 -0.09801243 -0.9951852 0 -1 -1.000145e-05 0 -0.7071068 -0.7071068 0 -4.781535e-18 -1 0 0.7071068 -0.7071068 0 1 -1.000145e-05 0 0.7070968 0.7071168 0 9.562879e-18 1 0 -0.7070968 0.7071168 0 -1 -1.000049e-05 0 -0.7071168 -0.7070968 0 -2.390748e-16 -1 0 0.7071168 -0.7070968 0 1 -1.000049e-05 0 0.7071068 0.7071068 0 -3.012282e-16 1 0 -0.7071068 0.7071068 0 -1 1.000049e-05 0 -0.7071068 -0.7071068 0 -3.10791e-16 -1 0 0.7071068 -0.7071068 0 1 1.000049e-05 0 0.7071168 0.7070968 0 -2.486378e-16 1 0 -0.7071168 0.7070968 0 -1 1.000145e-05 0 -0.7070968 -0.7071168 0 -9.562879e-18 -1 0 0.7070968 -0.7071168 0 1 1.000145e-05 0 0.7071068 0.7071068 0 4.781535e-18 1 0 -0.7071068 0.7071068 0 0 -0.9659136 0.2588648 0 -0.9659136 0.2588648 0.6149152 0.7376829 0.2787529 0.6142613 -0.7384933 0.278048 0.9659296 1.684721e-07 0.2588049 -0.2335932 -0.9721523 0.01881695 -0.2911518 -0.9566769 0 -0.4279376 -0.9038083 0 -0.06879097 -0.9976238 0.003822801 -3.754746e-16 -1 0 -0.004999132 -0.9999157 0.01198033 0.06879097 -0.9976238 0.003822801 0.1399694 -0.9901199 0.008434793 0.2967811 -0.9549117 0.00803875 0.2632697 -0.9647223 0 0.4279376 -0.9038083 0 -0.1426828 -0.9896133 0.01752243 -0.2336048 -0.9721494 0.0188221 -0.2911395 -0.9566806 0 -0.4279058 -0.9038233 0 -0.06878541 -0.9976242 0.003821063 0 -1 0 -0.005000153 -0.9999157 0.01198209 0.06878541 -0.9976242 0.003821063 0.1399671 -0.9901202 0.008433049 0.2967699 -0.9549152 0.008040492 0.2632914 -0.9647163 0 0.4279058 -0.9038233 0 -0.1426808 -0.9896136 0.01752308 0 -1 0 0 -1 0 -1 0 0 -1 0 0 -1 0 0 -1 0 0 0 1 0 0 1 0 0.7071068 0 0.7071068 0.7071068 0 0.7071068 0 -1 0 0 -1 0 1 0 0 1 0 0 0 -0.7071068 0.7071068 0 -0.7071068 0.7071068 0 1 0 0 1 0 -1 -5.714709e-06 0 -0.7071011 0.7071125 0 3.131827e-16 1 0 0.7071011 0.7071125 0 1 -5.714709e-06 0 0.7071068 -0.7071068 0 -2.390735e-17 -1 0 -0.7071068 -0.7071068 0 -0.7071068 0 0.7071068 -0.7071068 0 0.7071068 -1 0 0 -1 0 0 0 -1 0 0 -1 0 0 0.7071068 0.7071068 0 0.7071068 0.7071068 1 0 0 1 0 0 -1 0 0 -1 0 0 0 0.7071068 0.7071068 0 0.7071068 0.7071068 1 0 0 1 0 0 0 1 0 0 1 0 0.7071068 0 0.7071068 0.7071068 0 0.7071068 0 -0.7071068 0.7071068 0 -0.7071068 0.7071068 0 1 0 0 1 0 -1 0 0 -1 0 0 -1 5.714709e-06 0 -0.7071068 0.7071068 0 2.390735e-17 1 0 0.7071068 0.7071068 0 1 5.714709e-06 0 0.7071011 -0.7071125 0 -3.131827e-16 -1 0 -0.7071011 -0.7071125 0 -0.7071068 0 0.7071068 -0.7071068 0 0.7071068 0 -1 0 0 -1 0 0 -1 0 0 -1 0 1 0 0 1 0 0 -0.9807844 -0.1950948 0 -0.7071055 -0.707108 0 -0.195093 -0.9807847 0 -1 0 0 0 -1 0 -1 0 0 -0.9807844 0.1950948 0 0.9659297 0 0.2588048 0.9659297 0 0.2588048 0.6141289 -0.7383767 0.2786494 0.7369404 -0.6243196 0.2591215 0.736889 -0.6245129 0.2588015 0.906263 -0.3342256 0.2588062 0.9062662 -0.3342169 0.258806 0.9659296 1.790825e-07 0.2588049 0.906263 0.3342256 0.258806 0.9062662 0.3342169 0.2588062 0.7366643 0.6247778 0.2588017 0.7364979 0.6248341 0.2591395 0.6150186 0.7378553 0.2780676 0 -0.9659136 0.2588648 0 -0.9659136 0.2588648 0.9659297 0 0.2588048 0.9659297 0 0.2588048 -1 -1.000049e-05 0 -0.7071168 -0.7070968 0 -2.295118e-16 -1 0 0.7071168 -0.7070968 0 1 -1.000049e-05 0 0.7071068 0.7071068 0 -3.060096e-16 1 0 -0.7071068 0.7071068 0 -1 -1.000145e-05 0 -0.7071068 -0.7071068 0 0 -1 0 0.7071068 -0.7071068 0 1 -1.000145e-05 0 0.7070968 0.7071168 0 0 1 0 -0.7070968 0.7071168 0 -1 1.000049e-05 0 -0.7071068 -0.7071068 0 -3.060096e-16 -1 0 0.7071068 -0.7071068 0 1 1.000049e-05 0 0.7071168 0.7070968 0 -2.295118e-16 1 0 -0.7071168 0.7070968 0 -1 1.000145e-05 0 -0.7070968 -0.7071168 0 0 -1 0 0.7070968 -0.7071168 0 1 1.000145e-05 0 0.7071068 0.7071068 0 0 1 0 -0.7071068 0.7071068 0 0 0.9659136 0.2588648 0 0.9659136 0.2588648 -0.9659136 0 0.2588648 -0.9659136 0 0.2588648 -0.195093 0.9807847 0 -0.7071055 0.707108 0 0 1 0 0.775332 5.848231e-17 -0.6315539 0.9063134 -0.4226062 0 0.908918 -0.4130637 -0.05697858 0.4999909 -0.8660307 0 0.4999909 -0.8660307 0 -0.1736579 -0.984806 0 -0.1736579 -0.984806 0 -0.7660485 -0.6427828 0 -0.7660485 -0.6427828 0 -1 3.38468e-16 0 -1 -3.478699e-16 0 -0.7660485 0.6427828 0 -0.7660485 0.6427828 0 -0.1736579 0.984806 0 -0.1736579 0.984806 0 0.4999909 0.8660307 0 0.4999909 0.8660307 0 0.9063134 0.4226062 0 0.908918 0.4130637 -0.05697858</float_array>
          <technique_common>
            <accessor count="351" source="#normals-array-array" stride="3">
              <param type="float" name="X"/>
              <param type="float" name="Y"/>
              <param type="float" name="Z"/>
            </accessor>
          </technique_common>
        </source>
        <vertices id="verts-array-vertices">
          <input semantic="POSITION" source="#verts-array"/>
        </vertices>
        <triangles count="285" material="material1">
          <input offset="0" semantic="VERTEX" source="#verts-array-vertices"/>
          <input offset="1" semantic="NORMAL" source="#normals-array"/>
          <p>0 0 1 1 2 2 3 3 2 2 1 1 14 14 15 15 16 16 17 17 16 16 15 15 22 22 23 23 24 24 25 25 24 24 23 23 26 26 27 27 28 28 29 29 28 28 27 27 52 52 53 53 54 54 55 55 54 54 53 53 58 58 59 59 60 60 61 61 60 60 59 59 72 72 73 73 74 74 75 75 74 74 73 73 76 76 77 77 78 78 79 79 78 78 77 77 80 80 81 81 82 82 83 83 82 82 81 81 84 84 85 85 86 86 87 87 88 88 89 89 88 88 90 90 89 89 91 91 89 89 90 90 89 89 91 91 92 92 93 93 92 92 91 91 92 92 93 93 94 94 85 85 84 84 89 89 95 95 89 89 84 84 89 89 95 95 87 87 96 96 97 97 98 98 99 99 100 100 101 101 100 100 102 102 101 101 103 103 101 101 102 102 101 101 103 103 104 104 105 105 104 104 103 103 104 104 105 105 106 106 97 97 96 96 101 101 107 107 101 101 96 96 101 101 107 107 99 99 108 108 109 109 110 110 111 111 110 110 109 109 112 112 113 113 114 114 115 115 114 114 113 113 114 114 115 115 116 116 117 117 116 116 115 115 116 116 117 117 118 118 119 119 118 118 117 117 118 118 119 119 108 108 109 109 108 108 119 119 120 120 121 121 112 112 113 113 112 112 121 121 126 126 127 127 128 128 129 129 128 128 127 127 130 130 131 131 132 132 133 133 132 132 131 131 132 132 133 133 134 134 135 135 134 134 133 133 134 134 135 135 136 136 137 137 136 136 135 135 136 136 137 137 138 138 139 139 138 138 137 137 177 177 178 178 179 179 180 180 181 181 182 182 181 181 183 183 182 182 184 184 182 182 183 183 182 182 184 184 185 185 186 186 185 185 184 184 185 185 186 186 187 187 178 178 177 177 182 182 188 188 182 182 177 177 182 182 188 188 180 180 189 189 190 190 191 191 192 192 193 193 194 194 193 193 195 195 194 194 196 196 194 194 195 195 194 194 196 196 197 197 198 198 197 197 196 196 197 197 198 198 199 199 190 190 189 189 194 194 200 200 194 194 189 189 194 194 200 200 192 192 138 138 139 139 201 201 202 202 201 201 139 139 203 203 204 204 130 130 131 131 130 130 204 204 21 21 205 205 20 20 206 206 20 20 205 205 13 13 207 207 12 12 208 208 12 12 207 207 209 209 210 210 24 24 22 22 24 24 210 210 211 211 212 212 8 8 9 9 8 8 212 212 213 213 214 214 7 7 6 6 7 7 214 214 29 29 215 215 28 28 216 216 28 28 215 215 30 30 217 217 31 31 218 218 31 31 217 217 219 219 39 39 220 220 38 38 220 220 39 39 220 220 38 38 221 221 37 37 221 221 38 38 221 221 37 37 222 222 36 36 222 222 37 37 222 222 36 36 223 223 35 35 223 223 36 36 223 223 35 35 224 224 34 34 224 224 35 35 224 224 34 34 225 225 33 33 225 225 34 34 225 225 33 33 226 226 32 32 226 226 33 33 226 226 32 32 219 219 39 39 219 219 32 32 3 3 227 227 2 2 228 228 2 2 227 227 4 4 229 229 5 5 230 230 5 5 229 229 231 231 232 232 19 19 18 18 19 19 232 232 233 233 234 234 16 16 14 14 16 16 234 234 235 235 236 236 10 10 11 11 10 10 236 236 45 45 237 237 44 44 238 238 44 44 237 237 75 75 239 239 74 74 240 240 74 74 239 239 241 241 242 242 46 46 47 47 46 46 242 242 243 243 244 244 49 49 48 48 49 49 244 244 245 245 246 246 78 78 76 76 78 78 246 246 247 247 248 248 54 54 52 52 54 54 248 248 249 249 250 250 42 42 43 43 42 42 250 250 70 70 251 251 71 71 252 252 71 71 251 251 253 253 69 69 254 254 68 68 254 254 69 69 254 254 68 68 255 255 67 67 255 255 68 68 255 255 67 67 256 256 66 66 256 256 67 67 256 256 66 66 257 257 65 65 257 257 66 66 257 257 65 65 258 258 64 64 258 258 65 65 258 258 64 64 259 259 63 63 259 259 64 64 259 259 63 63 260 260 62 62 260 260 63 63 260 260 62 62 253 253 69 69 253 253 62 62 61 61 261 261 60 60 262 262 60 60 261 261 41 41 263 263 40 40 264 264 40 40 263 263 50 50 265 265 51 51 266 266 51 51 265 265 267 267 268 268 57 57 56 56 57 57 268 268 269 269 130 130 270 270 134 134 270 270 130 130 270 270 134 134 271 271 138 138 271 271 134 134 269 269 272 272 130 130 203 203 130 130 272 272 273 273 271 271 201 201 138 138 201 201 271 271 274 274 275 275 110 110 108 108 110 110 275 275 276 276 277 277 128 128 126 126 128 128 277 277 278 278 175 175 279 279 280 280 279 279 175 175 279 279 280 280 281 281 282 282 281 281 280 280 281 281 282 282 283 283 176 176 283 283 282 282 283 283 176 176 284 284 285 285 284 284 176 176 284 284 285 285 286 286 287 287 286 286 285 285 286 286 287 287 288 288 174 174 288 288 287 287 289 289 290 290 172 172 173 173 172 172 290 290 291 291 292 292 82 82 80 80 82 82 292 292 293 293 148 148 294 294 149 149 294 294 148 148 294 294 149 149 295 295 150 150 295 295 149 149 295 295 150 150 296 296 151 151 296 296 150 150 296 296 151 151 297 297 152 152 297 297 151 151 297 297 152 152 298 298 153 153 298 298 152 152 298 298 153 153 299 299 154 154 299 299 153 153 299 299 154 154 300 300 155 155 300 300 154 154 300 300 155 155 293 293 148 148 293 293 155 155 301 301 140 140 302 302 141 141 302 302 140 140 302 302 141 141 303 303 142 142 303 303 141 141 303 303 142 142 304 304 143 143 304 304 142 142 304 304 143 143 305 305 144 144 305 305 143 143 305 305 144 144 306 306 145 145 306 306 144 144 306 306 145 145 307 307 146 146 307 307 145 145 307 307 146 146 308 308 147 147 308 308 146 146 308 308 147 147 301 301 140 140 301 301 147 147 309 309 156 156 310 310 157 157 310 310 156 156 310 310 157 157 311 311 158 158 311 311 157 157 311 311 158 158 312 312 159 159 312 312 158 158 312 312 159 159 313 313 160 160 313 313 159 159 313 313 160 160 314 314 161 161 314 314 160 160 314 314 161 161 315 315 162 162 315 315 161 161 315 315 162 162 316 316 163 163 316 316 162 162 316 316 163 163 309 309 156 156 309 309 163 163 317 317 164 164 318 318 165 165 318 318 164 164 318 318 165 165 319 319 166 166 319 319 165 165 319 319 166 166 320 320 167 167 320 320 166 166 320 320 167 167 321 321 168 168 321 321 167 167 321 321 168 168 322 322 169 169 322 322 168 168 322 322 169 169 323 323 170 170 323 323 169 169 323 323 170 170 324 324 171 171 324 324 170 170 324 324 171 171 317 317 164 164 317 317 171 171 325 325 326 326 122 122 123 123 122 122 326 326 327 327 328 328 124 124 125 125 124 124 328 328 329 329 112 112 330 330 116 116 330 330 112 112 330 330 116 116 275 275 108 108 275 275 116 116 329 329 331 331 112 112 120 120 112 112 331 331 332 332 333 333 334 334 335 335 334 334 333 333 334 334 335 335 336 336 337 337 336 336 335 335 336 336 337 337 338 338 339 339 338 338 337 337 338 338 339 339 340 340 341 341 340 340 339 339 340 340 341 341 342 342 343 343 342 342 341 341 342 342 343 343 344 344 345 345 344 344 343 343 344 344 345 345 346 346 347 347 346 346 345 345 346 346 347 347 348 348 349 349 348 348 347 347 348 348 349 349 350 350 332 332 350 350 349 349 350 350 332 332 334 334</p>
        </triangles>
      </mesh>
    </geometry>
    <geometry id="60eb84650a294223ae8a7f344fcc1f39" name="46ac396e0206409fa00865a86ef19d91">
      <mesh>
        <source id="verts-array">
          <float_array count="3504" id="verts-array-array">-0.01740633 -0.01050074 0.01409839 -0.01748383 -0.01050074 0.01410319 -0.01753403 -0.01066614 0.01410319 -0.01980633 -0.01000074 0.01409839 -0.01972883 -0.01000074 0.01410319 -0.01967863 -0.009835311 0.01410319 -0.01835633 -0.009050741 0.01409839 -0.01835633 -0.009128241 0.01410319 -0.01829163 -0.009144641 0.01410319 -0.02028973 -0.009799791 0.01350319 -0.02031363 -0.009931591 0.01362789 -0.02023813 -0.009618571 0.01350319 -0.02022593 -0.009623301 0.01362789 -0.02011813 -0.009377591 0.01350319 -0.02008303 -0.009336391 0.01362789 -0.02009423 -0.009329481 0.01350319 -0.01988993 -0.009080611 0.01362789 -0.01989963 -0.009071771 0.01350319 -0.01908163 -0.008580161 0.01362789 -0.01938633 -0.008684201 0.01350319 -0.01938053 -0.008695941 0.01362789 -0.01947783 -0.008740841 0.01350319 -0.01965303 -0.008864671 0.01362789 -0.01966093 -0.008854211 0.01350319 -0.01984003 -0.009017441 0.01350319 -0.01876663 -0.008521261 0.01362789 -0.01905883 -0.008562611 0.01350319 -0.01908523 -0.008567541 0.01350319 -0.01844603 -0.008521261 0.01362789 -0.01860633 -0.008508211 0.01350319 -0.01876783 -0.008508211 0.01350319 -0.01773483 -0.008740841 0.01350319 -0.01782633 -0.008684201 0.01350319 -0.01783213 -0.008695941 0.01362789 -0.01812743 -0.008567541 0.01350319 -0.01813103 -0.008580161 0.01362789 -0.01815383 -0.008562611 0.01350319 -0.01844483 -0.008508211 0.01350319 -0.01755173 -0.008854211 0.01350319 -0.01755963 -0.008864671 0.01362789 -0.01737263 -0.009017441 0.01350319 -0.01732273 -0.009080611 0.01362789 -0.01731303 -0.009071771 0.01350319 -0.01712963 -0.009336391 0.01362789 -0.01711843 -0.009329481 0.01350319 -0.01709453 -0.009377591 0.01350319 -0.01698673 -0.009623301 0.01362789 -0.01697453 -0.009618571 0.01350319 -0.01692293 -0.009799791 0.01350319 -0.01689903 -0.009931591 0.01362789 -0.01688613 -0.009929181 0.01350319 -0.01686943 -0.01025074 0.01362789 -0.01685633 -0.01025074 0.01350319 -0.01689903 -0.01056994 0.01362789 -0.01688613 -0.01057234 0.01350319 -0.01737263 -0.01148404 0.01350319 -0.01731303 -0.01142974 0.01350319 -0.01732273 -0.01142084 0.01362789 -0.01711843 -0.01117204 0.01350319 -0.01712963 -0.01116514 0.01362789 -0.01709453 -0.01112394 0.01350319 -0.01698673 -0.01087814 0.01362789 -0.01697453 -0.01088294 0.01350319 -0.01692293 -0.01070164 0.01350319 -0.01755173 -0.01164724 0.01350319 -0.01755963 -0.01163684 0.01362789 -0.01773483 -0.01176064 0.01350319 -0.01783213 -0.01180554 0.01362789 -0.01782633 -0.01181724 0.01350319 -0.01813103 -0.01192134 0.01362789 -0.01812743 -0.01193394 0.01350319 -0.01815383 -0.01193884 0.01350319 -0.01844603 -0.01198024 0.01362789 -0.01844483 -0.01199324 0.01350319 -0.01860633 -0.01199324 0.01350319 -0.01876663 -0.01198024 0.01362789 -0.01876783 -0.01199324 0.01350319 -0.01905883 -0.01193884 0.01350319 -0.01908163 -0.01192134 0.01362789 -0.01908523 -0.01193394 0.01350319 -0.01938053 -0.01180554 0.01362789 -0.01938633 -0.01181724 0.01350319 -0.02008303 -0.01116514 0.01362789 -0.01989963 -0.01142974 0.01350319 -0.01988993 -0.01142084 0.01362789 -0.01984003 -0.01148404 0.01350319 -0.01965303 -0.01163684 0.01362789 -0.01966093 -0.01164724 0.01350319 -0.01947783 -0.01176064 0.01350319 -0.02022593 -0.01087814 0.01362789 -0.02011813 -0.01112394 0.01350319 -0.02009423 -0.01117204 0.01350319 -0.02032653 -0.009929181 0.01350319 -0.02035633 -0.01025074 0.01350319 -0.02034323 -0.01025074 0.01362789 -0.02032653 -0.01057234 0.01350319 -0.02031363 -0.01056994 0.01362789 -0.02028973 -0.01070164 0.01350319 -0.02023813 -0.01088294 0.01350319 -0.01748383 -0.01000074 0.01410319 -0.01740633 -0.01000074 0.01409839 -0.01741763 -0.009790251 0.01409009 -0.01735333 -0.01001654 0.01409009 -0.01753403 -0.009835311 0.01410319 -0.01752253 -0.009579671 0.01409009 -0.01762863 -0.009645341 0.01410319 -0.01766423 -0.009391951 0.01409009 -0.01775643 -0.009475991 0.01410319 -0.01783813 -0.009233471 0.01409009 -0.01791333 -0.009333021 0.01410319 -0.01803813 -0.009109631 0.01409009 -0.01809373 -0.009221301 0.01410319 -0.01825743 -0.009024661 0.01409009 -0.01848873 -0.008981431 0.01409009 -0.01849323 -0.009050741 0.01409839 -0.01872393 -0.008981431 0.01409009 -0.01871943 -0.009050741 0.01409839 -0.01885633 -0.009050741 0.01409839 -0.01895523 -0.009024661 0.01409009 -0.01885633 -0.009128241 0.01410319 -0.01892103 -0.009144641 0.01410319 -0.01917453 -0.009109631 0.01409009 -0.01911893 -0.009221301 0.01410319 -0.01937453 -0.009233471 0.01409009 -0.01929933 -0.009333021 0.01410319 -0.01954833 -0.009391951 0.01409009 -0.01945623 -0.009475991 0.01410319 -0.01969013 -0.009579671 0.01409009 -0.01958403 -0.009645341 0.01410319 -0.01979503 -0.009790251 0.01409009 -0.01985933 -0.01001654 0.01409009 -0.01980633 -0.01002554 0.01409839 -0.01988103 -0.01025074 0.01409009 -0.01980633 -0.01025074 0.01409839 -0.01985933 -0.01048494 0.01409009 -0.01980633 -0.01047594 0.01409839 -0.01980633 -0.01050074 0.01409839 -0.01979503 -0.01071124 0.01409009 -0.01972883 -0.01050074 0.01410319 -0.01848873 -0.01152004 0.01409009 -0.01871943 -0.01145074 0.01409839 -0.01872393 -0.01152004 0.01409009 -0.01885633 -0.01145074 0.01409839 -0.01895523 -0.01147684 0.01409009 -0.01967863 -0.01066614 0.01410319 -0.01969013 -0.01092184 0.01409009 -0.01958403 -0.01085614 0.01410319 -0.01954833 -0.01110954 0.01409009 -0.01945623 -0.01102544 0.01410319 -0.01937453 -0.01126804 0.01409009 -0.01929933 -0.01116844 0.01410319 -0.01917453 -0.01139184 0.01409009 -0.01911893 -0.01128014 0.01410319 -0.01892103 -0.01135684 0.01410319 -0.01885633 -0.01137324 0.01410319 -0.01825743 -0.01147684 0.01409009 -0.01835633 -0.01145074 0.01409839 -0.01849323 -0.01145074 0.01409839 -0.01741763 -0.01071124 0.01409009 -0.01762863 -0.01085614 0.01410319 -0.01752253 -0.01092184 0.01409009 -0.01775643 -0.01102544 0.01410319 -0.01766423 -0.01110954 0.01409009 -0.01791333 -0.01116844 0.01410319 -0.01783813 -0.01126804 0.01409009 -0.01809373 -0.01128014 0.01410319 -0.01803813 -0.01139184 0.01409009 -0.01829163 -0.01135684 0.01410319 -0.01835633 -0.01137324 0.01410319 -0.01740633 -0.01002554 0.01409839 -0.01740633 -0.01025074 0.01409839 -0.01733163 -0.01025074 0.01409009 -0.01740633 -0.01047594 0.01409839 -0.01735333 -0.01048494 0.01409009 -0.02004263 -0.01025074 0.01403049 -0.02001813 -0.01051464 0.01403049 -0.01994563 -0.01076954 0.01403049 -0.01982753 -0.01100684 0.01403049 -0.01966773 -0.01121834 0.01403049 -0.01947193 -0.01139694 0.01403049 -0.01924653 -0.01153644 0.01403049 -0.01899943 -0.01163224 0.01403049 -0.01873883 -0.01168094 0.01403049 -0.01847383 -0.01168094 0.01403049 -0.01821323 -0.01163224 0.01403049 -0.01796613 -0.01153644 0.01403049 -0.01774073 -0.01139694 0.01403049 -0.01754493 -0.01121834 0.01403049 -0.01738513 -0.01100684 0.01403049 -0.01726703 -0.01076954 0.01403049 -0.01719453 -0.01051464 0.01403049 -0.01717003 -0.01025074 0.01403049 -0.01719453 -0.009986821 0.01403049 -0.01726703 -0.009731891 0.01403049 -0.01738513 -0.009494631 0.01403049 -0.01754493 -0.009283111 0.01403049 -0.01774073 -0.009104551 0.01403049 -0.01796613 -0.008965021 0.01403049 -0.01821323 -0.008869271 0.01403049 -0.01847383 -0.008820571 0.01403049 -0.01873883 -0.008820571 0.01403049 -0.01899943 -0.008869271 0.01403049 -0.01924653 -0.008965021 0.01403049 -0.01947193 -0.009104551 0.01403049 -0.01966773 -0.009283111 0.01403049 -0.01982753 -0.009494631 0.01403049 -0.01994563 -0.009731891 0.01403049 -0.02001813 -0.009986821 0.01403049 -0.02018063 -0.01025074 0.01392749 -0.02015383 -0.01054004 0.01392749 -0.02007433 -0.01081944 0.01392749 -0.01994483 -0.01107944 0.01392749 -0.01976973 -0.01131134 0.01392749 -0.01955503 -0.01150704 0.01392749 -0.01930803 -0.01165994 0.01392749 -0.01903713 -0.01176494 0.01392749 -0.01875163 -0.01181824 0.01392749 -0.01846103 -0.01181824 0.01392749 -0.01817553 -0.01176494 0.01392749 -0.01790463 -0.01165994 0.01392749 -0.01765763 -0.01150704 0.01392749 -0.01744293 -0.01131134 0.01392749 -0.01726783 -0.01107944 0.01392749 -0.01713833 -0.01081944 0.01392749 -0.01705883 -0.01054004 0.01392749 -0.01703203 -0.01025074 0.01392749 -0.01705883 -0.009961471 0.01392749 -0.01713833 -0.009682051 0.01392749 -0.01726783 -0.009422001 0.01392749 -0.01744293 -0.009190171 0.01392749 -0.01765763 -0.008994451 0.01392749 -0.01790463 -0.008841521 0.01392749 -0.01817553 -0.008736571 0.01392749 -0.01846103 -0.008683191 0.01392749 -0.01875163 -0.008683191 0.01392749 -0.01903713 -0.008736571 0.01392749 -0.01930803 -0.008841521 0.01392749 -0.01955503 -0.008994451 0.01392749 -0.01976973 -0.009190171 0.01392749 -0.01994483 -0.009422001 0.01392749 -0.02007433 -0.009682051 0.01392749 -0.02015383 -0.009961471 0.01392749 -0.02028363 -0.01025074 0.01378949 -0.02025503 -0.01055894 0.01378949 -0.02017033 -0.01085664 0.01378949 -0.02003243 -0.01113374 0.01378949 -0.01984583 -0.01138074 0.01378949 -0.01961713 -0.01158924 0.01378949 -0.01935393 -0.01175214 0.01378949 -0.01906533 -0.01186404 0.01378949 -0.01876113 -0.01192084 0.01378949 -0.01845153 -0.01192084 0.01378949 -0.01814733 -0.01186404 0.01378949 -0.01785873 -0.01175214 0.01378949 -0.01759553 -0.01158924 0.01378949 -0.01736683 -0.01138074 0.01378949 -0.01718023 -0.01113374 0.01378949 -0.01704233 -0.01085664 0.01378949 -0.01695763 -0.01055894 0.01378949 -0.01692903 -0.01025074 0.01378949 -0.01695763 -0.009942541 0.01378949 -0.01704233 -0.009644831 0.01378949 -0.01718023 -0.009367761 0.01378949 -0.01736683 -0.009120761 0.01378949 -0.01759553 -0.008912231 0.01378949 -0.01785873 -0.008749291 0.01378949 -0.01814733 -0.008637481 0.01378949 -0.01845153 -0.008580611 0.01378949 -0.01876113 -0.008580611 0.01378949 -0.01906533 -0.008637481 0.01378949 -0.01935393 -0.008749291 0.01378949 -0.01961713 -0.008912231 0.01378949 -0.01984583 -0.009120761 0.01378949 -0.02003243 -0.009367761 0.01378949 -0.02017033 -0.009644831 0.01378949 -0.02025503 -0.009942541 0.01378949 -0.01835633 -0.01000074 0.01410319 -0.01885633 -0.009050741 0.01409839 -0.01885633 -0.009050741 0.01350319 -0.01871943 -0.009050741 0.01409839 -0.01835633 -0.009050741 0.01350319 -0.01849323 -0.009050741 0.01409839 -0.01835633 -0.009050741 0.01409839 -0.01980633 -0.01047594 0.01409839 -0.01980633 -0.01050074 0.01409839 -0.01980633 -0.01050074 0.01350319 -0.01980633 -0.01000074 0.01350319 -0.01980633 -0.01000074 0.01409839 -0.01980633 -0.01002554 0.01409839 -0.01980633 -0.01025074 0.01409839 -0.01885633 -0.01050074 0.01410319 -0.01835633 -0.01050074 0.01410319 -0.01835633 -0.009128241 0.01410319 -0.01835633 -0.009050741 0.01409839 -0.01835633 -0.009050741 0.01350319 -0.01835633 -0.01000074 0.01410319 -0.01835633 -0.009700741 0.01285319 -0.01835633 -0.01000074 0.01285319 -0.01885633 -0.009050741 0.01350319 -0.01885633 -0.009050741 0.01409839 -0.01885633 -0.009128241 0.01410319 -0.01885633 -0.009700741 0.01285319 -0.01885633 -0.01000074 0.01410319 -0.01885633 -0.01000074 0.01285319 -0.01972883 -0.01000074 0.01410319 -0.01980633 -0.01000074 0.01409839 -0.01980633 -0.01000074 0.01350319 -0.01885633 -0.01000074 0.01410319 -0.01915633 -0.01000074 0.01285319 -0.01885633 -0.01000074 0.01285319 -0.01885633 -0.01137324 0.01410319 -0.01885633 -0.01145074 0.01409839 -0.01885633 -0.01145074 0.01350319 -0.01885633 -0.01050074 0.01410319 -0.01885633 -0.01080074 0.01285319 -0.01885633 -0.01050074 0.01285319 -0.01980633 -0.01050074 0.01350319 -0.01980633 -0.01050074 0.01409839 -0.01972883 -0.01050074 0.01410319 -0.01915633 -0.01050074 0.01285319 -0.01885633 -0.01050074 0.01410319 -0.01885633 -0.01050074 0.01285319 -0.01740633 -0.01000074 0.01350319 -0.01740633 -0.01000074 0.01409839 -0.01748383 -0.01000074 0.01410319 -0.01805633 -0.01000074 0.01285319 -0.01835633 -0.01000074 0.01410319 -0.01835633 -0.01000074 0.01285319 -0.01835633 -0.01145074 0.01350319 -0.01835633 -0.01145074 0.01409839 -0.01835633 -0.01137324 0.01410319 -0.01835633 -0.01080074 0.01285319 -0.01835633 -0.01050074 0.01410319 -0.01835633 -0.01050074 0.01285319 -0.01748383 -0.01050074 0.01410319 -0.01740633 -0.01050074 0.01409839 -0.01740633 -0.01050074 0.01350319 -0.01835633 -0.01050074 0.01410319 -0.01805633 -0.01050074 0.01285319 -0.01835633 -0.01050074 0.01285319 -0.02035633 -0.01025074 0.01285319 -0.02029673 -0.01070364 0.01285319 -0.02012183 -0.01112574 0.01285319 -0.01984373 -0.01148814 0.01285319 -0.01948133 -0.01176624 0.01285319 -0.01905923 -0.01194114 0.01285319 -0.01860633 -0.01200074 0.01285319 -0.01815343 -0.01194114 0.01285319 -0.01773133 -0.01176624 0.01285319 -0.01736893 -0.01148814 0.01285319 -0.01709083 -0.01112574 0.01285319 -0.01691593 -0.01070364 0.01285319 -0.01685633 -0.01025074 0.01285319 -0.01691593 -0.009797811 0.01285319 -0.01709083 -0.009375741 0.01285319 -0.01736893 -0.009013301 0.01285319 -0.01773133 -0.008735201 0.01285319 -0.01815343 -0.008560371 0.01285319 -0.01860633 -0.008500741 0.01285319 -0.01905923 -0.008560371 0.01285319 -0.01948133 -0.008735201 0.01285319 -0.01984373 -0.009013301 0.01285319 -0.02012183 -0.009375741 0.01285319 -0.02029673 -0.009797811 0.01285319 -0.01740633 -0.01002554 0.01409839 -0.01740633 -0.01000074 0.01409839 -0.01740633 -0.01000074 0.01350319 -0.01740633 -0.01050074 0.01350319 -0.01740633 -0.01050074 0.01409839 -0.01740633 -0.01047594 0.01409839 -0.01740633 -0.01025074 0.01409839 -0.01885633 -0.01000074 0.01410319 -0.01835633 -0.01145074 0.01409839 -0.01835633 -0.01145074 0.01350319 -0.01849323 -0.01145074 0.01409839 -0.01885633 -0.01145074 0.01350319 -0.01871943 -0.01145074 0.01409839 -0.01885633 -0.01145074 0.01409839 -0.01740633 0.01047446 0.01409839 -0.01740633 0.01049926 0.01409839 -0.01740633 0.01049926 0.01350319 -0.01740633 0.009999259 0.01350319 -0.01740633 0.009999259 0.01409839 -0.01740633 0.01002406 0.01409839 -0.01740633 0.01024926 0.01409839 -0.01740633 0.01049926 0.01350319 -0.01740633 0.01049926 0.01409839 -0.01748383 0.01049926 0.01410319 -0.01805633 0.01049926 0.01285319 -0.01835633 0.01049926 0.01410319 -0.01835633 0.01049926 0.01285319 -0.01829163 0.01135536 0.01410319 -0.01835633 0.01137176 0.01410319 -0.01835633 0.01049926 0.01410319 -0.01809373 0.01127866 0.01410319 -0.01748383 0.01049926 0.01410319 -0.01753403 0.01066466 0.01410319 -0.01762863 0.01085466 0.01410319 -0.01775643 0.01102396 0.01410319 -0.01791333 0.01116696 0.01410319 -0.01748383 0.009999259 0.01410319 -0.01740633 0.009999259 0.01409839 -0.01740633 0.009999259 0.01350319 -0.01835633 0.009999259 0.01410319 -0.01805633 0.009999259 0.01285319 -0.01835633 0.009999259 0.01285319 -0.01835633 0.009049259 0.01350319 -0.01835633 0.009049259 0.01409839 -0.01835633 0.009126759 0.01410319 -0.01835633 0.009699259 0.01285319 -0.01835633 0.009999259 0.01410319 -0.01835633 0.009999259 0.01285319 -0.01885633 0.009126759 0.01410319 -0.01885633 0.009049259 0.01409839 -0.01885633 0.009049259 0.01350319 -0.01885633 0.009999259 0.01410319 -0.01885633 0.009699259 0.01285319 -0.01885633 0.009999259 0.01285319 -0.01980633 0.009999259 0.01350319 -0.01980633 0.009999259 0.01409839 -0.01972883 0.009999259 0.01410319 -0.01915633 0.009999259 0.01285319 -0.01885633 0.009999259 0.01410319 -0.01885633 0.009999259 0.01285319 -0.01972883 0.01049926 0.01410319 -0.01980633 0.01049926 0.01409839 -0.01980633 0.01049926 0.01350319 -0.01885633 0.01049926 0.01410319 -0.01915633 0.01049926 0.01285319 -0.01885633 0.01049926 0.01285319 -0.01885633 0.01144926 0.01350319 -0.01885633 0.01144926 0.01409839 -0.01885633 0.01137176 0.01410319 -0.01885633 0.01079926 0.01285319 -0.01885633 0.01049926 0.01410319 -0.01885633 0.01049926 0.01285319 -0.01835633 0.009049259 0.01409839 -0.01835633 0.009049259 0.01350319 -0.01849323 0.009049259 0.01409839 -0.01885633 0.009049259 0.01350319 -0.01871943 0.009049259 0.01409839 -0.01885633 0.009049259 0.01409839 -0.01892103 0.009143159 0.01410319 -0.01885633 0.009126759 0.01410319 -0.01885633 0.009999259 0.01410319 -0.01911893 0.009219819 0.01410319 -0.01972883 0.009999259 0.01410319 -0.01967863 0.009833829 0.01410319 -0.01958403 0.009643859 0.01410319 -0.01945623 0.009474509 0.01410319 -0.01929933 0.009331539 0.01410319 -0.01967863 0.01066466 0.01410319 -0.01972883 0.01049926 0.01410319 -0.01885633 0.01049926 0.01410319 -0.01958403 0.01085466 0.01410319 -0.01885633 0.01137176 0.01410319 -0.01892103 0.01135536 0.01410319 -0.01911893 0.01127866 0.01410319 -0.01929933 0.01116696 0.01410319 -0.01945623 0.01102396 0.01410319 -0.01980633 0.01049926 0.01409839 -0.01980633 0.01047446 0.01409839 -0.01980633 0.01049926 0.01350319 -0.01980633 0.01024926 0.01409839 -0.01980633 0.009999259 0.01350319 -0.01980633 0.01002406 0.01409839 -0.01980633 0.009999259 0.01409839 -0.01835633 0.009999259 0.01410319 -0.01835633 0.009126759 0.01410319 -0.01829163 0.009143159 0.01410319 -0.01775643 0.009474509 0.01410319 -0.01762863 0.009643859 0.01410319 -0.01753403 0.009833829 0.01410319 -0.01748383 0.009999259 0.01410319 -0.01809373 0.009219819 0.01410319 -0.01791333 0.009331539 0.01410319 -0.02035633 0.01024926 0.01285319 -0.02029673 0.009796329 0.01285319 -0.02032653 0.009927699 0.01350319 -0.02012183 0.009374259 0.01285319 -0.02023813 0.009617089 0.01350319 -0.02028973 0.009798309 0.01350319 -0.01984003 0.009015959 0.01350319 -0.01989963 0.009070289 0.01350319 -0.01984373 0.009011819 0.01285319 -0.02009423 0.009327999 0.01350319 -0.02011813 0.009376109 0.01350319 -0.01966093 0.008852729 0.01350319 -0.01948133 0.008733719 0.01285319 -0.01947783 0.008739359 0.01350319 -0.01938633 0.008682719 0.01350319 -0.01905923 0.008558889 0.01285319 -0.01908523 0.008566059 0.01350319 -0.01860633 0.008499259 0.01285319 -0.01876783 0.008506729 0.01350319 -0.01905883 0.008561129 0.01350319 -0.01815343 0.008558889 0.01285319 -0.01844483 0.008506729 0.01350319 -0.01860633 0.008506729 0.01350319 -0.01773483 0.008739359 0.01350319 -0.01782633 0.008682719 0.01350319 -0.01773133 0.008733719 0.01285319 -0.01812743 0.008566059 0.01350319 -0.01815383 0.008561129 0.01350319 -0.01755173 0.008852729 0.01350319 -0.01736893 0.009011819 0.01285319 -0.01737263 0.009015959 0.01350319 -0.01731303 0.009070289 0.01350319 -0.01709083 0.009374259 0.01285319 -0.01711843 0.009327999 0.01350319 -0.01691593 0.009796329 0.01285319 -0.01697453 0.009617089 0.01350319 -0.01709453 0.009376109 0.01350319 -0.01685633 0.01024926 0.01285319 -0.01688613 0.009927699 0.01350319 -0.01692293 0.009798309 0.01350319 -0.01691593 0.01070216 0.01285319 -0.01688613 0.01057086 0.01350319 -0.01685633 0.01024926 0.01350319 -0.01709083 0.01112426 0.01285319 -0.01697453 0.01088146 0.01350319 -0.01692293 0.01070016 0.01350319 -0.01737263 0.01148256 0.01350319 -0.01731303 0.01142826 0.01350319 -0.01736893 0.01148666 0.01285319 -0.01711843 0.01117056 0.01350319 -0.01709453 0.01112246 0.01350319 -0.01755173 0.01164576 0.01350319 -0.01773133 0.01176476 0.01285319 -0.01773483 0.01175916 0.01350319 -0.01782633 0.01181576 0.01350319 -0.01815343 0.01193966 0.01285319 -0.01812743 0.01193246 0.01350319 -0.01860633 0.01199926 0.01285319 -0.01844483 0.01199176 0.01350319 -0.01815383 0.01193736 0.01350319 -0.01905923 0.01193966 0.01285319 -0.01876783 0.01199176 0.01350319 -0.01860633 0.01199176 0.01350319 -0.01947783 0.01175916 0.01350319 -0.01938633 0.01181576 0.01350319 -0.01948133 0.01176476 0.01285319 -0.01908523 0.01193246 0.01350319 -0.01905883 0.01193736 0.01350319 -0.01966093 0.01164576 0.01350319 -0.01984373 0.01148666 0.01285319 -0.01984003 0.01148256 0.01350319 -0.01989963 0.01142826 0.01350319 -0.02012183 0.01112426 0.01285319 -0.02009423 0.01117056 0.01350319 -0.02029673 0.01070216 0.01285319 -0.02023813 0.01088146 0.01350319 -0.02011813 0.01112246 0.01350319 -0.02035633 0.01024926 0.01350319 -0.02032653 0.01057086 0.01350319 -0.02028973 0.01070016 0.01350319 -0.01835633 0.01137176 0.01410319 -0.01835633 0.01144926 0.01409839 -0.01835633 0.01144926 0.01350319 -0.01835633 0.01049926 0.01410319 -0.01835633 0.01079926 0.01285319 -0.01835633 0.01049926 0.01285319 -0.01740633 0.009999259 0.01409839 -0.01980633 0.01049926 0.01409839 -0.01835633 0.01144926 0.01409839 -0.01988993 0.01141936 0.01362789 -0.02008303 0.01116366 0.01362789 -0.02022593 0.01087666 0.01362789 -0.02031363 0.01056846 0.01362789 -0.01965303 0.01163536 0.01362789 -0.01938053 0.01180406 0.01362789 -0.01908163 0.01191986 0.01362789 -0.01876663 0.01197876 0.01362789 -0.01844603 0.01197876 0.01362789 -0.01813103 0.01191986 0.01362789 -0.01783213 0.01180406 0.01362789 -0.01712963 0.01116366 0.01362789 -0.01732273 0.01141936 0.01362789 -0.01755963 0.01163536 0.01362789 -0.01698673 0.01087666 0.01362789 -0.01689903 0.009930109 0.01362789 -0.01686943 0.01024926 0.01362789 -0.01689903 0.01056846 0.01362789 -0.01698673 0.009621819 0.01362789 -0.01712963 0.009334909 0.01362789 -0.01732273 0.009079129 0.01362789 -0.01813103 0.008578679 0.01362789 -0.01783213 0.008694459 0.01362789 -0.01755963 0.008863189 0.01362789 -0.01844603 0.008519779 0.01362789 -0.01876663 0.008519779 0.01362789 -0.01908163 0.008578679 0.01362789 -0.01938053 0.008694459 0.01362789 -0.02008303 0.009334909 0.01362789 -0.01988993 0.009079129 0.01362789 -0.01965303 0.008863189 0.01362789 -0.02022593 0.009621819 0.01362789 -0.02034323 0.01024926 0.01362789 -0.02031363 0.009930109 0.01362789 -0.01740633 0.01049926 0.01409839 -0.01741763 0.01070976 0.01409009 -0.01735333 0.01048346 0.01409009 -0.01752253 0.01092036 0.01409009 -0.01766423 0.01110806 0.01409009 -0.01783813 0.01126656 0.01409009 -0.01803813 0.01139036 0.01409009 -0.01825743 0.01147536 0.01409009 -0.01848873 0.01151856 0.01409009 -0.01849323 0.01144926 0.01409839 -0.01872393 0.01151856 0.01409009 -0.01871943 0.01144926 0.01409839 -0.01885633 0.01144926 0.01409839 -0.01895523 0.01147536 0.01409009 -0.01917453 0.01139036 0.01409009 -0.01937453 0.01126656 0.01409009 -0.01954833 0.01110806 0.01409009 -0.01969013 0.01092036 0.01409009 -0.01979503 0.01070976 0.01409009 -0.01985933 0.01048346 0.01409009 -0.01980633 0.01047446 0.01409839 -0.01988103 0.01024926 0.01409009 -0.01980633 0.01024926 0.01409839 -0.01985933 0.01001506 0.01409009 -0.01980633 0.01002406 0.01409839 -0.01980633 0.009999259 0.01409839 -0.01979503 0.009788769 0.01409009 -0.01848873 0.008979949 0.01409009 -0.01871943 0.009049259 0.01409839 -0.01872393 0.008979949 0.01409009 -0.01885633 0.009049259 0.01409839 -0.01895523 0.009023179 0.01409009 -0.01969013 0.009578189 0.01409009 -0.01954833 0.009390469 0.01409009 -0.01937453 0.009231989 0.01409009 -0.01917453 0.009108149 0.01409009 -0.01825743 0.009023179 0.01409009 -0.01835633 0.009049259 0.01409839 -0.01849323 0.009049259 0.01409839 -0.01741763 0.009788769 0.01409009 -0.01752253 0.009578189 0.01409009 -0.01766423 0.009390469 0.01409009 -0.01783813 0.009231989 0.01409009 -0.01803813 0.009108149 0.01409009 -0.01740633 0.01047446 0.01409839 -0.01740633 0.01024926 0.01409839 -0.01733163 0.01024926 0.01409009 -0.01740633 0.01002406 0.01409839 -0.01735333 0.01001506 0.01409009 -0.02004263 0.01024926 0.01403049 -0.02001813 0.009985339 0.01403049 -0.01994563 0.009730409 0.01403049 -0.01982753 0.009493149 0.01403049 -0.01966773 0.009281629 0.01403049 -0.01947193 0.009103069 0.01403049 -0.01924653 0.008963539 0.01403049 -0.01899943 0.008867789 0.01403049 -0.01873883 0.008819089 0.01403049 -0.01847383 0.008819089 0.01403049 -0.01821323 0.008867789 0.01403049 -0.01796613 0.008963539 0.01403049 -0.01774073 0.009103069 0.01403049 -0.01754493 0.009281629 0.01403049 -0.01738513 0.009493149 0.01403049 -0.01726703 0.009730409 0.01403049 -0.01719453 0.009985339 0.01403049 -0.01717003 0.01024926 0.01403049 -0.01719453 0.01051316 0.01403049 -0.01726703 0.01076806 0.01403049 -0.01738513 0.01100536 0.01403049 -0.01754493 0.01121686 0.01403049 -0.01774073 0.01139546 0.01403049 -0.01796613 0.01153496 0.01403049 -0.01821323 0.01163076 0.01403049 -0.01847383 0.01167946 0.01403049 -0.01873883 0.01167946 0.01403049 -0.01899943 0.01163076 0.01403049 -0.01924653 0.01153496 0.01403049 -0.01947193 0.01139546 0.01403049 -0.01966773 0.01121686 0.01403049 -0.01982753 0.01100536 0.01403049 -0.01994563 0.01076806 0.01403049 -0.02001813 0.01051316 0.01403049 -0.02018063 0.01024926 0.01392749 -0.02015383 0.009959989 0.01392749 -0.02007433 0.009680569 0.01392749 -0.01994483 0.009420519 0.01392749 -0.01976973 0.009188689 0.01392749 -0.01955503 0.008992969 0.01392749 -0.01930803 0.008840039 0.01392749 -0.01903713 0.008735089 0.01392749 -0.01875163 0.008681709 0.01392749 -0.01846103 0.008681709 0.01392749 -0.01817553 0.008735089 0.01392749 -0.01790463 0.008840039 0.01392749 -0.01765763 0.008992969 0.01392749 -0.01744293 0.009188689 0.01392749 -0.01726783 0.009420519 0.01392749 -0.01713833 0.009680569 0.01392749 -0.01705883 0.009959989 0.01392749 -0.01703203 0.01024926 0.01392749 -0.01705883 0.01053856 0.01392749 -0.01713833 0.01081796 0.01392749 -0.01726783 0.01107796 0.01392749 -0.01744293 0.01130986 0.01392749 -0.01765763 0.01150556 0.01392749 -0.01790463 0.01165846 0.01392749 -0.01817553 0.01176346 0.01392749 -0.01846103 0.01181676 0.01392749 -0.01875163 0.01181676 0.01392749 -0.01903713 0.01176346 0.01392749 -0.01930803 0.01165846 0.01392749 -0.01955503 0.01150556 0.01392749 -0.01976973 0.01130986 0.01392749 -0.01994483 0.01107796 0.01392749 -0.02007433 0.01081796 0.01392749 -0.02015383 0.01053856 0.01392749 -0.02028363 0.01024926 0.01378949 -0.02025503 0.009941059 0.01378949 -0.02017033 0.009643349 0.01378949 -0.02003243 0.009366279 0.01378949 -0.01984583 0.009119279 0.01378949 -0.01961713 0.008910749 0.01378949 -0.01935393 0.008747809 0.01378949 -0.01906533 0.008635999 0.01378949 -0.01876113 0.008579129 0.01378949 -0.01845153 0.008579129 0.01378949 -0.01814733 0.008635999 0.01378949 -0.01785873 0.008747809 0.01378949 -0.01759553 0.008910749 0.01378949 -0.01736683 0.009119279 0.01378949 -0.01718023 0.009366279 0.01378949 -0.01704233 0.009643349 0.01378949 -0.01695763 0.009941059 0.01378949 -0.01692903 0.01024926 0.01378949 -0.01695763 0.01055746 0.01378949 -0.01704233 0.01085516 0.01378949 -0.01718023 0.01113226 0.01378949 -0.01736683 0.01137926 0.01378949 -0.01759553 0.01158776 0.01378949 -0.01785873 0.01175066 0.01378949 -0.01814733 0.01186256 0.01378949 -0.01845153 0.01191936 0.01378949 -0.01876113 0.01191936 0.01378949 -0.01906533 0.01186256 0.01378949 -0.01935393 0.01175066 0.01378949 -0.01961713 0.01158776 0.01378949 -0.01984583 0.01137926 0.01378949 -0.02003243 0.01113226 0.01378949 -0.02017033 0.01085516 0.01378949 -0.02025503 0.01055746 0.01378949 -0.01885633 0.01144926 0.01409839 -0.01885633 0.01144926 0.01350319 -0.01871943 0.01144926 0.01409839 -0.01835633 0.01144926 0.01350319 -0.01849323 0.01144926 0.01409839 -0.01835633 0.01144926 0.01409839 -0.01365633 0.01024926 0.01285319 -0.01365633 0.01024926 0.01420319 -0.01371343 0.01053626 0.01285319 -0.01371343 0.01053626 0.01420319 -0.01387603 0.01077956 0.01285319 -0.01387603 0.01077956 0.01420319 -0.01411933 0.01094216 0.01285319 -0.01411933 0.01094216 0.01420319 -0.01440633 0.01099926 0.01285319 -0.01440633 0.01099926 0.01420319 -0.01469333 0.01094216 0.01285319 -0.01469333 0.01094216 0.01420319 -0.01493663 0.01077956 0.01285319 -0.01493663 0.01077956 0.01420319 -0.01509923 0.01053626 0.01285319 -0.01509923 0.01053626 0.01420319 -0.01515633 0.01024926 0.01285319 -0.01515633 0.01024926 0.01420319 -0.01509923 0.009962249 0.01285319 -0.01509923 0.009962249 0.01420319 -0.01493663 0.009718929 0.01285319 -0.01493663 0.009718929 0.01420319 -0.01469333 0.009556349 0.01285319 -0.01469333 0.009556349 0.01420319 -0.01440633 0.009499259 0.01285319 -0.01440633 0.009499259 0.01420319 -0.01411933 0.009556349 0.01285319 -0.01411933 0.009556349 0.01420319 -0.01387603 0.009718929 0.01285319 -0.01387603 0.009718929 0.01420319 -0.01371343 0.009962249 0.01285319 -0.01371343 0.009962249 0.01420319 0.007043666 0.01024926 0.01285319 0.007043666 0.01024926 0.01420319 0.006986576 0.01053626 0.01285319 0.006986576 0.01053626 0.01420319 0.006823996 0.01077956 0.01285319 0.006823996 0.01077956 0.01420319 0.006580676 0.01094216 0.01285319 0.006580676 0.01094216 0.01420319 0.006293666 0.01099926 0.01285319 0.006293666 0.01099926 0.01420319 0.006006656 0.01094216 0.01285319 0.006006656 0.01094216 0.01420319 0.005763336 0.01077956 0.01285319 0.005763336 0.01077956 0.01420319 0.005600756 0.01053626 0.01285319 0.005600756 0.01053626 0.01420319 0.005543666 0.01024926 0.01285319 0.005543666 0.01024926 0.01420319 0.005600756 0.009962249 0.01285319 0.005600756 0.009962249 0.01420319 0.005763336 0.009718929 0.01285319 0.005763336 0.009718929 0.01420319 0.006006656 0.009556349 0.01285319 0.006006656 0.009556349 0.01420319 0.006293666 0.009499259 0.01285319 0.006293666 0.009499259 0.01420319 0.006580676 0.009556349 0.01285319 0.006580676 0.009556349 0.01420319 0.006823996 0.009718929 0.01285319 0.006823996 0.009718929 0.01420319 0.006986576 0.009962249 0.01285319 0.006986576 0.009962249 0.01420319 0.007043666 -0.01025074 0.01285319 0.007043666 -0.01025074 0.01420319 0.006986576 -0.009963731 0.01285319 0.006986576 -0.009963731 0.01420319 0.006823996 -0.009720411 0.01285319 0.006823996 -0.009720411 0.01420319 0.006580676 -0.009557831 0.01285319 0.006580676 -0.009557831 0.01420319 0.006293666 -0.009500741 0.01285319 0.006293666 -0.009500741 0.01420319 0.006006656 -0.009557831 0.01285319 0.006006656 -0.009557831 0.01420319 0.005763336 -0.009720411 0.01285319 0.005763336 -0.009720411 0.01420319 0.005600756 -0.009963731 0.01285319 0.005600756 -0.009963731 0.01420319 0.005543666 -0.01025074 0.01285319 0.005543666 -0.01025074 0.01420319 0.005600756 -0.01053774 0.01285319 0.005600756 -0.01053774 0.01420319 0.005763336 -0.01078104 0.01285319 0.005763336 -0.01078104 0.01420319 0.006006656 -0.01094364 0.01285319 0.006006656 -0.01094364 0.01420319 0.006293666 -0.01100074 0.01285319 0.006293666 -0.01100074 0.01420319 0.006580676 -0.01094364 0.01285319 0.006580676 -0.01094364 0.01420319 0.006823996 -0.01078104 0.01285319 0.006823996 -0.01078104 0.01420319 0.006986576 -0.01053774 0.01285319 0.006986576 -0.01053774 0.01420319 -0.01365633 -0.01025074 0.01285319 -0.01365633 -0.01025074 0.01420319 -0.01371343 -0.009963731 0.01285319 -0.01371343 -0.009963731 0.01420319 -0.01387603 -0.009720411 0.01285319 -0.01387603 -0.009720411 0.01420319 -0.01411933 -0.009557831 0.01285319 -0.01411933 -0.009557831 0.01420319 -0.01440633 -0.009500741 0.01285319 -0.01440633 -0.009500741 0.01420319 -0.01469333 -0.009557831 0.01285319 -0.01469333 -0.009557831 0.01420319 -0.01493663 -0.009720411 0.01285319 -0.01493663 -0.009720411 0.01420319 -0.01509923 -0.009963731 0.01285319 -0.01509923 -0.009963731 0.01420319 -0.01515633 -0.01025074 0.01285319 -0.01515633 -0.01025074 0.01420319 -0.01509923 -0.01053774 0.01285319 -0.01509923 -0.01053774 0.01420319 -0.01493663 -0.01078104 0.01285319 -0.01493663 -0.01078104 0.01420319 -0.01469333 -0.01094364 0.01285319 -0.01469333 -0.01094364 0.01420319 -0.01440633 -0.01100074 0.01285319 -0.01440633 -0.01100074 0.01420319 -0.01411933 -0.01094364 0.01285319 -0.01411933 -0.01094364 0.01420319 -0.01387603 -0.01078104 0.01285319 -0.01387603 -0.01078104 0.01420319 -0.01371343 -0.01053774 0.01285319 -0.01371343 -0.01053774 0.01420319 -0.02030093 0.01039926 -0.01723641 -0.02060633 0.01039926 -0.01609681 -0.02021413 0.01086486 -0.01731421 -0.02045413 0.01116466 -0.01609681 -0.02012673 0.01102486 -0.01729011 -0.02002053 0.01181346 -0.01609681 -0.01927103 0.01201406 -0.01687771 -0.01947413 0.01192336 -0.01701541 -0.01981103 0.01160396 -0.01720281 -0.01937173 0.01224706 -0.01609681 -0.01860633 0.01239926 -0.01609681 -0.01860633 0.01231086 -0.01642691 -0.01736893 0.01148666 0.01270319 -0.01660633 0.01239926 0.01270319 -0.01860633 0.01199926 0.01270319 -0.01860633 0.01239926 0.01270319 -0.01984373 0.01148666 0.01270319 -0.02002053 0.01181346 0.01270319 -0.02035633 0.01024926 0.01270319 -0.02060633 0.01039926 0.01270319 -0.01984373 0.009011819 0.01270319 -0.02060633 0.008399259 0.01270319 -0.01860633 0.008499259 0.01270319 -0.01860633 0.008399259 0.01270319 -0.01736893 0.009011819 0.01270319 -0.01719213 0.008985049 0.01270319 -0.01685633 0.01024926 0.01270319 -0.01660633 0.01039926 0.01270319 -0.02029103 -0.009997941 -0.01727341 -0.02020443 -0.009604451 -0.01759681 -0.02030093 -0.01040074 -0.01723641 -0.02021413 -0.01086634 -0.01759681 -0.02021413 -0.01086634 -0.01731421 -0.01981103 -0.01160544 -0.01720281 -0.01947413 -0.01192484 -0.01759681 -0.01947413 -0.01192484 -0.01701541 -0.01927103 -0.01201554 -0.01687771 -0.01825463 -0.01235014 -0.01759681 -0.01860633 -0.01231234 -0.01642691 -0.01704263 -0.01199884 -0.01759681 -0.01762163 -0.01226764 -0.01659341 -0.01825463 -0.01235014 -0.01628551 -0.01793493 -0.01233314 -0.01634911 -0.01745633 -0.01025074 -0.01759681 -0.01745633 -0.01025074 -0.01609681 -0.01767603 -0.009720411 -0.01759681 -0.01767603 -0.009720411 -0.01609681 -0.01820633 -0.009500741 -0.01759681 -0.01820633 -0.009500741 -0.01609681 -0.01873663 -0.009720411 -0.01759681 -0.01873663 -0.009720411 -0.01609681 -0.01895633 -0.01025074 -0.01759681 -0.01895633 -0.01025074 -0.01609681 -0.01873663 -0.01078104 -0.01759681 -0.01873663 -0.01078104 -0.01609681 -0.01820633 -0.01100074 -0.01759681 -0.01820633 -0.01100074 -0.01609681 -0.01767603 -0.01078104 -0.01759681 -0.01767603 -0.01078104 -0.01609681 0.005543666 -0.01025074 -0.01609681 0.005543666 -0.01025074 -0.01759681 0.005763336 -0.009720411 -0.01609681 0.005763336 -0.009720411 -0.01759681 0.006293666 -0.009500741 -0.01609681 0.006293666 -0.009500741 -0.01759681 0.006823996 -0.009720411 -0.01609681 0.006823996 -0.009720411 -0.01759681 0.007043666 -0.01025074 -0.01609681 0.007043666 -0.01025074 -0.01759681 0.006823996 -0.01078104 -0.01609681 0.006823996 -0.01078104 -0.01759681 0.006293666 -0.01100074 -0.01609681 0.006293666 -0.01100074 -0.01759681 0.005763336 -0.01078104 -0.01609681 0.005763336 -0.01078104 -0.01759681 -0.01745633 0.01024926 -0.01759681 -0.01745633 0.01024926 -0.01609681 -0.01767603 0.01077956 -0.01759681 -0.01767603 0.01077956 -0.01609681 -0.01820633 0.01099926 -0.01759681 -0.01820633 0.01099926 -0.01609681 -0.01873663 0.01077956 -0.01759681 -0.01873663 0.01077956 -0.01609681 -0.01895633 0.01024926 -0.01759681 -0.01895633 0.01024926 -0.01609681 -0.01873663 0.009718929 -0.01759681 -0.01873663 0.009718929 -0.01609681 -0.01820633 0.009499259 -0.01759681 -0.01820633 0.009499259 -0.01609681 -0.01767603 0.009718929 -0.01759681 -0.01767603 0.009718929 -0.01609681 0.005543666 0.01024926 -0.01609681 0.005543666 0.01024926 -0.01759681 0.005763336 0.01077956 -0.01609681 0.005763336 0.01077956 -0.01759681 0.006293666 0.01099926 -0.01609681 0.006293666 0.01099926 -0.01759681 0.006823996 0.01077956 -0.01609681 0.006823996 0.01077956 -0.01759681 0.007043666 0.01024926 -0.01609681 0.007043666 0.01024926 -0.01759681 0.006823996 0.009718929 -0.01609681 0.006823996 0.009718929 -0.01759681 0.006293666 0.009499259 -0.01609681 0.006293666 0.009499259 -0.01759681 0.005763336 0.009718929 -0.01609681 0.005763336 0.009718929 -0.01759681 -0.01860633 -0.01231234 -0.01642691 -0.01860633 -0.01240074 -0.01609681 -0.01736893 -0.009013301 0.01270319 -0.01719213 -0.008986531 0.01270319 -0.01860633 -0.008500741 0.01270319 -0.01860633 -0.008400741 0.01270319 -0.01984373 -0.009013301 0.01270319 -0.02060633 -0.008400741 0.01270319 -0.02035633 -0.01025074 0.01270319 -0.02060633 -0.01040074 0.01270319 -0.01984373 -0.01148814 0.01270319 -0.02002053 -0.01181494 0.01270319 -0.01860633 -0.01200074 0.01270319 -0.01860633 -0.01240074 0.01270319 -0.01736893 -0.01148814 0.01270319 -0.01660633 -0.01240074 0.01270319 -0.01685633 -0.01025074 0.01270319 -0.01660633 -0.01040074 0.01270319 -0.02030093 -0.01040074 -0.01723641 -0.02060633 -0.01040074 -0.01609681 0.006901546 0.01225936 -0.01661891 0.007457376 0.01199736 -0.01759681 0.006293666 0.01234926 -0.01759681 0.006600916 0.01232666 -0.01636771 0.005129956 0.01199736 -0.01759681 0.005685786 0.01225936 -0.01661891 0.006293666 0.01234926 -0.01628341 0.005986416 0.01232666 -0.01636771 -0.01981103 0.01160396 -0.01720281 -0.01947413 0.01192336 -0.01701541 -0.01947413 0.01192336 -0.01759681 -0.01860633 0.01231086 -0.01642691 -0.01825463 0.01234866 -0.01628551 -0.01825463 0.01234866 -0.01759681 -0.01927103 0.01201406 -0.01687771 -0.02012673 0.01102486 -0.01729011 -0.02021413 0.01086486 -0.01759681 -0.02021413 0.01086486 -0.01731421 -0.02030093 0.01039926 -0.01723641 -0.02020443 0.009602969 -0.01759681 -0.02030543 0.01018896 -0.01721961 -0.01793493 0.01233166 -0.01634911 -0.01762163 0.01226616 -0.01659341 -0.01704263 0.01199736 -0.01759681 0.009293666 0.01199736 -0.01759681 0.009293666 0.01239926 -0.01609681 0.009293666 0.009644239 -0.01759681 0.009293666 0.009182979 -0.01609681 0.009293666 -0.01240074 -0.01609681 0.009293666 -0.01199884 -0.01759681 0.009293666 -0.01050074 -0.01609681 0.009293666 -0.009645721 -0.01759681 0.009293666 -0.009184461 -0.01609681 -0.01830633 -0.01050074 0.01260319 -0.01830633 -0.01000074 0.01260319 -0.01835633 -0.01050074 0.01260319 -0.01835633 -0.01000074 0.01260319 -0.01890633 -0.01000074 0.01260319 -0.01890633 -0.01050074 0.01260319 -0.01885633 -0.01000074 0.01260319 -0.01885633 -0.01050074 0.01260319 -0.01885633 -0.01055074 0.01260319 -0.01835633 -0.01055074 0.01260319 -0.01885633 -0.009950741 0.01260319 -0.01835633 -0.009950741 0.01260319 -0.01365633 -0.01025074 0.01270319 -0.01387603 -0.009720411 0.01270319 -0.01440633 -0.01025074 0.01270319 -0.01387603 -0.01078104 0.01270319 -0.01515633 -0.01025074 0.01270319 -0.01493663 -0.01078104 0.01270319 -0.01440633 -0.01100074 0.01270319 -0.01440633 -0.009500741 0.01270319 -0.01493663 -0.009720411 0.01270319 0.007043666 -0.01025074 0.01270319 0.006823996 -0.009720411 0.01270319 0.006293666 -0.01025074 0.01270319 0.006823996 -0.01078104 0.01270319 0.005543666 -0.01025074 0.01270319 0.005763336 -0.01078104 0.01270319 0.006293666 -0.01100074 0.01270319 0.006293666 -0.009500741 0.01270319 0.005763336 -0.009720411 0.01270319 -0.01885633 0.01054926 0.01260319 -0.01885633 0.01049926 0.01260319 -0.01835633 0.01054926 0.01260319 -0.01835633 0.01049926 0.01260319 -0.01885633 0.009949259 0.01260319 -0.01835633 0.009949259 0.01260319 -0.01885633 0.009999259 0.01260319 -0.01835633 0.009999259 0.01260319 -0.01830633 0.009999259 0.01260319 -0.01830633 0.01049926 0.01260319 -0.01890633 0.009999259 0.01260319 -0.01890633 0.01049926 0.01260319 -0.01745633 -0.01025074 -0.01609681 -0.01767603 -0.01078104 -0.01609681 -0.01820633 -0.01025074 -0.01609681 -0.01767603 -0.009720411 -0.01609681 -0.01895633 -0.01025074 -0.01609681 -0.01873663 -0.009720411 -0.01609681 -0.01820633 -0.009500741 -0.01609681 -0.01820633 -0.01100074 -0.01609681 -0.01873663 -0.01078104 -0.01609681 0.005543666 -0.01025074 -0.01609681 0.005763336 -0.009720411 -0.01609681 0.006293666 -0.01025074 -0.01609681 0.005763336 -0.01078104 -0.01609681 0.007043666 -0.01025074 -0.01609681 0.006823996 -0.01078104 -0.01609681 0.006293666 -0.01100074 -0.01609681 0.006293666 -0.009500741 -0.01609681 0.006823996 -0.009720411 -0.01609681 -0.01745633 0.01024926 -0.01609681 -0.01767603 0.009718929 -0.01609681 -0.01820633 0.01024926 -0.01609681 -0.01767603 0.01077956 -0.01609681 -0.01895633 0.01024926 -0.01609681 -0.01873663 0.01077956 -0.01609681 -0.01820633 0.01099926 -0.01609681 -0.01820633 0.009499259 -0.01609681 -0.01873663 0.009718929 -0.01609681 0.005543666 0.01024926 -0.01609681 0.005763336 0.01077956 -0.01609681 0.006293666 0.01024926 -0.01609681 0.005763336 0.009718929 -0.01609681 0.007043666 0.01024926 -0.01609681 0.006823996 0.009718929 -0.01609681 0.006293666 0.009499259 -0.01609681 0.006293666 0.01099926 -0.01609681 0.006823996 0.01077956 -0.01609681 -0.01365633 0.01024926 0.01270319 -0.01387603 0.01077956 0.01270319 -0.01440633 0.01024926 0.01270319 -0.01387603 0.009718929 0.01270319 -0.01515633 0.01024926 0.01270319 -0.01493663 0.009718929 0.01270319 -0.01440633 0.009499259 0.01270319 -0.01440633 0.01099926 0.01270319 -0.01493663 0.01077956 0.01270319 0.007043666 0.01024926 0.01270319 0.006823996 0.01077956 0.01270319 0.006293666 0.01024926 0.01270319 0.006823996 0.009718929 0.01270319 0.005543666 0.01024926 0.01270319 0.005763336 0.009718929 0.01270319 0.006293666 0.009499259 0.01270319 0.006293666 0.01099926 0.01270319 0.005763336 0.01077956 0.01270319 0.007331066 0.008267899 -0.01759681 0.009293666 0.009644239 -0.01759681 0.009293666 0.009182979 -0.01609681 0.006216276 0.006499259 -0.01609681 0.005713036 0.006499259 -0.01759681 0.006568666 0.006873769 -0.01609681 0.007596306 0.007965919 -0.01609681 0.009293666 -0.009184461 -0.01609681 0.009293666 -0.009645721 -0.01759681 0.007596306 -0.007967401 -0.01609681 0.007331066 -0.008269381 -0.01759681 0.006568666 -0.006875251 -0.01609681 0.005713036 -0.006500741 -0.01759681 0.006216276 -0.006500741 -0.01609681 -0.01937173 -0.01224854 -0.01609681 -0.01927103 -0.01201554 -0.01687771 -0.01947413 -0.01192484 -0.01701541 -0.02002053 -0.01181494 -0.01609681 -0.01981103 -0.01160544 -0.01720281 -0.02021413 -0.01086634 -0.01731421 0.005685786 -0.01226084 -0.01661891 0.005129956 -0.01199884 -0.01759681 0.006293666 -0.01235074 -0.01759681 0.005986416 -0.01232814 -0.01636771 0.007457376 -0.01199884 -0.01759681 0.006901546 -0.01226084 -0.01661891 0.006293666 -0.01235074 -0.01628341 0.006600916 -0.01232814 -0.01636771</float_array>
          <technique_common>
            <accessor count="1168" source="#verts-array-array" stride="3">
              <param type="float" name="X"/>
              <param type="float" name="Y"/>
              <param type="float" name="Z"/>
            </accessor>
          </technique_common>
        </source>
        <source id="normals-array">
          <float_array count="3504" id="normals-array-array">0.1346735 -0.0287347 0.9904733 0.03671414 -0.01114299 0.9992637 0.04780655 -0.02251798 0.9986028 -0.1346749 0.02873486 0.9904731 -0.03671316 0.01114067 0.9992637 -0.04781417 0.02252284 0.9986023 0.03489912 0.1371856 0.9899304 0.009075172 0.03580266 0.9993177 0.02014646 0.04585491 0.9987449 -0.9601896 0.2732856 0.05788793 -0.9576463 0.1790325 0.2255235 -0.9308143 0.3615963 0.05322436 -0.9084678 0.351956 0.2254179 -0.8939579 0.4447183 0.05536119 -0.8283947 0.512778 0.2254349 -0.8480631 0.5273861 0.05150714 -0.7199421 0.6563528 0.2255755 -0.7399577 0.6706928 0.05132068 -0.2666328 0.9370544 0.2254686 -0.4408133 0.8962713 0.04879906 -0.4342407 0.8721338 0.2254276 -0.5255354 0.8488472 0.05719204 -0.5871222 0.7774759 0.2254301 -0.6019743 0.7967276 0.05340486 -0.6725588 0.7378861 0.05646836 -0.08990647 0.9700992 0.2254428 -0.1834114 0.9815571 0.05390558 -0.2766533 0.9597001 0.04938358 0.0899115 0.9700977 0.2254472 0 0.9983253 0.05784939 -0.09355092 0.9942034 0.05298877 0.5255317 0.84885 0.05718465 0.4429234 0.8950522 0.05196603 0.434272 0.8721141 0.2254435 0.2743883 0.9602113 0.05201316 0.2666034 0.9370607 0.225477 0.1834114 0.9815571 0.05390558 0.09355092 0.9942034 0.05298877 0.6019662 0.7967346 0.05339142 0.5870841 0.7775035 0.225434 0.672574 0.7378743 0.05644213 0.7200094 0.6562753 0.2255865 0.7405442 0.6701199 0.05033379 0.8283359 0.5128773 0.2254251 0.8476776 0.5280951 0.05058046 0.8939579 0.4447183 0.05536119 0.9084712 0.3519474 0.2254178 0.9307995 0.3616398 0.05318759 0.960216 0.2732207 0.0577558 0.957641 0.1790275 0.2255501 0.981971 0.1815529 0.05264422 0.9742601 4.621964e-07 0.2254267 0.9986387 -7.363498e-06 0.05216088 0.9576367 -0.1790768 0.2255291 0.9819584 -0.1816198 0.0526486 0.6724315 -0.7379936 0.05658088 0.7398469 -0.6708045 0.05145679 0.7199368 -0.6563517 0.2255956 0.8480248 -0.5274494 0.05148785 0.8283666 -0.512813 0.2254586 0.8939598 -0.4447138 0.05536746 0.9084665 -0.3519161 0.2254853 0.9308172 -0.3615797 0.0532868 0.9601981 -0.2732825 0.05776062 0.6020308 -0.7966966 0.05323061 0.5871508 -0.7774846 0.2253254 0.5254496 -0.8489081 0.05707622 0.4341957 -0.8721558 0.2254292 0.4407309 -0.8963194 0.04866063 0.2666751 -0.9370798 0.2253129 0.2761957 -0.9598343 0.04933551 0.1829079 -0.9816566 0.05380576 0.08987272 -0.9701239 0.2253497 0.09354598 -0.9942125 0.05282577 0 -0.9983354 0.05767444 -0.08991105 -0.9701126 0.2253831 -0.09354598 -0.9942125 0.05282577 -0.1829079 -0.9816566 0.05380576 -0.2665702 -0.9371053 0.225331 -0.2739176 -0.9603486 0.05195972 -0.4342868 -0.872112 0.2254233 -0.4428537 -0.895095 0.05182267 -0.828338 -0.5128588 0.2254593 -0.7404204 -0.6702484 0.05044575 -0.7199588 -0.6563107 0.2256446 -0.6724943 -0.7379446 0.05647201 -0.58707 -0.777534 0.2253657 -0.6019588 -0.7967522 0.05321235 -0.5254898 -0.8488778 0.05715752 -0.9084781 -0.3519021 0.2254607 -0.8939598 -0.4447138 0.05536746 -0.8476515 -0.528141 0.05053709 -0.9819729 0.1815394 0.05265512 -0.9986387 1.929973e-05 0.05216132 -0.9742598 1.069427e-05 0.2254282 -0.9819566 -0.1816327 0.05263814 -0.9576343 -0.179071 0.2255439 -0.9602037 -0.2732688 0.05773282 -0.9308141 -0.3615888 0.05327906 0.04407036 0.02299207 0.9987638 0.1304418 0.03316414 0.9909011 0.2182643 0.08625552 0.9720703 0.2539408 0.0420056 0.9663072 0.05113871 0.02035969 0.998484 0.1988641 0.1231028 0.9722648 0.04705341 0.02912756 0.9984676 0.1729083 0.1576461 0.9722399 0.040916 0.03729418 0.9984663 0.140965 0.1866651 0.9722577 0.03334939 0.0441715 0.9984672 0.1042752 0.2094083 0.9722525 0.02467835 0.04955316 0.9984666 0.07167591 0.2287293 0.9708478 0.01863823 0.2428411 0.969887 0 0.1189023 0.992906 -0.01863978 0.2428421 0.9698867 0 0.1189023 0.992906 -0.04364585 0.1294039 0.9906309 -0.06980643 0.2269091 0.971411 -0.02497627 0.04912785 0.9984802 -0.01658424 0.05173547 0.9985231 -0.1042838 0.2094088 0.9722514 -0.02467573 0.04955474 0.9984665 -0.1409707 0.1866605 0.9722577 -0.03335895 0.0441699 0.9984669 -0.1728727 0.1576007 0.9722536 -0.04092919 0.03731845 0.9984649 -0.1988404 0.1231585 0.9722626 -0.04704966 0.02912558 0.9984678 -0.219346 0.08829367 0.9716437 -0.2555643 0.04486413 0.9657505 -0.1491333 0.006359545 0.9887967 -0.2381566 -0.001896636 0.9712249 -0.1136121 -0.004383212 0.9935155 -0.2539436 -0.04200646 0.9663064 -0.1547181 0 0.9879587 -0.1304414 -0.03316255 0.9909012 -0.218277 -0.08626257 0.9720668 -0.04406965 -0.0229922 0.9987638 0.01862242 -0.2428043 0.9698965 0 -0.1189192 0.9929039 -0.01862937 -0.2428088 0.9698953 -0.0348817 -0.1371672 0.9899335 -0.07167617 -0.2287226 0.9708494 -0.05113161 -0.02035599 0.9984844 -0.1988691 -0.1231568 0.9722569 -0.04705019 -0.02913354 0.9984676 -0.1728796 -0.1576042 0.9722518 -0.04092583 -0.03729344 0.998466 -0.1409754 -0.1866713 0.972255 -0.03334146 -0.04416063 0.9984679 -0.1042714 -0.2093998 0.9722547 -0.02467339 -0.04953871 0.9984674 -0.0201484 -0.04585098 0.9987451 -0.009075172 -0.03580266 0.9993177 0.0698091 -0.2268943 0.9714143 0.04362797 -0.1293872 0.9906339 0 -0.1189192 0.9929039 0.2193604 -0.08829508 0.9716404 0.04704519 -0.02912532 0.9984681 0.1988595 -0.1231598 0.9722585 0.0408989 -0.03728109 0.9984675 0.1729476 -0.1576186 0.9722374 0.03334287 -0.04415735 0.998468 0.1409353 -0.1866833 0.9722585 0.02466977 -0.04953862 0.9984675 0.1042788 -0.209397 0.9722545 0.0165862 -0.05172845 0.9985234 0.02497064 -0.04912379 0.9984805 0.1547181 0 0.9879587 0.1136121 0.004383212 0.9935155 0.238157 0.001896193 0.9712248 0.1491333 -0.006359545 0.9887967 0.2555691 -0.04486766 0.9657491 -0.4834841 -1.40109e-05 0.8753532 -0.4752165 -0.08881532 0.8753749 -0.4508591 -0.174607 0.8753505 -0.4111266 -0.2546089 0.8752995 -0.3573274 -0.3256874 0.8753541 -0.2914275 -0.3859242 0.87529 -0.2155671 -0.4328715 0.8753017 -0.1323791 -0.4651151 0.8752963 -0.04458179 -0.4815805 0.8752672 0.044599 -0.4815971 0.8752572 0.1323775 -0.4651451 0.8752807 0.2155555 -0.4328774 0.8753016 0.2914708 -0.3859328 0.8752718 0.3573293 -0.3257642 0.8753248 0.4111639 -0.2545702 0.8752933 0.4508935 -0.1746163 0.8753309 0.4751847 -0.08884819 0.8753888 0.4834825 1.27634e-05 0.875354 0.4752239 0.08881795 0.8753706 0.4508712 0.1746314 0.8753394 0.4111228 0.2545739 0.8753115 0.3573503 0.3257877 0.8753074 0.2914368 0.3859097 0.8752933 0.2155524 0.4328828 0.8752997 0.1323471 0.4651326 0.8752919 0.04460651 0.4815053 0.8753073 -0.04459666 0.4814982 0.8753117 -0.132362 0.4651272 0.8752925 -0.2155408 0.4328835 0.8753023 -0.2914588 0.3859003 0.8752901 -0.3573082 0.3257672 0.8753323 -0.4111231 0.2545735 0.8753114 -0.4509016 0.1746239 0.8753252 -0.4751966 0.08884952 0.8753822 -0.7112817 8.696535e-06 0.7029071 -0.6991802 -0.1307154 0.7028944 -0.6632974 -0.2569792 0.7028501 -0.6047164 -0.3744037 0.7029508 -0.5256213 -0.4791755 0.7029318 -0.4286173 -0.5676814 0.7028691 -0.3170832 -0.636743 0.7028631 -0.1946636 -0.6841545 0.7028789 -0.06556284 -0.708307 0.7028532 0.06557283 -0.7082934 0.7028661 0.1946352 -0.6841339 0.7029068 0.3170945 -0.6367339 0.7028663 0.4286177 -0.5676608 0.7028856 0.525626 -0.4791865 0.7029207 0.6046915 -0.3744299 0.7029583 0.6632575 -0.2569321 0.7029049 0.6991969 -0.1307175 0.7028774 0.7112834 -4.740049e-06 0.7029053 0.6991851 0.1307013 0.7028921 0.6633101 0.2569538 0.7028474 0.6047321 0.374456 0.7029095 0.5256327 0.4792137 0.7028973 0.428646 0.5676277 0.702895 0.3170462 0.6367179 0.7029025 0.1946578 0.6841374 0.7028971 0.06564564 0.708242 0.7029111 -0.06564155 0.7082492 0.7029041 -0.1946676 0.6841367 0.702895 -0.3170449 0.6367238 0.7028978 -0.428638 0.5676199 0.7029062 -0.5256338 0.4792057 0.7029019 -0.604709 0.3744702 0.7029218 -0.6632862 0.2569163 0.7028836 -0.6991998 0.1307055 0.7028767 -0.8807924 1.087872e-05 0.4735026 -0.8658049 -0.1618833 0.4734719 -0.8213331 -0.3181335 0.4735009 -0.7488673 -0.4636596 0.4735162 -0.6508663 -0.5934334 0.473508 -0.5307369 -0.7028741 0.4735888 -0.3926109 -0.7883587 0.4736531 -0.2410212 -0.8471498 0.4735462 -0.08121321 -0.8769343 0.4736989 0.08116445 -0.8769235 0.4737273 0.2411004 -0.8471365 0.4735297 0.3925781 -0.7883889 0.47363 0.5307221 -0.7028721 0.4736084 0.650863 -0.5934014 0.4735527 0.7488689 -0.4636685 0.473505 0.8213695 -0.3181364 0.4734357 0.865797 -0.1618771 0.4734886 0.880791 -7.221424e-06 0.4735053 0.8658088 0.1618937 0.4734613 0.8213282 0.3181168 0.4735206 0.7488763 0.4637226 0.4734402 0.6508748 0.5933597 0.4735887 0.5307707 0.7028607 0.4735708 0.3925671 0.788423 0.4735824 0.2410419 0.8471403 0.4735527 0.08127856 0.8770029 0.4735606 -0.08127498 0.877 0.4735667 -0.2410542 0.8471379 0.4735507 -0.3925497 0.7884268 0.4735904 -0.5307916 0.7028543 0.4735568 -0.6508286 0.5933935 0.4736098 -0.7489135 0.4636681 0.4734348 -0.8213448 0.3181543 0.4734665 -0.8657995 0.1618753 0.4734845 0 0 1 0 -1 0 0 -1 0 0 -1 0 0 -1 0 0 -1 0 0 -1 0 1 0 0 1 0 0 1 0 0 1 0 0 1 0 0 1 0 0 1 0 0 0 0 1 0 0 1 -1 0 0 -1 0 0 -1 0 0 -1 0 0 -1 0 0 -1 0 0 1 0 0 1 0 0 1 0 0 1 0 0 1 0 0 1 0 0 0 -1 0 0 -1 0 0 -1 0 0 -1 0 0 -1 0 0 -1 0 1 0 0 1 0 0 1 0 0 1 0 0 1 0 0 1 0 0 0 1 0 0 1 0 0 1 0 0 1 0 0 1 0 0 1 0 0 -1 0 0 -1 0 0 -1 0 0 -1 0 0 -1 0 0 -1 0 -1 0 0 -1 0 0 -1 0 0 -1 0 0 -1 0 0 -1 0 0 0 1 0 0 1 0 0 1 0 0 1 0 0 1 0 0 1 0 -0.9999077 -7.45705e-07 -0.01358627 -0.9660211 -0.2579775 -0.0158397 -0.8641364 -0.5031125 -0.01208396 -0.7096481 -0.7044401 -0.01279549 -0.4984831 -0.866768 -0.01509702 -0.260045 -0.9655027 -0.01346204 4.003313e-16 -0.9998712 -0.01605174 0.2632643 -0.9646755 -0.009646614 0.4958202 -0.8683424 -0.01199357 0.7088853 -0.7051865 -0.01391431 0.8646727 -0.50216 -0.01328256 0.9660211 -0.2579775 -0.0158397 0.9999077 -7.45705e-07 -0.01358627 0.966018 0.2579899 -0.01582398 0.8641418 0.5031042 -0.01204807 0.709674 0.7044146 -0.01276112 0.4984318 0.8667975 -0.0150946 0.2600199 0.9655087 -0.01351182 4.092286e-16 0.9998702 -0.01611174 -0.2632355 0.9646828 -0.009700792 -0.4957719 0.86837 -0.0119947 -0.7089147 0.7051577 -0.01387481 -0.8646757 0.5021559 -0.01324143 -0.966018 0.2579899 -0.01582398 -1 0 0 -1 0 0 -1 0 0 -1 0 0 -1 0 0 -1 0 0 -1 0 0 0 0 1 0 1 0 0 1 0 0 1 0 0 1 0 0 1 0 0 1 0 -1 0 0 -1 0 0 -1 0 0 -1 0 0 -1 0 0 -1 0 0 -1 0 0 0 -1 0 0 -1 0 0 -1 0 0 -1 0 0 -1 0 0 -1 0 0.0201484 0.04585098 0.9987451 0.009075172 0.03580266 0.9993177 0 0 1 0.02467339 0.04953871 0.9984674 0.04406965 0.0229922 0.9987638 0.05113161 0.02035599 0.9984844 0.04704932 0.02912469 0.9984679 0.04089985 0.03728043 0.9984675 0.03334146 0.04416063 0.9984679 0 1 0 0 1 0 0 1 0 0 1 0 0 1 0 0 1 0 -1 0 0 -1 0 0 -1 0 0 -1 0 0 -1 0 0 -1 0 0 1 0 0 1 0 0 1 0 0 1 0 0 1 0 0 1 0 0 0 1 0 0 1 0 0 1 0 0 1 0 0 1 0 0 1 0 0 -1 0 0 -1 0 0 -1 0 0 -1 0 0 -1 0 0 -1 0 1 0 0 1 0 0 1 0 0 1 0 0 1 0 0 1 0 0 0 1 0 0 1 0 0 1 0 0 1 0 0 1 0 0 1 0 -0.02014646 -0.04585491 0.9987449 -0.009075172 -0.03580266 0.9993177 0 0 1 -0.02467835 -0.04955316 0.9984666 -0.04407036 -0.02299207 0.9987638 -0.05113871 -0.02035969 0.998484 -0.04705428 -0.02913641 0.9984673 -0.040942 -0.03730721 0.9984648 -0.03334939 -0.0441715 0.9984672 -0.04780655 0.02251798 0.9986028 -0.03671414 0.01114299 0.9992637 0 0 1 -0.04704519 0.02912532 0.9984681 -0.02497064 0.04912379 0.9984805 -0.0165862 0.05172845 0.9985234 -0.02466977 0.04953862 0.9984675 -0.03335038 0.04415739 0.9984678 -0.04091546 0.03730316 0.998466 1 0 0 1 0 0 1 0 0 1 0 0 1 0 0 1 0 0 1 0 0 0 0 1 0.02497627 -0.04912785 0.9984802 0.01658424 -0.05173547 0.9985231 0.04091262 -0.03729636 0.9984664 0.04704966 -0.02912558 0.9984678 0.04781417 -0.02252284 0.9986023 0.03671316 -0.01114067 0.9992637 0.02467573 -0.04955474 0.9984665 0.03335144 -0.04416986 0.9984672 -0.9999077 7.45705e-07 -0.01358627 -0.966018 -0.2579899 -0.01582398 -0.981971 -0.1815529 0.05264422 -0.8641418 -0.5031042 -0.01204807 -0.9307995 -0.3616398 0.05318759 -0.960216 -0.2732207 0.0577558 -0.672574 -0.7378743 0.05644213 -0.7405442 -0.6701199 0.05033379 -0.709674 -0.7044146 -0.01276112 -0.8476776 -0.5280951 0.05058046 -0.8939579 -0.4447183 0.05536119 -0.6019662 -0.7967346 0.05339142 -0.4984318 -0.8667975 -0.0150946 -0.5255317 -0.84885 0.05718465 -0.4429234 -0.8950522 0.05196603 -0.2600199 -0.9655087 -0.01351182 -0.2743883 -0.9602113 0.05201316 4.092286e-16 -0.9998702 -0.01611174 -0.09355092 -0.9942034 0.05298877 -0.1834114 -0.9815571 0.05390558 0.2632355 -0.9646828 -0.009700792 0.09355092 -0.9942034 0.05298877 0 -0.9983253 0.05784939 0.5255354 -0.8488472 0.05719204 0.4408133 -0.8962713 0.04879906 0.4957719 -0.86837 -0.0119947 0.2766533 -0.9597001 0.04938358 0.1834114 -0.9815571 0.05390558 0.6019743 -0.7967276 0.05340486 0.7089147 -0.7051577 -0.01387481 0.6725588 -0.7378861 0.05646836 0.7399577 -0.6706928 0.05132068 0.8646757 -0.5021559 -0.01324143 0.8480631 -0.5273861 0.05150714 0.966018 -0.2579899 -0.01582398 0.9308143 -0.3615963 0.05322436 0.8939579 -0.4447183 0.05536119 0.9999077 7.45705e-07 -0.01358627 0.9819729 -0.1815394 0.05265512 0.9601896 -0.2732856 0.05788793 0.9660211 0.2579775 -0.0158397 0.9819566 0.1816327 0.05263814 0.9986387 -1.929973e-05 0.05216132 0.8641364 0.5031125 -0.01208396 0.9308141 0.3615888 0.05327906 0.9602037 0.2732688 0.05773282 0.6724943 0.7379446 0.05647201 0.7404204 0.6702484 0.05044575 0.7096481 0.7044401 -0.01279549 0.8476515 0.528141 0.05053709 0.8939598 0.4447138 0.05536746 0.6019588 0.7967522 0.05321235 0.4984831 0.866768 -0.01509702 0.5254898 0.8488778 0.05715752 0.4428537 0.895095 0.05182267 0.260045 0.9655027 -0.01346204 0.2739176 0.9603486 0.05195972 4.270201e-16 0.9998712 -0.01605174 0.09354598 0.9942125 0.05282577 0.1829079 0.9816566 0.05380576 -0.2632643 0.9646755 -0.009646614 -0.09354598 0.9942125 0.05282577 0 0.9983354 0.05767444 -0.5254496 0.8489081 0.05707622 -0.4407309 0.8963194 0.04866063 -0.4958202 0.8683424 -0.01199357 -0.2761957 0.9598343 0.04933551 -0.1829079 0.9816566 0.05380576 -0.6020308 0.7966966 0.05323061 -0.7088853 0.7051865 -0.01391431 -0.6724315 0.7379936 0.05658088 -0.7398469 0.6708045 0.05145679 -0.8646727 0.50216 -0.01328256 -0.8480248 0.5274494 0.05148785 -0.9660211 0.2579775 -0.0158397 -0.9308172 0.3615797 0.0532868 -0.8939598 0.4447138 0.05536746 -0.9986387 7.363498e-06 0.05216088 -0.9819584 0.1816198 0.0526486 -0.9601981 0.2732825 0.05776062 -1 0 0 -1 0 0 -1 0 0 -1 0 0 -1 0 0 -1 0 0 0.1346749 -0.02873486 0.9904731 -0.1346735 0.0287347 0.9904733 0.0348817 0.1371672 0.9899335 -0.7199368 0.6563517 0.2255956 -0.8283666 0.512813 0.2254586 -0.9084665 0.3519161 0.2254853 -0.9576367 0.1790768 0.2255291 -0.5871508 0.7774846 0.2253254 -0.4341957 0.8721558 0.2254292 -0.2666751 0.9370798 0.2253129 -0.08987272 0.9701239 0.2253497 0.08991105 0.9701126 0.2253831 0.2665702 0.9371053 0.225331 0.4342868 0.872112 0.2254233 0.828338 0.5128588 0.2254593 0.7199588 0.6563107 0.2256446 0.58707 0.777534 0.2253657 0.9084781 0.3519021 0.2254607 0.9576463 -0.1790325 0.2255235 0.9742598 -1.069427e-05 0.2254282 0.9576343 0.179071 0.2255439 0.9084678 -0.351956 0.2254179 0.8283947 -0.512778 0.2254349 0.7199421 -0.6563528 0.2255755 0.2666328 -0.9370544 0.2254686 0.4342407 -0.8721338 0.2254276 0.5871222 -0.7774759 0.2254301 0.08990647 -0.9700992 0.2254428 -0.0899115 -0.9700977 0.2254472 -0.2666034 -0.9370607 0.225477 -0.434272 -0.8721141 0.2254435 -0.8283359 -0.5128773 0.2254251 -0.7200094 -0.6562753 0.2255865 -0.5870841 -0.7775035 0.225434 -0.9084712 -0.3519474 0.2254178 -0.9742601 -4.621964e-07 0.2254267 -0.957641 -0.1790275 0.2255501 0.1304414 0.03316255 0.9909012 0.218277 0.08626257 0.9720668 0.2539436 0.04200646 0.9663064 0.19888 0.1231152 0.9722599 0.1729137 0.1576546 0.9722376 0.1409654 0.1866783 0.9722551 0.1042714 0.2093998 0.9722547 0.07167617 0.2287226 0.9708494 0.01862937 0.2428088 0.9698953 0 0.1189192 0.9929039 -0.01862242 0.2428043 0.9698965 0 0.1189192 0.9929039 -0.04362797 0.1293872 0.9906339 -0.0698091 0.2268943 0.9714143 -0.1042788 0.209397 0.9722545 -0.1409694 0.1866709 0.9722559 -0.1728788 0.1576033 0.9722521 -0.1988523 0.1231724 0.9722584 -0.2193604 0.08829508 0.9716404 -0.2555691 0.04486766 0.9657491 -0.1491333 0.006359545 0.9887967 -0.238157 -0.001896193 0.9712248 -0.1136121 -0.004383212 0.9935155 -0.2539408 -0.0420056 0.9663072 -0.1547181 0 0.9879587 -0.1304418 -0.03316414 0.9909011 -0.2182643 -0.08625552 0.9720703 0.01863978 -0.2428421 0.9698867 0 -0.1189023 0.992906 -0.01863823 -0.2428411 0.969887 -0.03489912 -0.1371856 0.9899304 -0.07167591 -0.2287293 0.9708478 -0.1988532 -0.1231443 0.9722617 -0.1728742 -0.1575957 0.9722541 -0.140975 -0.1866581 0.9722576 -0.1042752 -0.2094083 0.9722525 0.06980643 -0.2269091 0.971411 0.04364585 -0.1294039 0.9906309 0 -0.1189023 0.992906 0.219346 -0.08829367 0.9716437 0.1988475 -0.123146 0.9722627 0.1729415 -0.157616 0.9722389 0.1409366 -0.186673 0.9722603 0.1042838 -0.2094088 0.9722514 0.1547181 0 0.9879587 0.1136121 0.004383212 0.9935155 0.2381566 0.001896636 0.9712249 0.1491333 -0.006359545 0.9887967 0.2555643 -0.04486413 0.9657505 -0.4834825 -1.27634e-05 0.875354 -0.4752239 -0.08881795 0.8753706 -0.4508712 -0.1746314 0.8753394 -0.4111032 -0.25458 0.8753189 -0.3573245 -0.3257417 0.8753351 -0.2914368 -0.3859097 0.8752933 -0.2155524 -0.4328828 0.8752997 -0.1323471 -0.4651326 0.8752919 -0.04460651 -0.4815053 0.8753073 0.04459666 -0.4814982 0.8753117 0.132362 -0.4651272 0.8752925 0.2155408 -0.4328835 0.8753023 0.2914552 -0.3859173 0.8752838 0.3573518 -0.3257907 0.8753057 0.4111231 -0.2545735 0.8753114 0.4509016 -0.1746239 0.8753252 0.4751966 -0.08884952 0.8753822 0.4834841 1.40109e-05 0.8753532 0.4752165 0.08881532 0.8753749 0.4508591 0.174607 0.8753505 0.4111462 0.2546028 0.8752921 0.3573533 0.3257334 0.8753264 0.2914275 0.3859242 0.87529 0.2155671 0.4328715 0.8753017 0.1323791 0.4651151 0.8752963 0.04458179 0.4815805 0.8752672 -0.044599 0.4815971 0.8752572 -0.1323775 0.4651451 0.8752807 -0.2155555 0.4328774 0.8753016 -0.2914744 0.3859158 0.875278 -0.3572857 0.3257407 0.8753513 -0.4111639 0.2545702 0.8752933 -0.4508935 0.1746163 0.8753309 -0.4751847 0.08884819 0.8753888 -0.7112834 4.740049e-06 0.7029053 -0.6991851 -0.1307013 0.7028921 -0.6633101 -0.2569538 0.7028474 -0.6047321 -0.374456 0.7029095 -0.5256327 -0.4792137 0.7028973 -0.428646 -0.5676277 0.702895 -0.3170462 -0.6367179 0.7029025 -0.1946578 -0.6841374 0.7028971 -0.06564564 -0.708242 0.7029111 0.06564155 -0.7082492 0.7029041 0.1946676 -0.6841367 0.702895 0.3170449 -0.6367238 0.7028978 0.428638 -0.5676199 0.7029062 0.5256338 -0.4792057 0.7029019 0.604709 -0.3744702 0.7029218 0.6632862 -0.2569163 0.7028836 0.6991998 -0.1307055 0.7028767 0.7112817 -8.696535e-06 0.7029071 0.6991802 0.1307154 0.7028944 0.6632974 0.2569792 0.7028501 0.6047164 0.3744037 0.7029508 0.5256213 0.4791755 0.7029318 0.4286173 0.5676814 0.7028691 0.3170832 0.636743 0.7028631 0.1946636 0.6841545 0.7028789 0.06556284 0.708307 0.7028532 -0.06557283 0.7082934 0.7028661 -0.1946352 0.6841339 0.7029068 -0.3170945 0.6367339 0.7028663 -0.4286177 0.5676608 0.7028856 -0.525626 0.4791865 0.7029207 -0.6046915 0.3744299 0.7029583 -0.6632575 0.2569321 0.7029049 -0.6991969 0.1307175 0.7028774 -0.880791 7.221424e-06 0.4735053 -0.8658088 -0.1618937 0.4734613 -0.8213282 -0.3181168 0.4735206 -0.7488763 -0.4637226 0.4734402 -0.6508748 -0.5933597 0.4735887 -0.5307707 -0.7028607 0.4735708 -0.3925671 -0.788423 0.4735824 -0.2410419 -0.8471403 0.4735527 -0.08127856 -0.8770029 0.4735606 0.08127498 -0.877 0.4735667 0.2410542 -0.8471379 0.4735507 0.3925497 -0.7884268 0.4735904 0.5307916 -0.7028543 0.4735568 0.6508286 -0.5933935 0.4736098 0.7489135 -0.4636681 0.4734348 0.8213448 -0.3181543 0.4734665 0.8657995 -0.1618753 0.4734845 0.8807924 -1.087872e-05 0.4735026 0.8658049 0.1618833 0.4734719 0.8213331 0.3181335 0.4735009 0.7488673 0.4636596 0.4735162 0.6508663 0.5934334 0.473508 0.5307369 0.7028741 0.4735888 0.3926109 0.7883587 0.4736531 0.2410212 0.8471498 0.4735462 0.08121321 0.8769343 0.4736989 -0.08116445 0.8769235 0.4737273 -0.2411004 0.8471365 0.4735297 -0.3925781 0.7883889 0.47363 -0.5307221 0.7028721 0.4736084 -0.650863 0.5934014 0.4735527 -0.7488689 0.4636685 0.473505 -0.8213695 0.3181364 0.4734357 -0.865797 0.1618771 0.4734886 0 -1 0 0 -1 0 0 -1 0 0 -1 0 0 -1 0 0 -1 0 -1 -3.334023e-06 0 -1 -3.334023e-06 0 -0.9238543 -0.3827444 0 -0.9238543 -0.3827444 0 -0.7071068 -0.7071068 0 -0.7071068 -0.7071068 0 -0.3827444 -0.9238543 0 -0.3827444 -0.9238543 0 0 -1 0 0 -1 0 0.3827444 -0.9238543 0 0.3827444 -0.9238543 0 0.7071068 -0.7071068 0 0.7071068 -0.7071068 0 0.9238543 -0.3827444 0 0.9238543 -0.3827444 0 1 -3.334023e-06 0 1 -3.334023e-06 0 0.9238628 0.3827238 0 0.9238628 0.3827238 0 0.7071001 0.7071134 0 0.7071001 0.7071134 0 0.3827027 0.9238716 0 0.3827027 0.9238716 0 0 1 0 0 1 0 -0.3827027 0.9238716 0 -0.3827027 0.9238716 0 -0.7071001 0.7071134 0 -0.7071001 0.7071134 0 -0.9238628 0.3827238 0 -0.9238628 0.3827238 0 -1 -3.333484e-06 0 -1 -3.333484e-06 0 -0.9238716 -0.3827027 0 -0.9238716 -0.3827027 0 -0.7071134 -0.7071001 0 -0.7071134 -0.7071001 0 -0.3827238 -0.9238628 0 -0.3827238 -0.9238628 0 -5.765133e-16 -1 0 -5.584973e-16 -1 0 0.3827238 -0.9238628 0 0.3827238 -0.9238628 0 0.7071134 -0.7071001 0 0.7071134 -0.7071001 0 0.9238716 -0.3827027 0 0.9238716 -0.3827027 0 1 -3.333484e-06 0 1 -3.333484e-06 0 0.9238801 0.3826821 0 0.9238801 0.3826821 0 0.7071068 0.7071068 0 0.7071068 0.7071068 0 0.3826821 0.9238801 0 0.3826821 0.9238801 0 -5.765095e-16 1 0 -5.945254e-16 1 0 -0.3826821 0.9238801 0 -0.3826821 0.9238801 0 -0.7071068 0.7071068 0 -0.7071068 0.7071068 0 -0.9238801 0.3826821 0 -0.9238801 0.3826821 0 -1 3.333484e-06 0 -1 3.333484e-06 0 -0.9238801 -0.3826821 0 -0.9238801 -0.3826821 0 -0.7071068 -0.7071068 0 -0.7071068 -0.7071068 0 -0.3826821 -0.9238801 0 -0.3826821 -0.9238801 0 -5.945254e-16 -1 0 -5.765095e-16 -1 0 0.3826821 -0.9238801 0 0.3826821 -0.9238801 0 0.7071068 -0.7071068 0 0.7071068 -0.7071068 0 0.9238801 -0.3826821 0 0.9238801 -0.3826821 0 1 3.333484e-06 0 1 3.333484e-06 0 0.9238716 0.3827027 0 0.9238716 0.3827027 0 0.7071134 0.7071001 0 0.7071134 0.7071001 0 0.3827238 0.9238628 0 0.3827238 0.9238628 0 -5.765133e-16 1 0 -5.765133e-16 1 0 -0.3827238 0.9238628 0 -0.3827238 0.9238628 0 -0.7071134 0.7071001 0 -0.7071134 0.7071001 0 -0.9238716 0.3827027 0 -0.9238716 0.3827027 0 -1 3.334023e-06 0 -1 3.334023e-06 0 -0.9238628 -0.3827238 0 -0.9238628 -0.3827238 0 -0.7071001 -0.7071134 0 -0.7071001 -0.7071134 0 -0.3827027 -0.9238716 0 -0.3827027 -0.9238716 0 0 -1 0 0 -1 0 0.3827027 -0.9238716 0 0.3827027 -0.9238716 0 0.7071001 -0.7071134 0 0.7071001 -0.7071134 0 0.9238628 -0.3827238 0 0.9238628 -0.3827238 0 1 3.334023e-06 0 1 3.334023e-06 0 0.9238543 0.3827444 0 0.9238543 0.3827444 0 0.7071068 0.7071068 0 0.7071068 0.7071068 0 0.3827444 0.9238543 0 0.3827444 0.9238543 0 0 1 0 0 1 0 -0.3827444 0.9238543 0 -0.3827444 0.9238543 0 -0.7071068 0.7071068 0 -0.7071068 0.7071068 0 -0.9238543 0.3827444 0 -0.9238543 0.3827444 0 -0.9570006 0.1355555 -0.2564654 -0.9545351 0.1771166 -0.2397759 -0.9109447 0.3129901 -0.2687321 -0.8851782 0.3824063 -0.265 -0.821636 0.4998838 -0.2739168 -0.6798763 0.6811454 -0.2716783 -0.3506726 0.911528 -0.2148149 -0.4719015 0.8636249 -0.1773727 -0.7456084 0.6145624 -0.2576454 -0.364444 0.8784302 -0.3090969 -0.213629 0.9359726 -0.2798533 -0.2478935 0.9358121 -0.2506083 0 0 1 0 0 1 0 0 1 0 0 1 0 0 1 0 0 1 0 0 1 0 0 1 0 0 1 0 0 1 0 0 1 0 0 1 0 0 1 0 0 1 0 0 1 0 0 1 -0.9659603 -2.120487e-05 -0.2586905 -0.9684642 0.004618405 -0.2491099 -0.9784026 -0.0261163 -0.2050518 -0.9463986 -0.3110757 -0.08695695 -0.9426344 -0.3338268 0 -0.7788393 -0.6122658 -0.1361612 -0.5636459 -0.8233935 -0.06577599 -0.5149791 -0.8572027 0 -0.3592746 -0.9323994 -0.03940901 -0.04074817 -0.9976435 -0.05520066 -0.2207272 -0.9747123 -0.03486249 0.2771015 -0.956012 -0.09620715 0.1799445 -0.9819159 -0.05883159 0.006918454 -0.9996178 -0.02676663 -0.0002108382 -0.9658186 -0.2592189 -1 1.000145e-05 0 -1 1.000145e-05 0 -0.7070968 -0.7071168 0 -0.7070968 -0.7071168 0 -2.295091e-15 -1 0 -2.275965e-15 -1 0 0.7070968 -0.7071168 0 0.7070968 -0.7071168 0 1 1.000145e-05 0 1 1.000145e-05 0 0.7071068 0.7071068 0 0.7071068 0.7071068 0 -2.333389e-15 1 0 -2.352515e-15 1 0 -0.7071068 0.7071068 0 -0.7071068 0.7071068 0 1 1.000049e-05 0 1 1.000049e-05 0 0.7071068 -0.7071068 0 0.7071068 -0.7071068 0 -2.677584e-16 -1 0 -2.677584e-16 -1 0 -0.7071068 -0.7071068 0 -0.7071068 -0.7071068 0 -1 1.000049e-05 0 -1 1.000049e-05 0 -0.7071168 0.7070968 0 -0.7071168 0.7070968 0 -3.060157e-16 1 0 -3.060157e-16 1 0 0.7071168 0.7070968 0 0.7071168 0.7070968 0 -1 -1.000145e-05 0 -1 -1.000145e-05 0 -0.7071068 -0.7071068 0 -0.7071068 -0.7071068 0 -2.333389e-15 -1 0 -2.333389e-15 -1 0 0.7071068 -0.7071068 0 0.7071068 -0.7071068 0 1 -1.000145e-05 0 1 -1.000145e-05 0 0.7070968 0.7071168 0 0.7070968 0.7071168 0 -2.256839e-15 1 0 -2.275965e-15 1 0 -0.7070968 0.7071168 0 -0.7070968 0.7071168 0 1 -1.000049e-05 0 1 -1.000049e-05 0 0.7071168 -0.7070968 0 0.7071168 -0.7070968 0 -3.060157e-16 -1 0 -3.060157e-16 -1 0 -0.7071168 -0.7070968 0 -0.7071168 -0.7070968 0 -1 -1.000049e-05 0 -1 -1.000049e-05 0 -0.7071068 0.7071068 0 -0.7071068 0.7071068 0 -2.677584e-16 1 0 -2.677584e-16 1 0 0.7071068 0.7071068 0 0.7071068 0.7071068 0 -0.19789 -0.9402356 -0.2771221 -0.1886336 -0.948621 -0.2540385 0 0 1 0 0 1 0 0 1 0 0 1 0 0 1 0 0 1 0 0 1 0 0 1 0 0 1 0 0 1 0 0 1 0 0 1 0 0 1 0 0 1 0 0 1 0 0 1 -0.9570006 -0.1355555 -0.2564654 -0.929938 -0.3227846 -0.1761403 0.2316546 0.9712584 -0.05471119 0.2882349 0.9531737 -0.09154506 -0.0008639496 0.9979437 -0.06409116 0.1236901 0.9922399 -0.01267527 -0.2882349 0.9531737 -0.09154506 -0.1933855 0.97962 -0.05428337 -0.02353264 0.9994311 -0.02415838 -6.950512e-05 0.9659551 -0.2587097 -0.7896023 0.577704 -0.2068487 -0.4766399 0.8787779 -0.02374596 -0.5653988 0.8231902 -0.05178902 -0.2207272 0.9747123 -0.03486249 -0.02120627 0.9997751 0 -0.04358362 0.9973682 -0.05794114 -0.3615127 0.9290408 -0.07868796 -0.8395635 0.5375703 -0.07842992 -0.9404512 0.3313918 -0.07570298 -0.9425273 0.3341292 0 -0.9777736 0.02458404 -0.2082174 -0.9689531 -0.005550074 -0.2471823 -0.9659684 6.499746e-06 -0.2586602 0.1085549 0.993988 -0.01427202 0.2195084 0.9738607 -0.05840674 0.2771015 0.956012 -0.09620715 1 0 0 1 0 0 1 0 0 1 0 0 1 0 0 1 0 0 1 0 0 1 0 0 1 0 0 0 0 1 0 0 1 0 0 1 0 0 1 0 0 1 0 0 1 0 0 1 0 0 1 0 0 1 0 0 1 0 0 1 0 0 1 0 0 1 0 0 1 0 0 1 0 0 1 0 0 1 0 0 1 0 0 1 0 0 1 0 0 1 0 0 1 0 0 1 0 0 1 0 0 1 0 0 1 0 0 1 0 0 1 0 0 1 0 0 1 0 0 1 0 0 1 0 0 1 0 0 1 0 0 1 0 0 1 0 0 1 0 0 1 0 0 1 0 0 1 0 0 1 0 0 1 0 0 -1 0 0 -1 0 0 -1 0 0 -1 0 0 -1 0 0 -1 0 0 -1 0 0 -1 0 0 -1 0 0 -1 0 0 -1 0 0 -1 0 0 -1 0 0 -1 0 0 -1 0 0 -1 0 0 -1 0 0 -1 0 0 -1 0 0 -1 0 0 -1 0 0 -1 0 0 -1 0 0 -1 0 0 -1 0 0 -1 0 0 -1 0 0 -1 0 0 -1 0 0 -1 0 0 -1 0 0 -1 0 0 -1 0 0 -1 0 0 -1 0 0 -1 0 0 1 0 0 1 0 0 1 0 0 1 0 0 1 0 0 1 0 0 1 0 0 1 0 0 1 0 0 1 0 0 1 0 0 1 0 0 1 0 0 1 0 0 1 0 0 1 0 0 1 0 0 1 0.638248 -0.7271156 -0.2528682 0.5567922 -0.793961 -0.2441483 0.5590711 -0.7908351 -0.249037 0.7074754 -0.6656891 -0.2373533 0.7137281 -0.6568749 -0.2431206 0.7098101 -0.6602295 -0.2454925 0.6361276 -0.7268796 -0.2588197 0.565329 0.7884302 -0.2424476 0.5609808 0.7895964 -0.2486727 0.6341311 0.7296013 -0.2560462 0.6355779 0.7285094 -0.2555677 0.7098101 0.6602295 -0.2454925 0.7137281 0.6568749 -0.2431206 0.7074754 0.6656891 -0.2373533 -0.3539257 -0.8960672 -0.2679555 -0.2087554 -0.9294402 -0.3042403 -0.4826787 -0.8346216 -0.2653829 -0.7415405 -0.634099 -0.2191714 -0.745541 -0.6146432 -0.2576479 -0.9186002 -0.3298615 -0.2176353 -0.2316546 -0.9712584 -0.05471119 -0.2882349 -0.9531737 -0.09154506 0.0008639496 -0.9979437 -0.06409116 -0.1236901 -0.9922399 -0.01267527 0.2882349 -0.9531737 -0.09154506 0.1933855 -0.97962 -0.05428337 0.02353264 -0.9994311 -0.02415838 6.950512e-05 -0.9659551 -0.2587097</float_array>
          <technique_common>
            <accessor count="1168" source="#normals-array-array" stride="3">
              <param type="float" name="X"/>
              <param type="float" name="Y"/>
              <param type="float" name="Z"/>
            </accessor>
          </technique_common>
        </source>
        <vertices id="verts-array-vertices">
          <input semantic="POSITION" source="#verts-array"/>
        </vertices>
        <triangles count="1588" material="material2">
          <input offset="0" semantic="VERTEX" source="#verts-array-vertices"/>
          <input offset="1" semantic="NORMAL" source="#normals-array"/>
          <p>0 0 1 1 2 2 3 3 4 4 5 5 6 6 7 7 8 8 9 9 10 10 11 11 12 12 11 11 10 10 11 11 12 12 13 13 14 14 13 13 12 12 13 13 14 14 15 15 16 16 15 15 14 14 15 15 16 16 17 17 18 18 19 19 20 20 21 21 20 20 19 19 20 20 21 21 22 22 23 23 22 22 21 21 22 22 23 23 16 16 24 24 16 16 23 23 16 16 24 24 17 17 25 25 26 26 18 18 27 27 18 18 26 26 18 18 27 27 19 19 28 28 29 29 25 25 30 30 25 25 29 29 25 25 30 30 26 26 31 31 32 32 33 33 34 34 33 33 32 32 33 33 34 34 35 35 36 36 35 35 34 34 35 35 36 36 28 28 37 37 28 28 36 36 28 28 37 37 29 29 31 31 33 33 38 38 39 39 38 38 33 33 38 38 39 39 40 40 41 41 40 40 39 39 40 40 41 41 42 42 43 43 42 42 41 41 42 42 43 43 44 44 44 44 43 43 45 45 46 46 45 45 43 43 45 45 46 46 47 47 47 47 46 46 48 48 49 49 48 48 46 46 48 48 49 49 50 50 51 51 50 50 49 49 50 50 51 51 52 52 53 53 52 52 51 51 52 52 53 53 54 54 55 55 56 56 57 57 58 58 57 57 56 56 57 57 58 58 59 59 60 60 59 59 58 58 59 59 60 60 61 61 62 62 61 61 60 60 61 61 62 62 53 53 63 63 53 53 62 62 53 53 63 63 54 54 55 55 57 57 64 64 65 65 64 64 57 57 64 64 65 65 66 66 67 67 66 66 65 65 66 66 67 67 68 68 69 69 68 68 67 67 68 68 69 69 70 70 70 70 69 69 71 71 72 72 71 71 69 69 71 71 72 72 73 73 73 73 72 72 74 74 75 75 74 74 72 72 74 74 75 75 76 76 76 76 75 75 77 77 78 78 77 77 75 75 77 77 78 78 79 79 80 80 79 79 78 78 79 79 80 80 81 81 82 82 83 83 84 84 85 85 84 84 83 83 84 84 85 85 86 86 87 87 86 86 85 85 86 86 87 87 80 80 88 88 80 80 87 87 80 80 88 88 81 81 89 89 90 90 82 82 91 91 82 82 90 90 82 82 91 91 83 83 9 9 92 92 10 10 93 93 10 10 92 92 10 10 93 93 94 94 95 95 94 94 93 93 94 94 95 95 96 96 97 97 96 96 95 95 96 96 97 97 89 89 98 98 89 89 97 97 89 89 98 98 90 90 99 99 100 100 101 101 101 101 100 100 102 102 99 99 101 101 103 103 104 104 103 103 101 101 103 103 104 104 105 105 106 106 105 105 104 104 105 105 106 106 107 107 108 108 107 107 106 106 107 107 108 108 109 109 110 110 109 109 108 108 109 109 110 110 111 111 112 112 111 111 110 110 111 111 112 112 8 8 8 8 112 112 6 6 113 113 6 6 112 112 6 6 113 113 114 114 115 115 114 114 113 113 114 114 115 115 116 116 116 116 115 115 117 117 118 118 117 117 115 115 117 117 118 118 119 119 119 119 118 118 120 120 121 121 120 120 118 118 120 120 121 121 122 122 123 123 122 122 121 121 122 122 123 123 124 124 125 125 124 124 123 123 124 124 125 125 126 126 127 127 126 126 125 125 126 126 127 127 128 128 129 129 128 128 127 127 128 128 129 129 5 5 5 5 129 129 3 3 130 130 3 3 129 129 3 3 130 130 131 131 132 132 131 131 130 130 131 131 132 132 133 133 134 134 133 133 132 132 133 133 134 134 135 135 135 135 134 134 136 136 137 137 136 136 134 134 136 136 137 137 138 138 139 139 140 140 141 141 142 142 141 141 140 140 141 141 142 142 143 143 138 138 137 137 144 144 145 145 144 144 137 137 144 144 145 145 146 146 147 147 146 146 145 145 146 146 147 147 148 148 149 149 148 148 147 147 148 148 149 149 150 150 151 151 150 150 149 149 150 150 151 151 152 152 143 143 152 152 151 151 152 152 143 143 153 153 142 142 153 153 143 143 153 153 142 142 154 154 155 155 156 156 139 139 157 157 139 139 156 156 139 139 157 157 140 140 158 158 159 159 160 160 161 161 160 160 159 159 160 160 161 161 162 162 163 163 162 162 161 161 162 162 163 163 164 164 165 165 164 164 163 163 164 164 165 165 166 166 167 167 166 166 165 165 166 166 167 167 155 155 168 168 155 155 167 167 155 155 168 168 156 156 100 100 169 169 102 102 170 170 102 102 169 169 102 102 170 170 171 171 172 172 171 171 170 170 171 171 172 172 173 173 0 0 173 173 172 172 173 173 0 0 158 158 2 2 158 158 0 0 158 158 2 2 159 159 132 132 174 174 134 134 175 175 134 134 174 174 134 134 175 175 137 137 176 176 137 137 175 175 137 137 176 176 145 145 177 177 145 145 176 176 145 145 177 177 147 147 178 178 147 147 177 177 147 147 178 178 149 149 179 179 149 149 178 178 149 149 179 179 151 151 180 180 151 151 179 179 151 151 180 180 143 143 181 181 143 143 180 180 143 143 181 181 141 141 182 182 141 141 181 181 141 141 182 182 139 139 183 183 139 139 182 182 139 139 183 183 155 155 184 184 155 155 183 183 155 155 184 184 166 166 185 185 166 166 184 184 166 166 185 185 164 164 186 186 164 164 185 185 164 164 186 186 162 162 187 187 162 162 186 186 162 162 187 187 160 160 188 188 160 160 187 187 160 160 188 188 158 158 189 189 158 158 188 188 158 158 189 189 173 173 190 190 173 173 189 189 173 173 190 190 171 171 191 191 171 171 190 190 171 171 191 191 102 102 192 192 102 102 191 191 102 102 192 192 101 101 193 193 101 101 192 192 101 101 193 193 104 104 194 194 104 104 193 193 104 104 194 194 106 106 195 195 106 106 194 194 106 106 195 195 108 108 196 196 108 108 195 195 108 108 196 196 110 110 197 197 110 110 196 196 110 110 197 197 112 112 198 198 112 112 197 197 112 112 198 198 113 113 199 199 113 113 198 198 113 113 199 199 115 115 200 200 115 115 199 199 115 115 200 200 118 118 201 201 118 118 200 200 118 118 201 201 121 121 202 202 121 121 201 201 121 121 202 202 123 123 203 203 123 123 202 202 123 123 203 203 125 125 204 204 125 125 203 203 125 125 204 204 127 127 205 205 127 127 204 204 127 127 205 205 129 129 206 206 129 129 205 205 129 129 206 206 130 130 207 207 130 130 206 206 130 130 207 207 132 132 174 174 132 132 207 207 174 174 208 208 175 175 209 209 175 175 208 208 175 175 209 209 176 176 210 210 176 176 209 209 176 176 210 210 177 177 211 211 177 177 210 210 177 177 211 211 178 178 212 212 178 178 211 211 178 178 212 212 179 179 213 213 179 179 212 212 179 179 213 213 180 180 214 214 180 180 213 213 180 180 214 214 181 181 215 215 181 181 214 214 181 181 215 215 182 182 216 216 182 182 215 215 182 182 216 216 183 183 217 217 183 183 216 216 183 183 217 217 184 184 218 218 184 184 217 217 184 184 218 218 185 185 219 219 185 185 218 218 185 185 219 219 186 186 220 220 186 186 219 219 186 186 220 220 187 187 221 221 187 187 220 220 187 187 221 221 188 188 222 222 188 188 221 221 188 188 222 222 189 189 223 223 189 189 222 222 189 189 223 223 190 190 224 224 190 190 223 223 190 190 224 224 191 191 225 225 191 191 224 224 191 191 225 225 192 192 226 226 192 192 225 225 192 192 226 226 193 193 227 227 193 193 226 226 193 193 227 227 194 194 228 228 194 194 227 227 194 194 228 228 195 195 229 229 195 195 228 228 195 195 229 229 196 196 230 230 196 196 229 229 196 196 230 230 197 197 231 231 197 197 230 230 197 197 231 231 198 198 232 232 198 198 231 231 198 198 232 232 199 199 233 233 199 199 232 232 199 199 233 233 200 200 234 234 200 200 233 233 200 200 234 234 201 201 235 235 201 201 234 234 201 201 235 235 202 202 236 236 202 202 235 235 202 202 236 236 203 203 237 237 203 203 236 236 203 203 237 237 204 204 238 238 204 204 237 237 204 204 238 238 205 205 239 239 205 205 238 238 205 205 239 239 206 206 240 240 206 206 239 239 206 206 240 240 207 207 241 241 207 207 240 240 207 207 241 241 174 174 208 208 174 174 241 241 208 208 242 242 209 209 243 243 209 209 242 242 209 209 243 243 210 210 244 244 210 210 243 243 210 210 244 244 211 211 245 245 211 211 244 244 211 211 245 245 212 212 246 246 212 212 245 245 212 212 246 246 213 213 247 247 213 213 246 246 213 213 247 247 214 214 248 248 214 214 247 247 214 214 248 248 215 215 249 249 215 215 248 248 215 215 249 249 216 216 250 250 216 216 249 249 216 216 250 250 217 217 251 251 217 217 250 250 217 217 251 251 218 218 252 252 218 218 251 251 218 218 252 252 219 219 253 253 219 219 252 252 219 219 253 253 220 220 254 254 220 220 253 253 220 220 254 254 221 221 255 255 221 221 254 254 221 221 255 255 222 222 256 256 222 222 255 255 222 222 256 256 223 223 257 257 223 223 256 256 223 223 257 257 224 224 258 258 224 224 257 257 224 224 258 258 225 225 259 259 225 225 258 258 225 225 259 259 226 226 260 260 226 226 259 259 226 226 260 260 227 227 261 261 227 227 260 260 227 227 261 261 228 228 262 262 228 228 261 261 228 228 262 262 229 229 263 263 229 229 262 262 229 229 263 263 230 230 264 264 230 230 263 263 230 230 264 264 231 231 265 265 231 231 264 264 231 231 265 265 232 232 266 266 232 232 265 265 232 232 266 266 233 233 267 267 233 233 266 266 233 233 267 267 234 234 268 268 234 234 267 267 234 234 268 268 235 235 269 269 235 235 268 268 235 235 269 269 236 236 270 270 236 236 269 269 236 236 270 270 237 237 271 271 237 237 270 270 237 237 271 271 238 238 272 272 238 238 271 271 238 238 272 272 239 239 273 273 239 239 272 272 239 239 273 273 240 240 274 274 240 240 273 273 240 240 274 274 241 241 275 275 241 241 274 274 241 241 275 275 208 208 242 242 208 208 275 275 242 242 94 94 243 243 96 96 243 243 94 94 243 243 96 96 244 244 89 89 244 244 96 96 244 244 89 89 245 245 82 82 245 245 89 89 245 245 82 82 246 246 84 84 246 246 82 82 246 246 84 84 247 247 86 86 247 247 84 84 247 247 86 86 248 248 80 80 248 248 86 86 248 248 80 80 249 249 78 78 249 249 80 80 249 249 78 78 250 250 75 75 250 250 78 78 250 250 75 75 251 251 72 72 251 251 75 75 251 251 72 72 252 252 69 69 252 252 72 72 252 252 69 69 253 253 67 67 253 253 69 69 253 253 67 67 254 254 65 65 254 254 67 67 254 254 65 65 255 255 57 57 255 255 65 65 255 255 57 57 256 256 59 59 256 256 57 57 256 256 59 59 257 257 61 61 257 257 59 59 257 257 61 61 258 258 53 53 258 258 61 61 258 258 53 53 259 259 51 51 259 259 53 53 259 259 51 51 260 260 49 49 260 260 51 51 260 260 49 49 261 261 46 46 261 261 49 49 261 261 46 46 262 262 43 43 262 262 46 46 262 262 43 43 263 263 41 41 263 263 43 43 263 263 41 41 264 264 39 39 264 264 41 41 264 264 39 39 265 265 33 33 265 265 39 39 265 265 33 33 266 266 35 35 266 266 33 33 266 266 35 35 267 267 28 28 267 267 35 35 267 267 28 28 268 268 25 25 268 268 28 28 268 268 25 25 269 269 18 18 269 269 25 25 269 269 18 18 270 270 20 20 270 270 18 18 270 270 20 20 271 271 22 22 271 271 20 20 271 271 22 22 272 272 16 16 272 272 22 22 272 272 16 16 273 273 14 14 273 273 16 16 273 273 14 14 274 274 12 12 274 274 14 14 274 274 12 12 275 275 10 10 275 275 12 12 275 275 10 10 242 242 94 94 242 242 10 10 8 8 7 7 276 276 99 99 103 103 276 276 105 105 276 276 103 103 276 276 105 105 107 107 107 107 109 109 276 276 111 111 276 276 109 109 276 276 111 111 8 8 277 277 278 278 279 279 280 280 279 279 278 278 279 279 280 280 281 281 282 282 281 281 280 280 283 283 284 284 285 285 286 286 287 287 288 288 286 286 288 288 285 285 289 289 285 285 288 288 285 285 289 289 283 283 153 153 154 154 290 290 153 153 290 290 152 152 138 138 144 144 290 290 146 146 290 290 144 144 146 146 148 148 290 290 150 150 290 290 148 148 290 290 150 150 152 152 2 2 1 1 291 291 2 2 291 291 159 159 168 168 167 167 291 291 165 165 291 291 167 167 165 165 163 163 291 291 161 161 291 291 163 163 291 291 161 161 159 159 292 292 293 293 294 294 292 292 294 294 295 295 296 296 295 295 294 294 295 295 296 296 297 297 298 298 299 299 300 300 298 298 300 300 301 301 302 302 301 301 300 300 301 301 302 302 303 303 304 304 305 305 306 306 304 304 306 306 307 307 308 308 307 307 306 306 307 307 308 308 309 309 310 310 311 311 312 312 310 310 312 312 313 313 314 314 313 313 312 312 313 313 314 314 315 315 316 316 317 317 318 318 316 316 318 318 319 319 320 320 319 319 318 318 319 319 320 320 321 321 322 322 323 323 324 324 322 322 324 324 325 325 326 326 325 325 324 324 325 325 326 326 327 327 328 328 329 329 330 330 328 328 330 330 331 331 332 332 331 331 330 330 331 331 332 332 333 333 334 334 335 335 336 336 334 334 336 336 337 337 338 338 337 337 336 336 337 337 338 338 339 339 340 340 341 341 95 95 342 342 98 98 341 341 97 97 341 341 98 98 341 341 97 97 95 95 85 85 83 83 343 343 91 91 343 343 83 83 343 343 91 91 342 342 90 90 342 342 91 91 342 342 90 90 98 98 85 85 343 343 87 87 344 344 87 87 343 343 87 87 344 344 88 88 88 88 344 344 81 81 345 345 81 81 344 344 81 81 345 345 79 79 346 346 76 76 345 345 77 77 345 345 76 76 345 345 77 77 79 79 347 347 73 73 346 346 74 74 346 346 73 73 346 346 74 74 76 76 66 66 68 68 348 348 70 70 348 348 68 68 348 348 70 70 347 347 71 71 347 347 70 70 347 347 71 71 73 73 66 66 348 348 64 64 349 349 64 64 348 348 64 64 349 349 55 55 55 55 349 349 56 56 350 350 56 56 349 349 56 56 350 350 58 58 351 351 62 62 350 350 60 60 350 350 62 62 350 350 60 60 58 58 352 352 54 54 351 351 63 63 351 351 54 54 351 351 63 63 62 62 353 353 50 50 352 352 52 52 352 352 50 50 352 352 52 52 54 54 354 354 47 47 353 353 48 48 353 353 47 47 353 353 48 48 50 50 40 40 42 42 355 355 44 44 355 355 42 42 355 355 44 44 354 354 45 45 354 354 44 44 354 354 45 45 47 47 40 40 355 355 38 38 356 356 38 38 355 355 38 38 356 356 31 31 31 31 356 356 32 32 357 357 32 32 356 356 32 32 357 357 34 34 358 358 37 37 357 357 36 36 357 357 37 37 357 357 36 36 34 34 359 359 30 30 358 358 29 29 358 358 30 30 358 358 29 29 37 37 21 21 19 19 360 360 27 27 360 360 19 19 360 360 27 27 359 359 26 26 359 359 27 27 359 359 26 26 30 30 21 21 360 360 23 23 361 361 23 23 360 360 23 23 361 361 24 24 24 24 361 361 17 17 362 362 17 17 361 361 17 17 362 362 15 15 363 363 11 11 362 362 13 13 362 362 11 11 362 362 13 13 15 15 95 95 93 93 340 340 92 92 340 340 93 93 340 340 92 92 363 363 9 9 363 363 92 92 363 363 9 9 11 11 364 364 365 365 366 366 367 367 368 368 369 369 367 367 369 369 366 366 370 370 366 366 369 369 366 366 370 370 364 364 5 5 4 4 371 371 5 5 371 371 128 128 119 119 120 120 371 371 122 122 371 371 120 120 122 122 124 124 371 371 126 126 371 371 124 124 371 371 126 126 128 128 372 372 373 373 374 374 375 375 374 374 373 373 374 374 375 375 376 376 377 377 376 376 375 375 378 378 379 379 380 380 381 381 382 382 383 383 381 381 383 383 380 380 384 384 380 380 383 383 380 380 384 384 378 378 385 385 386 386 387 387 385 385 387 387 388 388 389 389 388 388 387 387 388 388 389 389 390 390 391 391 392 392 393 393 391 391 393 393 394 394 395 395 396 396 393 393 397 397 393 393 396 396 397 397 398 398 393 393 399 399 393 393 398 398 393 393 399 399 394 394 400 400 401 401 402 402 400 400 402 402 403 403 404 404 403 403 402 402 403 403 404 404 405 405 406 406 407 407 408 408 406 406 408 408 409 409 410 410 409 409 408 408 409 409 410 410 411 411 412 412 413 413 414 414 412 412 414 414 415 415 416 416 415 415 414 414 415 415 416 416 417 417 418 418 419 419 420 420 418 418 420 420 421 421 422 422 421 421 420 420 421 421 422 422 423 423 424 424 425 425 426 426 424 424 426 426 427 427 428 428 427 427 426 426 427 427 428 428 429 429 430 430 431 431 432 432 430 430 432 432 433 433 434 434 433 433 432 432 433 433 434 434 435 435 436 436 437 437 438 438 439 439 438 438 437 437 438 438 439 439 440 440 441 441 440 440 439 439 442 442 443 443 444 444 442 442 444 444 445 445 446 446 447 447 444 444 448 448 444 444 447 447 448 448 449 449 444 444 450 450 444 444 449 449 444 444 450 450 445 445 451 451 452 452 453 453 451 451 453 453 454 454 455 455 456 456 453 453 457 457 453 453 456 456 457 457 458 458 453 453 459 459 453 453 458 458 453 453 459 459 454 454 460 460 461 461 462 462 463 463 462 462 461 461 462 462 463 463 464 464 465 465 464 464 463 463 464 464 465 465 466 466 467 467 468 468 469 469 470 470 471 471 467 467 472 472 467 467 471 471 467 467 472 472 473 473 469 469 474 474 467 467 475 475 467 467 474 474 467 467 475 475 470 470 476 476 477 477 478 478 479 479 480 480 477 477 481 481 477 477 480 480 477 477 481 481 478 478 482 482 483 483 484 484 485 485 484 484 483 483 484 484 485 485 479 479 486 486 479 479 485 485 479 479 486 486 480 480 482 482 484 484 487 487 488 488 487 487 484 484 487 487 488 488 489 489 489 489 488 488 490 490 491 491 490 490 488 488 490 490 491 491 492 492 493 493 494 494 491 491 495 495 491 491 494 494 491 491 495 495 492 492 496 496 497 497 493 493 498 498 493 493 497 497 493 493 498 498 494 494 499 499 500 500 501 501 502 502 501 501 500 500 501 501 502 502 496 496 503 503 496 496 502 502 496 496 503 503 497 497 499 499 501 501 504 504 505 505 504 504 501 501 504 504 505 505 506 506 506 506 505 505 507 507 508 508 507 507 505 505 507 507 508 508 509 509 510 510 511 511 508 508 512 512 508 508 511 511 508 508 512 512 509 509 513 513 514 514 510 510 515 515 510 510 514 514 510 510 515 515 511 511 516 516 517 517 513 513 518 518 513 513 517 517 513 513 518 518 514 514 519 519 520 520 516 516 521 521 516 516 520 520 516 516 521 521 517 517 522 522 523 523 524 524 525 525 524 524 523 523 524 524 525 525 519 519 526 526 519 519 525 525 519 519 526 526 520 520 522 522 524 524 527 527 528 528 527 527 524 524 527 527 528 528 529 529 529 529 528 528 530 530 531 531 530 530 528 528 530 530 531 531 532 532 533 533 534 534 531 531 535 535 531 531 534 534 531 531 535 535 532 532 536 536 537 537 533 533 538 538 533 533 537 537 533 533 538 538 534 534 539 539 540 540 541 541 542 542 541 541 540 540 541 541 542 542 536 536 543 543 536 536 542 542 536 536 543 543 537 537 539 539 541 541 544 544 545 545 544 544 541 541 544 544 545 545 546 546 546 546 545 545 547 547 548 548 547 547 545 545 547 547 548 548 549 549 550 550 551 551 548 548 552 552 548 548 551 551 548 548 552 552 549 549 478 478 553 553 476 476 554 554 476 476 553 553 476 476 554 554 550 550 555 555 550 550 554 554 550 550 555 555 551 551 556 556 557 557 558 558 556 556 558 558 559 559 560 560 559 559 558 558 559 559 560 560 561 561 562 562 473 473 472 472 563 563 452 452 451 451 564 564 392 392 391 391 546 546 547 547 565 565 549 549 565 565 547 547 565 565 549 549 566 566 552 552 566 566 549 549 566 566 552 552 567 567 551 551 567 567 552 552 567 567 551 551 568 568 555 555 568 568 551 551 546 546 565 565 544 544 569 569 544 544 565 565 544 544 569 569 539 539 570 570 539 539 569 569 539 539 570 570 540 540 571 571 540 540 570 570 540 540 571 571 542 542 542 542 571 571 543 543 572 572 543 543 571 571 543 543 572 572 537 537 537 537 572 572 538 538 573 573 538 538 572 572 538 538 573 573 534 534 534 534 573 573 535 535 574 574 535 535 573 573 535 535 574 574 532 532 575 575 532 532 574 574 532 532 575 575 530 530 576 576 523 523 577 577 522 522 577 577 523 523 577 577 522 522 578 578 527 527 578 578 522 522 578 578 527 527 575 575 529 529 575 575 527 527 575 575 529 529 530 530 579 579 526 526 576 576 525 525 576 576 526 526 576 576 525 525 523 523 515 515 514 514 580 580 518 518 580 580 514 514 580 580 518 518 581 581 517 517 581 581 518 518 581 581 517 517 582 582 521 521 582 582 517 517 582 582 521 521 579 579 520 520 579 579 521 521 579 579 520 520 526 526 515 515 580 580 511 511 583 583 511 511 580 580 511 511 583 583 512 512 584 584 512 512 583 583 512 512 584 584 509 509 585 585 509 509 584 584 509 509 585 585 507 507 586 586 500 500 587 587 499 499 587 587 500 500 587 587 499 499 588 588 504 504 588 588 499 499 588 588 504 504 585 585 506 506 585 585 504 504 585 585 506 506 507 507 498 498 497 497 589 589 503 503 589 589 497 497 589 589 503 503 586 586 502 502 586 586 503 503 586 586 502 502 500 500 498 498 589 589 494 494 590 590 494 494 589 589 494 494 590 590 495 495 591 591 495 495 590 590 495 495 591 591 492 492 592 592 492 492 591 591 492 492 592 592 490 490 593 593 483 483 594 594 482 482 594 594 483 483 594 594 482 482 595 595 487 487 595 595 482 482 595 595 487 487 592 592 489 489 592 592 487 487 592 592 489 489 490 490 596 596 486 486 593 593 485 485 593 593 486 486 593 593 485 485 483 483 555 555 554 554 568 568 553 553 568 568 554 554 568 568 553 553 597 597 478 478 597 597 553 553 597 597 478 478 598 598 481 481 598 598 478 478 598 598 481 481 596 596 480 480 596 596 481 481 596 596 480 480 486 486 395 395 599 599 600 600 600 600 599 599 601 601 395 395 600 600 396 396 602 602 396 396 600 600 396 396 602 602 397 397 603 603 397 397 602 602 397 397 603 603 398 398 604 604 398 398 603 603 398 398 604 604 399 399 605 605 399 399 604 604 399 399 605 605 394 394 606 606 394 394 605 605 394 394 606 606 391 391 391 391 606 606 564 564 607 607 564 564 606 606 564 564 607 607 608 608 609 609 608 608 607 607 608 608 609 609 610 610 610 610 609 609 611 611 612 612 611 611 609 609 611 611 612 612 455 455 455 455 612 612 456 456 613 613 456 456 612 612 456 456 613 613 457 457 614 614 457 457 613 613 457 457 614 614 458 458 615 615 458 458 614 614 458 458 615 615 459 459 616 616 459 459 615 615 459 459 616 616 454 454 617 617 454 454 616 616 454 454 617 617 451 451 451 451 617 617 563 563 618 618 563 563 617 617 563 563 618 618 619 619 620 620 619 619 618 618 619 619 620 620 621 621 622 622 621 621 620 620 621 621 622 622 623 623 623 623 622 622 624 624 625 625 624 624 622 622 624 624 625 625 446 446 626 626 627 627 628 628 629 629 628 628 627 627 628 628 629 629 630 630 446 446 625 625 447 447 631 631 447 447 625 625 447 447 631 631 448 448 632 632 448 448 631 631 448 448 632 632 449 449 633 633 449 449 632 632 449 449 633 633 450 450 634 634 450 450 633 633 450 450 634 634 445 445 630 630 445 445 634 634 445 445 630 630 442 442 629 629 442 442 630 630 442 442 629 629 443 443 635 635 636 636 626 626 637 637 626 626 636 636 626 626 637 637 627 627 638 638 471 471 639 639 470 470 639 639 471 471 639 639 470 470 640 640 475 475 640 640 470 470 640 640 475 475 641 641 474 474 641 641 475 475 641 641 474 474 642 642 469 469 642 642 474 474 642 642 469 469 635 635 468 468 635 635 469 469 635 635 468 468 636 636 599 599 643 643 601 601 644 644 601 601 643 643 601 601 644 644 645 645 646 646 645 645 644 644 645 645 646 646 647 647 562 562 647 647 646 646 647 647 562 562 638 638 472 472 638 638 562 562 638 638 472 472 471 471 620 620 648 648 622 622 649 649 622 622 648 648 622 622 649 649 625 625 650 650 625 625 649 649 625 625 650 650 631 631 651 651 631 631 650 650 631 631 651 651 632 632 652 652 632 632 651 651 632 632 652 652 633 633 653 653 633 633 652 652 633 633 653 653 634 634 654 654 634 634 653 653 634 634 654 654 630 630 655 655 630 630 654 654 630 630 655 655 628 628 656 656 628 628 655 655 628 628 656 656 626 626 657 657 626 626 656 656 626 626 657 657 635 635 658 658 635 635 657 657 635 635 658 658 642 642 659 659 642 642 658 658 642 642 659 659 641 641 660 660 641 641 659 659 641 641 660 660 640 640 661 661 640 640 660 660 640 640 661 661 639 639 662 662 639 639 661 661 639 639 662 662 638 638 663 663 638 638 662 662 638 638 663 663 647 647 664 664 647 647 663 663 647 647 664 664 645 645 665 665 645 645 664 664 645 645 665 665 601 601 666 666 601 601 665 665 601 601 666 666 600 600 667 667 600 600 666 666 600 600 667 667 602 602 668 668 602 602 667 667 602 602 668 668 603 603 669 669 603 603 668 668 603 603 669 669 604 604 670 670 604 604 669 669 604 604 670 670 605 605 671 671 605 605 670 670 605 605 671 671 606 606 672 672 606 606 671 671 606 606 672 672 607 607 673 673 607 607 672 672 607 607 673 673 609 609 674 674 609 609 673 673 609 609 674 674 612 612 675 675 612 612 674 674 612 612 675 675 613 613 676 676 613 613 675 675 613 613 676 676 614 614 677 677 614 614 676 676 614 614 677 677 615 615 678 678 615 615 677 677 615 615 678 678 616 616 679 679 616 616 678 678 616 616 679 679 617 617 680 680 617 617 679 679 617 617 680 680 618 618 681 681 618 618 680 680 618 618 681 681 620 620 648 648 620 620 681 681 648 648 682 682 649 649 683 683 649 649 682 682 649 649 683 683 650 650 684 684 650 650 683 683 650 650 684 684 651 651 685 685 651 651 684 684 651 651 685 685 652 652 686 686 652 652 685 685 652 652 686 686 653 653 687 687 653 653 686 686 653 653 687 687 654 654 688 688 654 654 687 687 654 654 688 688 655 655 689 689 655 655 688 688 655 655 689 689 656 656 690 690 656 656 689 689 656 656 690 690 657 657 691 691 657 657 690 690 657 657 691 691 658 658 692 692 658 658 691 691 658 658 692 692 659 659 693 693 659 659 692 692 659 659 693 693 660 660 694 694 660 660 693 693 660 660 694 694 661 661 695 695 661 661 694 694 661 661 695 695 662 662 696 696 662 662 695 695 662 662 696 696 663 663 697 697 663 663 696 696 663 663 697 697 664 664 698 698 664 664 697 697 664 664 698 698 665 665 699 699 665 665 698 698 665 665 699 699 666 666 700 700 666 666 699 699 666 666 700 700 667 667 701 701 667 667 700 700 667 667 701 701 668 668 702 702 668 668 701 701 668 668 702 702 669 669 703 703 669 669 702 702 669 669 703 703 670 670 704 704 670 670 703 703 670 670 704 704 671 671 705 705 671 671 704 704 671 671 705 705 672 672 706 706 672 672 705 705 672 672 706 706 673 673 707 707 673 673 706 706 673 673 707 707 674 674 708 708 674 674 707 707 674 674 708 708 675 675 709 709 675 675 708 708 675 675 709 709 676 676 710 710 676 676 709 709 676 676 710 710 677 677 711 711 677 677 710 710 677 677 711 711 678 678 712 712 678 678 711 711 678 678 712 712 679 679 713 713 679 679 712 712 679 679 713 713 680 680 714 714 680 680 713 713 680 680 714 714 681 681 715 715 681 681 714 714 681 681 715 715 648 648 682 682 648 648 715 715 682 682 716 716 683 683 717 717 683 683 716 716 683 683 717 717 684 684 718 718 684 684 717 717 684 684 718 718 685 685 719 719 685 685 718 718 685 685 719 719 686 686 720 720 686 686 719 719 686 686 720 720 687 687 721 721 687 687 720 720 687 687 721 721 688 688 722 722 688 688 721 721 688 688 722 722 689 689 723 723 689 689 722 722 689 689 723 723 690 690 724 724 690 690 723 723 690 690 724 724 691 691 725 725 691 691 724 724 691 691 725 725 692 692 726 726 692 692 725 725 692 692 726 726 693 693 727 727 693 693 726 726 693 693 727 727 694 694 728 728 694 694 727 727 694 694 728 728 695 695 729 729 695 695 728 728 695 695 729 729 696 696 730 730 696 696 729 729 696 696 730 730 697 697 731 731 697 697 730 730 697 697 731 731 698 698 732 732 698 698 731 731 698 698 732 732 699 699 733 733 699 699 732 732 699 699 733 733 700 700 734 734 700 700 733 733 700 700 734 734 701 701 735 735 701 701 734 734 701 701 735 735 702 702 736 736 702 702 735 735 702 702 736 736 703 703 737 737 703 703 736 736 703 703 737 737 704 704 738 738 704 704 737 737 704 704 738 738 705 705 739 739 705 705 738 738 705 705 739 739 706 706 740 740 706 706 739 739 706 706 740 740 707 707 741 741 707 707 740 740 707 707 741 741 708 708 742 742 708 708 741 741 708 708 742 742 709 709 743 743 709 709 742 742 709 709 743 743 710 710 744 744 710 710 743 743 710 710 744 744 711 711 745 745 711 711 744 744 711 711 745 745 712 712 746 746 712 712 745 745 712 712 746 746 713 713 747 747 713 713 746 746 713 713 747 747 714 714 748 748 714 714 747 747 714 714 748 748 715 715 749 749 715 715 748 748 715 715 749 749 682 682 716 716 682 682 749 749 716 716 597 597 717 717 598 598 717 717 597 597 717 717 598 598 718 718 596 596 718 718 598 598 718 718 596 596 719 719 593 593 719 719 596 596 719 719 593 593 720 720 594 594 720 720 593 593 720 720 594 594 721 721 595 595 721 721 594 594 721 721 595 595 722 722 592 592 722 722 595 595 722 722 592 592 723 723 591 591 723 723 592 592 723 723 591 591 724 724 590 590 724 724 591 591 724 724 590 590 725 725 589 589 725 725 590 590 725 725 589 589 726 726 586 586 726 726 589 589 726 726 586 586 727 727 587 587 727 727 586 586 727 727 587 587 728 728 588 588 728 728 587 587 728 728 588 588 729 729 585 585 729 729 588 588 729 729 585 585 730 730 584 584 730 730 585 585 730 730 584 584 731 731 583 583 731 731 584 584 731 731 583 583 732 732 580 580 732 732 583 583 732 732 580 580 733 733 581 581 733 733 580 580 733 733 581 581 734 734 582 582 734 734 581 581 734 734 582 582 735 735 579 579 735 735 582 582 735 735 579 579 736 736 576 576 736 736 579 579 736 736 576 576 737 737 577 577 737 737 576 576 737 737 577 577 738 738 578 578 738 738 577 577 738 738 578 578 739 739 575 575 739 739 578 578 739 739 575 575 740 740 574 574 740 740 575 575 740 740 574 574 741 741 573 573 741 741 574 574 741 741 573 573 742 742 572 572 742 742 573 573 742 742 572 572 743 743 571 571 743 743 572 572 743 743 571 571 744 744 570 570 744 744 571 571 744 744 570 570 745 745 569 569 745 745 570 570 745 745 569 569 746 746 565 565 746 746 569 569 746 746 565 565 747 747 566 566 747 747 565 565 747 747 566 566 748 748 567 567 748 748 566 566 748 748 567 567 749 749 568 568 749 749 567 567 749 749 568 568 716 716 597 597 716 716 568 568 750 750 751 751 752 752 753 753 752 752 751 751 752 752 753 753 754 754 755 755 754 754 753 753 756 756 757 757 758 758 759 759 758 758 757 757 758 758 759 759 760 760 761 761 760 760 759 759 760 760 761 761 762 762 763 763 762 762 761 761 762 762 763 763 764 764 765 765 764 764 763 763 764 764 765 765 766 766 767 767 766 766 765 765 766 766 767 767 768 768 769 769 768 768 767 767 768 768 769 769 770 770 771 771 770 770 769 769 770 770 771 771 772 772 773 773 772 772 771 771 772 772 773 773 774 774 775 775 774 774 773 773 774 774 775 775 776 776 777 777 776 776 775 775 776 776 777 777 778 778 779 779 778 778 777 777 778 778 779 779 780 780 781 781 780 780 779 779 780 780 781 781 782 782 783 783 782 782 781 781 782 782 783 783 784 784 785 785 784 784 783 783 784 784 785 785 786 786 787 787 786 786 785 785 786 786 787 787 756 756 757 757 756 756 787 787 788 788 789 789 790 790 791 791 790 790 789 789 790 790 791 791 792 792 793 793 792 792 791 791 792 792 793 793 794 794 795 795 794 794 793 793 794 794 795 795 796 796 797 797 796 796 795 795 796 796 797 797 798 798 799 799 798 798 797 797 798 798 799 799 800 800 801 801 800 800 799 799 800 800 801 801 802 802 803 803 802 802 801 801 802 802 803 803 804 804 805 805 804 804 803 803 804 804 805 805 806 806 807 807 806 806 805 805 806 806 807 807 808 808 809 809 808 808 807 807 808 808 809 809 810 810 811 811 810 810 809 809 810 810 811 811 812 812 813 813 812 812 811 811 812 812 813 813 814 814 815 815 814 814 813 813 814 814 815 815 816 816 817 817 816 816 815 815 816 816 817 817 818 818 819 819 818 818 817 817 818 818 819 819 788 788 789 789 788 788 819 819 820 820 821 821 822 822 823 823 822 822 821 821 822 822 823 823 824 824 825 825 824 824 823 823 824 824 825 825 826 826 827 827 826 826 825 825 826 826 827 827 828 828 829 829 828 828 827 827 828 828 829 829 830 830 831 831 830 830 829 829 830 830 831 831 832 832 833 833 832 832 831 831 832 832 833 833 834 834 835 835 834 834 833 833 834 834 835 835 836 836 837 837 836 836 835 835 836 836 837 837 838 838 839 839 838 838 837 837 838 838 839 839 840 840 841 841 840 840 839 839 840 840 841 841 842 842 843 843 842 842 841 841 842 842 843 843 844 844 845 845 844 844 843 843 844 844 845 845 846 846 847 847 846 846 845 845 846 846 847 847 848 848 849 849 848 848 847 847 848 848 849 849 850 850 851 851 850 850 849 849 850 850 851 851 820 820 821 821 820 820 851 851 852 852 853 853 854 854 855 855 854 854 853 853 854 854 855 855 856 856 857 857 856 856 855 855 856 856 857 857 858 858 859 859 858 858 857 857 858 858 859 859 860 860 861 861 860 860 859 859 860 860 861 861 862 862 863 863 862 862 861 861 862 862 863 863 864 864 865 865 864 864 863 863 864 864 865 865 866 866 867 867 866 866 865 865 866 866 867 867 868 868 869 869 868 868 867 867 868 868 869 869 870 870 871 871 870 870 869 869 870 870 871 871 872 872 873 873 872 872 871 871 872 872 873 873 874 874 875 875 874 874 873 873 874 874 875 875 876 876 877 877 876 876 875 875 876 876 877 877 878 878 879 879 878 878 877 877 878 878 879 879 880 880 881 881 880 880 879 879 880 880 881 881 882 882 883 883 882 882 881 881 882 882 883 883 852 852 853 853 852 852 883 883 884 884 885 885 886 886 887 887 886 886 885 885 886 886 887 887 888 888 889 889 888 888 887 887 890 890 891 891 889 889 892 892 889 889 891 891 889 889 892 892 888 888 889 889 893 893 890 890 894 894 890 890 893 893 890 890 894 894 895 895 896 896 897 897 898 898 899 899 898 898 897 897 898 898 899 899 900 900 901 901 900 900 899 899 900 900 901 901 902 902 903 903 902 902 901 901 902 902 903 903 904 904 905 905 904 904 903 903 904 904 905 905 906 906 907 907 906 906 905 905 906 906 907 907 908 908 909 909 908 908 907 907 908 908 909 909 910 910 911 911 910 910 909 909 910 910 911 911 896 896 897 897 896 896 911 911 912 912 913 913 914 914 915 915 914 914 913 913 914 914 915 915 916 916 916 916 915 915 917 917 918 918 917 917 915 915 917 917 918 918 919 919 919 919 918 918 920 920 921 921 920 920 918 918 920 920 921 921 922 922 921 921 923 923 924 924 922 922 921 921 925 925 924 924 925 925 921 921 925 925 924 924 926 926 927 927 928 928 929 929 930 930 929 929 928 928 929 929 930 930 931 931 932 932 931 931 930 930 931 931 932 932 933 933 934 934 933 933 932 932 933 933 934 934 935 935 936 936 935 935 934 934 935 935 936 936 937 937 938 938 937 937 936 936 937 937 938 938 939 939 940 940 939 939 938 938 939 939 940 940 941 941 942 942 941 941 940 940 941 941 942 942 927 927 928 928 927 927 942 942 943 943 944 944 945 945 946 946 945 945 944 944 945 945 946 946 947 947 948 948 947 947 946 946 947 947 948 948 949 949 950 950 949 949 948 948 949 949 950 950 951 951 952 952 951 951 950 950 951 951 952 952 953 953 954 954 953 953 952 952 953 953 954 954 955 955 956 956 955 955 954 954 955 955 956 956 957 957 958 958 957 957 956 956 957 957 958 958 943 943 944 944 943 943 958 958 959 959 960 960 961 961 962 962 961 961 960 960 961 961 962 962 963 963 964 964 963 963 962 962 963 963 964 964 965 965 966 966 965 965 964 964 965 965 966 966 967 967 968 968 967 967 966 966 967 967 968 968 969 969 970 970 969 969 968 968 969 969 970 970 971 971 972 972 971 971 970 970 971 971 972 972 973 973 974 974 973 973 972 972 973 973 974 974 959 959 960 960 959 959 974 974 975 975 976 976 977 977 978 978 977 977 976 976 977 977 978 978 979 979 980 980 979 979 978 978 979 979 980 980 981 981 982 982 981 981 980 980 981 981 982 982 983 983 984 984 983 983 982 982 983 983 984 984 985 985 986 986 985 985 984 984 985 985 986 986 987 987 988 988 987 987 986 986 987 987 988 988 989 989 990 990 989 989 988 988 989 989 990 990 975 975 976 976 975 975 990 990 993 993 994 994 995 995 996 996 995 995 994 994 995 995 996 996 997 997 998 998 997 997 996 996 997 997 998 998 999 999 1000 1000 999 999 998 998 999 999 1000 1000 1001 1001 1002 1002 1001 1001 1000 1000 1001 1001 1002 1002 1003 1003 1004 1004 1003 1003 1002 1002 1003 1003 1004 1004 1005 1005 1006 1006 1005 1005 1004 1004 1005 1005 1006 1006 1007 1007 1008 1008 1007 1007 1006 1006 1007 1007 1008 1008 993 993 994 994 993 993 1008 1008 1011 1011 1012 1012 1013 1013 1011 1011 1013 1013 1014 1014 1013 1013 1015 1015 1016 1016 1014 1014 1013 1013 1017 1017 1016 1016 1017 1017 1013 1013 1017 1017 1016 1016 1018 1018 1019 1019 1020 1020 1021 1021 1022 1022 1023 1023 1024 1024 1021 1021 1020 1020 1024 1024 1025 1025 1024 1024 1020 1020 1024 1024 1025 1025 1022 1022 1019 1019 1021 1021 1026 1026 1027 1027 1026 1026 1021 1021 1026 1026 1027 1027 1028 1028 1028 1028 1027 1027 1029 1029 1030 1030 1029 1029 1027 1027 1029 1029 1030 1030 1031 1031 1023 1023 1032 1032 1024 1024 1033 1033 1024 1024 1032 1032 1024 1024 1033 1033 1034 1034 1035 1035 1036 1036 1037 1037 1038 1038 1037 1037 1036 1036 1039 1039 1040 1040 1041 1041 1042 1042 1041 1041 1040 1040 1041 1041 1042 1042 1043 1043 1044 1044 1045 1045 1046 1046 1047 1047 1046 1046 1045 1045 1048 1048 1049 1049 1050 1050 1051 1051 1050 1050 1049 1049 1052 1052 1053 1053 1051 1051 1046 1046 1051 1051 1053 1053 1051 1051 1046 1046 1050 1050 1047 1047 1050 1050 1046 1046 1050 1050 1047 1047 1054 1054 1055 1055 1054 1054 1047 1047 1056 1056 1057 1057 1058 1058 1056 1056 1058 1058 1059 1059 1060 1060 1061 1061 1058 1058 1062 1062 1058 1058 1061 1061 1058 1058 1062 1062 1059 1059 1057 1057 1063 1063 1058 1058 1064 1064 1058 1058 1063 1063 1058 1058 1064 1064 1060 1060 1065 1065 1066 1066 1067 1067 1065 1065 1067 1067 1068 1068 1069 1069 1070 1070 1067 1067 1071 1071 1067 1067 1070 1070 1067 1067 1071 1071 1068 1068 1066 1066 1072 1072 1067 1067 1073 1073 1067 1067 1072 1072 1067 1067 1073 1073 1069 1069 1074 1074 1075 1075 1076 1076 1077 1077 1076 1076 1075 1075 1078 1078 1079 1079 1080 1080 1081 1081 1080 1080 1079 1079 1082 1082 1083 1083 1081 1081 1077 1077 1081 1081 1083 1083 1081 1081 1077 1077 1080 1080 1075 1075 1080 1080 1077 1077 1080 1080 1075 1075 1084 1084 1085 1085 1084 1084 1075 1075 1086 1086 1087 1087 1088 1088 1086 1086 1088 1088 1089 1089 1090 1090 1091 1091 1088 1088 1092 1092 1088 1088 1091 1091 1088 1088 1092 1092 1089 1089 1087 1087 1093 1093 1088 1088 1094 1094 1088 1088 1093 1093 1088 1088 1094 1094 1090 1090 1095 1095 1096 1096 1097 1097 1095 1095 1097 1097 1098 1098 1099 1099 1100 1100 1097 1097 1101 1101 1097 1097 1100 1100 1097 1097 1101 1101 1098 1098 1096 1096 1102 1102 1097 1097 1103 1103 1097 1097 1102 1102 1097 1097 1103 1103 1099 1099 1104 1104 1105 1105 1106 1106 1104 1104 1106 1106 1107 1107 1108 1108 1109 1109 1106 1106 1110 1110 1106 1106 1109 1109 1106 1106 1110 1110 1107 1107 1105 1105 1111 1111 1106 1106 1112 1112 1106 1106 1111 1111 1106 1106 1112 1112 1108 1108 1113 1113 1114 1114 1115 1115 1113 1113 1115 1115 1116 1116 1117 1117 1118 1118 1115 1115 1119 1119 1115 1115 1118 1118 1115 1115 1119 1119 1116 1116 1114 1114 1120 1120 1115 1115 1121 1121 1115 1115 1120 1120 1115 1115 1121 1121 1117 1117 1122 1122 1123 1123 1124 1124 1122 1122 1124 1124 1125 1125 1126 1126 1127 1127 1124 1124 1128 1128 1124 1124 1127 1127 1124 1124 1128 1128 1125 1125 1123 1123 1129 1129 1124 1124 1130 1130 1124 1124 1129 1129 1124 1124 1130 1130 1126 1126 1131 1131 1132 1132 1133 1133 1131 1131 1133 1133 1134 1134 1135 1135 1136 1136 1133 1133 1137 1137 1133 1133 1136 1136 1133 1133 1137 1137 1134 1134 1132 1132 1138 1138 1133 1133 1139 1139 1133 1133 1138 1138 1133 1133 1139 1139 1135 1135 1140 1140 1141 1141 1142 1142 1143 1143 1144 1144 1145 1145 1140 1140 1145 1145 1144 1144 1145 1145 1140 1140 1146 1146 1142 1142 1146 1146 1140 1140 1147 1147 1148 1148 1149 1149 1150 1150 1149 1149 1148 1148 1149 1149 1150 1150 1151 1151 1152 1152 1151 1151 1150 1150 1151 1151 1152 1152 1153 1153 992 992 1154 1154 991 991 1155 1155 991 991 1154 1154 1155 1155 1154 1154 1156 1156 1157 1157 1156 1156 1154 1154 1156 1156 1157 1157 1158 1158 1158 1158 1157 1157 1159 1159 1010 1010 1159 1159 1157 1157 1159 1159 1010 1010 1009 1009 1160 1160 1161 1161 1162 1162 1160 1160 1162 1162 1163 1163 1162 1162 1164 1164 1165 1165 1163 1163 1162 1162 1166 1166 1165 1165 1166 1166 1162 1162 1166 1166 1165 1165 1167 1167</p>
        </triangles>
      </mesh>
    </geometry>
    <geometry id="f0889d5938164f76832c3e4c50f191cb" name="dca51fec77274369876c134b893504fb">
      <mesh>
        <source id="verts-array">
          <float_array count="789" id="verts-array-array">-0.01885633 -0.009700741 0.01285319 -0.01885633 -0.01000074 0.01285319 -0.01915633 -0.01000074 0.01285319 -0.01915633 -0.01050074 0.01285319 -0.01984373 -0.01148814 0.01285319 -0.02012183 -0.01112574 0.01285319 -0.01709083 -0.01112574 0.01285319 -0.01736893 -0.01148814 0.01285319 -0.01805633 -0.01050074 0.01285319 -0.01835633 -0.01080074 0.01285319 -0.01835633 -0.01050074 0.01285319 -0.01805633 -0.01000074 0.01285319 -0.01736893 -0.009013301 0.01285319 -0.01709083 -0.009375741 0.01285319 -0.01835633 -0.01000074 0.01285319 -0.01835633 -0.009700741 0.01285319 -0.01773133 -0.008735201 0.01285319 -0.01948133 -0.008735201 0.01285319 -0.01984373 -0.009013301 0.01285319 -0.02012183 -0.009375741 0.01285319 -0.02029673 -0.01070364 0.01285319 -0.02035633 -0.01025074 0.01285319 -0.02029673 -0.009797811 0.01285319 -0.01885633 -0.01050074 0.01285319 -0.01885633 -0.01080074 0.01285319 -0.01948133 -0.01176624 0.01285319 -0.01905923 -0.01194114 0.01285319 -0.01691593 -0.009797811 0.01285319 -0.01685633 -0.01025074 0.01285319 -0.01691593 -0.01070364 0.01285319 -0.01905923 -0.008560371 0.01285319 -0.01860633 -0.008500741 0.01285319 -0.01815343 -0.008560371 0.01285319 -0.01773133 -0.01176624 0.01285319 -0.01815343 -0.01194114 0.01285319 -0.01860633 -0.01200074 0.01285319 -0.01885633 0.01079926 0.01285319 -0.01885633 0.01049926 0.01285319 -0.01915633 0.01049926 0.01285319 -0.01835633 0.009999259 0.01285319 -0.01805633 0.009999259 0.01285319 -0.01736893 0.009011819 0.01285319 -0.02012183 0.009374259 0.01285319 -0.01915633 0.009999259 0.01285319 -0.01984373 0.009011819 0.01285319 -0.01885633 0.009999259 0.01285319 -0.01885633 0.009699259 0.01285319 -0.01709083 0.009374259 0.01285319 -0.02029673 0.01070216 0.01285319 -0.02035633 0.01024926 0.01285319 -0.02029673 0.009796329 0.01285319 -0.01805633 0.01049926 0.01285319 -0.01736893 0.01148666 0.01285319 -0.01709083 0.01112426 0.01285319 -0.01835633 0.01049926 0.01285319 -0.01835633 0.01079926 0.01285319 -0.01773133 0.01176476 0.01285319 -0.01835633 0.009699259 0.01285319 -0.01773133 0.008733719 0.01285319 -0.01815343 0.008558889 0.01285319 -0.01860633 0.008499259 0.01285319 -0.01905923 0.008558889 0.01285319 -0.01948133 0.008733719 0.01285319 -0.02012183 0.01112426 0.01285319 -0.01984373 0.01148666 0.01285319 -0.01948133 0.01176476 0.01285319 -0.01905923 0.01193966 0.01285319 -0.01860633 0.01199926 0.01285319 -0.01815343 0.01193966 0.01285319 -0.01691593 0.01070216 0.01285319 -0.01685633 0.01024926 0.01285319 -0.01691593 0.009796329 0.01285319 -0.01719213 0.008985049 0.01285319 -0.01675853 0.009633889 0.01285319 0.003950146 -7.414324e-07 0.01285319 -0.01660633 -0.01236054 0.01285319 -0.01660633 -0.01040074 0.01285319 -0.01509923 -0.01053774 0.01285319 -0.01784093 0.008551499 0.01285319 -0.01784093 -0.008552981 0.01285319 -0.01860633 -0.008400741 0.01285319 -0.01660633 0.01039926 0.01285319 -0.01515633 0.01024926 0.01285319 -0.01509923 0.009962249 0.01285319 0.006986576 0.009962249 0.01285319 0.007043666 0.01024926 0.01285319 0.009253476 0.009206159 0.01285319 -0.01493663 -0.01078104 0.01285319 -0.01469333 -0.01094364 0.01285319 -0.01440633 -0.01100074 0.01285319 0.007043666 -0.01025074 0.01285319 0.009253476 -0.009207641 0.01285319 0.006986576 -0.01053774 0.01285319 0.009253476 -0.01236054 0.01285319 0.006823996 -0.01078104 0.01285319 0.006580676 -0.01094364 0.01285319 0.006986576 -0.009963731 0.01285319 0.006823996 -0.009720411 0.01285319 0.007127296 -0.007586121 0.01285319 0.006580676 -0.009557831 0.01285319 0.005404286 -0.005371011 0.01285319 -0.01411933 -0.009557831 0.01285319 -0.01440633 -0.009500741 0.01285319 -0.02056613 -0.008400741 0.01285319 -0.02056613 0.008399259 0.01285319 -0.01860633 0.008399259 0.01285319 0.009253476 0.01235906 0.01285319 0.006823996 0.01077956 0.01285319 0.006580676 0.01094216 0.01285319 0.006293666 -0.01100074 0.01285319 0.006006656 -0.01094364 0.01285319 0.006293666 -0.009500741 0.01285319 0.006006656 -0.009557831 0.01285319 0.004320106 -0.002782571 0.01285319 -0.01411933 -0.01094364 0.01285319 -0.01387603 -0.01078104 0.01285319 -0.01371343 -0.01053774 0.01285319 -0.01365633 -0.01025074 0.01285319 -0.01371343 -0.009963731 0.01285319 -0.01387603 -0.009720411 0.01285319 -0.01469333 -0.009557831 0.01285319 -0.01675853 -0.009635371 0.01285319 -0.01719213 -0.008986531 0.01285319 0.006986576 0.01053626 0.01285319 -0.01411933 0.009556349 0.01285319 -0.01387603 0.009718929 0.01285319 0.005763336 -0.009720411 0.01285319 0.005600756 -0.009963731 0.01285319 0.005543666 -0.01025074 0.01285319 0.005600756 -0.01053774 0.01285319 0.005763336 -0.01078104 0.01285319 -0.01493663 -0.009720411 0.01285319 -0.01509923 -0.009963731 0.01285319 -0.01515633 -0.01025074 0.01285319 -0.01493663 0.009718929 0.01285319 -0.01469333 0.009556349 0.01285319 -0.01440633 0.009499259 0.01285319 0.004320106 0.002781089 0.01285319 0.006293666 0.01099926 0.01285319 0.006006656 0.01094216 0.01285319 0.005763336 0.01077956 0.01285319 0.005600756 0.01053626 0.01285319 0.005543666 0.01024926 0.01285319 -0.01371343 0.009962249 0.01285319 -0.01365633 0.01024926 0.01285319 -0.01371343 0.01053626 0.01285319 -0.01440633 0.01099926 0.01285319 -0.01660633 0.01235906 0.01285319 -0.01411933 0.01094216 0.01285319 -0.01387603 0.01077956 0.01285319 0.005600756 0.009962249 0.01285319 0.005763336 0.009718929 0.01285319 0.006006656 0.009556349 0.01285319 0.005404286 0.005369529 0.01285319 0.006293666 0.009499259 0.01285319 0.007127296 0.007584639 0.01285319 0.006580676 0.009556349 0.01285319 0.006823996 0.009718929 0.01285319 -0.01469333 0.01094216 0.01285319 -0.01493663 0.01077956 0.01285319 -0.01509923 0.01053626 0.01285319 0.005543666 -0.01025074 0.01285319 -0.01365633 -0.01025074 0.01285319 0.005763336 -0.01078104 0.01285319 -0.01387603 -0.01078104 0.01285319 0.006293666 -0.009500741 0.01285319 0.006823996 -0.009720411 0.01285319 0.009253476 -0.009207641 0.01285319 0.007043666 -0.01025074 0.01285319 0.009253476 -0.01236054 0.01285319 0.006823996 -0.01078104 0.01285319 0.006293666 -0.01100074 0.01285319 -0.01365633 0.01024926 0.01285319 0.006293666 0.009499259 0.01285319 -0.01387603 0.01077956 0.01285319 0.005763336 0.009718929 0.01285319 -0.01440633 0.01099926 0.01285319 -0.01387603 0.009718929 0.01285319 0.005763336 -0.009720411 0.01285319 -0.01440633 0.009499259 0.01285319 -0.01719213 0.008985049 0.01285319 -0.01493663 0.009718929 0.01285319 -0.01660633 0.01039926 0.01285319 -0.01515633 0.01024926 0.01285319 -0.01660633 0.01235906 0.01285319 -0.01493663 0.01077956 0.01285319 -0.01860633 0.008399259 0.01285319 -0.01493663 -0.009720411 0.01285319 -0.01440633 -0.009500741 0.01285319 -0.01387603 -0.009720411 0.01285319 0.009253476 0.009206159 0.01285319 0.006823996 0.009718929 0.01285319 0.006498696 0.006909839 0.01285319 0.004607586 0.003682029 0.01285319 0.003950146 -7.414324e-07 0.01285319 0.004607586 -0.003683511 0.01285319 0.006498696 -0.006911321 0.01285319 0.005543666 0.01024926 0.01285319 0.005763336 0.01077956 0.01285319 0.006293666 0.01099926 0.01285319 0.009253476 0.01235906 0.01285319 0.006823996 0.01077956 0.01285319 0.007043666 0.01024926 0.01285319 -0.02056613 0.008399259 0.01285319 -0.02056613 -0.008400741 0.01285319 -0.01860633 -0.008400741 0.01285319 -0.01719213 -0.008986531 0.01285319 -0.01515633 -0.01025074 0.01285319 -0.01660633 -0.01040074 0.01285319 -0.01493663 -0.01078104 0.01285319 -0.01660633 -0.01236054 0.01285319 -0.01440633 -0.01100074 0.01285319 -0.01835633 0.01079926 0.01285319 -0.01835633 0.01049926 0.01285319 -0.01805633 0.01049926 0.01285319 -0.01805633 0.009999259 0.01285319 -0.01835633 0.009999259 0.01285319 -0.01835633 0.009699259 0.01285319 -0.01885633 0.009699259 0.01285319 -0.01885633 0.009999259 0.01285319 -0.01915633 0.009999259 0.01285319 -0.01915633 0.01049926 0.01285319 -0.01885633 0.01049926 0.01285319 -0.01885633 0.01079926 0.01285319 -0.01984373 0.009011819 0.01285319 -0.02035633 0.01024926 0.01285319 -0.01984373 0.01148666 0.01285319 -0.01860633 0.01199926 0.01285319 -0.01736893 0.01148666 0.01285319 -0.01685633 0.01024926 0.01285319 -0.01736893 0.009011819 0.01285319 -0.01860633 0.008499259 0.01285319 -0.01736893 -0.009013301 0.01285319 -0.01805633 -0.01000074 0.01285319 -0.01685633 -0.01025074 0.01285319 -0.01805633 -0.01050074 0.01285319 -0.01736893 -0.01148814 0.01285319 -0.01835633 -0.01050074 0.01285319 -0.01835633 -0.01080074 0.01285319 -0.01835633 -0.01000074 0.01285319 -0.01835633 -0.009700741 0.01285319 -0.01885633 -0.009700741 0.01285319 -0.01860633 -0.008500741 0.01285319 -0.01984373 -0.009013301 0.01285319 -0.01885633 -0.01050074 0.01285319 -0.01915633 -0.01050074 0.01285319 -0.01885633 -0.01080074 0.01285319 -0.01984373 -0.01148814 0.01285319 -0.01860633 -0.01200074 0.01285319 -0.01885633 -0.01000074 0.01285319 -0.01915633 -0.01000074 0.01285319 -0.02035633 -0.01025074 0.01285319 0.01699367 -7.414324e-07 0.01285319 0.01684897 0.0008201066 0.01285319 0.01459367 -7.414324e-07 0.01285319 0.01417687 -0.002364281 0.01285319 0.01579367 -0.002079201 0.01285319 0.01684897 -0.0008215894 0.01285319 0.01275517 0.001541949 0.01285319 0.01219367 -7.414324e-07 0.01285319 0.01275517 -0.001543431 0.01285319 0.01579367 0.002077719 0.01285319 0.01417687 0.002362799 0.01285319</float_array>
          <technique_common>
            <accessor count="263" source="#verts-array-array" stride="3">
              <param type="float" name="X"/>
              <param type="float" name="Y"/>
              <param type="float" name="Z"/>
            </accessor>
          </technique_common>
        </source>
        <source id="normals-array">
          <float_array count="789" id="normals-array-array">0 0 -1 0 0 -1 0 0 -1 0 0 -1 0 0 -1 0 0 -1 0 0 -1 0 0 -1 0 0 -1 0 0 -1 0 0 -1 0 0 -1 0 0 -1 0 0 -1 0 0 -1 0 0 -1 0 0 -1 0 0 -1 0 0 -1 0 0 -1 0 0 -1 0 0 -1 0 0 -1 0 0 -1 0 0 -1 0 0 -1 0 0 -1 0 0 -1 0 0 -1 0 0 -1 0 0 -1 0 0 -1 0 0 -1 0 0 -1 0 0 -1 0 0 -1 0 0 -1 0 0 -1 0 0 -1 0 0 -1 0 0 -1 0 0 -1 0 0 -1 0 0 -1 0 0 -1 0 0 -1 0 0 -1 0 0 -1 0 0 -1 0 0 -1 0 0 -1 0 0 -1 0 0 -1 0 0 -1 0 0 -1 0 0 -1 0 0 -1 0 0 -1 0 0 -1 0 0 -1 0 0 -1 0 0 -1 0 0 -1 0 0 -1 0 0 -1 0 0 -1 0 0 -1 0 0 -1 0 0 -1 0 0 -1 0 0 -1 0 0 -1 0 0 -1 0 0 -1 0 0 -1 0 0 -1 0 0 -1 0 0 -1 0 0 -1 0 0 -1 0 0 -1 0 0 -1 0 0 -1 0 0 -1 0 0 -1 0 0 -1 0 0 -1 0 0 -1 0 0 -1 0 0 -1 0 0 -1 0 0 -1 0 0 -1 0 0 -1 0 0 -1 0 0 -1 0 0 -1 0 0 -1 0 0 -1 0 0 -1 0 0 -1 0 0 -1 0 0 -1 0 0 -1 0 0 -1 0 0 -1 0 0 -1 0 0 -1 0 0 -1 0 0 -1 0 0 -1 0 0 -1 0 0 -1 0 0 -1 0 0 -1 0 0 -1 0 0 -1 0 0 -1 0 0 -1 0 0 -1 0 0 -1 0 0 -1 0 0 -1 0 0 -1 0 0 -1 0 0 -1 0 0 -1 0 0 -1 0 0 -1 0 0 -1 0 0 -1 0 0 -1 0 0 -1 0 0 -1 0 0 -1 0 0 -1 0 0 -1 0 0 -1 0 0 -1 0 0 -1 0 0 -1 0 0 -1 0 0 -1 0 0 -1 0 0 -1 0 0 -1 0 0 -1 0 0 -1 0 0 -1 0 0 -1 0 0 -1 0 0 -1 0 0 -1 0 0 -1 0 0 -1 0 0 -1 0 0 -1 0 0 -1 0 0 -1 0 0 -1 0 0 -1 0 0 1 0 0 1 0 0 1 0 0 1 0 0 1 0 0 1 0 0 1 0 0 1 0 0 1 0 0 1 0 0 1 0 0 1 0 0 1 0 0 1 0 0 1 0 0 1 0 0 1 0 0 1 0 0 1 0 0 1 0 0 1 0 0 1 0 0 1 0 0 1 0 0 1 0 0 1 0 0 1 0 0 1 0 0 1 0 0 1 0 0 1 0 0 1 0 0 1 0 0 1 0 0 1 0 0 1 0 0 1 0 0 1 0 0 1 0 0 1 0 0 1 0 0 1 0 0 1 0 0 1 0 0 1 0 0 1 0 0 1 0 0 1 0 0 1 0 0 1 0 0 1 0 0 1 0 0 1 0 0 1 0 0 1 0 0 1 0 0 1 0 0 1 0 0 1 0 0 1 0 0 1 0 0 1 0 0 1 0 0 1 0 0 1 0 0 1 0 0 1 0 0 1 0 0 1 0 0 1 0 0 1 0 0 1 0 0 1 0 0 1 0 0 1 0 0 1 0 0 1 0 0 1 0 0 1 0 0 1 0 0 1 0 0 1 0 0 1 0 0 1 0 0 1 0 0 1 0 0 1 0 0 1 0 0 1 0 0 1 0 0 1 0 0 1 0 0 1 0 0 1 0 0 1 0 0 1 0 0 1 0 0 1 0 0 1 0 0 1 0 0 1 0 0 1</float_array>
          <technique_common>
            <accessor count="263" source="#normals-array-array" stride="3">
              <param type="float" name="X"/>
              <param type="float" name="Y"/>
              <param type="float" name="Z"/>
            </accessor>
          </technique_common>
        </source>
        <vertices id="verts-array-vertices">
          <input semantic="POSITION" source="#verts-array"/>
        </vertices>
        <triangles count="274" material="material3">
          <input offset="0" semantic="VERTEX" source="#verts-array-vertices"/>
          <input offset="1" semantic="NORMAL" source="#normals-array"/>
          <p>0 0 1 1 2 2 3 3 4 4 5 5 6 6 7 7 8 8 9 9 8 8 7 7 8 8 9 9 10 10 11 11 12 12 13 13 11 11 14 14 12 12 15 15 12 12 14 14 12 12 15 15 16 16 17 17 0 0 18 18 2 2 18 18 0 0 18 18 2 2 19 19 5 5 20 20 3 3 21 21 3 3 20 20 3 3 21 21 2 2 22 22 2 2 21 21 2 2 22 22 19 19 3 3 23 23 4 4 24 24 4 4 23 23 4 4 24 24 25 25 26 26 25 25 24 24 13 13 27 27 11 11 28 28 11 11 27 27 11 11 28 28 8 8 29 29 8 8 28 28 8 8 29 29 6 6 17 17 30 30 0 0 31 31 0 0 30 30 0 0 31 31 15 15 32 32 15 15 31 31 15 15 32 32 16 16 7 7 33 33 9 9 34 34 9 9 33 33 9 9 34 34 24 24 35 35 24 24 34 34 24 24 35 35 26 26 36 36 37 37 38 38 39 39 40 40 41 41 42 42 43 43 44 44 45 45 44 44 43 43 44 44 45 45 46 46 41 41 40 40 47 47 48 48 38 38 49 49 43 43 49 49 38 38 49 49 43 43 50 50 42 42 50 50 43 43 51 51 52 52 53 53 51 51 54 54 52 52 55 55 52 52 54 54 52 52 55 55 56 56 39 39 41 41 57 57 58 58 57 57 41 41 57 57 58 58 59 59 59 59 60 60 57 57 61 61 57 57 60 60 57 57 61 61 46 46 62 62 46 46 61 61 46 46 62 62 44 44 48 48 63 63 38 38 64 64 38 38 63 63 38 38 64 64 36 36 65 65 36 36 64 64 65 65 66 66 36 36 67 67 36 36 66 66 36 36 67 67 55 55 68 68 55 55 67 67 55 55 68 68 56 56 53 53 69 69 51 51 70 70 51 51 69 69 51 51 70 70 40 40 71 71 40 40 70 70 40 40 71 71 47 47 72 72 73 73 74 74 75 75 76 76 77 77 78 78 79 79 80 80 72 72 74 74 78 78 81 81 82 82 73 73 83 83 73 73 82 82 84 84 85 85 86 86 77 77 87 87 75 75 88 88 75 75 87 87 75 75 88 88 89 89 90 90 91 91 92 92 93 93 92 92 91 91 92 92 93 93 94 94 95 95 94 94 93 93 90 90 96 96 91 91 97 97 91 91 96 96 91 91 97 97 98 98 99 99 98 98 97 97 98 98 99 99 100 100 74 74 101 101 102 102 103 103 104 104 80 80 105 105 80 80 104 104 80 80 105 105 78 78 106 106 107 107 108 108 95 95 93 93 109 109 75 75 109 109 93 93 109 109 75 75 110 110 99 99 111 111 100 100 112 112 100 100 111 111 100 100 112 112 113 113 114 114 74 74 113 113 114 114 115 115 74 74 116 116 74 74 115 115 74 74 116 116 117 117 117 117 118 118 74 74 119 119 74 74 118 118 74 74 119 119 101 101 102 102 120 120 74 74 121 121 74 74 120 120 74 74 121 121 78 78 122 122 78 78 121 121 78 78 122 122 79 79 86 86 85 85 106 106 123 123 106 106 85 85 106 106 123 123 107 107 106 106 124 124 125 125 112 112 126 126 113 113 127 127 113 113 126 126 113 113 127 127 114 114 128 128 114 114 127 127 114 114 128 128 89 89 129 129 89 89 128 128 89 89 129 129 75 75 130 130 75 75 129 129 75 75 130 130 110 110 120 120 131 131 121 121 132 132 121 121 131 131 121 121 132 132 76 76 133 133 76 76 132 132 76 76 133 133 77 77 83 83 134 134 73 73 135 135 73 73 134 134 73 73 135 135 74 74 136 136 74 74 135 135 74 74 136 136 137 137 108 108 138 138 106 106 139 139 106 106 138 138 106 106 139 139 124 124 140 140 124 124 139 139 140 140 141 141 124 124 142 142 124 124 141 141 124 124 142 142 136 136 125 125 143 143 106 106 144 144 106 106 143 143 106 106 144 144 145 145 146 146 147 147 148 148 106 106 148 148 147 147 148 148 106 106 149 149 145 145 149 149 106 106 142 142 150 150 136 136 151 151 136 136 150 150 136 136 151 151 137 137 152 152 137 137 151 151 137 137 152 152 153 153 154 154 153 153 152 152 153 153 154 154 155 155 156 156 155 155 154 154 155 155 156 156 86 86 157 157 86 86 156 156 86 86 157 157 84 84 146 146 158 158 147 147 159 159 147 147 158 158 147 147 159 159 81 81 160 160 81 81 159 159 81 81 160 160 82 82 161 161 162 162 163 163 164 164 163 163 162 162 165 165 166 166 167 167 168 168 167 167 166 166 167 167 168 168 169 169 170 170 169 169 168 168 169 169 170 170 171 171 172 172 173 173 174 174 175 175 174 174 173 173 174 174 175 175 176 176 177 177 178 178 165 165 178 178 177 177 161 161 179 179 161 161 177 177 161 161 179 179 180 180 181 181 180 180 179 179 180 180 181 181 182 182 183 183 182 182 181 181 182 182 183 183 184 184 185 185 184 184 183 183 184 184 185 185 176 176 186 186 187 187 180 180 188 188 180 180 187 187 180 180 188 188 161 161 189 189 161 161 188 188 161 161 189 189 162 162 190 190 191 191 192 192 173 173 192 192 191 191 192 192 173 173 193 193 172 172 193 193 173 173 193 193 172 172 194 194 177 177 194 194 172 172 194 194 177 177 195 195 165 165 195 195 177 177 195 195 165 165 196 196 167 167 196 196 165 165 175 175 197 197 176 176 198 198 176 176 197 197 176 176 198 198 184 184 199 199 184 184 198 198 184 184 199 199 200 200 201 201 200 200 199 199 200 200 201 201 190 190 202 202 190 190 201 201 190 190 202 202 191 191 203 203 204 204 186 186 205 205 186 186 204 204 186 186 205 205 187 187 206 206 187 187 205 205 187 187 206 206 207 207 208 208 207 207 206 206 207 207 208 208 209 209 210 210 209 209 208 208 209 209 210 210 211 211 169 169 211 211 210 210 211 211 169 169 164 164 171 171 164 164 169 169 164 164 171 171 163 163 212 212 213 213 214 214 215 215 216 216 217 217 218 218 219 219 220 220 221 221 222 222 223 223 217 217 218 218 224 224 220 220 224 224 218 218 224 224 220 220 225 225 226 226 225 225 220 220 220 220 221 221 226 226 223 223 226 226 221 221 226 226 223 223 227 227 212 212 227 227 223 223 227 227 212 212 228 228 214 214 228 228 212 212 228 228 214 214 229 229 215 215 229 229 214 214 229 229 215 215 230 230 217 217 230 230 215 215 230 230 217 217 231 231 224 224 231 231 217 217 232 232 233 233 234 234 235 235 234 234 233 233 234 234 235 235 236 236 237 237 236 236 235 235 236 236 237 237 238 238 239 239 233 233 240 240 232 232 240 240 233 233 240 240 232 232 241 241 242 242 241 241 232 232 241 241 242 242 243 243 244 244 245 245 246 246 247 247 246 246 245 245 246 246 247 247 238 238 248 248 238 238 247 247 238 238 248 248 236 236 249 249 241 241 250 250 243 243 250 250 241 241 250 250 243 243 245 245 251 251 245 245 243 243 245 245 251 251 247 247 252 252 253 253 254 254 255 255 256 256 254 254 257 257 254 254 256 256 254 254 257 257 252 252 258 258 259 259 254 254 260 260 254 254 259 259 254 254 260 260 255 255 253 253 261 261 254 254 262 262 254 254 261 261 254 254 262 262 258 258</p>
        </triangles>
      </mesh>
    </geometry>
  </library_geometries>
  <library_materials>
    <material id="66811bf392c5499f95e7609e8fd07eb5" name="defaultmaterial">
      <instance_effect url="#88caf94252724f0ca905a2a6e2eac5a6"/>
    </material>
    <material id="9a72cba30c1b4e8c8502c89d073964e2" name="defaultmaterial">
      <instance_effect url="#e49eaae9d2cc487ba1998869e039cb1b"/>
    </material>
    <material id="27388aa6fc074009abe9459a6b3713b6" name="defaultmaterial">
      <instance_effect url="#091ab822569043f2b066a4726c5178d2"/>
    </material>
    <material id="da315544b72d4bdaa6aa9fc1810fdf78" name="defaultmaterial">
      <instance_effect url="#c782eb46e9024ff1971b7573e7c33a4a"/>
    </material>
  </library_materials>
  <library_visual_scenes>
    <visual_scene id="scene">
      <node id="node0" name="node0">
        <instance_geometry url="#c197d4ba8d854c759ac4fdd271dac6c1">
          <bind_material>
            <technique_common>
              <instance_material symbol="material0" target="#66811bf392c5499f95e7609e8fd07eb5"/>
            </technique_common>
          </bind_material>
        </instance_geometry>
      </node>
      <node id="node1" name="node1">
        <instance_geometry url="#0d2008f998924195a58226955d05a372">
          <bind_material>
            <technique_common>
              <instance_material symbol="material1" target="#9a72cba30c1b4e8c8502c89d073964e2"/>
            </technique_common>
          </bind_material>
        </instance_geometry>
      </node>
      <node id="node2" name="node2">
        <instance_geometry url="#60eb84650a294223ae8a7f344fcc1f39">
          <bind_material>
            <technique_common>
              <instance_material symbol="material2" target="#27388aa6fc074009abe9459a6b3713b6"/>
            </technique_common>
          </bind_material>
        </instance_geometry>
      </node>
      <node id="node3" name="node3">
        <instance_geometry url="#f0889d5938164f76832c3e4c50f191cb">
          <bind_material>
            <technique_common>
              <instance_material symbol="material3" target="#da315544b72d4bdaa6aa9fc1810fdf78"/>
            </technique_common>
          </bind_material>
        </instance_geometry>
      </node>
    </visual_scene>
  </library_visual_scenes>
  <scene>
    <instance_visual_scene url="#scene"/>
  </scene>
</COLLADA>
