<COLLADA xmlns="http://www.collada.org/2005/11/COLLADASchema" version="1.4.1">
  <asset>
    <created>2026-10-05T22:47:04.613433</created>
    <modified>2026-10-05T22:47:04.613433</modified>
    <up_axis>Y_UP</up_axis>
  </asset>
  <library_effects>
    <effect id="188c69a847ef454abc53c28609dfb741" name="188c69a847ef454abc53c28609dfb741">
      <profile_COMMON>
        <technique sid="common">
          <phong>
            <emission>
              <color>0.0 0.0 0.0 1.0</color>
            </emission>
            <ambient>
              <color>0.0 0.0 0.0 1.0</color>
            </ambient>
            <diffuse>
              <color>0.23529411764705882 0.23529411764705882 0.23529411764705882 1.0</color>
            </diffuse>
            <specular>
              <color>0.0 0.0 0.0 1.0</color>
            </specular>
            <shininess>
              <float>0.0</float>
            </shininess>
            <reflective>
              <color>0.0 0.0 0.0 1.0</color>
            </reflective>
            <reflectivity>
              <float>0.0</float>
            </reflectivity>
            <transparent>
              <color>0.0 0.0 0.0 1.0</color>
            </transparent>
            <transparency>
              <float>1.0</float>
            </transparency>
          </phong>
        </technique>
        <extra>
          <technique profile="GOOGLEEARTH">
            <double_sided>0</double_sided>
          </technique>
        </extra>
      </profile_COMMON>
    </effect>
  </library_effects>
  <library_geometries>
    <geometry id="38bee6a0717149d994aa0bbfd81c7da5" name="6da8599485b54d80a1d2ecfbbe08489d">
      <mesh>
        <source id="verts-array">
          <float_array count="3414" id="verts-array-array">0.005164554 -0.00832803 -0.003983769 0.005086584 -0.00848833 -0.004514769 0.004918314 -0.00911453 -0.004250069 0.004539384 -0.00961313 -0.006146269 0.004135824 -0.01044263 -0.006679569 0.004134334 -0.01074263 -0.006024169 0.003463534 -0.01182463 -0.006984069 0.003585044 -0.01188373 -0.006261369 0.004404314 -0.01115983 -0.005401169 0.003990294 -0.01208083 -0.005569869 0.004917764 -0.01160243 -0.004980869 0.004595944 -0.01237553 -0.005126269 0.005539804 -0.01197343 -0.004831869 0.005262004 -0.01269953 -0.004984069 0.005775324 -0.01135793 -0.004398269 0.005195804 -0.01093743 -0.004523369 0.004766834 -0.01036983 -0.004847369 0.004603334 -0.00976863 -0.005318369 0.004705744 -0.00927113 -0.005812569 0.005932684 -0.01094663 -0.003749469 0.005384124 -0.01048833 -0.003821069 0.005011994 -0.00983623 -0.003997169 0.005220304 -0.00821343 -0.002984069 0.005029224 -0.00888423 -0.002984069 0.005101294 -0.00965693 -0.002984069 0.005450714 -0.01032983 -0.002984069 0.005987944 -0.01080223 -0.002984069 0.009137724 -0.00336123 -0.01498407 0.009137724 -0.00336123 0.007015931 0.01131389 -0.00467003 -0.01498407 0.01131389 -0.00467003 0.007015931 -0.007638026 0.01034357 -0.01698407 -0.003485026 0.00535377 -0.01698407 -0.005874226 0.00465037 -0.01698407 -0.007590226 -0.02617713 -0.01698407 -0.005364026 -0.02593533 -0.01698407 -0.004833526 -0.02786563 -0.01698407 -0.007745826 0.00358087 -0.01698407 -0.009344726 0.00213517 -0.01698407 -0.01292033 -0.0001999298 -0.01698407 -0.01086983 -0.0001415298 -0.01698407 -0.01824013 -0.01072463 -0.01698407 -0.01654283 -0.01180253 -0.01698407 -0.01902503 -0.01266543 -0.01698407 -0.01729073 -0.01391323 -0.01698407 -0.01946073 -0.01471303 -0.01698407 -0.01755033 -0.01613743 -0.01698407 -0.002843426 -0.02721553 -0.01698407 -0.003247526 -0.02520413 -0.01698407 -0.0009967257 -0.02622953 -0.01698407 -0.001346726 -0.02402033 -0.01698407 0.0006506143 -0.02493753 -0.01698407 -0.01539353 -0.02238093 -0.01698407 -0.01761153 -0.02271743 -0.01698407 -0.01657733 -0.02048013 -0.01698407 -0.01859503 -0.02086933 -0.01698407 -0.01730853 -0.01836363 -0.01698407 -0.01924243 -0.01887843 -0.01698407 -0.01953403 -0.01680533 -0.01698407 -0.006906226 -0.02815993 -0.01698407 -0.008998626 -0.02808953 -0.01698407 -0.009814426 -0.02591753 -0.01698407 -0.01104683 -0.02765653 -0.01698407 -0.01192513 -0.02516963 -0.01698407 -0.01298873 -0.02687423 -0.01698407 -0.01381643 -0.02397063 -0.01698407 -0.01476503 -0.02576623 -0.01698407 -0.01632173 -0.02436653 -0.01698407 0.002048314 -0.02337893 -0.01698407 0.0002429743 -0.02244323 -0.01698407 0.003153854 -0.02160113 -0.01698407 0.001441924 -0.02055193 -0.01698407 0.005108094 -0.01769243 -0.01698407 0.006862504 -0.01406053 -0.01698407 0.007114874 -0.00889083 -0.01698407 0.01028306 -0.00638393 -0.01698407 0.007964714 -0.00628573 -0.01698407 0.008106894 -0.00507503 -0.01698407 0.005987944 -0.01080223 0.01301593 0.007657134 -0.01180623 0.01301593 0.007657134 -0.01180623 -0.002984069 0.009601371 -0.01049933 0.01474798 0.009242014 -0.01092483 0.01474798 0.01027003 -0.01079733 0.01401593 0.00964761 -0.01153423 0.01401593 0.01051478 -0.01090643 0.01301593 0.009796068 -0.01175733 0.01301593 0.008733694 -0.01209183 0.01301593 0.008727564 -0.01182393 0.01401593 0.008710824 -0.01109203 0.01474798 0.008687964 -0.01009233 0.01501593 0.008172544 -0.01094923 0.01474798 0.007959054 -0.01130423 0.01443014 0.007795234 -0.01157663 0.01401593 -0.01657733 -0.02048013 -0.004984069 -0.01730853 -0.01836363 -0.004984069 -0.01924243 -0.01887843 -0.004984069 -0.01953403 -0.01680533 -0.004984069 -0.01755033 -0.01613743 -0.004984069 -0.01946073 -0.01471303 -0.004984069 -0.01729073 -0.01391323 -0.004984069 -0.01902503 -0.01266543 -0.004984069 -0.01859503 -0.02086933 -0.004984069 -0.01761153 -0.02271743 -0.004984069 -0.01539353 -0.02238093 -0.004984069 -0.01632173 -0.02436653 -0.004984069 -0.01381643 -0.02397063 -0.004984069 -0.01476503 -0.02576623 -0.004984069 -0.01192513 -0.02516963 -0.004984069 -0.01298873 -0.02687423 -0.004984069 -0.009814426 -0.02591753 -0.004984069 0.006626304 -0.01352003 -0.004984069 0.001441924 -0.02055193 -0.004984069 -0.01104683 -0.02765653 -0.004984069 -0.008998626 -0.02808953 -0.004984069 -0.007590226 -0.02617713 -0.004984069 -0.006906226 -0.02815993 -0.004984069 -0.005364026 -0.02593533 -0.004984069 -0.004833526 -0.02786563 -0.004984069 -0.003247526 -0.02520413 -0.004984069 -0.01824013 -0.01072463 -0.004984069 -0.01654283 -0.01180253 -0.004984069 -0.01439023 -0.00312533 -0.004984069 -0.01086983 -0.0001415298 -0.004984069 -0.01057293 0.00449037 -0.004984069 -0.009344726 0.00213517 -0.004984069 -0.008955726 0.00254767 -0.004984069 -0.002843426 -0.02721553 -0.004984069 -0.0009967257 -0.02622953 -0.004984069 -0.001346726 -0.02402033 -0.004984069 0.0006506143 -0.02493753 -0.004984069 0.0002429743 -0.02244323 -0.004984069 0.002048314 -0.02337893 -0.004984069 0.003153854 -0.02160113 -0.004984069 0.005114844 -0.01767813 -0.004984069 0.007019614 -0.01372783 -0.004984069 0.005298514 -0.01010853 0.01301593 0.005101294 -0.00965693 0.01301593 0.005020474 -0.00917083 0.01301593 0.005220304 -0.00821343 0.01301593 0.005316404 -0.00801593 0.01301593 0.005557354 -0.00813313 0.01401593 0.006260004 -0.00597923 0.01401593 0.006980494 -0.00610873 0.01474798 0.007964714 -0.00628573 0.01501593 0.008115264 -0.00413533 0.01501593 0.007115994 -0.00417343 0.01474798 0.007801474 -0.00200263 0.01501593 0.006833574 -0.00225393 0.01474798 0.007037914 1.327019e-05 0.01501593 0.006146374 -0.0004396298 0.01474798 0.005860074 0.00181867 0.01501593 0.005086314 0.00118517 0.01474798 0.004322684 0.00332977 0.01501593 0.003702664 0.00254517 0.01474798 0.002497184 0.00447617 0.01501593 0.002059714 0.00357697 0.01474798 0.0004683943 0.00520477 0.01501593 0.0002337743 0.00423267 0.01474798 -0.001669426 0.00548167 0.01501593 -0.001690226 0.00448187 0.01474798 -0.003669726 0.00532187 0.01501593 -0.003490526 0.00433807 0.01474798 -0.005597826 0.00476597 0.01501593 -0.005225826 0.00383777 0.01474798 0.007114874 -0.00889083 0.01501593 0.006215644 -0.00845333 0.01474798 0.005843164 -0.00827213 0.01443014 0.006384474 -0.00420123 0.01401593 0.006125034 -0.00243793 0.01401593 0.005493724 -0.0007712298 0.01401593 0.004519894 0.0007214702 0.01401593 0.003248784 0.00197077 0.01401593 0.001739464 0.00291867 0.01401593 6.20743e-05 0.00352107 0.01401593 -0.001705426 0.00374997 0.01401593 -0.003359326 0.00361787 0.01401593 -0.004953526 0.00315827 0.01401593 0.005996274 -0.00593183 0.01301593 0.006116724 -0.00421143 0.01301593 0.005865684 -0.00250533 0.01301593 0.005254834 -0.0008926298 0.01301593 0.004312564 0.0005516702 0.01301593 0.003082654 0.00176057 0.01301593 0.001622254 0.00267767 0.01301593 -8.257003e-07 0.00326057 0.01301593 -0.001711026 0.00348207 0.01301593 -0.003311226 0.00335427 0.01301593 -0.004853826 0.00290957 0.01301593 0.01846755 0.01880218 0.0149978 0.01913242 0.01863463 0.01477356 0.01836172 0.01892725 0.0150113 0.01938492 0.02024025 0.01477356 0.01824938 0.01904428 0.01501593 0.01843262 0.02030233 0.01501593 0.01934302 0.02186506 0.01477356 0.01839519 0.02175398 0.01501593 0.0190081 0.02345553 0.01477356 0.01809596 0.02317494 0.01501593 0.01839118 0.02495926 0.01477356 0.0175448 0.02451841 0.01501593 0.01751261 0.0263267 0.01477356 0.01675986 0.02574011 0.01501593 0.01646173 0.0278608 0.01457205 0.01668572 0.02685433 0.0148983 0.01693527 0.02811297 0.01397025 0.01814626 0.02682047 0.01397025 0.01344664 0.02932409 0.01473968 0.01408579 0.02940398 0.01451858 0.01391917 0.02994271 0.01397025 0.01431682 0.02939373 0.01444119 0.0155106 0.02916528 0.01397025 0.01519028 0.02915792 0.01423047 0.01590739 0.02865959 0.01427981 0.01206822 0.02962957 0.01477356 0.01189571 0.02869098 0.01501593 0.01222806 0.02862258 0.01501593 0.01221343 0.03041966 0.01397025 0.01255592 0.02890594 0.01498436 0.01044957 0.03082277 0.01301593 0.01225724 0.03065803 0.01301593 0.01400535 0.03016924 0.01301593 0.01563631 0.02937249 0.01301593 0.01709637 0.02829405 0.01301593 0.01833743 0.02696945 0.01301593 0.01910365 0.02533036 0.01397025 0.0193186 0.02544232 0.01301593 0.0197759 0.02369173 0.01397025 0.02000756 0.02376299 0.01301593 0.02014087 0.02195857 0.01397025 0.02038159 0.02198678 0.01301593 0.02018653 0.02018799 0.01397025 0.02042839 0.02017222 0.01301593 0.01991138 0.01843832 0.01397025 0.0201464 0.01837909 0.01301593 0.0165559 0.02599121 0.01501593 0.01044957 0.02882277 0.01501593 0.01044957 0.02977709 0.01477356 0.01044957 0.03022991 0.01443718 0.01044957 0.0305804 0.01397025 -0.01015513 0.00711507 -0.003319569 -0.01015513 0.00711507 0.01301593 -0.01048463 0.00767657 -0.004028369 -0.01060483 0.00816587 0.01301593 -0.01061253 0.00824857 -0.004936069 -0.01057763 0.00879397 -0.005941769 -0.01040553 0.00929137 0.01301593 -0.01040553 0.00929137 -0.006984069 -0.01516813 -0.0002200298 -0.006984069 -0.01492863 -0.0003402298 -0.005984069 -0.01109663 0.00717507 -0.005883469 -0.01081093 0.00832857 -0.006462969 -0.01047943 0.00914017 -0.006899969 -0.01427443 -0.0006687298 -0.005251969 -0.01097533 0.00547707 -0.005151669 -0.01114613 0.00635567 -0.005506169 -0.02002173 -0.00981583 -0.006984069 -0.01978303 -0.00993753 -0.005984069 -0.01913093 -0.01027023 -0.005251969 -0.009847726 0.00509327 -0.004747869 -0.009035226 0.00576957 -0.002984069 -0.009223726 0.00561267 -0.003943669 -0.01008443 0.00685017 -0.003940469 -0.009485426 0.00539487 -0.004398269 -0.01021293 0.00643997 -0.004522069 -0.01053473 0.00595077 -0.004946369 0.009861852 -0.01207723 -0.006316569 0.01051478 -0.01090643 -0.006984069 0.009951989 -0.01174503 -0.005992469 0.008524324 -0.01208563 -0.003223469 0.007853784 -0.01191003 -0.002984069 0.007740714 -0.01215643 -0.003989469 0.009043644 -0.01267283 -0.005445169 0.009145674 -0.01233053 -0.005129769 0.008260534 -0.01255703 -0.004559769 0.007432144 -0.01282883 -0.004722369 0.009464906 -0.01259703 -0.005998469 0.009018594 -0.01306193 -0.005695369 0.009946992 -0.01164633 -0.005188569 0.009393884 -0.01196363 -0.004162769 0.009319264 -0.01206623 -0.004773469 0.008497404 -0.01220893 -0.004001169 0.008758074 -0.01209113 -0.003407369 0.008120654 -0.01215313 -0.003790069 0.007670464 -0.01313493 -0.004872769 0.007681894 -0.01380043 -0.005085969 0.008093094 -0.01309253 -0.004977369 0.008017394 -0.01370983 -0.005195669 0.008239784 -0.01361273 -0.005285369 0.01013301 -0.01147503 -0.005649069 0.01889164 0.01634699 0.01454881 0.01903047 0.0172262 0.01461496 0.01903078 0.01718614 0.01251593 0.01826926 0.01902461 0.01251593 0.01887715 0.01806663 0.01482821 0.01846755 0.01880218 0.0149978 0.01842364 0.01551625 0.01472496 0.01826926 0.01534766 0.01251593 0.01826952 0.01534792 0.0147855 0.01643078 0.01458614 0.01251593 0.01713267 0.01468267 0.01501593 0.01794278 0.01507098 0.01489477 0.01836172 0.01892725 0.0150113 0.01824938 0.01904428 0.01501593 0.01643078 0.01978614 0.01251593 0.01643078 0.01978614 0.01501593 0.0145923 0.01902461 0.01251593 0.0145923 0.01902461 0.01501593 0.01383078 0.01718614 0.01251593 0.01383078 0.01718614 0.01501593 0.0145923 0.01534766 0.01251593 0.0145923 0.01534766 0.01501593 0.01643078 0.01458614 0.01501593 0.006126044 -0.01057263 0.01401593 0.006289864 -0.01030023 0.01443014 0.006503354 -0.00994533 0.01474798 0.007018774 -0.00908833 0.01501593 -0.008570326 0.00292237 -0.004910869 -0.008247926 0.00184127 -0.005251969 -0.005657826 0.00267167 -0.004270469 -0.005090226 0.00281037 -0.004519469 -0.004853826 0.00290957 -0.002984069 -0.006773526 0.00248497 -0.004873169 -0.006203226 0.00237117 -0.005326469 -0.006282226 0.00274097 -0.004035069 -0.006088326 0.00282707 -0.002984069 -0.006677426 0.00308237 -0.002984069 -0.007135126 0.00348657 -0.002984069 -0.006862926 0.00302417 -0.003854269 -0.007312826 0.00346057 -0.003751769 -0.007332726 0.00283847 -0.004547569 -0.007547626 0.00341127 -0.004136169 -0.008381026 0.00305687 -0.004830969 -0.007954726 0.00154867 -0.005569869 -0.007376826 0.00207747 -0.005386969 -0.007729726 0.00132417 -0.005984069 -0.006913726 0.00188057 -0.006006769 -0.007540126 0.00113487 -0.006984069 -0.006570926 0.00196237 -0.006653269 -0.005361826 0.00268517 -0.005196469 -0.005728126 0.00249617 -0.005811569 -0.007905926 0.00250857 -0.004972969 -0.02002173 -0.00981583 -0.01498407 -0.01470813 0.0006967702 -0.01498407 -0.009423926 0.01124382 -0.01498407 -0.009423926 0.01124382 0.007015931 -0.008829026 0.01242141 0.008209027 -0.009131226 0.01182397 0.01301593 -0.008331626 0.01340161 0.008819566 -0.007854126 0.01433772 0.009015931 -0.006995226 0.01600569 0.01301593 -0.003148026 0.0229816 0.009015931 -0.003148026 0.0229816 0.01301593 -0.001138326 0.02598042 0.01301593 4.03743e-05 0.02739915 0.009015931 4.03743e-05 0.02739915 0.01301593 0.001986234 0.02910265 0.01301593 0.002800054 0.02959034 0.009015931 0.002800054 0.02959034 0.01301593 0.004194794 0.03017443 0.01301593 0.005645254 0.0305285 0.009015931 0.01044957 0.03082277 0.009015931 0.006416574 0.03064307 0.01301593 0.005645254 0.0305285 0.01301593 -0.008530926 0.01079367 -0.01671617 -0.01381423 0.0002484702 -0.01671617 -0.009184626 0.01112321 -0.01598407 -0.01446853 0.0005765702 -0.01598407 -0.01913093 -0.01027023 -0.01671617 -0.01978303 -0.00993753 -0.01598407 -0.004563526 0.01290243 0.009015931 -0.005588526 0.0137786 0.009015931 0.005212944 0.01484156 0.009015931 0.007944314 0.01371019 0.009015931 0.008896724 -0.00115383 0.009015931 0.006812944 0.01324156 0.009015931 0.007533024 -0.00111643 0.009015931 0.006236074 -0.00153953 0.009015931 0.01044957 0.02342277 0.009015931 0.004468364 0.0228594 0.009015931 0.005599734 0.02332803 0.009015931 -0.0004105257 0.00791267 0.009015931 0.005681574 0.01371019 0.009015931 0.0002812743 0.00670107 0.009015931 0.0005149243 0.00532567 0.009015931 0.01397541 -0.00244193 0.009015931 0.008412944 0.01484156 0.009015931 0.01304957 0.02082277 0.009015931 0.01394018 0.02431338 0.009015931 0.01342379 -0.00390693 0.009015931 0.01332297 -0.00378413 0.009015931 0.01234471 -0.00295613 0.009015931 0.01016855 -0.00164733 0.009015931 0.008611094 0.02266125 0.009015931 0.007849574 0.02082277 0.009015931 -0.003148026 0.0229816 0.009015931 0.005680844 -0.00189473 0.009015931 0.004312564 0.0005516702 0.009015931 0.001622254 0.00267767 0.009015931 0.0002619743 0.00395367 0.009015931 -6.68257e-05 0.00327627 0.009015931 -0.007240226 0.01432373 0.009015931 -0.007854126 0.01433772 0.009015931 0.005681574 0.01597293 0.009015931 0.006812944 0.01644156 0.009015931 0.007944314 0.01597293 0.009015931 0.008611094 0.01898429 0.009015931 0.01044957 0.01822277 0.009015931 0.01228805 0.01898429 0.009015931 0.006068364 0.0244594 0.009015931 0.01228805 0.02266125 0.009015931 0.01643078 0.01878614 0.009015931 0.01529941 0.01831751 0.009015931 0.01483078 0.01718614 0.009015931 0.01529941 0.01605477 0.009015931 0.01601414 0.00350337 0.009015931 0.01643078 0.01558614 0.009015931 0.01756215 0.01605477 0.009015931 0.0201464 0.01837909 0.009015931 0.01803078 0.01718614 0.009015931 0.02038159 0.02198678 0.009015931 0.01980457 0.02435604 0.009015931 0.01756215 0.01831751 0.009015931 0.01400535 0.03016924 0.009015931 0.01709637 0.02829405 0.009015931 0.01521757 0.02793535 0.009015931 0.0156862 0.02680398 0.009015931 0.0193186 0.02544232 0.009015931 0.01521757 0.02567261 0.009015931 0.0140862 0.02520398 0.009015931 0.01295483 0.02567261 0.009015931 0.0124862 0.02680398 0.009015931 0.005599734 0.02559077 0.009015931 0.01295483 0.02793535 0.009015931 0.004468364 0.0260594 0.009015931 0.003336994 0.02559077 0.009015931 4.03743e-05 0.02739915 0.009015931 0.002868364 0.0244594 0.009015931 0.003336994 0.02332803 0.009015931 0.0140862 0.02840398 0.009015931 0.01044957 0.03082277 0.009015931 0.005645254 0.0305285 0.009015931 0.002800054 0.02959034 0.009015931 -0.007135126 0.00348657 0.01301593 -0.006088326 0.00282707 0.01301593 0.004937904 -0.02250513 -0.006984069 0.004937904 -0.02250513 -0.01498407 0.007809144 -0.01671623 -0.006984069 0.008670534 -0.01491553 -0.01498407 0.01199003 -0.00748823 -0.01498407 0.01213108 -0.00714863 -0.01498407 0.01213108 -0.00714863 0.007015931 0.01199003 -0.00748823 0.01301593 0.01238996 -0.00651863 0.007673231 0.01315201 -0.00460943 0.008915324 0.01293063 -0.00517303 0.01301593 0.01277656 -0.00556083 0.008469087 0.01272322 -0.00569423 0.008378284 0.01342379 -0.00390693 0.009015931 0.01397541 -0.00244193 0.009015931 0.01601414 0.00350337 0.01301593 0.01601414 0.00350337 0.009015931 0.01836498 0.01154378 0.01301593 0.0201464 0.01837909 0.009015931 0.01185284 -0.00377393 0.008773565 0.01259771 -0.00440443 0.008773565 0.01198721 -0.00492653 0.007970251 0.01143881 -0.00446233 0.007970251 0.01145199 -0.00444043 0.008015931 0.0118293 -0.00381313 0.008747982 0.01180302 -0.00508403 0.007015931 0.01218513 -0.00576583 0.007015931 0.01241563 -0.00569093 0.007970251 0.0122768 -0.00654193 0.007015931 0.01238996 -0.00651863 0.007673231 0.01315201 -0.00460943 0.008915324 0.01277656 -0.00556083 0.008469087 0.01272322 -0.00569423 0.008378284 0.007136104 -0.01267253 -0.004722369 0.007517404 -0.01203853 -0.003989469 0.007681894 -0.01380043 -0.005085969 0.006908754 -0.01628113 -0.005251969 0.007567884 -0.01659973 -0.005984069 0.004045874 -0.02205313 -0.005251969 0.004698884 -0.02238393 -0.005984069 -0.005650526 0.01199773 0.008430145 -0.005914526 0.01177804 0.007970251 -0.006489026 0.01226922 0.007970251 -0.008829026 0.01242141 0.008209027 -0.009040326 0.01176952 0.007015931 -0.005297026 0.01229194 0.008773565 -0.006077426 0.01295907 0.008773565 -0.007335126 0.01337415 0.008773565 -0.008331626 0.01340161 0.008819566 -0.008302526 0.01222992 0.007015931 -0.008383126 0.01245852 0.007970251 -0.007439126 0.01233365 0.007015931 -0.007415026 0.01257481 0.007970251 -0.006613226 0.01206108 0.007015931 -0.006100826 0.011623 0.007015931 0.0124862 0.02680398 0.01251593 0.0124862 0.02680398 0.009015931 0.01295483 0.02793535 0.01251593 0.01295483 0.02793535 0.009015931 0.0140862 0.02840398 0.01251593 0.0140862 0.02840398 0.009015931 0.01521757 0.02793535 0.01251593 0.01521757 0.02793535 0.009015931 0.0156862 0.02680398 0.01251593 0.0156862 0.02680398 0.009015931 0.01521757 0.02567261 0.01251593 0.01521757 0.02567261 0.009015931 0.0140862 0.02520398 0.01251593 0.0140862 0.02520398 0.009015931 0.01295483 0.02567261 0.01251593 0.01295483 0.02567261 0.009015931 0.002868364 0.0244594 0.01251593 0.002868364 0.0244594 0.009015931 0.003336994 0.02559077 0.01251593 0.003336994 0.02559077 0.009015931 0.004468364 0.0260594 0.01251593 0.004468364 0.0260594 0.009015931 0.005599734 0.02559077 0.01251593 0.005599734 0.02559077 0.009015931 0.006068364 0.0244594 0.01251593 0.006068364 0.0244594 0.009015931 0.005599734 0.02332803 0.01251593 0.005599734 0.02332803 0.009015931 0.004468364 0.0228594 0.01251593 0.004468364 0.0228594 0.009015931 0.003336994 0.02332803 0.01251593 0.003336994 0.02332803 0.009015931 0.009412944 0.01484156 0.01251593 0.009412944 0.01484156 0.01501593 0.008651414 0.01668004 0.01251593 0.008651414 0.01668004 0.01501593 0.006812944 0.01744156 0.01251593 0.006812944 0.01744156 0.01501593 0.004974464 0.01668004 0.01251593 0.004974464 0.01668004 0.01501593 0.004212944 0.01484156 0.01251593 0.004212944 0.01484156 0.01501593 0.004974464 0.01300308 0.01251593 0.004974464 0.01300308 0.01501593 0.006812944 0.01224156 0.01251593 0.006812944 0.01224156 0.01501593 0.008651414 0.01300308 0.01251593 0.008651414 0.01300308 0.01501593 -0.02068123 -0.01215853 -0.01598407 -0.01998123 -0.01237273 -0.01671617 -0.02045333 -0.01459103 -0.01671617 -0.02053263 -0.01685763 -0.01671617 -0.02021683 -0.01910353 -0.01671617 -0.01951543 -0.02126033 -0.01671617 -0.01844993 -0.02326243 -0.01671617 -0.01705273 -0.02504893 -0.01671617 -0.01536623 -0.02656533 -0.01671617 -0.01344183 -0.02776563 -0.01671617 -0.01133823 -0.02861313 -0.01671617 -0.009119226 -0.02908223 -0.01671617 -0.006852526 -0.02915853 -0.01671617 -0.004607126 -0.02883963 -0.01671617 -0.002451226 -0.02813543 -0.01671617 -0.0004505257 -0.02706723 -0.01671617 0.001334034 -0.02566753 -0.01671617 0.002848204 -0.02397903 -0.01671617 0.004045874 -0.02205313 -0.01671617 -0.02117983 -0.01450173 -0.01598407 -0.02126363 -0.01689593 -0.01598407 -0.02093003 -0.01926833 -0.01598407 -0.02018923 -0.02154663 -0.01598407 -0.01906373 -0.02366143 -0.01598407 -0.01758783 -0.02554853 -0.01598407 -0.01580633 -0.02715033 -0.01598407 -0.01377363 -0.02841823 -0.01598407 -0.01155153 -0.02931343 -0.01598407 -0.009207626 -0.02980893 -0.01598407 -0.006813226 -0.02988943 -0.01598407 -0.004441326 -0.02955273 -0.01598407 -0.002164026 -0.02880883 -0.01598407 -5.07257e-05 -0.02768043 -0.01598407 0.001834334 -0.02620193 -0.01598407 0.003433774 -0.02441843 -0.01598407 0.004698884 -0.02238393 -0.01598407 -0.02093753 -0.01208003 -0.01498407 -0.02144583 -0.01446903 -0.01498407 -0.02153123 -0.01691003 -0.01498407 -0.02119113 -0.01932863 -0.01498407 -0.02043583 -0.02165133 -0.01498407 -0.01928833 -0.02380753 -0.01498407 -0.01778363 -0.02573133 -0.01498407 -0.01596743 -0.02736443 -0.01498407 -0.01389503 -0.02865703 -0.01498407 -0.01162963 -0.02956983 -0.01498407 -0.009239926 -0.03007493 -0.01498407 -0.006798826 -0.03015703 -0.01498407 -0.004380726 -0.02981363 -0.01498407 -0.002058926 -0.02905523 -0.01498407 9.55743e-05 -0.02790493 -0.01498407 0.002017454 -0.02639763 -0.01498407 0.003648104 -0.02457923 -0.01498407 0.005212944 0.01484156 0.01251593 0.005212944 0.01484156 0.009015931 0.005681574 0.01597293 0.01251593 0.005681574 0.01597293 0.009015931 0.006812944 0.01644156 0.01251593 0.006812944 0.01644156 0.009015931 0.007944314 0.01597293 0.01251593 0.007944314 0.01597293 0.009015931 0.008412944 0.01484156 0.01251593 0.008412944 0.01484156 0.009015931 0.007944314 0.01371019 0.01251593 0.007944314 0.01371019 0.009015931 0.006812944 0.01324156 0.01251593 0.006812944 0.01324156 0.009015931 0.005681574 0.01371019 0.01251593 0.005681574 0.01371019 0.009015931 -0.001947726 0.00663317 0.007015931 -0.001761526 0.00678827 0.007970251 -0.001497526 0.00700797 0.008430145 -0.001144026 0.00730217 0.008773565 0.007849574 0.02082277 0.01501593 0.007849574 0.02082277 0.009015931 0.008611094 0.02266125 0.01501593 0.008611094 0.02266125 0.009015931 0.01044957 0.02342277 0.01501593 0.01044957 0.02342277 0.009015931 0.01228805 0.02266125 0.01501593 0.01228805 0.02266125 0.009015931 0.01304957 0.02082277 0.01501593 0.01304957 0.02082277 0.009015931 0.01228805 0.01898429 0.01501593 0.01228805 0.01898429 0.009015931 0.01044957 0.01822277 0.01501593 0.01044957 0.01822277 0.009015931 0.008611094 0.01898429 0.01501593 0.008611094 0.01898429 0.009015931 -0.01564353 -0.01224003 -0.01671617 -0.01631673 -0.01413963 -0.01671617 -0.01498523 -0.01256033 -0.01598407 -0.01560373 -0.01430533 -0.01598407 -0.01474433 -0.01267753 -0.01498407 -0.01534273 -0.01436603 -0.01498407 -0.01555033 -0.01614543 -0.01498407 -0.01581833 -0.01614433 -0.01598407 -0.01535683 -0.01792633 -0.01498407 -0.01561833 -0.01798493 -0.01598407 -0.01477193 -0.01961963 -0.01498407 -0.01501383 -0.01973493 -0.01598407 -0.01382493 -0.02114023 -0.01498407 -0.01403503 -0.02130643 -0.01598407 -0.01256323 -0.02241203 -0.01498407 -0.01273113 -0.02262083 -0.01598407 -0.01105013 -0.02337113 -0.01498407 -0.01116733 -0.02361203 -0.01598407 -0.009361626 -0.02396953 -0.01498407 -0.009422326 -0.02423053 -0.01598407 -0.007582226 -0.02417713 -0.01498407 -0.007583326 -0.02444513 -0.01598407 -0.005801326 -0.02398363 -0.01498407 -0.005742726 -0.02424513 -0.01598407 -0.004108026 -0.02339873 -0.01498407 -0.003992726 -0.02364063 -0.01598407 -0.002587426 -0.02245173 -0.01498407 -0.002421226 -0.02266183 -0.01598407 -0.001315626 -0.02119003 -0.01498407 -0.001106826 -0.02135793 -0.01598407 -0.0003565257 -0.01967693 -0.01498407 -0.0001156257 -0.01979413 -0.01598407 -0.01655033 -0.01614143 -0.01671617 -0.01633273 -0.01814503 -0.01671617 -0.01567463 -0.02004993 -0.01671617 -0.01460923 -0.02176063 -0.01671617 -0.01318983 -0.02319133 -0.01671617 -0.01148763 -0.02427033 -0.01671617 -0.009588026 -0.02494353 -0.01671617 -0.007586226 -0.02517713 -0.01671617 -0.005582626 -0.02495953 -0.01671617 -0.003677726 -0.02430143 -0.01671617 -0.001967026 -0.02323603 -0.01671617 -0.0005363257 -0.02181663 -0.01671617 0.0005426943 -0.02011443 -0.01671617 0.005316404 -0.00801593 -0.01498407 0.005557354 -0.00813313 -0.01598407 0.006215644 -0.00845333 -0.01671617 -0.009071326 -0.00101643 -0.01498407 -0.009312326 -0.0008992298 -0.01598407 -0.009970626 -0.0005789298 -0.01671617 -0.006022526 0.00308687 0.01401593 -0.005843026 0.00379657 0.01474798 -0.006366526 0.00412627 0.01474798 -0.006684826 0.00386127 0.01443014 -0.006929126 0.00365797 0.01401593 -0.008617926 0.00839457 0.01501593 -0.009386526 0.00775477 0.01474798 -0.009704926 0.00748987 0.01443014 -0.009949126 0.00728647 0.01401593 -0.01998123 -0.01237273 -0.005251969 -0.02068123 -0.01215853 -0.005984069 -0.02093753 -0.01208003 -0.006984069 -0.02144583 -0.01446903 -0.006984069 -0.02117983 -0.01450173 -0.005984069 -0.02153123 -0.01691003 -0.006984069 -0.02126363 -0.01689593 -0.005984069 -0.02119113 -0.01932863 -0.006984069 -0.02093003 -0.01926833 -0.005984069 -0.02043583 -0.02165133 -0.006984069 -0.02018923 -0.02154663 -0.005984069 -0.01928833 -0.02380753 -0.006984069 -0.01906373 -0.02366143 -0.005984069 -0.01778363 -0.02573133 -0.006984069 -0.01758783 -0.02554853 -0.005984069 -0.01596743 -0.02736443 -0.006984069 -0.01580633 -0.02715033 -0.005984069 -0.01389503 -0.02865703 -0.006984069 -0.01377363 -0.02841823 -0.005984069 -0.01162963 -0.02956983 -0.006984069 -0.01155153 -0.02931343 -0.005984069 -0.009239926 -0.03007493 -0.006984069 -0.009207626 -0.02980893 -0.005984069 -0.006798826 -0.03015703 -0.006984069 -0.006813226 -0.02988943 -0.005984069 -0.004380726 -0.02981363 -0.006984069 -0.004441326 -0.02955273 -0.005984069 -0.002058926 -0.02905523 -0.006984069 -0.002164026 -0.02880883 -0.005984069 9.55743e-05 -0.02790493 -0.006984069 -5.07257e-05 -0.02768043 -0.005984069 0.002017454 -0.02639763 -0.006984069 0.001834334 -0.02620193 -0.005984069 0.003648104 -0.02457923 -0.006984069 0.003433774 -0.02441843 -0.005984069 -0.02045333 -0.01459103 -0.005251969 -0.02053263 -0.01685763 -0.005251969 -0.02021683 -0.01910353 -0.005251969 -0.01951543 -0.02126033 -0.005251969 -0.01844993 -0.02326243 -0.005251969 -0.01705273 -0.02504893 -0.005251969 -0.01536623 -0.02656533 -0.005251969 -0.01344183 -0.02776563 -0.005251969 -0.01133823 -0.02861313 -0.005251969 -0.009119226 -0.02908223 -0.005251969 -0.006852526 -0.02915853 -0.005251969 -0.004607126 -0.02883963 -0.005251969 -0.002451226 -0.02813543 -0.005251969 -0.0004505257 -0.02706723 -0.005251969 0.001334034 -0.02566753 -0.005251969 0.002848204 -0.02397903 -0.005251969 0.01268139 -0.00507453 0.01401593 0.01887715 0.01806663 0.01482821 0.01794278 0.01507098 0.01489477 0.01713267 0.01468267 0.01501593 0.01585958 0.00998407 0.01501593 0.0174 0.01180589 0.01474798 0.01842364 0.01551625 0.01472496 0.01826952 0.01534792 0.0147855 0.01889164 0.01634699 0.01454881 0.01810645 0.011614 0.01401593 0.01903047 0.0172262 0.01461496 0.01200062 -0.00480533 0.01474798 0.01107089 -0.00443773 0.01501593 0.01544207 0.00502117 0.01474798 0.01324781 0.00149157 0.01501593 0.01614149 0.00480497 0.01401593 -0.002505126 0.00361027 0.007015931 -0.002402126 0.00346657 0.007837351 -0.003163526 0.00337977 0.007015931 -0.001601826 0.00602747 0.007015931 -0.0006172257 0.00637967 0.008773565 -0.0004393257 0.00533237 0.008773565 -0.0006320257 0.00428767 0.008773565 -0.0001674257 0.00329897 0.009013608 -0.001373626 0.00610907 0.007970251 -0.001242626 0.00533807 0.007970251 -0.001485026 0.00533977 0.007015931 -0.001611526 0.00465367 0.007015931 -0.001384426 0.00456887 0.007970251 -0.001965926 0.00405287 0.007015931 -0.001781826 0.00389527 0.007970251 -0.002076226 0.00348137 0.008136435 -0.001731526 0.00348247 0.008408406 -0.001114026 0.00344727 0.008772026 0.007068364 0.0244594 0.01251593 0.007068364 0.0244594 0.01501593 0.006306844 0.02629788 0.01251593 0.006306844 0.02629788 0.01501593 0.004468364 0.0270594 0.01251593 0.004468364 0.0270594 0.01501593 0.002629884 0.02629788 0.01251593 0.002629884 0.02629788 0.01501593 0.001868364 0.0244594 0.01251593 0.001868364 0.0244594 0.01501593 0.002629884 0.02262093 0.01251593 0.002629884 0.02262093 0.01501593 0.004468364 0.0218594 0.01251593 0.004468364 0.0218594 0.01501593 0.006306844 0.02262093 0.01251593 0.006306844 0.02262093 0.01501593 0.004468364 0.0228594 0.01251593 0.004468364 0.0218594 0.01251593 0.005599734 0.02332803 0.01251593 0.006306844 0.02262093 0.01251593 0.006068364 0.0244594 0.01251593 0.007068364 0.0244594 0.01251593 0.005599734 0.02559077 0.01251593 0.006306844 0.02629788 0.01251593 0.004468364 0.0260594 0.01251593 0.004468364 0.0270594 0.01251593 0.003336994 0.02559077 0.01251593 0.002629884 0.02629788 0.01251593 0.002868364 0.0244594 0.01251593 0.001868364 0.0244594 0.01251593 0.003336994 0.02332803 0.01251593 0.002629884 0.02262093 0.01251593 0.005681574 0.01597293 0.01251593 0.004974464 0.01668004 0.01251593 0.005212944 0.01484156 0.01251593 0.004212944 0.01484156 0.01251593 0.005681574 0.01371019 0.01251593 0.004974464 0.01300308 0.01251593 0.006812944 0.01324156 0.01251593 0.006812944 0.01224156 0.01251593 0.007944314 0.01371019 0.01251593 0.008651414 0.01300308 0.01251593 0.008412944 0.01484156 0.01251593 0.009412944 0.01484156 0.01251593 0.007944314 0.01597293 0.01251593 0.008651414 0.01668004 0.01251593 0.006812944 0.01644156 0.01251593 0.006812944 0.01744156 0.01251593 0.01344664 0.02932409 0.01473968 0.01224773 0.02864246 0.01251593 0.01408579 0.02940398 0.01451858 0.0140862 0.02940398 0.01251593 0.01431682 0.02939373 0.01444119 0.0166862 0.02680398 0.01251593 0.01646173 0.0278608 0.01457205 0.01592468 0.02864246 0.01251593 0.01590739 0.02865959 0.01427981 0.01519028 0.02915792 0.01423047 0.01592468 0.0249655 0.01251593 0.0165559 0.02599121 0.01501593 0.01668572 0.02685433 0.0148983 0.01255592 0.02890594 0.01498436 0.01222806 0.02862258 0.01501593 0.0114862 0.02680398 0.01251593 0.0114862 0.02680398 0.01501593 0.01224773 0.0249655 0.01251593 0.01224773 0.0249655 0.01501593 0.0140862 0.02420398 0.01251593 0.0140862 0.02420398 0.01501593 0.01592468 0.0249655 0.01501593 -0.002850526 0.00458087 -0.01671617 -0.003324226 0.00436677 -0.01671617 -0.002548226 0.00500377 -0.01671617 -0.002499126 0.00552127 -0.01671617 -0.002716326 0.00599347 -0.01671617 -0.002153726 0.00646177 -0.01598407 -0.001777426 0.00564387 -0.01598407 -0.001947726 0.00663317 -0.01498407 -0.001513226 0.00568877 -0.01498407 -0.001485026 0.00533977 -0.01498407 -0.001862526 0.00474747 -0.01598407 -0.001611526 0.00465367 -0.01498407 -0.002216026 0.00380787 -0.01498407 -0.002386026 0.00401497 -0.01598407 -0.003163526 0.00337977 -0.01498407 -0.003206526 0.00364427 -0.01598407 -0.005474526 0.00373377 -0.01671617 -0.005181926 0.00306267 -0.01598407 -0.005074826 0.00281707 -0.01498407 -0.006572126 0.00196147 -0.01498407 -0.006729426 0.00217847 -0.01598407 -0.007851326 0.0008048702 -0.01498407 -0.008051426 0.0009830702 -0.01598407 -0.007159026 0.00277117 -0.01671617 -0.008598026 0.00146997 -0.01671617 -0.006869426 0.01098328 -0.01671617 -0.006306726 0.01145159 -0.01598407 -0.006100826 0.011623 -0.01498407 0.008425764 -0.01479963 -0.01598897 0.007757754 -0.01448353 -0.01672177 0.0118835 -0.00704623 -0.01598407 0.01120707 -0.00676633 -0.01671617 0.01227641 -0.00622103 -0.01498407 0.01218248 -0.00575773 -0.01498407 0.01198241 -0.00532933 -0.01498407 -0.007208426 0.01229688 -0.01498407 -0.008496526 0.0121499 -0.01498407 0.005461254 -0.00833063 0.01401593 0.005747064 -0.00846973 0.01443014 0.006119534 -0.00865093 0.01474798 0.01643078 0.01458614 0.01501593 0.009412944 0.01484156 0.01501593 0.008651414 0.01300308 0.01501593 0.008611094 0.01898429 0.01501593 0.007849574 0.02082277 0.01501593 0.006306844 0.02262093 0.01501593 0.01304957 0.02082277 0.01501593 0.01228805 0.01898429 0.01501593 0.01383078 0.01718614 0.01501593 0.01044957 0.01822277 0.01501593 0.0145923 0.01534766 0.01501593 0.01643078 0.01978614 0.01501593 0.0145923 0.01902461 0.01501593 0.008651414 0.01668004 0.01501593 0.006812944 0.01744156 0.01501593 0.007068364 0.0244594 0.01501593 0.008611094 0.02266125 0.01501593 0.01044957 0.02342277 0.01501593 0.004807914 0.02827074 0.01501593 0.004468364 0.0270594 0.01501593 0.006650394 0.02865684 0.01501593 0.006306844 0.02629788 0.01501593 0.01592468 0.0249655 0.01501593 0.006812944 0.01224156 0.01501593 0.004974464 0.01668004 0.01501593 0.004468364 0.0218594 0.01501593 0.004212944 0.01484156 0.01501593 0.002629884 0.02262093 0.01501593 0.0114862 0.02680398 0.01501593 0.01224773 0.0249655 0.01501593 0.0140862 0.02420398 0.01501593 0.01228805 0.02266125 0.01501593 -0.001612026 0.02165698 0.01501593 -0.003795626 0.01778621 0.01501593 0.004974464 0.01300308 0.01501593 0.003995494 0.02795192 0.01501593 0.003105434 0.02744512 0.01501593 0.002629884 0.02629788 0.01501593 0.001737554 0.02628228 0.01501593 0.001868364 0.0244594 0.01501593 0.0004564343 0.02477342 0.01501593 -0.0008317257 0.02291377 0.01501593 0.02038159 0.02198678 0.009015931 0.01980457 0.02435604 0.009015931 0.0193186 0.02544232 0.009015931 0.01709637 0.02829405 0.009015931 0.01400535 0.03016924 0.009015931 0.01483078 0.01718614 0.01251593 0.01483078 0.01718614 0.009015931 0.01529941 0.01831751 0.01251593 0.01529941 0.01831751 0.009015931 0.01643078 0.01878614 0.01251593 0.01643078 0.01878614 0.009015931 0.01756215 0.01831751 0.01251593 0.01756215 0.01831751 0.009015931 0.01803078 0.01718614 0.01251593 0.01803078 0.01718614 0.009015931 0.01756215 0.01605477 0.01251593 0.01756215 0.01605477 0.009015931 0.01643078 0.01558614 0.01251593 0.01643078 0.01558614 0.009015931 0.01529941 0.01605477 0.01251593 0.01529941 0.01605477 0.009015931 -0.0003565257 -0.01967693 -0.006984069 -0.001315626 -0.02119003 -0.006984069 -0.002587426 -0.02245173 -0.006984069 -0.004108026 -0.02339873 -0.006984069 -0.005801326 -0.02398363 -0.006984069 -0.007582226 -0.02417713 -0.006984069 -0.009361626 -0.02396953 -0.006984069 -0.01105013 -0.02337113 -0.006984069 -0.01256323 -0.02241203 -0.006984069 -0.01382493 -0.02114023 -0.006984069 -0.01477193 -0.01961963 -0.006984069 -0.01535683 -0.01792633 -0.006984069 -0.01555033 -0.01614543 -0.006984069 -0.01534273 -0.01436603 -0.006984069 -0.01474433 -0.01267753 -0.006984069 -0.009071326 -0.00101643 -0.006984069 0.005996274 -0.00593183 -0.01498407 0.006110024 -0.00496333 -0.01498407 0.006110024 -0.00496333 0.007015931 0.006112814 -0.00491013 0.007075341 0.006079054 -0.00368333 0.008291457 0.005935174 -0.00279493 0.008826195 0.005867654 -0.00251293 0.008925321 0.005680844 -0.00189473 0.009015931 0.004312564 0.0005516702 0.009015931 -0.001731526 0.00348247 0.008408406 -0.001114026 0.00344727 0.008772026 0.001622254 0.00267767 0.009015931 -6.68257e-05 0.00327627 0.009015931 -0.0001674257 0.00329897 0.009013608 -0.002402126 0.00346657 0.007837351 -0.002076226 0.00348137 0.008136435 -0.007851326 0.0008048702 -0.006984069 -0.01016603 0.00917117 0.01401593 -0.009511726 0.00884297 0.01474798 -0.006468926 0.01573273 0.01443718 0.006433894 0.03050194 0.01375657 0.004586324 0.02895876 0.01488074 0.006572164 0.02937542 0.01488074 -0.0001199257 0.02520965 0.01488074 0.001150634 0.02671521 0.01488074 0.002700934 0.02804418 0.01488074 -0.002231426 0.02202948 0.01488074 -0.005861426 0.01541766 0.01488074 -0.002817926 0.02238213 0.01443718 -0.0006655257 0.02562263 0.01443718 0.0006570243 0.02718916 0.01443718 0.002317994 0.02861131 0.01443718 0.004376544 0.02961012 0.01443718 0.006488794 0.03005463 0.01443718 0.004238384 0.03003909 0.01375657 0.002065804 0.02898481 0.01375657 0.0003319743 0.02750129 0.01375657 -0.001024926 0.02589461 0.01375657 -0.003204126 0.02261438 0.01375657 -0.006868926 0.01594023 0.01375657 0.01127974 -0.00630253 -0.01671617 0.01101197 -0.00517203 -0.01639827 0.01117578 -0.00489963 -0.01598407 0.01175474 -0.00547063 -0.01598407 0.01200935 -0.00624283 -0.01598407 0.01079847 -0.00552703 -0.01671617 0.01113274 -0.00585663 -0.01671617 0.008501804 -0.00311443 0.007015931 0.008161684 -0.00307583 -0.01498407 0.006423104 -0.00399583 -0.01498407 0.006263724 -0.00429873 0.007015931 0.006631814 -0.00372443 -0.01498407 0.006631814 -0.00372443 0.007015931 0.007171484 -0.00330733 -0.01498407 0.007171484 -0.00330733 0.007015931 0.007819954 -0.00309573 0.007015931 0.01643078 0.01878614 0.01251593 0.01643078 0.01978614 0.01251593 0.01529941 0.01831751 0.01251593 0.0145923 0.01902461 0.01251593 0.01483078 0.01718614 0.01251593 0.01383078 0.01718614 0.01251593 0.01529941 0.01605477 0.01251593 0.0145923 0.01534766 0.01251593 0.01643078 0.01558614 0.01251593 0.01643078 0.01458614 0.01251593 0.01756215 0.01605477 0.01251593 0.01826926 0.01534766 0.01251593 0.01803078 0.01718614 0.01251593 0.01903078 0.01718614 0.01251593 0.01756215 0.01831751 0.01251593 0.01826926 0.01902461 0.01251593 0.01295483 0.02793535 0.01251593 0.01224773 0.02864246 0.01251593 0.0124862 0.02680398 0.01251593 0.0114862 0.02680398 0.01251593 0.01295483 0.02567261 0.01251593 0.01224773 0.0249655 0.01251593 0.0140862 0.02520398 0.01251593 0.0140862 0.02420398 0.01251593 0.01521757 0.02567261 0.01251593 0.01592468 0.0249655 0.01251593 0.0156862 0.02680398 0.01251593 0.0166862 0.02680398 0.01251593 0.01521757 0.02793535 0.01251593 0.01592468 0.02864246 0.01251593 0.0140862 0.02840398 0.01251593 0.0140862 0.02940398 0.01251593 -0.01086393 0.00753957 -0.005738469 -0.01071333 0.00776847 -0.005485269 -0.01066223 0.00855027 -0.006206869 -0.01044523 0.00737297 -0.004470069 -0.01079533 0.00667387 -0.005252169 -0.01055003 0.00702607 -0.004894869 -0.008598026 0.00146997 -0.005251969 -0.008051426 0.0009830702 -0.005984069 -0.009970626 -0.0005789298 -0.005251969 -0.009312326 -0.0008992298 -0.005984069 -0.01564353 -0.01224003 -0.005251969 -0.01498523 -0.01256033 -0.005984069 -0.01560373 -0.01430533 -0.005984069 -0.01631673 -0.01413963 -0.005251969 -0.01655033 -0.01614143 -0.005251969 -0.01633273 -0.01814503 -0.005251969 -0.01567463 -0.02004993 -0.005251969 -0.01460923 -0.02176063 -0.005251969 -0.01318983 -0.02319133 -0.005251969 -0.01148763 -0.02427033 -0.005251969 -0.009588026 -0.02494353 -0.005251969 -0.007586226 -0.02517713 -0.005251969 -0.005582626 -0.02495953 -0.005251969 -0.003677726 -0.02430143 -0.005251969 -0.001967026 -0.02323603 -0.005251969 -0.0005363257 -0.02181663 -0.005251969 0.0005426943 -0.02011443 -0.005251969 0.0001701743 -0.01993323 -0.005569869 -0.01581833 -0.01614433 -0.005984069 -0.01561833 -0.01798493 -0.005984069 -0.01501383 -0.01973493 -0.005984069 -0.01403503 -0.02130643 -0.005984069 -0.01273113 -0.02262083 -0.005984069 -0.01116733 -0.02361203 -0.005984069 -0.009422326 -0.02423053 -0.005984069 -0.007583326 -0.02444513 -0.005984069 -0.005742726 -0.02424513 -0.005984069 -0.003992726 -0.02364063 -0.005984069 -0.002421226 -0.02266183 -0.005984069 -0.001106826 -0.02135793 -0.005984069 -0.0001156257 -0.01979413 -0.005984069 0.008622304 -0.00421813 -0.01671617 0.008835794 -0.00386313 -0.01639827 0.008999614 -0.00359083 -0.01598407 0.008134284 -0.00407543 -0.01671617 0.007264994 -0.00453543 -0.01671617 0.006648684 -0.00414033 -0.01598407 0.007296804 -0.00354413 -0.01598407 0.008154344 -0.00334363 -0.01598407 0.006377554 -0.00497823 -0.01598407 0.007108454 -0.00501913 -0.01671617 0.007639184 -0.00419123 -0.01671617 0.006260004 -0.00597923 -0.01598407 0.006980494 -0.00610873 -0.01671617 -0.008381526 0.0119079 -0.01598407 -0.007265926 0.01203519 -0.01598407 -0.008067326 0.01124673 -0.01671617 -0.007423226 0.01132022 -0.01671617 0.009262644 -0.00315353 0.007970251 0.009275824 -0.00313153 0.008015931 0.009653136 -0.00250423 0.008747982 0.009676681 -0.00246513 0.008773565 0.005867654 -0.00251293 0.008925321 0.005935174 -0.00279493 0.008826195 0.006682414 -0.00238303 0.008773565 0.007669934 -0.00206093 0.008773565 0.008708284 -0.00208933 0.008773565 0.006079054 -0.00368333 0.008291457 0.006112814 -0.00491013 0.007075341 0.006453054 -0.00356083 0.007970251 0.007058124 -0.00309303 0.007970251 0.007785184 -0.00285593 0.007970251 0.008549664 -0.00287683 0.007970251 0.005528984 -0.00997183 0.01401593 0.006158644 -0.00959843 0.01474798 0.005288194 -0.00915983 0.01401593 0.006019624 -0.00912963 0.01474798 -0.009611326 0.00828017 0.01474798 -0.01033863 0.00819647 0.01401593</float_array>
          <technique_common>
            <accessor count="1138" source="#verts-array-array" stride="3">
              <param type="float" name="X"/>
              <param type="float" name="Y"/>
              <param type="float" name="Z"/>
            </accessor>
          </technique_common>
        </source>
        <source id="normals-array">
          <float_array count="3414" id="normals-array-array">-0.9302774 0.3664411 0.01746103 -0.9280284 0.3708383 0.03524667 -0.9815998 0.140146 0.1296958 -0.9170317 0.393319 0.0659774 -0.9088618 0.410146 0.07583279 -0.9015708 0.2963353 0.3152071 -0.8994675 0.4283799 0.08630696 -0.8537795 0.37622 0.3598877 -0.7749199 0.08879884 0.6257907 -0.6718523 0.248486 0.6977601 -0.5219506 -0.1336246 0.8424441 -0.3819434 0.07775576 0.9209089 -0.2777707 -0.2905 0.9156709 -0.134736 -0.05225208 0.9895029 -0.4407385 -0.5658768 0.6968021 -0.6665083 -0.384117 0.6389216 -0.8759823 -0.09783333 0.4723173 -0.9518572 0.1984008 0.2336772 -0.9229977 0.3809897 0.05405561 -0.5524463 -0.7453752 0.3731205 -0.761536 -0.5490879 0.3443332 -0.9420955 -0.2191427 0.2538356 -0.9330284 0.3597495 0.006189455 -0.993896 0.1056073 0.031905 -0.9599001 -0.2725786 0.06551942 -0.7875468 -0.6098209 0.08881704 -0.5880904 -0.8029162 0.09734084 0.3995449 0.9076134 -0.1288479 0.436275 0.8911694 -0.1244239 0.6071516 0.7841355 -0.1284463 0.5788517 0.805762 -0.125213 -0.01677675 0.1454511 -0.9892232 0.1383001 -0.04282766 -0.9894639 0.0474784 -0.1112763 -0.9926547 0.0004856397 0.1213188 -0.9926135 -0.0265244 0.1183841 -0.9926135 0.031162 -0.1340516 -0.9904843 0.07139864 -0.09851463 -0.992571 0.09104424 -0.07888431 -0.9927176 -0.1164388 0.0585958 -0.9914679 0.1086842 -0.06205062 -0.9921378 -0.1221339 0.05526668 -0.9909737 0.1162043 -0.04892668 -0.9920195 -0.1315974 0.04027311 -0.9904848 0.1181753 -0.02746525 -0.9926128 -0.1365842 0.01679559 -0.9904861 0.1213188 -0.0004856397 -0.9926135 0.05398129 -0.1265921 -0.990485 -0.05220498 0.1095182 -0.9926129 0.07515832 -0.1152814 -0.9904854 -0.07526615 0.0951558 -0.9926129 0.0940551 -0.1004685 -0.9904846 0.0951558 0.07526615 -0.9926129 -0.1153897 -0.07500801 -0.9904842 0.1095182 0.05220498 -0.9926129 -0.1266629 -0.05381088 -0.9904852 0.1183841 0.0265244 -0.9926135 -0.1340829 -0.03097799 -0.9904858 -0.1374391 -0.007205953 -0.990484 0.00738641 -0.137419 -0.9904855 -0.01661035 -0.1366173 -0.9904846 0.02746525 0.1181753 -0.9926128 -0.04009857 -0.13165 -0.9904849 0.05306988 0.1090852 -0.9926147 -0.06237176 -0.1226868 -0.9904836 0.07602068 0.09455213 -0.9926131 -0.0827401 -0.1099698 -0.9904851 -0.100594 -0.09391896 -0.9904848 0.1100861 -0.08259546 -0.9904842 -0.09455231 0.07602079 -0.9926131 0.1172169 -0.06575181 -0.9909273 -0.1102265 0.06122927 -0.9920187 0.1196908 -0.05901452 -0.9910557 0.1182523 -0.0548815 -0.9914658 -0.1158963 0.04720541 -0.9921389 0.1476103 0.04658775 -0.9879478 -0.119666 0.02600465 -0.9924736 -0.06367311 0.1292541 -0.9895651 -0.6105958 -0.7813561 0.1290559 -0.3879988 -0.9127451 0.12788 -0.4893543 -0.8621583 0.1312079 0.4429408 -0.2746253 0.8534544 0.2953981 -0.4438752 0.8459993 0.7451223 -0.4556582 0.4869994 0.48573 -0.7298165 0.4810762 0.8449777 -0.5187866 0.1298965 0.5486427 -0.8263067 0.1273124 0.02337395 -0.9916798 0.1265889 0.03071043 -0.8813507 0.4714634 0.03126319 -0.521379 0.8527523 0.04702704 -0.1442595 0.9884218 -0.1769268 -0.4242529 0.8880914 -0.2628537 -0.6646117 0.6994278 -0.3524199 -0.829922 0.4324693 0.1095181 0.05220511 0.9926129 0.1183839 0.02652386 0.9926136 -0.1340811 -0.03098138 0.9904859 -0.1374394 -0.007200916 0.990484 0.1213191 -0.0004844173 0.9926134 -0.1365853 0.01679133 0.990486 0.1181738 -0.02746758 0.992613 -0.1315955 0.04027432 0.990485 -0.1266644 -0.05381129 0.990485 -0.1153907 -0.0750061 0.9904843 0.09515652 0.07526588 0.9926129 -0.1005925 -0.09391944 0.9904849 0.0760232 0.09455306 0.9926128 -0.08273972 -0.1099717 0.9904849 0.05306657 0.1090869 0.9926147 -0.06237447 -0.1226857 0.9904835 0.02746758 0.1181738 0.992613 -0.06464612 -0.1041372 0.9924597 -0.1102277 0.06122888 0.9920186 -0.04009691 -0.1316497 0.990485 -0.01661132 -0.1366167 0.9904847 0.0004844173 0.1213191 0.9926134 0.007389154 -0.1374196 0.9904854 -0.02652386 0.1183839 0.9926136 0.03115891 -0.1340526 0.9904842 -0.05220511 0.1095181 0.9926129 -0.1221402 0.05533738 0.990969 0.1162029 -0.0489247 0.9920198 -0.1158726 0.05853953 0.9915375 0.1086824 -0.0620505 0.992138 -0.1871903 -0.0009017177 0.9823233 0.09665477 -0.07748092 0.9922976 0.04428283 -0.1445308 0.9885089 0.05398155 -0.1265904 0.9904852 0.07516038 -0.1152809 0.9904853 -0.07526588 0.09515652 0.9926129 0.09405519 -0.1004703 0.9904844 -0.09455313 0.07602188 0.9926129 0.1100853 -0.08259614 0.9904843 0.1174177 -0.06564073 0.9909109 0.1185323 -0.06006731 0.9911317 0.0409827 -0.1415972 0.9890757 -0.8208443 -0.5563678 0.1291108 -0.9502145 -0.2811635 0.1343111 -0.9916564 0.01891078 0.1275144 -0.9380617 0.3218261 0.1283287 -0.9192971 0.3711342 0.1309665 -0.8224138 0.3442539 0.4529071 -0.8448675 0.1649783 0.5089017 -0.474814 0.09431751 0.8750176 -0.1182823 0.02294675 0.9927148 -0.1215984 -0.00463437 0.9925686 -0.4860759 -0.01852351 0.8737203 -0.1177806 -0.03058603 0.9925685 -0.4708135 -0.1222661 0.8737194 -0.10849 -0.05511776 0.9925684 -0.4336645 -0.2203281 0.8737223 -0.09415549 -0.07708631 0.9925686 -0.3763841 -0.3081473 0.8737164 -0.07544544 -0.09547133 0.992569 -0.3015867 -0.3816392 0.8737259 -0.05323472 -0.1094281 0.9925682 -0.2127888 -0.4374109 0.8737234 -0.02854556 -0.1182904 0.9925686 -0.1141076 -0.4728601 0.8737178 -0.002967074 -0.121955 0.9925312 -0.01192962 -0.4867578 0.8734555 0.0219204 -0.120322 0.9924929 0.08735267 -0.4794923 0.8731876 -0.04587207 -0.1510183 0.9874661 0.0873636 -0.5128983 0.8539923 -0.1159141 0.04721676 0.9921363 -0.4042858 0.1636328 0.8998763 -0.6535795 0.2796113 0.7033145 -0.8608213 -0.03281115 0.5078486 -0.8337855 -0.2165316 0.5078541 -0.7680052 -0.3901894 0.5078585 -0.6665419 -0.5457121 0.5078584 -0.5341116 -0.6758772 0.5078531 -0.3768415 -0.7746377 0.5078651 -0.2020808 -0.8374025 0.5078586 -0.02118776 -0.8613451 0.5075782 0.1544491 -0.8478172 0.5072982 0.152415 -0.8605938 0.4859506 -0.9735164 0.1818419 0.1385617 -0.9881035 -0.027374 0.1513347 -0.9602 -0.2476236 0.1292223 -0.8828368 -0.4505857 0.1325586 -0.7670172 -0.627962 0.1317133 -0.6141196 -0.7771217 0.1376192 -0.4333672 -0.8914886 0.132064 -0.2343968 -0.9634076 0.1300154 -0.02373039 -0.9914868 0.1280268 0.1851215 -0.9722018 0.1433654 0.1669369 -0.9770014 0.1326665 0.3488396 0.1451136 0.9258796 0.5226563 -0.1138393 0.8449089 0.2258402 0.05385172 0.9726748 0.5057379 -0.0310537 0.8621281 0.1002476 0.03058967 0.9944922 0.1304238 -0.00771771 0.9914283 0.5023003 0.05886786 0.8626871 0.1301988 0.01525871 0.9913705 0.4833836 0.1486976 0.8626873 0.1252949 0.03854335 0.9913706 0.4485377 0.2336275 0.8626889 0.116265 0.06055781 0.9913704 0.4040833 0.3362569 0.850675 0.1035058 0.06500301 0.9925025 0.5951762 0.4580557 0.6602653 0.4233453 0.357604 0.8324051 0.6102726 0.6378888 0.4697502 0.6801643 0.5401448 0.4956007 0.1607649 0.6419622 0.7496927 0.1927221 0.728593 0.6572749 0.297717 0.8394431 0.4546425 0.3189302 0.7447676 0.586178 0.4818912 0.7714063 0.4155877 0.3743454 0.8017228 0.4659464 0.5214321 0.7486547 0.4094199 0.08606342 0.4969054 0.8635265 0.01864682 0.1271091 0.9917134 -0.01007353 0.1436727 0.989574 0.1646373 0.8622135 0.4790433 2.978388e-05 0.2797021 0.9600868 0.0253238 0.992255 0.1216093 0.1795123 0.9767018 0.1175968 0.3528706 0.9275308 0.1231622 0.5150769 0.8490388 0.1175963 0.659619 0.7414403 0.1231628 0.783313 0.6104029 0.1175972 0.7742027 0.4032528 0.4878497 0.8792641 0.4596267 0.1250521 0.8343423 0.2566594 0.4878512 0.948903 0.2902102 0.1239399 0.8669935 0.101609 0.4878503 0.9856406 0.1155142 0.1231624 0.871077 -0.05678641 0.4878526 0.9909575 -0.06460125 0.1176009 0.8545703 -0.1726325 0.4898037 0.9714451 -0.202614 0.1234584 0.09100829 0.07392295 0.9931027 0.006022446 0.127365 0.9918376 0.009495867 0.4397122 0.8980886 0.01879262 0.7066066 0.707357 0.02339408 0.9025994 0.4298453 -0.8402817 -0.5392455 0.05604477 -0.8445445 -0.5197212 0.1289748 -0.9510936 -0.3047801 0.05029936 -0.9850395 -0.1132632 0.1298796 -0.9975345 0.01411274 0.06874459 -0.9596933 0.2796258 0.02825111 -0.9403577 0.31484 0.1288533 -0.8984869 0.4387844 0.01376388 -0.8851586 0.4464001 0.1312296 -0.7717954 0.3916865 0.5009127 -0.8017932 0.3545232 0.4810831 -0.890906 0.4031621 0.2091572 -0.8642148 0.4855333 0.1318718 -0.4467436 0.2273929 0.8652818 -0.4417567 0.1319787 0.887374 -0.6569131 0.2663556 0.7053509 -0.902726 0.4101089 0.129986 -0.7901879 0.3590249 0.4966933 -0.4602817 0.2088762 0.8628508 -0.3982245 -0.2128833 0.8922432 -0.7682821 -0.6296751 0.1151172 -0.7106895 -0.5567756 0.4300247 -0.8559441 -0.4455191 0.2624358 -0.5809624 -0.4093884 0.7034798 -0.7755561 -0.2704473 0.570413 -0.5949893 -0.04960187 0.8022016 0.8632844 -0.4412137 0.2450928 0.9044723 -0.4261158 0.01884595 0.813042 -0.5616871 0.1532004 -0.07055835 -0.9942851 0.08011632 -0.3436961 -0.9309727 0.1231372 -0.2160289 -0.8518681 0.4771292 0.677704 -0.5008639 0.5383796 0.6079792 -0.7029797 0.3690269 0.2949624 -0.7568692 0.5832206 -0.07482166 -0.4818802 0.8730368 0.8032067 -0.3373105 0.4909996 0.7068371 -0.3813626 0.5957717 0.6632195 -0.7462557 0.05694137 0.3995101 -0.9154965 0.04751592 0.5258513 -0.8256361 0.2044637 0.1588849 -0.9501223 0.2683715 0.1325201 -0.9896087 0.05579448 -0.06042144 -0.9845043 0.1646222 0.1502833 -0.3957449 0.9059806 0.2243734 -0.3167851 0.9215768 0.410902 -0.4808087 0.7745854 0.4177004 -0.271682 0.8670151 0.5427042 -0.3083578 0.781273 0.8043741 -0.5935842 0.02529852 -0.9173069 0.3862697 0.09666292 -0.994217 -0.09222382 0.0550213 -0.9994823 -0.01265271 0.0295815 -0.7012511 -0.7124931 0.02450423 -0.9349675 -0.3386881 0.1054807 -0.8199606 -0.5722432 0.01422554 -0.8169672 0.5750635 0.04320365 -0.7139547 0.6984639 0.04916217 -0.6860099 0.7275922 -4.763623e-06 0.02246994 0.9992394 0.03187057 -0.2927937 0.9556049 0.03303261 -0.5138306 0.8573945 0.02920267 -0.7426577 -0.6696698 0.001389405 -0.559963 -0.8285173 0.000793626 0.001140485 -0.9999985 0.001316877 0.002689516 -0.9999964 0 0.7071077 -0.7071058 0 0.7071077 -0.7071058 0 1 -9.615387e-07 0 1 -9.615387e-07 0 0.7071068 0.7071068 0 0.7071068 0.7071068 0 0.1276638 0.9918175 0 -0.5552663 -0.709462 0.4339849 -0.4562795 -0.5478955 0.7011558 -0.2834926 -0.3586317 0.8893904 -0.1482593 -0.04395033 0.9879714 -0.104872 -0.2411444 0.9648063 0.2394156 -0.3823804 0.8924491 0.1299319 -0.9799046 0.1513428 0.3304565 -0.9435429 0.02291883 0.1826751 -0.9829509 0.02091312 -0.03003345 -0.8868627 0.461056 0.2601567 -0.9366118 0.2346844 -0.1548718 -0.9541162 0.2562752 -0.1574464 -0.9860427 0.05413267 -0.5287045 -0.8445671 0.08472346 -0.7130748 -0.694506 0.09584187 -0.4711005 -0.8186317 0.3284912 -0.6780619 -0.6505043 0.3421641 -0.3015092 -0.7208804 0.6240382 -0.5777923 -0.5560936 0.5974245 -0.3078693 -0.3797255 0.8723675 0.3804695 -0.6386215 0.6688838 0.2325992 -0.7300313 0.6426134 0.5578375 -0.6891625 0.4624634 0.4585775 -0.828213 0.3221333 0.6717576 -0.7315001 0.1168303 0.5531254 -0.8290699 0.08182554 0.3763715 -0.9255533 0.04117881 0.4310057 -0.9003138 0.06057327 -0.0912107 -0.5196977 0.8494674 -0.9027733 0.410015 -0.1299541 -0.8856385 0.445644 -0.1305595 -0.8025557 0.5825673 -0.1285286 -0.8643776 0.5024057 -0.02097491 -0.8925077 0.4510322 0.0002805818 -0.8830327 0.4486454 0.1377338 -0.8913293 0.4533561 0.0006018938 -0.8865529 0.4626184 -0.002844762 -0.8804019 0.464838 0.09390499 -0.8495113 0.5274763 -0.009968179 -0.84691 0.5226948 0.09764017 -0.7986809 0.595103 0.08922573 -0.7225725 0.6909647 -0.02137135 -0.7177805 0.6901207 0.09232907 -0.5848831 0.8062776 0.08847673 -0.4740582 0.8801416 -0.02489059 -0.4287855 0.889449 0.1581884 -0.3212711 0.9417872 0.09910476 -0.1850274 0.9825518 -0.01889185 0.05212495 0.9984541 -0.01930019 -0.09497134 0.9912427 0.09175173 -0.1930032 0.9747559 0.1122532 -0.4215273 0.3123488 -0.8513242 -0.4464543 0.2246682 -0.8661424 -0.7072788 0.5147256 -0.4845764 -0.7735277 0.3892639 -0.5001285 -0.4603339 0.2087825 -0.8628456 -0.7902404 0.3589064 -0.4966955 0.08418539 0.08240629 -0.9930368 0.05369455 0.09475282 -0.9940517 0 0 -1 0 0 -1 0.02185559 0.1084931 -0.9938569 0 0 -1 -0.01587824 0.1095201 -0.9938577 -0.05351374 0.08874507 -0.9946158 0 0 -1 0 0 -1 0 0 -1 0.09633057 0.06745224 -0.9930612 0 0 -1 0.1039225 0.03717517 -0.9938904 0.1103625 -0.0007772559 -0.9938911 0 0 -1 0 0 -1 0 0 -1 0 0 -1 0.1425645 0.07974634 -0.9865677 0.08381319 0.08197012 -0.9931043 0.06844892 0.0962406 -0.9930018 0.05226922 0.105498 -0.9930449 0 0 -1 0 0 -1 0 0 -1 -0.042836 0.06695899 -0.9968358 0 0 -1 0 0 -1 0.1014599 -0.03974466 -0.9940454 0.01149172 -0.00557791 -0.9999184 0.01310164 0.1065057 -0.9942258 0.00301034 0.1320978 -0.9912321 0 0 -1 0 0 -1 0 0 -1 0 0 -1 0 0 -1 0 0 -1 0 0 -1 0 0 -1 0 0 -1 0 0 -1 0 0 -1 0 0 -1 0 0 -1 0 0 -1 0 0 -1 0 0 -1 0 0 -1 0 0 -1 0 0 -1 0 0 -1 0 0 -1 0 0 -1 0 0 -1 0 0 -1 0 0 -1 0 0 -1 0 0 -1 0 0 -1 0 0 -1 0 0 -1 0 0 -1 0 0 -1 0 0 -1 0 0 -1 0 0 -1 0 0 -1 0 0 -1 0 0 -1 0 0 -1 0 0 -1 -0.655613 -0.7440024 0.1289653 -0.2421861 -0.9616306 0.1288894 0.8661994 -0.4825089 0.1299379 0.866801 -0.4813184 -0.1303401 0.8920772 -0.4333461 0.1280993 0.8971683 -0.4214048 -0.1323139 0.909961 -0.392475 -0.1339188 0.9541155 -0.2702248 -0.1290047 0.9444311 -0.3281296 -0.019518 0.9100917 -0.3855399 0.151961 0.9255117 -0.3787187 0.0005492027 0.9313309 -0.3641739 0.0002267006 0.9254012 -0.3547903 0.1332532 0.9284488 -0.3714581 0.001341095 0.9272651 -0.3744013 0.001765029 0.9344953 -0.3559665 0.00254162 0.9410128 -0.3382159 0.01024348 0.9403088 -0.308477 0.1437404 0.9536934 -0.3007539 -0.004008999 0.9566651 -0.2651673 0.1203255 0.9845401 -0.1740449 -0.0197258 0.2128012 0.2972554 -0.9307818 0.333473 0.4036671 -0.8519675 0.6610699 0.5469978 -0.5135952 0.5412417 0.7542501 -0.3717046 0.4588585 0.6481256 -0.6077682 0.3479289 0.4910695 -0.7986214 0.7651194 0.631326 -0.1265692 0.9434415 0.3068548 -0.1255321 0.8382861 0.2949011 -0.4585954 0.9930471 -0.0711963 -0.09374734 0.9724504 -0.007169097 -0.2329995 0.3984156 0.1953421 -0.8961621 0.6831118 0.1986922 -0.7027657 0.7935407 0.1165201 -0.5972572 -0.2532099 -0.4218445 0.8705929 -0.4359328 -0.745979 0.5034659 0.2770002 -0.1368112 0.9510802 0.4578735 -0.2346196 0.8574996 0.7774415 -0.3836264 0.498413 0.442037 -0.246539 0.862451 0.7583949 -0.4224466 0.4963629 0.5136998 0.4836298 -0.7086711 0.6409675 0.6334719 -0.4334445 0.4412098 0.7475842 -0.4964391 -0.4433332 0.7624109 -0.4713654 -0.6963826 0.7068799 -0.1239842 0.3013295 0.29687 -0.9061284 0.2351024 0.3926298 -0.8891393 0.06148664 0.4730961 -0.8788626 -0.08686279 0.5360461 -0.8397079 -0.3102254 0.9387984 -0.149726 -0.2098721 0.8602345 -0.4647045 0.09797443 0.9871254 -0.1264297 0.09492491 0.8496483 -0.518736 0.4868607 0.8644107 -0.1255421 0.7058437 0.6973542 -0.1244259 1 -9.562802e-18 0 1 0 0 0.7071068 -0.7071068 0 0.7071068 -0.7071068 0 0 -1 0 1.91256e-17 -1 0 -0.7071068 -0.7071068 0 -0.7071068 -0.7071068 0 -1 0 0 -1 0 0 -0.7071068 0.7071068 0 -0.7071068 0.7071068 0 0 1 0 0 1 0 0.7071068 0.7071068 0 0.7071068 0.7071068 0 1 -5.355169e-16 0 1 -5.355169e-16 0 0.7071068 -0.7071068 0 0.7071068 -0.7071068 0 -1.147536e-16 -1 0 -9.562802e-17 -1 0 -0.7071068 -0.7071068 0 -0.7071068 -0.7071068 0 -1 -5.355169e-16 0 -1 -5.737681e-16 0 -0.7071068 0.7071068 0 -0.7071068 0.7071068 0 -1.147536e-16 1 0 -1.147536e-16 1 0 0.7071068 0.7071068 0 0.7071068 0.7071068 0 -1 9.562811e-17 0 -1 1.147537e-16 0 -0.7071058 -0.7071077 0 -0.7071058 -0.7071077 0 -9.615387e-07 -1 0 -9.615387e-07 -1 0 0.7071068 -0.7071068 0 0.7071068 -0.7071068 0 1 1.912559e-16 0 1 1.912559e-16 0 0.7071068 0.7071068 0 0.7071068 0.7071068 0 -9.615387e-07 1 0 -9.615387e-07 1 0 -0.7071058 0.7071077 0 -0.7071058 0.7071077 0 -0.8314563 0.2544644 -0.493891 -0.4882762 0.1494378 -0.8597992 -0.506837 0.06231077 -0.859787 -0.509951 -0.02672617 -0.8597882 -0.4975413 -0.1149513 -0.85979 -0.4699685 -0.1996562 -0.8598064 -0.4281218 -0.2782939 -0.8598048 -0.3732409 -0.3484709 -0.8598018 -0.3069952 -0.40804 -0.8598007 -0.2314081 -0.4551787 -0.8598038 -0.1487805 -0.4884715 -0.8598023 -0.06162894 -0.5068991 -0.8597995 0.027422 -0.5099218 -0.8597836 0.1156025 -0.4973604 -0.8598074 0.2002849 -0.4697005 -0.8598066 0.2788893 -0.4277534 -0.8597952 0.3489834 -0.3727765 -0.8597955 0.408442 -0.3064508 -0.859804 0.4427267 -0.2462593 -0.8621771 -0.8630437 0.1060941 -0.493862 -0.8683519 -0.04550606 -0.4938564 -0.8472269 -0.1957331 -0.4938574 -0.8003141 -0.3400016 -0.4938585 -0.7290493 -0.4739044 -0.4938641 -0.6355902 -0.5934241 -0.4938349 -0.522782 -0.6948401 -0.4938585 -0.3940651 -0.7751293 -0.4938495 -0.2533587 -0.8317939 -0.4938909 -0.1049326 -0.8631853 -0.4938626 0.04667967 -0.8682904 -0.4938551 0.19687 -0.8469727 -0.4938416 0.341084 -0.7998674 -0.4938359 0.4749079 -0.7284033 -0.4938534 0.5942491 -0.6347809 -0.4938838 0.6955359 -0.5218456 -0.4938694 0.7592018 -0.4210832 -0.4962877 -0.9481486 0.2901848 -0.1296421 -0.9841564 0.1209749 -0.12962 -0.9902061 -0.05190179 -0.1296078 -0.9661181 -0.2232004 -0.129605 -0.9126258 -0.3877152 -0.12958 -0.8313554 -0.5404213 -0.1295879 -0.7247762 -0.6766921 -0.1295654 -0.5961496 -0.7923458 -0.1295907 -0.4493724 -0.883897 -0.1295781 -0.2889232 -0.9485354 -0.1296302 -0.1196443 -0.9843214 -0.1296018 0.05323607 -0.9901353 -0.129607 0.2245059 -0.9658225 -0.1295527 0.3889351 -0.912108 -0.1295708 0.5415313 -0.8306297 -0.1296076 0.6776459 -0.7238742 -0.1296235 0.7931508 -0.5950764 -0.1295988 1 -1.91256e-17 0 1 0 0 0.7071068 -0.7071068 0 0.7071068 -0.7071068 0 0 -1 0 0 -1 0 -0.7071068 -0.7071068 0 -0.7071068 -0.7071068 0 -1 0 0 -1 0 0 -0.7071068 0.7071068 0 -0.7071068 0.7071068 0 0 1 0 0 1 0 0.7071068 0.7071068 0 0.7071068 0.7071068 0 0.8158773 0.5644635 -0.1254002 0.7209719 0.5249248 -0.4523863 0.5632129 0.4483796 -0.69408 0.3471562 0.241299 -0.9062325 1 9.562793e-18 0 1 0 0 0.7071068 -0.7071068 0 0.7071068 -0.7071068 0 -3.825117e-17 -1 0 1.912559e-17 -1 0 -0.7071068 -0.7071068 0 -0.7071068 -0.7071068 0 -1 0 0 -1 1.912559e-17 0 -0.7071068 0.7071068 0 -0.7071068 0.7071068 0 3.825117e-17 1 0 -1.912559e-17 1 0 0.7071068 0.7071068 0 0.7071068 0.7071068 0 0.4550918 -0.1908564 -0.8697501 0.4732813 -0.1100013 -0.8740163 0.7970207 -0.3335518 -0.503489 0.8389055 -0.1949978 -0.508147 0.9145093 -0.3827999 -0.1309082 0.965546 -0.2244173 -0.131749 0.9912728 -0.00392593 -0.1317679 0.8612602 -0.003418732 -0.5081527 0.9673 0.216723 -0.1317646 0.8404194 0.1882913 -0.5081747 0.8948282 0.4265231 -0.1317592 0.7774551 0.3705995 -0.508153 0.7774753 0.614964 -0.1317249 0.6755044 0.5343087 -0.5081417 0.621129 0.7725571 -0.1317356 0.5396629 0.6712357 -0.5081404 0.4336413 0.8914056 -0.1317241 0.3767772 0.7744918 -0.5081352 0.2244173 0.965546 -0.131749 0.1949978 0.8389055 -0.508147 0.00392593 0.9912728 -0.1317679 0.003418732 0.8612602 -0.5081527 -0.216723 0.9673 -0.1317646 -0.1882913 0.8404194 -0.5081747 -0.4265231 0.8948282 -0.1317592 -0.3705995 0.7774551 -0.508153 -0.614964 0.7774753 -0.1317249 -0.5343087 0.6755044 -0.5081417 -0.7725571 0.621129 -0.1317356 -0.6712357 0.5396629 -0.5081404 -0.865659 0.483215 -0.1309113 -0.7543892 0.4211874 -0.503486 0.4858881 -0.001935552 -0.8740189 0.4741094 0.1062213 -0.8740351 0.4386009 0.209081 -0.874022 0.3810723 0.3014174 -0.8740317 0.3044472 0.3786792 -0.8740217 0.2125561 0.4369082 -0.8740315 0.1100013 0.4732813 -0.8740163 0.001935552 0.4858881 -0.8740189 -0.1062213 0.4741094 -0.8740351 -0.209081 0.4386009 -0.874022 -0.3014174 0.3810723 -0.8740317 -0.3786784 0.3044479 -0.8740218 -0.4310597 0.2402492 -0.8697516 -0.9193118 0.3710982 -0.1309651 -0.8008827 0.3231632 -0.5041354 -0.4562111 0.1846745 -0.870498 0.8594129 -0.49422 -0.130981 0.7485823 -0.4306309 -0.5041642 0.4268797 -0.2449425 -0.8705038 -0.2070328 -0.8578721 0.4703115 -0.1109055 -0.5150839 0.8499345 -0.3021413 -0.3497389 0.8867882 -0.4610601 -0.5482961 0.6977069 -0.5955386 -0.6779218 0.4309939 -0.1557458 -0.01968678 0.987601 -0.3939244 -0.2380516 0.8877809 -0.6183102 -0.3593081 0.6989922 -0.7685871 -0.4717578 0.4321092 -0.4882817 0.1494371 0.8597962 -0.8314568 0.2544478 0.4938987 -0.9481526 0.2901737 0.1296377 -0.9841557 0.1209753 0.1296248 -0.8630444 0.1061007 0.4938593 -0.9902059 -0.05189929 0.1296102 -0.8683536 -0.04550586 0.4938534 -0.9661167 -0.2232042 0.1296087 -0.847231 -0.1957324 0.4938506 -0.9126281 -0.3877092 0.1295818 -0.8003169 -0.3400021 0.4938537 -0.831351 -0.5404275 0.1295906 -0.7290453 -0.4739117 0.493863 -0.7247836 -0.6766842 0.1295656 -0.6355981 -0.5934147 0.493836 -0.5961424 -0.7923515 0.1295895 -0.5227761 -0.6948445 0.4938585 -0.4493854 -0.8838912 0.1295728 -0.3940744 -0.7751217 0.493854 -0.2889079 -0.9485406 0.1296265 -0.2533424 -0.831796 0.4938958 -0.1196521 -0.9843201 0.1296047 -0.1049364 -0.8631842 0.4938638 0.05324824 -0.9901338 0.1296134 0.04668005 -0.868295 0.4938469 0.2244935 -0.9658246 0.1295589 0.1968681 -0.8469789 0.4938316 0.388932 -0.9121103 0.1295637 0.3410791 -0.799863 0.4938465 0.5415335 -0.8306296 0.1295989 0.4749027 -0.7284002 0.493863 0.6776526 -0.7238679 0.1296237 0.5942563 -0.6347766 0.4938807 0.7931455 -0.5950834 0.1295994 0.6955342 -0.5218476 0.4938698 -0.5068378 0.06231474 0.8597862 -0.5099502 -0.02672524 0.8597887 -0.4975396 -0.1149462 0.8597917 -0.4699612 -0.1996615 0.8598092 -0.4281241 -0.2782932 0.8598038 -0.3732417 -0.3484728 0.8598008 -0.3069958 -0.4080368 0.859802 -0.2314055 -0.4551797 0.859804 -0.1487821 -0.4884734 0.8598009 -0.06162439 -0.506904 0.8597969 0.02740748 -0.5099195 0.8597854 0.1156116 -0.4973532 0.8598103 0.2002893 -0.4697047 0.8598033 0.2788865 -0.4277569 0.8597944 0.3489782 -0.3727757 0.8597979 0.4084477 -0.3064451 0.8598034 0.8084657 -0.3104611 0.4999972 0.5716672 -0.1108796 0.812959 0.3387764 -0.09252761 0.9363061 0.1121496 -0.03038703 0.9932266 0.1282287 -0.03762039 0.9910308 0.4931122 -0.1430051 0.8581317 0.6054238 -0.1791042 0.7754893 0.4626438 -0.1228731 0.877988 0.7359371 -0.1914453 0.6494192 0.8354452 -0.2324496 0.4979945 0.7014054 -0.1377903 0.699317 0.4703155 -0.1821547 0.8634946 0.1232509 -0.04856199 0.9911866 0.4759458 -0.1507923 0.8664509 0.1355997 -0.04716982 0.9896402 0.8316462 -0.2568847 0.4923158 0.4858491 -0.8675826 -0.1060713 0.5410062 -0.7818566 -0.3098589 0.2729119 -0.9614751 -0.03293396 0.9337402 0.334741 -0.1267981 0.4359525 0.1650561 -0.8847044 0.4713375 -0.003328617 -0.8819467 0.444264 -0.1643522 -0.8806917 0.1446014 -0.08627035 -0.985722 0.8113248 0.2902835 -0.5074323 0.8616616 -0.006034984 -0.5074475 0.9920341 -0.006983033 -0.1257761 0.9289373 -0.3478481 -0.1267961 0.8070364 -0.3001531 -0.5085277 0.751419 -0.6484938 -0.1217589 0.6433464 -0.5837934 -0.4952684 0.5255987 -0.6113737 -0.5915811 0.4013007 -0.6432334 -0.6520801 0.4472419 -0.3296569 -0.8314451 -1 9.615387e-07 0 -1 9.615387e-07 0 -0.7071068 -0.7071068 0 -0.7071068 -0.7071068 0 -3.825117e-17 -1 0 1.912559e-17 -1 0 0.7071068 -0.7071068 0 0.7071068 -0.7071068 0 1 9.615387e-07 0 1 9.615387e-07 0 0.7071077 0.7071058 0 0.7071077 0.7071058 0 0 1 0 0 1 0 -0.7071077 0.7071058 0 -0.7071077 0.7071058 0 0 0 1 0 0 1 0 0 1 0 0 1 0 0 1 0 0 1 0 0 1 0 0 1 0 0 1 0 0 1 0 0 1 0 0 1 0 0 1 0 0 1 0 0 1 0 0 1 0 0 1 0 0 1 0 0 1 0 0 1 0 0 1 0 0 1 0 0 1 0 0 1 0 0 1 0 0 1 0 0 1 0 0 1 0 0 1 0 0 1 0 0 1 0 0 1 0.2936559 -0.9467695 0.1318851 0.7119486 -0.7018256 0.02387586 0.1473411 -0.9865047 0.07140764 0.01373074 -0.9994758 0.02931898 -0.1401011 -0.9900703 0.01151112 -0.9976785 0.004814771 0.06792976 -0.9310152 -0.3638314 0.02893827 -0.6870968 -0.7254812 0.03968689 -0.6821085 -0.7292941 0.0534619 -0.4622397 -0.8697477 0.172839 -0.690505 0.7227347 0.02928164 -0.9352955 0.3534019 0.01814974 -0.999955 -0.009490569 -8.933272e-07 0.5486562 -0.8357915 0.02071113 0.8158761 -0.5782266 0.0005230363 0.9999985 0.001140485 0.001316877 0.9999964 0.002689516 0 0.7071058 0.7071077 0 0.7071058 0.7071077 0 9.615387e-07 1 0 9.615387e-07 1 0 -0.6487301 0.7610186 0 0.3369048 -0.4104433 -0.8473674 0.180408 -0.4820534 -0.8573666 0.4974405 -0.185858 -0.8473546 0.5235251 0.08892295 -0.8473571 0.4400041 0.274945 -0.8548694 0.7376251 0.4663835 -0.4882577 0.856127 0.1558881 -0.4926921 0.8381532 0.5301665 -0.128151 0.959932 0.2495042 -0.1275858 0.9896442 -0.05004093 -0.1345374 0.8130243 -0.3138598 -0.4903912 0.9131933 -0.3868557 -0.1281433 0.6295561 -0.7662499 -0.1285313 0.5558068 -0.6771251 -0.4822658 0.343329 -0.93049 -0.1277247 0.3025504 -0.8179755 -0.489264 0.190255 -0.446497 -0.8743246 0.3373805 -0.7922394 -0.5084595 0.3887819 -0.911959 -0.1310705 0.5812066 -0.80319 -0.1307086 0.505514 -0.6975246 -0.5078534 0.7505132 -0.6477884 -0.1307677 0.6513114 -0.5628836 -0.5088767 0.2854596 -0.3938633 -0.8737188 0.3665023 -0.3170032 -0.8747486 0.3397774 0.399635 -0.8513772 0.5723478 0.6615139 -0.4845796 0.6498165 0.7491623 -0.1284305 0.783424 -0.3674549 -0.5012223 0.4524303 -0.2116694 -0.8663157 0.8358743 -0.2462465 -0.4905883 0.4971408 -0.1449694 -0.8554735 0.9913669 0.02327754 -0.1290341 0.9410242 0.3107154 -0.1339007 0.8109963 0.5709218 -0.1278019 0.2126639 0.9685525 -0.1291513 -0.4253777 0.8957525 -0.1291559 -0.8522438 0.2921425 0.4339737 -0.6811939 0.2105748 0.7011656 -0.4331478 0.1461157 0.8894005 0 0 1 0 0 1 0 0 1 0 0 1 0 0 1 0 0 1 0 0 1 0 0 1 0 0 1 0 0 1 0 0 1 0 0 1 0 0 1 0 0 1 0 0 1 0 0 1 0 0 1 0 0 1 -0.02771023 0.09317911 0.9952637 0 0 1 -0.01221218 0.09630831 0.9952766 0 0 1 0 0 1 0 0 1 0 0 1 0 0 1 0 0 1 0 0 1 0 0 1 0 0 1 0 0 1 0 0 1 -0.08049735 0.04765606 0.9956149 -0.08707897 0.04765139 0.9950611 0 0 1 -0.05399738 0.100591 0.9934615 -0.05513779 0.08318164 0.9950079 0 0 1 -0.06843166 0.06936775 0.9952413 0 0 1 -0.07547221 0.05798422 0.9954606 -0.08216099 0.05427341 0.9951402 0.9952865 0.09481036 -0.02038863 0.9446175 0.3281336 -0.005111032 0.8632186 0.5046043 -0.01510857 0.664373 0.7467823 -0.03040751 0.3554138 0.9342143 -0.03040711 1 5.355169e-16 0 1 5.355169e-16 0 0.7071068 -0.7071068 0 0.7071068 -0.7071068 0 5.355169e-16 -1 0 5.355169e-16 -1 0 -0.7071068 -0.7071068 0 -0.7071068 -0.7071068 0 -1 5.355169e-16 0 -1 5.163913e-16 0 -0.7071068 0.7071068 0 -0.7071068 0.7071068 0 5.355169e-16 1 0 5.163913e-16 1 0 0.7071068 0.7071068 0 0.7071068 0.7071068 0 -0.8665288 0.4819262 0.1299037 -0.7725613 0.6211235 0.1317366 -0.614955 0.777483 0.1317217 -0.4265295 0.8948263 0.1317515 -0.2167232 0.9673002 0.1317625 0.003920436 0.9912725 0.1317705 0.2244147 0.9655454 0.1317581 0.4336497 0.8914011 0.1317273 0.6211235 0.7725613 0.1317366 0.777483 0.614955 0.1317217 0.8948263 0.4265295 0.1317515 0.9673002 0.2167232 0.1317625 0.9912725 -0.003920436 0.1317705 0.9655454 -0.2244147 0.1317581 0.9145066 -0.3828042 0.1309148 0.8594131 -0.4942189 0.1309842 -0.9681852 0.2128901 -0.1315111 -0.9692121 0.2103495 -0.1279882 -0.9881797 0.1515368 -0.02318514 -0.9990598 0.04152517 -0.01245738 -0.9975496 -0.05476199 -0.04354125 -0.9880145 -0.1487949 -0.04107773 -0.9701791 -0.241937 -0.01479965 -0.9254534 -0.3787196 0.01036548 -0.7640011 -0.6445838 0.02853161 -0.01576515 -0.9998757 -1.666072e-05 -0.09556304 -0.9954213 -0.002018065 -0.4711488 -0.8818815 0.01743302 -0.2770609 -0.9608524 0.0001406243 -0.18368 -0.9829845 -0.001785344 0.1304031 -0.9904486 -0.04479423 0.08859356 -0.9956184 -0.02991829 0.7753325 -0.6177676 0.1312356 -0.8295198 0.2754764 0.4858083 -0.4966864 0.1589054 0.8532594 -0.6220367 0.3312543 0.7094652 -0.1099763 0.9184945 0.379833 -0.1237512 0.3647634 0.9228398 -0.04726283 0.3764901 0.9252143 -0.3014837 0.2271095 0.9260285 -0.2695174 0.2671532 0.925197 -0.2105633 0.3216642 0.9231442 -0.3223253 0.1944654 0.9264392 -0.3261572 0.1726572 0.9294143 -0.6043214 0.3657428 0.7078332 -0.565795 0.4245514 0.7068466 -0.5029733 0.4996032 0.7052762 -0.3900447 0.5954647 0.7023439 -0.2304071 0.6731534 0.7026927 -0.09094301 0.7021187 0.7062285 -0.305318 0.8746064 0.3766225 -0.5145375 0.7675929 0.3821678 -0.654844 0.6593806 0.3693191 -0.7419245 0.5549141 0.3763223 -0.795949 0.4762954 0.3736413 -0.8203739 0.431902 0.3747629 0.5263382 0.0429987 -0.8491874 0.4543279 0.5488911 -0.7016443 0.5516003 0.7120576 -0.434409 0.7462053 0.4596062 -0.4816013 0.8680726 0.06185744 -0.4925684 0.2810857 0.3595975 -0.8897643 0.4483929 0.2545215 -0.8568329 0.1961432 0.9725231 -0.1254062 0.02673785 0.9913438 -0.1285398 -0.8770645 0.4631059 -0.1276358 -0.9200645 0.3625408 -0.1484771 -0.7017865 0.6996335 -0.1341964 -0.7151764 0.6822263 -0.1519537 -0.426473 0.8953718 -0.1281798 -0.4634047 0.8770412 -0.1267081 -0.1431578 0.9815963 -0.1263906 0 0 1 0 0 1 0 0 1 0 0 1 0 0 1 0 0 1 0 0 1 0 0 1 0 0 1 0 0 1 0 0 1 0 0 1 0 0 1 0 0 1 0 0 1 0 0 1 0 0 1 0 0 1 0 0 1 0 0 1 0 0 1 0 0 1 0 0 1 0 0 1 0 0 1 0 0 1 0 0 1 0 0 1 0 0 1 0 0 1 0 0 1 0 0 1 -0.8728206 0.2850444 0.3961487 -0.9602074 0.1329241 0.2456277 -0.9391515 0.3202039 0.1243539 -0.9475133 -0.2129807 0.2384488 -0.7757844 0.1358839 0.6161932 -0.8994463 -0.0474188 0.4344511 0.3668524 -0.31013 0.8770625 0.6748935 -0.5376086 0.5054659 0.4268849 -0.2449424 0.8705013 0.7485849 -0.4306256 0.504165 0.455093 -0.1908493 0.8697511 0.7970267 -0.3335525 0.503479 0.8389113 -0.1950037 0.5081351 0.4732765 -0.1100093 0.8740179 0.4858927 -0.001939586 0.8740163 0.4741085 0.1062313 0.8740343 0.4386047 0.2090729 0.874022 0.3810665 0.3014236 0.8740321 0.3044532 0.37867 0.8740236 0.2125431 0.4369131 0.8740322 0.1100093 0.4732765 0.8740179 0.001939586 0.4858927 0.8740163 -0.1062313 0.4741085 0.8740343 -0.2090729 0.4386047 0.874022 -0.3014236 0.3810665 0.8740321 -0.3791146 0.2962599 0.8766426 -0.3819945 0.2146851 0.8988829 -0.6160294 0.3422217 0.7095013 0.8612583 -0.003421392 0.5081559 0.8404147 0.1883048 0.5081775 0.7774545 0.3705923 0.5081594 0.6755023 0.5343091 0.5081441 0.5396673 0.6712337 0.5081383 0.3767761 0.7744949 0.5081313 0.1950037 0.8389113 0.5081351 0.003421392 0.8612583 0.5081559 -0.1883048 0.8404147 0.5081775 -0.3705923 0.7774545 0.5081594 -0.5343091 0.6755023 0.5081441 -0.6787066 0.5349408 0.5031856 -0.7824616 0.4350758 0.4454917 0.1819704 0.4201339 -0.88903 0.2682489 0.6611854 -0.7006258 0.3625052 0.8250199 -0.4335113 -0.005629961 0.5186103 -0.8549922 -0.4464951 0.2862194 -0.8477739 -0.7379084 0.4613126 -0.4926274 -0.3995643 0.7744558 -0.4904759 0.01282202 0.8813853 -0.4722241 -0.8522926 0.1850314 -0.4892451 -0.5039099 0.1118181 -0.8564879 -0.2480573 0.4687677 -0.8477761 -0.8418516 0.1852296 -0.5069278 -0.4764724 0.1044085 -0.8729679 -0.3770537 0.7932568 -0.4780943 0.1886714 0.8578026 -0.4780982 -0.2311875 0.486305 -0.8426505 0.1156542 0.5258762 -0.8426615 0.408101 0.8335359 -0.3723862 0.3537344 0.7101169 -0.6087742 0.2682757 0.5392272 -0.798287 0.1611988 0.3282261 -0.930743 -0.1860683 0.2084974 -0.9601601 -0.3665064 0.4276737 -0.826298 -0.2273075 0.4337958 -0.8718672 -0.06770619 0.4669923 -0.8816655 0.09560359 0.4600824 -0.8827141 -0.7288704 0.4324399 -0.5307953 -0.9590725 0.2193213 -0.1791038 -0.5488696 0.7079232 -0.4445074 -0.3944475 0.7619291 -0.5136879 -0.1236402 0.852977 -0.5070931 0.1748685 0.8452027 -0.505028 -0.7545546 -0.4453622 0.4819749 -0.4546659 -0.2463794 0.8559066 -0.8753624 -0.03796144 0.4819746 -0.5154783 -0.04129716 0.8559069 -0.5218139 -0.04071943 0.8520869 -0.8773708 -0.09058625 0.4711843</float_array>
          <technique_common>
            <accessor count="1138" source="#normals-array-array" stride="3">
              <param type="float" name="X"/>
              <param type="float" name="Y"/>
              <param type="float" name="Z"/>
            </accessor>
          </technique_common>
        </source>
        <vertices id="verts-array-vertices">
          <input semantic="POSITION" source="#verts-array"/>
        </vertices>
        <triangles count="1912" material="material0">
          <input offset="0" semantic="VERTEX" source="#verts-array-vertices"/>
          <input offset="1" semantic="NORMAL" source="#normals-array"/>
          <p>0 0 1 1 2 2 3 3 4 4 5 5 4 4 6 6 5 5 7 7 5 5 6 6 5 5 7 7 8 8 9 9 8 8 7 7 8 8 9 9 10 10 11 11 10 10 9 9 10 10 11 11 12 12 13 13 12 12 11 11 12 12 14 14 10 10 15 15 10 10 14 14 10 10 15 15 8 8 16 16 8 8 15 15 8 8 16 16 5 5 17 17 5 5 16 16 5 5 17 17 3 3 18 18 3 3 17 17 14 14 19 19 15 15 20 20 15 15 19 19 15 15 20 20 16 16 21 21 16 16 20 20 16 16 21 21 17 17 2 2 17 17 21 21 17 17 2 2 18 18 1 1 18 18 2 2 22 22 0 0 23 23 2 2 23 23 0 0 23 23 2 2 24 24 21 21 24 24 2 2 24 24 21 21 25 25 20 20 25 25 21 21 25 25 20 20 26 26 19 19 26 26 20 20 27 27 28 28 29 29 30 30 29 29 28 28 31 31 32 32 33 33 34 34 35 35 36 36 33 33 37 37 31 31 38 38 31 31 37 37 31 31 38 38 39 39 40 40 39 39 38 38 39 39 40 40 41 41 42 42 41 41 40 40 41 41 42 42 43 43 44 44 43 43 42 42 43 43 44 44 45 45 46 46 45 45 44 44 36 36 35 35 47 47 48 48 47 47 35 35 47 47 48 48 49 49 50 50 49 49 48 48 49 49 50 50 51 51 52 52 53 53 54 54 55 55 54 54 53 53 54 54 55 55 56 56 57 57 56 56 55 55 56 56 57 57 46 46 58 58 46 46 57 57 46 46 58 58 45 45 36 36 59 59 34 34 60 60 34 34 59 59 34 34 60 60 61 61 62 62 61 61 60 60 61 61 62 62 63 63 64 64 63 63 62 62 63 63 64 64 65 65 66 66 65 65 64 64 65 65 66 66 52 52 67 67 52 52 66 66 52 52 67 67 53 53 51 51 50 50 68 68 69 69 68 68 50 50 68 68 69 69 70 70 71 71 70 70 69 69 70 70 71 71 72 72 72 72 71 71 73 73 74 74 73 73 71 71 73 73 74 74 75 75 76 76 75 75 74 74 75 75 76 76 77 77 78 78 26 26 79 79 80 80 79 79 26 26 81 81 82 82 83 83 84 84 83 83 82 82 83 83 84 84 85 85 86 86 85 85 84 84 87 87 86 86 88 88 84 84 88 88 86 86 88 88 84 84 89 89 82 82 89 89 84 84 89 89 82 82 90 90 81 81 90 90 82 82 90 90 91 91 89 89 92 92 89 89 91 91 89 89 92 92 88 88 93 93 88 88 92 92 88 88 93 93 87 87 79 79 87 87 93 93 94 94 95 95 96 96 96 96 95 95 97 97 98 98 97 97 95 95 97 97 98 98 99 99 100 100 99 99 98 98 99 99 100 100 101 101 96 96 102 102 94 94 103 103 94 94 102 102 94 94 103 103 104 104 105 105 104 104 103 103 104 104 105 105 106 106 107 107 106 106 105 105 106 106 107 107 108 108 109 109 108 108 107 107 108 108 109 109 110 110 111 111 13 13 112 112 109 109 113 113 110 110 114 114 110 110 113 113 110 110 114 114 115 115 116 116 115 115 114 114 115 115 116 116 117 117 118 118 117 117 116 116 117 117 118 118 119 119 101 101 100 100 120 120 121 121 120 120 100 100 120 120 121 121 122 122 123 123 122 122 121 121 122 122 123 123 124 124 125 125 124 124 123 123 124 124 125 125 126 126 118 118 127 127 119 119 128 128 119 119 127 127 119 119 128 128 129 129 130 130 129 129 128 128 129 129 130 130 131 131 132 132 131 131 130 130 131 131 132 132 112 112 133 133 112 112 132 132 112 112 133 133 111 111 134 134 111 111 133 133 111 111 134 134 135 135 26 26 78 78 25 25 136 136 25 25 78 78 25 25 136 136 24 24 137 137 24 24 136 136 24 24 137 137 23 23 138 138 23 23 137 137 23 23 138 138 22 22 139 139 22 22 138 138 140 140 141 141 142 142 143 143 144 144 145 145 143 143 145 145 146 146 147 147 146 146 145 145 146 146 147 147 148 148 149 149 148 148 147 147 148 148 149 149 150 150 151 151 150 150 149 149 150 150 151 151 152 152 153 153 152 152 151 151 152 152 153 153 154 154 155 155 154 154 153 153 154 154 155 155 156 156 157 157 156 156 155 155 156 156 157 157 158 158 159 159 158 158 157 157 158 158 159 159 160 160 161 161 160 160 159 159 160 160 161 161 162 162 163 163 162 162 161 161 162 162 163 163 164 164 165 165 144 144 166 166 143 143 166 166 144 144 166 166 143 143 167 167 141 141 167 167 143 143 141 141 143 143 142 142 146 146 142 142 143 143 142 142 146 146 168 168 148 148 168 168 146 146 168 168 148 148 169 169 150 150 169 169 148 148 169 169 150 150 170 170 152 152 170 170 150 150 170 170 152 152 171 171 154 154 171 171 152 152 171 171 154 154 172 172 156 156 172 172 154 154 172 172 156 156 173 173 158 158 173 173 156 156 173 173 158 158 174 174 160 160 174 174 158 158 174 174 160 160 175 175 162 162 175 175 160 160 175 175 162 162 176 176 164 164 176 176 162 162 176 176 164 164 177 177 140 140 142 142 178 178 168 168 178 178 142 142 178 178 168 168 179 179 169 169 179 179 168 168 179 179 169 169 180 180 170 170 180 180 169 169 180 180 170 170 181 181 171 171 181 181 170 170 181 181 171 171 182 182 172 172 182 182 171 171 182 182 172 172 183 183 173 173 183 183 172 172 183 183 173 173 184 184 174 174 184 184 173 173 184 184 174 174 185 185 175 175 185 185 174 174 185 185 175 175 186 186 176 176 186 186 175 175 186 186 176 176 187 187 177 177 187 187 176 176 187 187 177 177 188 188 189 189 190 190 191 191 192 192 191 191 190 190 191 191 192 192 193 193 193 193 192 192 194 194 195 195 194 194 192 192 194 194 195 195 196 196 197 197 196 196 195 195 196 196 197 197 198 198 199 199 198 198 197 197 198 198 199 199 200 200 201 201 200 200 199 199 200 200 201 201 202 202 203 203 204 204 205 205 206 206 205 205 204 204 207 207 208 208 209 209 210 210 209 209 208 208 209 209 210 210 211 211 212 212 211 211 210 210 211 211 212 212 205 205 213 213 205 205 212 212 205 205 213 213 203 203 214 214 215 215 216 216 209 209 217 217 207 207 214 214 207 207 217 217 207 207 214 214 218 218 216 216 218 218 214 214 219 219 217 217 220 220 209 209 220 220 217 217 220 220 209 209 221 221 211 211 221 221 209 209 221 221 211 211 222 222 205 205 222 222 211 211 222 222 205 205 223 223 206 206 223 223 205 205 223 223 206 206 224 224 225 225 224 224 206 206 224 224 225 225 226 226 227 227 226 226 225 225 226 226 227 227 228 228 229 229 228 228 227 227 228 228 229 229 230 230 231 231 230 230 229 229 230 230 231 231 232 232 233 233 232 232 231 231 232 232 233 233 234 234 235 235 202 202 204 204 201 201 204 204 202 202 204 204 201 201 206 206 199 199 206 206 201 201 206 206 199 199 225 225 197 197 225 225 199 199 225 225 197 197 227 227 195 195 227 227 197 197 227 227 195 195 229 229 192 192 229 229 195 195 229 229 192 192 231 231 190 190 231 231 192 192 231 231 190 190 233 233 236 236 215 215 237 237 214 214 237 237 215 215 237 237 214 214 238 238 217 217 238 238 214 214 238 238 217 217 239 239 219 219 239 239 217 217 240 240 241 241 242 242 243 243 242 242 241 241 242 242 243 243 244 244 244 244 243 243 245 245 246 246 245 245 243 243 245 245 246 246 247 247 248 248 249 249 250 250 250 250 251 251 248 248 252 252 248 248 251 251 248 248 252 252 247 247 122 122 124 124 253 253 254 254 253 253 124 124 253 253 254 254 249 249 255 255 249 249 254 254 249 249 255 255 250 250 248 248 256 256 249 249 257 257 249 249 256 256 249 249 257 257 253 253 258 258 253 253 257 257 253 253 258 258 122 122 120 120 122 122 258 258 254 254 124 124 259 259 260 260 240 240 261 261 262 262 261 261 240 240 261 261 262 262 263 263 264 264 263 263 262 262 263 263 264 264 259 259 265 265 259 259 264 264 259 259 265 265 254 254 266 266 267 267 268 268 269 269 270 270 271 271 272 272 273 273 274 274 274 274 271 271 275 275 268 268 273 273 266 266 272 272 266 266 273 273 266 266 272 272 276 276 277 277 276 276 272 272 278 278 279 279 280 280 280 280 279 279 281 281 282 282 281 281 279 279 281 281 282 282 283 283 275 275 135 135 284 284 285 285 284 284 135 135 284 284 285 285 286 286 287 287 286 286 285 285 286 286 287 287 288 288 275 275 284 284 274 274 286 286 274 274 284 284 274 274 286 286 272 272 288 288 272 272 286 286 272 272 288 288 277 277 267 267 289 289 268 268 278 278 268 268 289 289 268 268 278 278 273 273 280 280 273 273 278 278 273 273 280 280 274 274 281 281 274 274 280 280 274 274 281 281 271 271 283 283 271 271 281 281 271 271 283 283 269 269 282 282 269 269 283 283 290 290 291 291 292 292 292 292 291 291 293 293 294 294 293 293 291 291 293 293 294 294 295 295 290 290 292 292 296 296 297 297 296 296 292 292 296 296 297 297 298 298 299 299 300 300 297 297 301 301 297 297 300 300 297 297 301 301 298 298 295 295 302 302 293 293 303 303 293 293 302 302 293 293 303 303 304 304 305 305 304 304 303 303 304 304 305 305 306 306 307 307 306 306 305 305 306 306 307 307 308 308 309 309 308 308 307 307 308 308 309 309 310 310 311 311 310 310 309 309 310 310 311 311 299 299 312 312 299 299 311 311 299 299 312 312 300 300 78 78 79 79 313 313 93 93 313 313 79 79 313 313 93 93 314 314 92 92 314 314 93 93 314 314 92 92 315 315 91 91 315 315 92 92 315 315 91 91 316 316 90 90 316 316 91 91 317 317 126 126 318 318 319 319 320 320 321 321 322 322 323 323 319 319 322 322 319 319 324 324 321 321 324 324 319 319 324 324 321 321 325 325 326 326 327 327 328 328 329 329 328 328 327 327 328 328 329 329 330 330 331 331 330 330 329 329 330 330 331 331 332 332 318 318 333 333 334 334 335 335 334 334 333 333 334 334 335 335 336 336 337 337 336 336 335 335 336 336 337 337 338 338 320 320 319 319 339 339 323 323 339 339 319 319 339 339 323 323 340 340 317 317 318 318 341 341 334 334 341 341 318 318 341 341 334 334 322 322 336 336 322 322 334 334 322 322 336 336 323 323 338 338 323 323 336 336 323 323 338 338 340 340 325 325 326 326 324 324 328 328 324 324 326 326 324 324 328 328 322 322 330 330 322 322 328 328 322 322 330 330 341 341 332 332 341 341 330 330 341 341 332 332 317 317 342 342 256 256 343 343 248 248 343 343 256 256 343 343 248 248 344 344 247 247 344 344 248 248 344 344 247 247 345 345 246 246 345 345 247 247 345 345 246 246 346 346 347 347 346 346 246 246 346 346 347 347 348 348 348 348 347 347 349 349 350 350 349 349 347 347 349 349 350 350 351 351 350 350 352 352 351 351 353 353 351 351 352 352 351 351 353 353 354 354 353 353 355 355 354 354 356 356 354 354 355 355 354 354 356 356 357 357 356 356 358 358 357 357 359 359 357 357 358 358 357 357 359 359 360 360 219 219 361 361 362 362 360 360 362 362 361 361 362 362 360 360 363 363 359 359 363 363 360 360 31 31 39 39 364 364 365 365 364 364 39 39 364 364 365 365 366 366 367 367 366 366 365 365 366 366 367 367 344 344 343 343 344 344 367 367 39 39 41 41 365 365 368 368 365 365 41 41 365 365 368 368 367 367 369 369 367 367 368 368 367 367 369 369 343 343 342 342 343 343 369 369 370 370 371 371 372 372 373 373 374 374 375 375 376 376 375 375 374 374 375 375 376 376 377 377 378 378 379 379 380 380 370 370 372 372 381 381 382 382 381 381 372 372 381 381 382 382 383 383 375 375 383 383 382 382 383 383 375 375 384 384 385 385 373 373 386 386 387 387 388 388 385 385 389 389 390 390 385 385 391 391 385 385 390 390 385 385 391 391 373 373 392 392 373 373 391 391 373 373 392 392 374 374 378 378 393 393 379 379 394 394 379 379 393 393 379 379 394 394 395 395 377 377 396 396 375 375 397 397 375 375 396 396 375 375 397 397 384 384 398 398 384 384 397 397 384 384 398 398 399 399 400 400 399 399 398 398 371 371 401 401 372 372 402 402 372 372 401 401 372 372 402 402 403 403 395 395 403 403 402 402 403 403 395 395 404 404 394 394 404 404 395 395 404 404 394 394 405 405 406 406 405 405 394 394 405 405 406 406 386 386 407 407 386 386 406 406 386 386 407 407 385 385 408 408 385 385 407 407 385 385 408 408 387 387 380 380 409 409 378 378 388 388 378 378 409 409 378 378 388 388 410 410 387 387 410 410 388 388 411 411 412 412 388 388 413 413 388 388 412 412 388 388 413 413 385 385 414 414 385 385 413 413 385 385 414 414 415 415 414 414 416 416 415 415 417 417 415 415 416 416 415 415 417 417 418 418 419 419 418 418 417 417 418 418 419 419 420 420 388 388 421 421 411 411 420 420 411 411 421 421 411 411 420 420 422 422 419 419 422 422 420 420 423 423 424 424 425 425 425 425 424 424 426 426 427 427 426 426 424 424 426 426 427 427 428 428 421 421 428 428 427 427 428 428 421 421 429 429 388 388 429 429 421 421 429 429 388 388 430 430 409 409 430 430 388 388 430 430 409 409 431 431 432 432 431 431 409 409 431 431 432 432 433 433 434 434 435 435 436 436 437 437 436 436 435 435 436 436 437 437 395 395 438 438 395 395 437 437 395 395 438 438 379 379 425 425 439 439 423 423 433 433 423 423 439 439 423 423 433 433 440 440 432 432 440 440 433 433 440 440 432 432 441 441 434 434 441 441 432 432 441 441 434 434 442 442 436 436 442 442 434 434 443 443 327 327 326 326 443 443 326 326 444 444 326 326 325 325 444 444 321 321 444 444 325 325 444 444 321 321 188 188 445 445 446 446 447 447 448 448 447 447 446 446 447 447 448 448 267 267 449 449 267 267 448 448 267 267 449 449 85 85 449 449 450 450 451 451 85 85 449 449 452 452 451 451 452 452 449 449 452 452 451 451 453 453 454 454 455 455 456 456 452 452 456 456 455 455 456 456 452 452 457 457 453 453 457 457 452 452 454 454 458 458 455 455 459 459 455 455 458 458 455 455 459 459 460 460 461 461 460 460 459 459 460 460 461 461 462 462 463 463 462 462 461 461 462 462 463 463 234 234 464 464 391 391 465 465 390 390 465 465 391 391 466 466 467 467 468 468 466 466 468 468 465 465 469 469 465 465 468 468 465 465 469 469 464 464 30 30 467 467 470 470 466 466 470 470 467 467 470 470 466 466 471 471 472 472 471 471 466 466 471 471 472 472 473 473 474 474 473 473 472 472 473 473 474 474 451 451 390 390 389 389 465 465 475 475 465 465 389 389 465 465 475 475 466 466 476 476 466 466 475 475 466 466 476 476 472 472 477 477 472 472 476 476 472 472 477 477 474 474 13 13 111 111 12 12 478 478 12 12 111 111 12 12 478 478 14 14 479 479 14 14 478 478 14 14 479 479 19 19 80 80 19 19 479 479 19 19 80 80 26 26 135 135 134 134 480 480 481 481 480 480 134 134 480 480 481 481 287 287 288 288 287 287 481 481 288 288 481 481 277 277 482 482 277 277 481 481 277 277 482 482 276 276 276 276 482 482 266 266 447 447 266 266 482 482 266 266 447 447 267 267 134 134 133 133 481 481 483 483 481 481 133 133 481 481 483 483 482 482 484 484 482 482 483 483 482 482 484 484 447 447 445 445 447 447 484 484 485 485 486 486 487 487 488 488 489 489 345 345 370 370 490 490 371 371 491 491 371 371 490 490 371 371 491 491 401 401 491 491 492 492 401 401 493 493 401 401 492 492 401 401 493 493 402 402 494 494 495 495 496 496 497 497 496 496 495 495 496 496 497 497 498 498 487 487 498 498 497 497 498 498 487 487 499 499 486 486 499 499 487 487 490 490 485 485 491 491 487 487 491 491 485 485 491 491 487 487 492 492 497 497 492 492 487 487 492 492 497 497 493 493 495 495 493 493 497 497 493 493 495 495 488 488 494 494 488 488 495 495 488 488 494 494 489 489 500 500 501 501 502 502 503 503 502 502 501 501 502 502 503 503 504 504 505 505 504 504 503 503 504 504 505 505 506 506 507 507 506 506 505 505 506 506 507 507 508 508 509 509 508 508 507 507 508 508 509 509 510 510 511 511 510 510 509 509 510 510 511 511 512 512 513 513 512 512 511 511 512 512 513 513 514 514 515 515 514 514 513 513 514 514 515 515 500 500 501 501 500 500 515 515 516 516 517 517 518 518 519 519 518 518 517 517 518 518 519 519 520 520 521 521 520 520 519 519 520 520 521 521 522 522 523 523 522 522 521 521 522 522 523 523 524 524 525 525 524 524 523 523 524 524 525 525 526 526 527 527 526 526 525 525 526 526 527 527 528 528 529 529 528 528 527 527 528 528 529 529 530 530 531 531 530 530 529 529 530 530 531 531 516 516 517 517 516 516 531 531 532 532 533 533 534 534 535 535 534 534 533 533 534 534 535 535 536 536 537 537 536 536 535 535 536 536 537 537 538 538 539 539 538 538 537 537 538 538 539 539 540 540 541 541 540 540 539 539 540 540 541 541 542 542 543 543 542 542 541 541 542 542 543 543 544 544 545 545 544 544 543 543 544 544 545 545 546 546 547 547 546 546 545 545 546 546 547 547 532 532 533 533 532 532 547 547 342 342 369 369 548 548 369 369 368 368 549 549 368 368 41 41 43 43 368 368 43 43 549 549 45 45 549 549 43 43 549 549 45 45 550 550 58 58 550 550 45 45 550 550 58 58 551 551 57 57 551 551 58 58 551 551 57 57 552 552 55 55 552 552 57 57 552 552 55 55 553 553 53 53 553 553 55 55 553 553 53 53 554 554 67 67 554 554 53 53 554 554 67 67 555 555 66 66 555 555 67 67 555 555 66 66 556 556 64 64 556 556 66 66 556 556 64 64 557 557 62 62 557 557 64 64 557 557 62 62 558 558 60 60 558 558 62 62 558 558 60 60 559 559 59 59 559 559 60 60 559 559 59 59 560 560 36 36 560 560 59 59 560 560 36 36 561 561 47 47 561 561 36 36 561 561 47 47 562 562 49 49 562 562 47 47 562 562 49 49 563 563 51 51 563 563 49 49 563 563 51 51 564 564 68 68 564 564 51 51 564 564 68 68 565 565 70 70 565 565 68 68 565 565 70 70 566 566 369 369 549 549 548 548 550 550 548 548 549 549 548 548 550 550 567 567 551 551 567 567 550 550 567 567 551 551 568 568 552 552 568 568 551 551 568 568 552 552 569 569 553 553 569 569 552 552 569 569 553 553 570 570 554 554 570 570 553 553 570 570 554 554 571 571 555 555 571 571 554 554 571 571 555 555 572 572 556 556 572 572 555 555 572 572 556 556 573 573 557 557 573 573 556 556 573 573 557 557 574 574 558 558 574 574 557 557 574 574 558 558 575 575 559 559 575 575 558 558 575 575 559 559 576 576 560 560 576 576 559 559 576 576 560 560 577 577 561 561 577 577 560 560 577 577 561 561 578 578 562 562 578 578 561 561 578 578 562 562 579 579 563 563 579 579 562 562 579 579 563 563 580 580 564 564 580 580 563 563 580 580 564 564 581 581 565 565 581 581 564 564 581 581 565 565 582 582 566 566 582 582 565 565 582 582 566 566 583 583 342 342 548 548 584 584 567 567 584 584 548 548 584 584 567 567 585 585 568 568 585 585 567 567 585 585 568 568 586 586 569 569 586 586 568 568 586 586 569 569 587 587 570 570 587 587 569 569 587 587 570 570 588 588 571 571 588 588 570 570 588 588 571 571 589 589 572 572 589 589 571 571 589 589 572 572 590 590 573 573 590 590 572 572 590 590 573 573 591 591 574 574 591 591 573 573 591 591 574 574 592 592 575 575 592 592 574 574 592 592 575 575 593 593 576 576 593 593 575 575 593 593 576 576 594 594 577 577 594 594 576 576 594 594 577 577 595 595 578 578 595 595 577 577 595 595 578 578 596 596 579 579 596 596 578 578 596 596 579 579 597 597 580 580 597 597 579 579 597 597 580 580 598 598 581 581 598 598 580 580 598 598 581 581 599 599 582 582 599 599 581 581 599 599 582 582 600 600 583 583 600 600 582 582 600 600 583 583 446 446 601 601 602 602 603 603 604 604 603 603 602 602 603 603 604 604 605 605 606 606 605 605 604 604 605 605 606 606 607 607 608 608 607 607 606 606 607 607 608 608 609 609 610 610 609 609 608 608 609 609 610 610 611 611 612 612 611 611 610 610 611 611 612 612 613 613 614 614 613 613 612 612 613 613 614 614 615 615 616 616 615 615 614 614 615 615 616 616 601 601 602 602 601 601 616 616 617 617 499 499 618 618 486 486 618 618 499 499 618 618 486 486 619 619 485 485 619 619 486 486 619 619 485 485 620 620 490 490 620 620 485 485 620 620 490 490 381 381 370 370 381 381 490 490 621 621 622 622 623 623 624 624 623 623 622 622 623 623 624 624 625 625 626 626 625 625 624 624 625 625 626 626 627 627 628 628 627 627 626 626 627 627 628 628 629 629 630 630 629 629 628 628 629 629 630 630 631 631 632 632 631 631 630 630 631 631 632 632 633 633 634 634 633 633 632 632 633 633 634 634 635 635 636 636 635 635 634 634 635 635 636 636 621 621 622 622 621 621 636 636 42 42 637 637 638 638 637 637 639 639 640 640 639 639 641 641 642 642 639 639 642 642 640 640 643 643 640 640 642 642 640 640 643 643 644 644 645 645 644 644 643 643 644 644 645 645 646 646 647 647 646 646 645 645 646 646 647 647 648 648 649 649 648 648 647 647 648 648 649 649 650 650 651 651 650 650 649 649 650 650 651 651 652 652 653 653 652 652 651 651 652 652 653 653 654 654 655 655 654 654 653 653 654 654 655 655 656 656 657 657 656 656 655 655 656 656 657 657 658 658 659 659 658 658 657 657 658 658 659 659 660 660 661 661 660 660 659 659 660 660 661 661 662 662 663 663 662 662 661 661 662 662 663 663 664 664 665 665 664 664 663 663 664 664 665 665 666 666 667 667 666 666 665 665 666 666 667 667 668 668 637 637 640 640 638 638 644 644 638 638 640 640 638 638 644 644 669 669 646 646 669 669 644 644 669 669 646 646 670 670 648 648 670 670 646 646 670 670 648 648 671 671 650 650 671 671 648 648 671 671 650 650 672 672 652 652 672 672 650 650 672 672 652 652 673 673 654 654 673 673 652 652 673 673 654 654 674 674 656 656 674 674 654 654 674 674 656 656 675 675 658 658 675 675 656 656 675 675 658 658 676 676 660 660 676 676 658 658 676 676 660 660 677 677 662 662 677 677 660 660 677 677 662 662 678 678 664 664 678 678 662 662 678 678 664 664 679 679 666 666 679 679 664 664 679 679 666 666 680 680 668 668 680 680 666 666 680 680 668 668 681 681 42 42 638 638 44 44 669 669 44 44 638 638 44 44 669 669 46 46 670 670 46 46 669 669 46 46 670 670 56 56 671 671 56 56 670 670 56 56 671 671 54 54 672 672 54 54 671 671 54 54 672 672 52 52 673 673 52 52 672 672 52 52 673 673 65 65 674 674 65 65 673 673 65 65 674 674 63 63 675 675 63 63 674 674 63 63 675 675 61 61 676 676 61 61 675 675 61 61 676 676 34 34 677 677 34 34 676 676 34 34 677 677 35 35 678 678 35 35 677 677 35 35 678 678 48 48 679 679 48 48 678 678 48 48 679 679 50 50 680 680 50 50 679 679 50 50 680 680 69 69 681 681 69 69 680 680 69 69 681 681 71 71 667 667 682 682 683 683 667 667 683 683 668 668 684 684 668 668 683 683 668 668 684 684 681 681 74 74 681 681 684 684 681 681 74 74 71 71 685 685 641 641 639 639 685 685 639 639 686 686 637 637 686 686 639 639 686 686 637 637 687 687 42 42 687 687 637 637 687 687 42 42 40 40 444 444 188 188 688 688 177 177 688 688 188 188 688 688 177 177 689 689 164 164 689 689 177 177 689 689 164 164 163 163 163 163 690 690 689 689 691 691 689 689 690 690 689 689 691 691 688 688 692 692 688 688 691 691 688 688 692 692 444 444 443 443 444 444 692 692 163 163 693 693 690 690 694 694 690 690 693 693 690 690 694 694 691 691 695 695 691 691 694 694 691 691 695 695 692 692 696 696 692 692 695 695 692 692 696 696 443 443 241 241 443 443 696 696 279 279 278 278 86 86 86 86 278 278 85 85 289 289 85 85 278 278 85 85 289 289 267 267 87 87 79 79 80 80 80 80 270 270 87 87 269 269 87 87 270 270 87 87 269 269 86 86 282 282 86 86 269 269 86 86 282 282 279 279 120 120 258 258 697 697 258 258 257 257 698 698 257 257 256 256 699 699 257 257 699 699 698 698 700 700 698 698 699 699 698 698 700 700 701 701 702 702 701 701 700 700 701 701 702 702 703 703 704 704 703 703 702 702 703 703 704 704 705 705 706 706 705 705 704 704 705 705 706 706 707 707 708 708 707 707 706 706 707 707 708 708 709 709 710 710 709 709 708 708 709 709 710 710 711 711 712 712 711 711 710 710 711 711 712 712 713 713 714 714 713 713 712 712 713 713 714 714 715 715 716 716 715 715 714 714 715 715 716 716 717 717 718 718 717 717 716 716 717 717 718 718 719 719 720 720 719 719 718 718 719 719 720 720 721 721 722 722 721 721 720 720 721 721 722 722 723 723 724 724 723 723 722 722 723 723 724 724 725 725 726 726 725 725 724 724 725 725 726 726 727 727 728 728 727 727 726 726 727 727 728 728 729 729 730 730 729 729 728 728 729 729 730 730 731 731 445 445 731 731 730 730 731 731 445 445 484 484 258 258 698 698 697 697 701 701 697 697 698 698 697 697 701 701 732 732 703 703 732 732 701 701 732 732 703 703 733 733 705 705 733 733 703 703 733 733 705 705 734 734 707 707 734 734 705 705 734 734 707 707 735 735 709 709 735 735 707 707 735 735 709 709 736 736 711 711 736 736 709 709 736 736 711 711 737 737 713 713 737 737 711 711 737 737 713 713 738 738 715 715 738 738 713 713 738 738 715 715 739 739 717 717 739 739 715 715 739 739 717 717 740 740 719 719 740 740 717 717 740 740 719 719 741 741 721 721 741 741 719 719 741 741 721 721 742 742 723 723 742 742 721 721 742 742 723 723 743 743 725 725 743 743 723 723 743 743 725 725 744 744 727 727 744 744 725 725 744 744 727 727 745 745 729 729 745 745 727 727 745 745 729 729 746 746 731 731 746 746 729 729 746 746 731 731 747 747 484 484 747 747 731 731 747 747 484 484 483 483 120 120 697 697 101 101 732 732 101 101 697 697 101 101 732 732 99 99 733 733 99 99 732 732 99 99 733 733 97 97 734 734 97 97 733 733 97 97 734 734 96 96 735 735 96 96 734 734 96 96 735 735 102 102 736 736 102 102 735 735 102 102 736 736 103 103 737 737 103 103 736 736 103 103 737 737 105 105 738 738 105 105 737 737 105 105 738 738 107 107 739 739 107 107 738 738 107 107 739 739 109 109 740 740 109 109 739 739 109 109 740 740 113 113 741 741 113 113 740 740 113 113 741 741 114 114 742 742 114 114 741 741 114 114 742 742 116 116 743 743 116 116 742 742 116 116 743 743 118 118 744 744 118 118 743 743 118 118 744 744 127 127 745 745 127 127 744 744 127 127 745 745 128 128 746 746 128 128 745 745 128 128 746 746 130 130 747 747 130 130 746 746 130 130 747 747 132 132 483 483 132 132 747 747 132 132 483 483 133 133 81 81 83 83 748 748 748 748 455 455 460 460 749 749 190 190 189 189 750 750 751 751 752 752 753 753 754 754 755 755 756 756 757 757 233 233 190 190 749 749 233 233 758 758 233 233 749 749 233 233 758 758 756 756 759 759 760 760 90 90 755 755 750 750 753 753 752 752 753 753 750 750 753 753 752 752 761 761 762 762 761 761 752 752 83 83 85 85 748 748 452 452 748 748 85 85 748 748 452 452 455 455 90 90 81 81 759 759 748 748 759 759 81 81 759 759 748 748 763 763 460 460 763 763 748 748 763 763 460 460 757 757 462 462 757 757 460 460 757 757 462 462 233 233 234 234 233 233 462 462 756 756 754 754 757 757 753 753 757 757 754 754 757 757 753 753 763 763 761 761 763 763 753 753 763 763 761 761 759 759 762 762 759 759 761 761 759 759 762 762 760 760 764 764 765 765 766 766 767 767 617 617 618 618 620 620 381 381 768 768 383 383 768 768 381 381 768 768 383 383 769 769 384 384 769 769 383 383 769 769 384 384 770 770 399 399 770 770 384 384 770 770 399 399 771 771 400 400 771 771 399 399 772 772 773 773 774 774 774 774 773 773 775 775 776 776 775 775 773 773 775 775 776 776 777 777 764 764 777 777 765 765 778 778 765 765 777 777 765 765 778 778 779 779 780 780 779 779 778 778 777 777 776 776 778 778 781 781 778 778 776 776 778 778 781 781 780 780 772 772 768 768 773 773 769 769 773 773 768 768 773 773 769 769 776 776 770 770 776 776 769 769 776 776 770 770 781 781 771 771 781 781 770 770 774 774 767 767 772 772 618 618 772 772 767 767 772 772 618 618 768 768 619 619 768 768 618 618 768 768 619 619 620 620 782 782 783 783 784 784 785 785 784 784 783 783 784 784 785 785 786 786 787 787 786 786 785 785 786 786 787 787 788 788 789 789 788 788 787 787 788 788 789 789 790 790 791 791 790 790 789 789 790 790 791 791 792 792 793 793 792 792 791 791 792 792 793 793 794 794 795 795 794 794 793 793 794 794 795 795 796 796 797 797 796 796 795 795 796 796 797 797 782 782 783 783 782 782 797 797 798 798 799 799 800 800 801 801 800 800 799 799 800 800 801 801 802 802 803 803 802 802 801 801 802 802 803 803 804 804 805 805 804 804 803 803 804 804 805 805 806 806 807 807 806 806 805 805 806 806 807 807 808 808 809 809 808 808 807 807 808 808 809 809 810 810 811 811 810 810 809 809 810 810 811 811 812 812 813 813 812 812 811 811 812 812 813 813 798 798 799 799 798 798 813 813 814 814 815 815 816 816 817 817 816 816 815 815 816 816 817 817 818 818 819 819 818 818 817 817 818 818 819 819 820 820 821 821 820 820 819 819 820 820 821 821 822 822 823 823 822 822 821 821 822 822 823 823 824 824 825 825 824 824 823 823 824 824 825 825 826 826 827 827 826 826 825 825 826 826 827 827 828 828 829 829 828 828 827 827 828 828 829 829 814 814 815 815 814 814 829 829 830 830 831 831 832 832 833 833 832 832 831 831 832 832 833 833 834 834 835 835 836 836 837 837 838 838 837 837 836 836 837 837 838 838 833 833 839 839 833 833 838 838 833 833 839 839 834 834 840 840 841 841 835 835 842 842 835 835 841 841 835 835 842 842 836 836 830 830 843 843 831 831 844 844 831 831 843 843 831 831 844 844 845 845 846 846 845 845 844 844 845 845 846 846 847 847 848 848 847 847 846 846 847 847 848 848 849 849 850 850 849 849 848 848 849 849 850 850 840 840 851 851 840 840 850 850 840 840 851 851 841 841 852 852 853 853 32 32 852 852 32 32 854 854 855 855 854 854 32 32 856 856 855 855 32 32 856 856 857 857 858 858 857 857 859 859 860 860 857 857 860 860 858 858 861 861 858 858 860 860 858 858 861 861 862 862 861 861 863 863 862 862 864 864 862 862 863 863 862 862 864 864 865 865 866 866 865 865 864 864 865 865 866 866 867 867 856 856 858 858 855 855 862 862 855 855 858 858 855 855 862 862 854 854 865 865 854 854 862 862 854 854 865 865 852 852 867 867 852 852 865 865 852 852 867 867 853 853 32 32 853 853 868 868 853 853 867 867 869 869 867 867 866 866 870 870 867 867 870 870 869 869 871 871 869 869 870 870 869 869 871 871 872 872 873 873 872 872 871 871 872 872 873 873 874 874 685 685 874 874 873 873 874 874 685 685 686 686 853 853 869 869 868 868 872 872 868 868 869 869 868 868 872 872 875 875 874 874 875 875 872 872 875 875 874 874 876 876 686 686 876 876 874 874 876 876 686 686 687 687 32 32 868 868 33 33 875 875 33 33 868 868 33 33 875 875 37 37 876 876 37 37 875 875 37 37 876 876 38 38 687 687 38 38 876 876 38 38 687 687 40 40 32 32 31 31 877 877 32 32 877 877 856 856 878 878 856 856 877 877 856 856 878 878 857 857 879 879 857 857 878 878 857 857 879 879 859 859 449 449 448 448 880 880 72 72 73 73 881 881 450 450 449 449 882 882 880 880 882 882 449 449 882 882 880 880 883 883 881 881 883 883 880 880 883 883 881 881 75 75 73 73 75 75 881 881 448 448 446 446 880 880 583 583 880 880 446 446 880 880 583 583 881 881 566 566 881 881 583 583 881 881 566 566 72 72 70 70 72 72 566 566 451 451 450 450 473 473 884 884 473 473 450 450 473 473 884 884 471 471 885 885 471 471 884 884 471 471 885 885 470 470 886 886 470 470 885 885 470 470 886 886 30 30 29 29 30 30 886 886 499 499 879 879 498 498 887 887 498 498 879 879 498 498 887 887 496 496 888 888 496 496 887 887 496 496 888 888 494 494 494 494 888 888 489 489 344 344 489 489 888 888 489 489 344 344 345 345 140 140 139 139 141 141 889 889 141 141 139 139 141 141 889 889 167 167 890 890 167 167 889 889 167 167 890 890 166 166 891 891 166 166 890 890 166 166 891 891 165 165 316 316 165 165 891 891 892 892 893 893 894 894 895 895 896 896 897 897 898 898 899 899 900 900 901 901 900 900 899 899 900 900 901 901 902 902 193 193 194 194 903 903 898 898 903 903 194 194 903 903 898 898 904 904 900 900 904 904 898 898 892 892 902 902 893 893 901 901 893 893 902 902 893 893 901 901 905 905 906 906 905 905 901 901 897 897 896 896 907 907 908 908 907 907 896 896 907 907 908 908 909 909 165 165 316 316 90 90 910 910 911 911 912 912 913 913 912 912 911 911 912 912 913 913 236 236 215 215 236 236 913 913 198 198 200 200 914 914 202 202 914 914 200 200 914 914 202 202 235 235 751 751 892 892 752 752 894 894 752 752 892 892 752 752 894 894 762 762 915 915 762 762 894 894 762 762 915 915 760 760 90 90 760 760 915 915 901 901 895 895 906 906 897 897 906 906 895 895 906 906 897 897 916 916 917 917 916 916 897 897 916 916 917 917 918 918 919 919 918 918 917 917 216 216 215 215 920 920 913 913 920 920 215 215 920 920 913 913 921 921 907 907 921 921 913 913 921 921 907 907 922 922 909 909 922 922 907 907 922 922 909 909 923 923 923 923 898 898 922 922 194 194 922 922 898 898 922 922 194 194 914 914 196 196 914 914 194 194 914 914 196 196 198 198 693 693 163 163 161 161 153 153 151 151 915 915 149 149 915 915 151 151 924 924 925 925 919 919 693 693 919 919 925 925 919 919 693 693 918 918 161 161 918 918 693 693 918 918 161 161 926 926 149 149 147 147 915 915 145 145 915 915 147 147 915 915 145 145 90 90 144 144 90 90 145 145 90 90 144 144 165 165 910 910 927 927 911 911 928 928 911 911 927 927 911 911 928 928 929 929 930 930 929 929 928 928 929 929 930 930 931 931 932 932 931 931 930 930 931 931 932 932 919 919 933 933 919 919 932 932 919 919 933 933 924 924 161 161 159 159 926 926 157 157 926 926 159 159 926 926 157 157 915 915 155 155 915 915 157 157 915 915 155 155 153 153 234 234 463 463 232 232 934 934 232 232 463 463 232 232 934 934 230 230 230 230 934 934 228 228 935 935 228 228 934 934 228 228 935 935 226 226 936 936 226 226 935 935 226 226 936 936 224 224 937 937 224 224 936 936 224 224 937 937 223 223 223 223 937 937 222 222 938 938 222 222 937 937 222 222 938 938 221 221 221 221 938 938 220 220 361 361 220 220 938 938 220 220 361 361 219 219 259 259 124 124 126 126 327 327 260 260 329 329 261 261 329 329 260 260 329 329 261 261 331 331 263 263 331 331 261 261 331 331 263 263 332 332 259 259 332 332 263 263 332 332 259 259 317 317 126 126 317 317 259 259 256 256 342 342 699 699 584 584 699 699 342 342 699 699 584 584 700 700 585 585 700 700 584 584 700 700 585 585 702 702 586 586 702 702 585 585 702 702 586 586 704 704 587 587 704 704 586 586 704 704 587 587 706 706 588 588 706 706 587 587 706 706 588 588 708 708 589 589 708 708 588 588 708 708 589 589 710 710 590 590 710 710 589 589 710 710 590 590 712 712 591 591 712 712 590 590 712 712 591 591 714 714 592 592 714 714 591 591 714 714 592 592 716 716 593 593 716 716 592 592 716 716 593 593 718 718 594 594 718 718 593 593 718 718 594 594 720 720 595 595 720 720 594 594 720 720 595 595 722 722 596 596 722 722 595 595 722 722 596 596 724 724 597 597 724 724 596 596 724 724 597 597 726 726 598 598 726 726 597 597 726 726 598 598 728 728 599 599 728 728 598 598 728 728 599 599 730 730 600 600 730 730 599 599 730 730 600 600 445 445 446 446 445 445 600 600 939 939 940 940 941 941 942 942 941 941 940 940 941 941 942 942 943 943 944 944 943 943 942 942 943 943 944 944 945 945 946 946 945 945 944 944 945 945 946 946 947 947 948 948 947 947 946 946 947 947 948 948 949 949 950 950 949 949 948 948 949 949 950 950 951 951 952 952 951 951 950 950 951 951 952 952 953 953 954 954 953 953 952 952 953 953 954 954 939 939 940 940 939 939 954 954 955 955 667 667 956 956 665 665 956 956 667 667 956 956 665 665 957 957 663 663 957 957 665 665 957 957 663 663 958 958 661 661 958 958 663 663 958 958 661 661 959 959 659 659 959 959 661 661 959 959 659 659 960 960 657 657 960 960 659 659 960 960 657 657 961 961 655 655 961 961 657 657 961 961 655 655 962 962 653 653 962 962 655 655 962 962 653 653 963 963 651 651 963 963 653 653 963 963 651 651 964 964 649 649 964 964 651 651 964 964 649 649 965 965 647 647 965 965 649 649 965 965 647 647 966 966 645 645 966 966 647 647 966 966 645 645 967 967 643 643 967 967 645 645 967 967 643 643 968 968 642 642 968 968 643 643 968 968 642 642 969 969 641 641 969 969 642 642 685 685 970 970 641 641 969 969 641 641 970 970 327 327 443 443 260 260 241 241 260 260 443 443 260 260 241 241 240 240 667 667 955 955 682 682 6 6 682 682 955 955 682 682 6 6 4 4 4 4 3 3 682 682 18 18 682 682 3 3 682 682 18 18 1 1 139 139 140 140 22 22 682 682 22 22 140 140 22 22 682 682 0 0 1 1 0 0 682 682 178 178 971 971 140 140 682 682 140 140 971 971 972 972 971 971 973 973 178 178 973 973 971 971 973 973 178 178 974 974 975 975 974 974 178 178 975 975 178 178 976 976 179 179 976 976 178 178 976 976 179 179 977 977 180 180 977 977 179 179 977 977 180 180 978 978 181 181 978 978 180 180 978 978 181 181 979 979 186 186 980 980 981 981 186 186 981 981 185 185 181 181 182 182 979 979 183 183 979 979 182 182 979 979 183 183 982 982 184 184 982 982 183 183 982 982 184 184 983 983 185 185 983 983 184 184 983 983 185 185 984 984 981 981 984 984 185 185 866 866 766 766 321 321 321 321 766 766 188 188 985 985 188 188 766 766 188 188 985 985 986 986 980 980 186 186 986 986 187 187 986 986 186 186 986 986 187 187 188 188 866 866 321 321 870 870 320 320 870 870 321 321 870 870 320 320 339 339 970 970 685 685 987 987 873 873 987 987 685 685 987 987 873 873 337 337 871 871 337 337 873 873 337 337 871 871 338 338 870 870 338 338 871 871 338 338 870 870 340 340 339 339 340 340 870 870 879 879 499 499 859 859 617 617 859 859 499 499 988 988 989 989 990 990 991 991 239 239 219 219 992 992 912 912 993 993 236 236 993 993 912 912 993 993 236 236 237 237 928 928 927 927 992 992 910 910 992 992 927 927 992 992 910 910 912 912 994 994 930 930 995 995 928 928 995 995 930 930 995 995 928 928 996 996 992 992 996 996 928 928 925 925 924 924 997 997 933 933 997 997 924 924 997 997 933 933 994 994 932 932 994 994 933 933 994 994 932 932 930 930 990 990 989 989 998 998 693 693 998 998 989 989 998 998 693 693 925 925 999 999 997 997 1000 1000 994 994 1000 1000 997 997 1000 1000 994 994 1001 1001 995 995 1001 1001 994 994 1001 1001 995 995 1002 1002 996 996 1002 1002 995 995 1002 1002 996 996 1003 1003 992 992 1003 1003 996 996 1003 1003 992 992 1004 1004 993 993 1004 1004 992 992 1004 1004 993 993 238 238 237 237 238 238 993 993 219 219 362 362 991 991 363 363 991 991 362 362 991 991 363 363 1005 1005 359 359 1005 1005 363 363 1005 1005 359 359 1006 1006 359 359 358 358 1006 1006 356 356 1006 1006 358 358 1006 1006 356 356 1007 1007 355 355 1007 1007 356 356 1007 1007 355 355 1008 1008 353 353 1008 1008 355 355 1008 1008 353 353 1009 1009 352 352 1009 1009 353 353 1009 1009 352 352 350 350 925 925 997 997 998 998 999 999 998 998 997 997 998 998 999 999 990 990 1010 1010 990 990 999 999 990 990 1010 1010 988 988 238 238 239 239 1004 1004 991 991 1004 1004 239 239 1004 1004 991 991 1003 1003 1005 1005 1003 1003 991 991 1003 1003 1005 1005 1002 1002 1006 1006 1002 1002 1005 1005 1002 1002 1006 1006 1001 1001 1007 1007 1001 1001 1006 1006 1001 1001 1007 1007 1000 1000 1008 1008 1000 1000 1007 1007 1000 1000 1008 1008 999 999 1009 1009 999 999 1008 1008 999 999 1009 1009 1010 1010 350 350 1010 1010 1009 1009 1010 1010 350 350 988 988 347 347 988 988 350 350 988 988 347 347 246 246 1011 1011 883 883 75 75 1012 1012 1013 1013 1014 1014 1013 1013 29 29 886 886 1013 1013 886 886 1014 1014 885 885 1014 1014 886 886 1014 1014 885 885 1015 1015 885 885 884 884 1015 1015 450 450 1015 1015 884 884 1015 1015 450 450 882 882 75 75 1016 1016 1017 1017 1012 1012 1017 1017 1016 1016 1011 1011 75 75 1017 1017 1012 1012 1014 1014 1017 1017 1015 1015 1017 1017 1014 1014 1017 1017 1015 1015 1011 1011 882 882 1011 1011 1015 1015 1011 1011 882 882 883 883 766 766 866 866 764 764 864 864 764 764 866 866 859 859 617 617 860 860 767 767 860 860 617 617 860 860 767 767 861 861 774 774 861 861 767 767 861 861 774 774 863 863 775 775 863 863 774 774 863 863 775 775 864 864 777 777 864 864 775 775 864 864 777 777 764 764 28 28 27 27 1018 1018 1019 1019 1018 1018 27 27 972 972 973 973 1020 1020 1021 1021 1020 1020 973 973 1020 1020 1021 1021 1022 1022 1023 1023 1022 1022 1021 1021 1022 1022 1023 1023 1024 1024 1025 1025 1024 1024 1023 1023 1024 1024 1025 1025 1019 1019 1026 1026 1019 1019 1025 1025 1019 1019 1026 1026 1018 1018 1027 1027 1028 1028 1029 1029 1030 1030 1029 1029 1028 1028 1029 1029 1030 1030 1031 1031 1032 1032 1031 1031 1030 1030 1031 1031 1032 1032 1033 1033 1034 1034 1033 1033 1032 1032 1033 1033 1034 1034 1035 1035 1036 1036 1035 1035 1034 1034 1035 1035 1036 1036 1037 1037 1038 1038 1037 1037 1036 1036 1037 1037 1038 1038 1039 1039 1040 1040 1039 1039 1038 1038 1039 1039 1040 1040 1041 1041 1042 1042 1041 1041 1040 1040 1041 1041 1042 1042 1027 1027 1028 1028 1027 1027 1042 1042 1043 1043 1044 1044 1045 1045 1046 1046 1045 1045 1044 1044 1045 1045 1046 1046 1047 1047 1048 1048 1047 1047 1046 1046 1047 1047 1048 1048 1049 1049 1050 1050 1049 1049 1048 1048 1049 1049 1050 1050 1051 1051 1052 1052 1051 1051 1050 1050 1051 1051 1052 1052 1053 1053 1054 1054 1053 1053 1052 1052 1053 1053 1054 1054 1055 1055 1056 1056 1055 1055 1054 1054 1055 1055 1056 1056 1057 1057 1058 1058 1057 1057 1056 1056 1057 1057 1058 1058 1043 1043 1044 1044 1043 1043 1058 1058 1059 1059 1060 1060 1061 1061 240 240 242 242 262 262 1062 1062 262 262 242 242 262 262 1062 1062 264 264 250 250 255 255 1063 1063 242 242 244 244 1062 1062 1064 1064 1062 1062 244 244 1062 1062 1064 1064 264 264 1063 1063 264 264 1064 1064 264 264 1063 1063 265 265 255 255 265 265 1063 1063 265 265 255 255 254 254 250 250 1059 1059 251 251 1061 1061 251 251 1059 1059 251 251 1061 1061 252 252 247 247 252 252 1061 1061 250 250 1063 1063 1059 1059 1064 1064 1059 1059 1063 1063 1059 1059 1064 1064 1060 1060 244 244 1060 1060 1064 1064 1060 1060 244 244 1061 1061 245 245 1061 1061 244 244 1061 1061 245 245 247 247 478 478 111 111 135 135 135 135 275 275 478 478 271 271 478 478 275 275 478 478 271 271 479 479 270 270 479 479 271 271 479 479 270 270 80 80 126 126 125 125 318 318 1065 1065 318 318 125 125 987 987 337 337 1066 1066 335 335 1066 1066 337 337 1066 1066 335 335 1065 1065 333 333 1065 1065 335 335 1065 1065 333 333 318 318 125 125 123 123 1065 1065 1067 1067 1065 1065 123 123 1065 1065 1067 1067 1066 1066 1068 1068 1066 1066 1067 1067 1066 1066 1068 1068 987 987 970 970 987 987 1068 1068 123 123 121 121 1069 1069 123 123 1069 1069 1067 1067 1070 1070 1067 1067 1069 1069 1067 1067 1070 1070 1068 1068 969 969 1068 1068 1070 1070 1068 1068 969 969 970 970 969 969 1070 1070 1071 1071 1070 1070 1069 1069 1072 1072 1069 1069 121 121 100 100 1069 1069 100 100 1072 1072 98 98 1072 1072 100 100 1072 1072 98 98 1073 1073 95 95 1073 1073 98 98 1073 1073 95 95 1074 1074 94 94 1074 1074 95 95 1074 1074 94 94 1075 1075 104 104 1075 1075 94 94 1075 1075 104 104 1076 1076 106 106 1076 1076 104 104 1076 1076 106 106 1077 1077 108 108 1077 1077 106 106 1077 1077 108 108 1078 1078 110 110 1078 1078 108 108 1078 1078 110 110 1079 1079 115 115 1079 1079 110 110 1079 1079 115 115 1080 1080 117 117 1080 1080 115 115 1080 1080 117 117 1081 1081 119 119 1081 1081 117 117 1081 1081 119 119 1082 1082 129 129 1082 1082 119 119 1082 1082 129 129 1083 1083 131 131 1083 1083 129 129 1083 1083 131 131 1084 1084 131 131 112 112 1084 1084 1085 1085 1084 1084 112 112 1084 1084 1085 1085 1086 1086 1070 1070 1072 1072 1071 1071 1073 1073 1071 1071 1072 1072 1071 1071 1073 1073 1087 1087 1074 1074 1087 1087 1073 1073 1087 1087 1074 1074 1088 1088 1075 1075 1088 1088 1074 1074 1088 1088 1075 1075 1089 1089 1076 1076 1089 1089 1075 1075 1089 1089 1076 1076 1090 1090 1077 1077 1090 1090 1076 1076 1090 1090 1077 1077 1091 1091 1078 1078 1091 1091 1077 1077 1091 1091 1078 1078 1092 1092 1079 1079 1092 1092 1078 1078 1092 1092 1079 1079 1093 1093 1080 1080 1093 1093 1079 1079 1093 1093 1080 1080 1094 1094 1081 1081 1094 1094 1080 1080 1094 1094 1081 1081 1095 1095 1082 1082 1095 1095 1081 1081 1095 1095 1082 1082 1096 1096 1083 1083 1096 1096 1082 1082 1096 1096 1083 1083 1097 1097 1084 1084 1097 1097 1083 1083 1097 1097 1084 1084 1098 1098 1086 1086 1098 1098 1084 1084 1098 1098 1086 1086 1099 1099 969 969 1071 1071 968 968 1087 1087 968 968 1071 1071 968 968 1087 1087 967 967 1088 1088 967 967 1087 1087 967 967 1088 1088 966 966 1089 1089 966 966 1088 1088 966 966 1089 1089 965 965 1090 1090 965 965 1089 1089 965 965 1090 1090 964 964 1091 1091 964 964 1090 1090 964 964 1091 1091 963 963 1092 1092 963 963 1091 1091 963 963 1092 1092 962 962 1093 1093 962 962 1092 1092 962 962 1093 1093 961 961 1094 1094 961 961 1093 1093 961 961 1094 1094 960 960 1095 1095 960 960 1094 1094 960 960 1095 1095 959 959 1096 1096 959 959 1095 1095 959 959 1096 1096 958 958 1097 1097 958 958 1096 1096 958 958 1097 1097 957 957 1098 1098 957 957 1097 1097 957 957 1098 1098 956 956 1099 1099 956 956 1098 1098 956 956 1099 1099 955 955 6 6 955 955 7 7 1099 1099 7 7 955 955 7 7 1099 1099 9 9 1086 1086 9 9 1099 1099 9 9 1086 1086 11 11 1085 1085 11 11 1086 1086 11 11 1085 1085 13 13 112 112 13 13 1085 1085 75 75 77 77 1016 1016 1100 1100 1016 1016 77 77 1016 1016 1100 1100 1012 1012 1101 1101 1012 1012 1100 1100 1012 1012 1101 1101 1013 1013 1102 1102 1013 1013 1101 1101 1013 1013 1102 1102 29 29 27 27 29 29 1102 1102 1103 1103 1100 1100 77 77 1100 1100 1103 1103 1101 1101 1104 1104 1105 1105 1106 1106 1106 1106 1024 1024 1019 1019 1024 1024 1106 1106 1022 1022 1105 1105 1022 1022 1106 1106 1022 1022 1105 1105 1020 1020 27 27 1102 1102 1107 1107 972 972 1020 1020 1108 1108 1105 1105 1108 1108 1020 1020 1108 1108 1105 1105 1109 1109 1104 1104 1109 1109 1105 1105 1109 1109 1104 1104 77 77 77 77 1104 1104 1110 1110 1106 1106 1110 1110 1104 1104 1110 1110 1106 1106 1107 1107 1019 1019 1107 1107 1106 1106 1107 1107 1019 1019 27 27 1102 1102 1101 1101 1107 1107 1103 1103 1107 1107 1101 1101 1107 1107 1103 1103 1110 1110 77 77 1110 1110 1103 1103 682 682 971 971 683 683 1111 1111 683 683 971 971 683 683 1111 1111 684 684 1112 1112 684 684 1111 1111 684 684 1112 1112 74 74 76 76 74 74 1112 1112 971 971 972 972 1111 1111 1108 1108 1111 1111 972 972 1111 1111 1108 1108 1112 1112 1109 1109 1112 1112 1108 1108 1112 1112 1109 1109 76 76 77 77 76 76 1109 1109 888 888 887 887 1113 1113 1114 1114 1113 1113 887 887 1113 1113 1114 1114 1115 1115 1116 1116 1115 1115 1114 1114 1115 1115 1116 1116 31 31 887 887 879 879 1114 1114 878 878 1114 1114 879 879 1114 1114 878 878 1116 1116 877 877 1116 1116 878 878 1116 1116 877 877 31 31 344 344 888 888 366 366 1113 1113 366 366 888 888 366 366 1113 1113 364 364 1115 1115 364 364 1113 1113 364 364 1115 1115 31 31 30 30 28 28 467 467 1117 1117 467 467 28 28 467 467 1117 1117 468 468 1118 1118 468 468 1117 1117 468 468 1118 1118 469 469 1119 1119 469 469 1118 1118 469 469 1119 1119 464 464 1120 1120 464 464 1119 1119 464 464 1120 1120 391 391 392 392 391 391 1120 1120 1121 1121 396 396 377 377 1122 1122 1121 1121 1123 1123 377 377 1123 1123 1121 1121 1123 1123 377 377 1124 1124 376 376 1124 1124 377 377 1124 1124 376 376 1125 1125 374 374 1125 1125 376 376 1125 1125 374 374 1120 1120 392 392 1120 1120 374 374 1126 1126 1021 1021 1127 1127 973 973 1127 1127 1021 1021 1023 1023 1128 1128 1025 1025 1129 1129 1025 1025 1128 1128 1025 1025 1129 1129 1026 1026 1130 1130 1026 1026 1129 1129 1026 1026 1130 1130 1018 1018 1131 1131 1018 1018 1130 1130 1018 1018 1131 1131 28 28 1119 1119 1118 1118 1131 1131 1117 1117 1131 1131 1118 1118 1131 1131 1117 1117 28 28 1120 1120 1119 1119 1125 1125 1131 1131 1125 1125 1119 1119 1125 1125 1131 1131 1124 1124 1130 1130 1124 1124 1131 1131 1124 1124 1130 1130 1123 1123 1129 1129 1123 1123 1130 1130 1123 1123 1129 1129 1122 1122 1128 1128 1122 1122 1129 1129 1122 1122 1128 1128 1126 1126 1023 1023 1126 1126 1128 1128 1126 1126 1023 1023 1021 1021 137 137 136 136 1132 1132 1132 1132 314 314 1133 1133 315 315 1133 1133 314 314 1133 1133 315 315 316 316 136 136 78 78 1132 1132 313 313 1132 1132 78 78 1132 1132 313 313 314 314 138 138 137 137 1134 1134 1132 1132 1134 1134 137 137 1134 1134 1132 1132 1135 1135 1133 1133 1135 1135 1132 1132 1135 1135 1133 1133 316 316 316 316 891 891 1135 1135 890 890 1135 1135 891 891 1135 1135 890 890 1134 1134 889 889 1134 1134 890 890 1134 1134 889 889 138 138 139 139 138 138 889 889 694 694 1136 1136 695 695 1137 1137 695 695 1136 1136 243 243 241 241 1137 1137 696 696 1137 1137 241 241 1137 1137 696 696 695 695 246 246 243 243 988 988 1137 1137 988 988 243 243 988 988 1137 1137 989 989 1136 1136 989 989 1137 1137 989 989 1136 1136 693 693 694 694 693 693 1136 1136</p>
        </triangles>
      </mesh>
    </geometry>
  </library_geometries>
  <library_materials>
    <material id="4b922fdbaaac470290355efe8b359432" name="defaultmaterial">
      <instance_effect url="#188c69a847ef454abc53c28609dfb741"/>
    </material>
  </library_materials>
  <library_visual_scenes>
    <visual_scene id="scene">
      <node id="node0" name="node0">
        <instance_geometry url="#38bee6a0717149d994aa0bbfd81c7da5">
          <bind_material>
            <technique_common>
              <instance_material symbol="material0" target="#4b922fdbaaac470290355efe8b359432"/>
            </technique_common>
          </bind_material>
        </instance_geometry>
      </node>
    </visual_scene>
  </library_visual_scenes>
  <scene>
    <instance_visual_scene url="#scene"/>
  </scene>
</COLLADA>
