<COLLADA xmlns="http://www.collada.org/2005/11/COLLADASchema" version="1.4.1">
  <asset>
    <created>2026-10-05T22:47:04.666885</created>
    <modified>2026-10-05T22:47:04.666885</modified>
    <up_axis>Y_UP</up_axis>
  </asset>
  <library_effects>
    <effect id="0e384bff51ac4682b4727430bbfed13e" name="0e384bff51ac4682b4727430bbfed13e">
      <profile_COMMON>
        <technique sid="common">
          <phong>
            <emission>
              <color>0.0 0.0 0.0 1.0</color>
            </emission>
            <ambient>
              <color>0.0 0.0 0.0 1.0</color>
            </ambient>
            <diffuse>
              <color>0.23529411764705882 0.23529411764705882 0.23529411764705882 1.0</color>
            </diffuse>
            <specular>
              <color>0.0 0.0 0.0 1.0</color>
            </specular>
            <shininess>
              <float>0.0</float>
            </shininess>
            <reflective>
              <color>0.0 0.0 0.0 1.0</color>
            </reflective>
            <reflectivity>
              <float>0.0</float>
            </reflectivity>
            <transparent>
              <color>0.0 0.0 0.0 1.0</color>
            </transparent>
            <transparency>
              <float>1.0</float>
            </transparency>
          </phong>
        </technique>
        <extra>
          <technique profile="GOOGLEEARTH">
            <double_sided>0</double_sided>
          </technique>
        </extra>
      </profile_COMMON>
    </effect>
  </library_effects>
  <library_geometries>
    <geometry id="eaa6418ec2584d56bf2c3f7535bbd176" name="9811a6d24c244738b70411bcccfe382a">
      <mesh>
        <source id="verts-array">
          <float_array count="5133" id="verts-array-array">-0.009530897 0.01619173 -0.0153148 -0.0128309 0.01619173 -0.0120148 -0.012826 0.01750013 -0.01181589 -0.009505297 0.01750093 -0.01531483 -0.0127329 0.01880843 -0.01115759 -0.009428297 0.01880843 -0.0153148 -0.008568097 0.02276963 -0.009014795 -0.008370497 0.02248273 -0.01041793 -0.0125302 0.01961833 -0.01041793 -0.024859 0.01155143 -0.009014795 -0.0127329 0.01880843 -0.01115759 -0.0243596 0.01082843 -0.01113612 -0.0126381 0.01926283 -0.01078771 -0.0246227 0.01120973 -0.01053802 -0.024729 0.01136373 -0.01016285 -0.0128309 0.01619173 -0.0120148 -0.0231555 0.009082025 -0.0120148 -0.012826 0.01750013 -0.01181589 -0.023815 0.01003864 -0.01178066 -0.0240197 0.01033563 -0.01159967 -0.0277974 -0.007769425 -0.009014795 -0.0282742 -0.006380685 -0.009014795 -0.0278708 -0.006281755 -0.01053858 -0.0257334 -0.01051327 -0.009014795 -0.0275379 -0.008293585 -0.009014795 -0.0271732 -0.008095805 -0.01053858 -0.0268372 -0.006028345 -0.01159456 -0.0270372 -0.004418115 -0.01159456 -0.026655 -0.004415635 -0.01178452 -0.0276438 -0.004421395 -0.01112882 -0.0281012 -0.004422875 -0.01053858 -0.0282838 -0.004422915 -0.01017192 -0.0285172 -0.004420055 -0.009014795 -0.0249016 -0.006862605 -0.0120148 -0.024142 -0.007893935 -0.0120148 -0.0252366 -0.008949465 -0.01159456 -0.024859 -0.01118737 -0.009014795 -0.0260029 -0.009688345 -0.01053858 -0.0246528 -0.01088787 -0.01044628 -0.0239694 -0.009895475 -0.01165125 -0.0231575 -0.008716495 -0.0120148 -0.0262378 -0.007588025 -0.01159456 -0.0253607 -0.005666355 -0.0120148 -0.0255172 -0.004407005 -0.0120148 -0.006862797 -0.01993737 -0.0120148 -0.008336297 -0.02207717 -0.0105148 -0.008564197 -0.02240817 -0.009014795 -0.007713497 -0.02117277 -0.01161288 -0.0246528 -0.01088787 -0.01044628 -0.0272869 0.009083535 -0.009014795 -0.0262968 0.01034233 -0.009014795 -0.0259975 0.01005315 -0.01053795 -0.0284087 0.006081845 -0.009014795 -0.0275356 0.008659185 -0.009014795 -0.0271699 0.008460355 -0.01053795 -0.0252318 0.009313515 -0.01159493 -0.024729 0.01136373 -0.01016285 -0.0266652 0.004771725 -0.01178644 -0.0270398 0.004772885 -0.01159967 -0.0268361 0.006390065 -0.01159493 -0.0276385 0.004774985 -0.01113612 -0.0278701 0.006643815 -0.01053795 -0.0281017 0.004777085 -0.01053801 -0.0282831 0.004778205 -0.01017671 -0.0255172 0.004768465 -0.0120148 -0.0253608 0.006027295 -0.0120148 -0.0249003 0.007225635 -0.0120148 -0.0241386 0.008258535 -0.0120148 -0.0262348 0.007951645 -0.01159493 -0.0285172 0.004781505 -0.009014795 -0.009349297 0.02092733 0.0197412 -0.016424 0.01315433 0.0209032 -0.007591697 0.02026553 0.0205239 -0.0151544 0.01366123 0.0209352 -0.005505597 0.01959493 0.0209352 -0.0243486 0.01185213 0.0196513 -0.0140519 0.01899343 0.0190806 -0.0245724 0.01173163 0.0196406 -0.0247212 0.01164633 0.0196367 -0.0102985 0.02134513 0.0190454 -0.0118137 0.02053283 0.0189461 -0.0119578 0.02043543 0.0189536 -0.022582 0.01252653 0.0198899 -0.0205229 0.01281473 0.0203441 -0.01833 0.01291123 0.0207337 -0.0271106 0.009350465 0.0200355 -0.0271107 -0.008989195 0.0200355 -0.0262985 0.01034033 0.0197871 -0.0258867 -0.01037757 0.0197095 -0.024859 0.01155143 0.0196355 -0.024859 -0.01118737 0.0196355 -0.0247901 0.01159893 0.0196358 -0.0247773 -0.01124357 0.0196359 -0.0247212 0.01164633 0.0196367 -0.0245724 0.01173163 0.0196406 -0.0246956 -0.01129987 0.0196372 -0.024576 -0.01136807 0.0196405 -0.0211289 -0.01241767 0.020204 -0.0205229 -0.01245327 0.0203441 -0.0205229 -0.004552085 0.0203441 -0.0230753 -0.01202137 0.0198011 -0.0210534 -0.004552085 0.0202214 -0.0210534 0.004913535 0.0202215 -0.0243486 0.01185213 0.0196513 -0.022582 0.01252653 0.0198899 -0.0205229 0.004913535 0.0203441 -0.0205229 0.01281473 0.0203441 -0.0285172 -0.004420055 0.0200355 -0.0285172 -0.004420055 0.007085005 -0.0277974 -0.007769425 0.0200355 -0.0285168 -0.004457925 0.006722005 -0.0285166 -0.004469275 0.006385205 -0.0285172 -0.004420055 0.005685405 -0.0271107 -0.008989195 0.0200355 -0.0258867 -0.01037757 0.0197095 -0.024859 -0.01118737 0.0196355 -0.0262985 0.01034033 0.0197871 -0.024859 0.01155143 0.0196355 -0.0285172 0.004781505 0.003752505 -0.028503 0.005210795 0.004625405 -0.0284985 0.005286005 0.004840105 -0.0285172 0.004781505 0.009017905 -0.0285172 0.004781505 0.0200355 -0.0284987 0.005286015 0.007930305 -0.0284087 0.006081845 0.0200355 -0.0284916 0.005381035 0.007599505 -0.0284798 0.005523165 0.006110305 -0.0272869 0.009083535 0.0200355 -0.0271106 0.009350465 0.0200355 -0.006021997 0.02131723 0.0201268 -0.006094097 0.02059023 0.0206092 -0.0100624 0.02143853 0.0190791 -0.008763097 0.02180533 0.0191451 -0.008525097 0.02190203 0.0190691 -0.007485697 0.02155083 0.0197167 -0.007321097 0.02199013 0.019128 -0.004419497 0.02131833 0.0201886 -0.004419497 0.02218023 0.0187617 -0.006478497 0.02222263 0.0186032 -0.005364197 0.01966723 0.0209352 -0.004419497 0.01982783 0.0209352 -0.004082697 -0.02381867 -0.004234595 -0.003982897 -0.01801927 -0.004585395 -0.004026997 -0.02381927 -0.003270895 -0.003982897 -0.01801927 -0.003144195 -0.0007178667 -0.01801927 -0.002435895 -0.0007178667 -0.02381927 -0.002435895 -0.001579357 -0.01801927 -0.001938495 -0.001579357 -0.02381927 -0.001938495 -0.003013967 -0.01801927 -0.002077095 -0.003013967 -0.02381927 -0.002077095 -0.003982897 -0.02381927 -0.003144195 -0.004026997 -0.02381927 -0.004458695 -0.003982897 -0.02381927 -0.004585395 -0.003013967 -0.01801927 -0.005652495 -0.003013967 -0.02381927 -0.005652495 -0.001579357 -0.01801927 -0.005791095 -0.001579357 -0.02381927 -0.005791095 -0.0007178667 -0.01801927 -0.005293695 -0.0007178667 -0.02381927 -0.005293695 0.0006537433 0.004605575 0.0209352 0.0009466433 0.003862075 0.0209352 0.0009466433 0.01982783 0.0209352 -0.004419497 0.01982783 0.0209352 -5.335674e-05 0.004913535 0.0209352 0.0003293233 0.004833505 0.0209352 -0.0151544 0.01366123 0.0209352 -0.0151544 0.004913535 0.0209352 -0.005505597 0.01959493 0.0209352 -0.005364197 0.01966723 0.0209352 0.0220845 -0.02288597 -0.006840195 0.0216381 -0.02381927 -0.006014795 0.0226144 -0.02357107 -0.007820085 0.0229285 -0.02381927 -0.008400805 0.0232323 -0.02381877 -0.008962525 0.0232605 -0.02381927 -0.009014795 0.0216381 -0.01581927 -0.006014795 0.018797 -0.01581927 -0.0007611952 0.0216381 -0.02081927 -0.006014795 0.018797 -0.01701927 -0.0007611952 0.0217515 -0.02192087 -0.006224395 0.01435868 -0.02381927 0.007498805 0.01435868 -0.01701927 0.007498805 0.01240605 -0.02381927 0.0112955 0.01105601 -0.01701927 0.0140614 0.01061264 -0.02282637 0.0150011 0.01105601 -0.01581927 0.0140614 0.007969843 -0.01581927 0.0209352 0.007969843 -0.01946637 0.0209352 0.008146723 -0.02052347 0.0205215 0.008484083 -0.02135547 0.0197384 0.008909983 -0.02181877 0.0187617 -0.006939997 -0.02181337 0.0187464 -0.006219397 -0.02351297 0.0108161 -0.006474897 -0.02186107 0.0186038 -0.004026997 -0.02381927 0.0112602 -0.003631097 -0.02381927 0.0112955 -0.008770197 -0.02148007 0.0190952 -0.0102965 -0.02098267 0.0190472 -0.008564197 -0.02240817 0.0102423 -0.010417 -0.02093197 0.0190281 -0.0119547 -0.02007347 0.0189557 -0.004419497 -0.02181877 0.0187617 -0.004419497 -0.02095687 0.0201886 -0.006939997 -0.02181337 0.0187464 -0.008801097 -0.02034677 0.0200417 -0.0102965 -0.02098267 0.0190472 -0.008761397 -0.02144347 0.019146 -0.008770197 -0.02148007 0.0190952 -0.007319797 -0.02162857 0.0191284 -0.007484297 -0.02118917 0.0197171 -0.007627697 -0.02061187 0.0201786 -0.006093297 -0.02022857 0.0206093 -0.005505597 -0.01923347 0.0209352 -0.006980897 -0.01969727 0.0206925 -0.004419497 -0.01946637 0.0209352 -0.004626397 -0.01946017 0.0209352 0.0009466433 -0.003500625 0.0209352 0.0006537433 -0.004244125 0.0209352 0.0009466433 -0.01581927 0.0209352 0.0003293233 -0.004472055 0.0209352 -5.335674e-05 -0.004552085 0.0209352 -0.0151544 -0.004552085 0.0209352 -0.0151544 -0.01329977 0.0209352 0.007969843 -0.01946637 0.0209352 0.007969843 -0.01581927 0.0209352 -0.004419497 -0.01946637 0.0209352 -0.004626397 -0.01946017 0.0209352 -0.005505597 -0.01923347 0.0209352 0.0189235 0.02118073 -0.006014795 0.0266828 0.02118073 -0.006014795 0.0189245 0.02232883 -0.006243195 0.0266828 0.02268073 -0.006416695 0.0189273 0.02330203 -0.006893495 0.0266828 0.02418073 -0.009014795 0.0189364 0.02418073 -0.009014795 0.0266828 0.02377883 -0.007514795 0.0266828 0.02330203 -0.006893495 -0.0247901 0.01159893 0.0196358 -0.0247212 0.01164633 0.0196367 -0.0140519 0.01899343 0.0190806 -0.0119578 0.02043543 0.0189536 -0.008568097 0.02276963 0.0102423 0.0009466433 -0.003500625 0.0209352 0.0009466433 -0.01581927 0.0209352 0.001395743 -0.01581927 0.0197013 0.001737743 0.02218023 0.0187617 0.001218383 0.02131833 0.0201886 0.002627033 0.01808073 0.0163184 0.0009466433 0.01982783 0.0209352 0.0009466433 0.003862075 0.0209352 0.001395743 0.01618073 0.0197013 0.002627033 0.01618073 0.0163184 0.009761943 0.01618073 -0.003284595 0.01075564 0.01618073 -0.006014795 0.009761943 0.01808073 -0.003284595 0.01075564 0.02418073 -0.006014795 0.004455193 0.02418073 0.0112955 0.009761943 0.01808073 -0.003284595 0.009090933 0.01808073 -0.002814795 0.009761943 0.01618073 -0.003284595 0.009090933 0.01618073 -0.002814795 0.002516913 0.02118073 -0.0120148 0.003664963 0.02232883 -0.01178644 0.005516913 0.02418073 -0.0120148 0.004638233 0.02330203 -0.01113612 0.009516913 0.02818073 -0.0120148 0.005516913 0.02418073 -0.006014795 0.009516913 0.02818073 -0.006014795 0.005516913 0.02418073 -0.009014795 0.005288553 0.02395233 -0.01016285 -0.003634997 0.02418073 0.0112955 0.004455193 0.02418073 0.0112955 0.01075564 0.02418073 -0.006014795 -0.004030897 0.02418073 -0.002912795 -0.004030897 0.02418073 0.0112602 -0.003058677 0.02418073 -0.003864795 0.005516913 0.02418073 -0.006014795 -0.004030897 0.02418073 -0.004816795 0.005516913 0.02418073 -0.009014795 -0.004030897 0.02418073 -0.009014795 -0.001417537 -0.01581927 -0.004579295 0.0216381 -0.01581927 -0.006014795 -0.002124177 -0.01581927 -0.004864795 -0.008317197 -0.01581927 -0.006014795 -0.002826767 -0.01581927 -0.004569395 0.0178405 -0.01581927 -0.0006147952 0.018797 -0.01581927 -0.0007611952 -0.0006879367 -0.01581927 -0.003864795 -0.001417537 -0.01581927 -0.003150295 -0.002124177 -0.01581927 -0.002864795 -0.008317197 -0.01581927 -0.0006147952 -0.002826767 -0.01581927 -0.003160195 -0.003117197 -0.01581927 -0.003864795 -0.009530897 0.01618073 -0.0153148 -0.009530897 0.01619173 -0.0153148 -0.004030897 0.01618073 -0.0153148 -0.009505297 0.01750093 -0.01531483 -0.009428297 0.01880843 -0.0153148 -0.009426497 0.01885443 -0.0153148 -0.009424597 0.01890033 -0.0153148 -0.007036197 0.02054503 -0.0153148 -0.005603897 0.02123873 -0.0153148 -0.004030897 0.02147973 -0.0153148 -0.0128309 0.01618073 -0.0120148 -0.009530897 0.01618073 -0.0153148 -0.004030897 0.01618073 -0.0120148 -0.0128309 0.01618073 -0.0120148 -0.004030897 0.01618073 -0.0153148 -0.009530897 0.01618073 -0.0153148 -0.007036197 0.02054503 -0.0153148 -0.009424597 0.01890033 -0.0153148 -0.012495 0.01925913 -0.01102183 -0.0120046 0.01903913 -0.01192663 -0.0101826 0.01889563 -0.01435217 -0.004030897 0.01618073 -0.0120148 -0.004030897 0.01618073 -0.0153148 -0.004030897 0.02118073 -0.0120148 -0.004030897 0.02147973 -0.0153148 -0.004030897 0.02330203 -0.01113612 -0.004030897 0.02383233 -0.01041793 -0.005603897 0.02123873 -0.0153148 -0.006303197 0.02348713 -0.01041793 -0.004030897 0.02147973 -0.0153148 -0.004030897 0.02383233 -0.01041793 -0.006461597 0.02223433 0.0185597 -0.005379397 0.02223383 0.0185615 -0.003634997 0.02418073 0.0112955 -0.005017697 0.02322863 0.0148489 0.004455193 0.02418073 0.0112955 -0.004517897 0.02313283 0.0152063 0.001737743 0.02218023 0.0187617 -0.003058677 0.02274993 0.0166352 -0.004517897 0.02236713 0.0180641 -0.0128309 0.01618073 -0.0120148 0.002413893 0.01139573 -0.0120148 -0.004440297 0.004683565 -0.0120148 -0.009993397 0.004683565 -0.0120148 -0.009993397 -0.004322115 -0.0120148 0.01174386 0.02818073 -0.0120148 0.01174386 0.02684803 -0.0120148 0.009516913 0.02818073 -0.0120148 0.01047032 0.02553843 -0.0120148 0.005516913 0.02418073 -0.0120148 0.01024388 0.02497333 -0.0120148 0.002516913 0.02118073 -0.0120148 0.0104808 0.02441243 -0.0120148 0.00696109 0.01217753 -0.0120148 -0.004030897 0.01618073 -0.0120148 0.01146714 0.01118573 -0.0120148 -0.004440297 -0.004322115 -0.0120148 0.002413893 -0.01103427 -0.0120148 0.0186828 0.0001807255 -0.0120148 0.0177958 0.004708565 -0.0120148 0.0186492 0.02118073 -0.0120148 0.01526591 0.008567035 -0.0120148 0.0323459 -0.01793377 -0.0120148 0.01526591 -0.008205585 -0.0120148 0.0333402 -0.01598237 -0.0120148 0.0177958 -0.004347115 -0.0120148 0.0336828 -0.01381927 -0.0120148 0.0307973 -0.01948237 -0.0120148 0.0288459 -0.02047667 -0.0120148 0.01146714 -0.01082427 -0.0120148 0.0266828 -0.02081927 -0.0120148 0.00696109 -0.01181607 -0.0120148 -0.004026997 -0.02081927 -0.0120148 -0.005511897 -0.02059367 -0.0120148 0.01104385 0.02418073 -0.0120148 0.0186492 0.02418073 -0.01201452 0.0186492 0.02122193 -0.01201452 0.0266828 0.02118073 -0.0120148 0.0336828 0.01418073 -0.0120148 0.0307973 0.01984383 -0.0120148 0.0323459 0.01829523 -0.0120148 0.0333402 0.01634383 -0.0120148 -0.004030897 0.02118073 -0.0120148 0.0288459 0.02083813 -0.0120148 -0.004026997 -0.02381927 -0.009014795 -0.006402797 -0.02345837 -0.009014795 -0.004026997 -0.02341737 -0.0105148 -0.006283397 -0.02307457 -0.0105148 -0.004026997 -0.02294057 -0.01113612 -0.005957297 -0.02202607 -0.01161288 -0.004026997 -0.02231927 -0.01161288 -0.003013967 -0.01801927 -0.002077095 -0.003982897 -0.01801927 -0.003144195 -0.003117197 -0.01801927 -0.003864795 -0.003982897 -0.01801927 -0.004585395 -0.002826767 -0.01801927 -0.004569395 -0.003013967 -0.01801927 -0.005652495 -0.002124177 -0.01801927 -0.004864795 -0.001579357 -0.01801927 -0.005791095 -0.001417537 -0.01801927 -0.004579295 -0.0007178667 -0.01801927 -0.005293695 -0.0006879367 -0.01801927 -0.003864795 0.0007413233 -0.01801927 -0.003864795 -0.001417537 -0.01801927 -0.003150295 -0.0007178667 -0.01801927 -0.002435895 -0.002124177 -0.01801927 -0.002864795 -0.001579357 -0.01801927 -0.001938495 -0.002826767 -0.01801927 -0.003160195 -0.004026997 -0.02381927 -0.003270895 -0.004026997 -0.02381927 0.0112602 -0.006219397 -0.02351297 0.0108161 -0.004082697 -0.02381867 -0.004234595 -0.004026997 -0.02381927 -0.004458695 -0.003317197 0.01618073 0.0155852 0.001893883 0.01618073 0.0155852 0.002627033 0.01618073 0.0163184 0.001395743 0.01618073 0.0197013 0.0004296333 0.01618073 0.0187352 0.009761943 0.01618073 -0.003284595 0.009090933 0.01618073 -0.002814795 -0.004487897 0.01618073 -0.003864795 -0.003317197 0.01618073 -0.002814795 -0.005217497 0.01618073 -0.003150295 -0.005924197 0.01618073 -0.002864795 -0.005924197 0.01618073 -0.004864795 -0.008317197 0.01618073 -0.006014795 0.01075564 0.01618073 -0.006014795 -0.005217497 0.01618073 -0.004579295 -0.006626797 0.01618073 -0.004569395 -0.006917197 0.01618073 -0.003864795 -0.008317197 0.01618073 0.0187352 -0.006626797 0.01618073 -0.003160195 -0.006917197 0.01618073 0.0166352 -0.006626797 0.01618073 0.0159306 -0.005924197 0.01618073 0.0156352 -0.005217497 0.01618073 0.0159207 -0.004487897 0.01618073 0.0166352 -0.005217497 0.01618073 0.0173497 -0.005924197 0.01618073 0.0176352 -0.006626797 0.01618073 0.0173398 -0.008317197 0.01618073 0.0187352 0.0004296333 0.01618073 0.0187352 -0.008317197 -0.01581927 0.0187352 0.0004296333 -0.01581927 0.0187352 -0.008317197 -0.01581927 0.0133852 -0.008317197 -0.01581927 0.0187352 -0.003117197 -0.01581927 0.0166352 0.0009466433 -0.01581927 0.0209352 0.007969843 -0.01581927 0.0209352 0.001395743 -0.01581927 0.0197013 0.01105601 -0.01581927 0.0140614 0.0004296333 -0.01581927 0.0187352 -0.002826767 -0.01581927 0.0159306 -0.002124177 -0.01581927 0.0156352 0.01037983 -0.01581927 0.0133852 -0.001417537 -0.01581927 0.0159207 -0.0006879367 -0.01581927 0.0166352 -0.001417537 -0.01581927 0.0173497 -0.002124177 -0.01581927 0.0176352 -0.002826767 -0.01581927 0.0173398 -0.008317197 -0.01581927 0.0133852 0.01037983 -0.01581927 0.0133852 -0.008317197 -0.01701927 0.0133852 0.01037983 -0.01701927 0.0133852 0.01435868 -0.01701927 0.007498805 0.018797 -0.01701927 -0.0007611952 0.0178405 -0.01701927 -0.0006147952 0.01105601 -0.01701927 0.0140614 0.01037983 -0.01701927 0.0133852 -0.008317197 -0.01701927 0.0133852 -0.008317197 -0.01701927 -0.0006147952 -0.012495 0.01925913 -0.01102183 -0.0126381 0.01926283 -0.01078771 -0.0125302 0.01961833 -0.01041793 -0.0120046 0.01903913 -0.01192663 -0.0101826 0.01889563 -0.01435217 -0.009424597 0.01890033 -0.0153148 -0.009426497 0.01885443 -0.0153148 -0.009428297 0.01880843 -0.0153148 0.0232605 -0.02381927 -0.009014795 0.0266828 -0.02381927 -0.009014795 0.0232323 -0.02381877 -0.008962525 0.0266828 -0.02341737 -0.007514795 0.0226144 -0.02357107 -0.007820085 0.0220845 -0.02288597 -0.006840195 0.0266828 -0.02231927 -0.006416695 0.0217515 -0.02192087 -0.006224395 0.0266828 -0.02081927 -0.006014795 0.0216381 -0.02081927 -0.006014795 0.0366828 -0.01381927 -0.009014795 0.0366828 0.01418073 -0.009014795 0.0362809 -0.01381927 -0.007514795 0.0362809 0.01418073 -0.007514795 0.0358041 -0.01381927 -0.006893495 0.0358041 0.01418073 -0.006893495 0.0351828 -0.01381927 -0.006416695 0.0351828 0.01418073 -0.006416695 0.0336828 -0.01381927 -0.006014795 0.0336828 0.01418073 -0.006014795 -0.0007178667 -0.02381927 -0.005293695 -0.001579357 -0.02381927 -0.005791095 -0.003013967 -0.02381927 -0.005652495 -0.003982897 -0.02381927 -0.004585395 -0.003982897 -0.02381927 -0.003144195 -0.003013967 -0.02381927 -0.002077095 -0.003631097 -0.02381927 0.0112955 -0.001579357 -0.02381927 -0.001938495 0.01240605 -0.02381927 0.0112955 -0.0007178667 -0.02381927 -0.002435895 0.0229285 -0.02381927 -0.008400805 0.0007413233 -0.02381927 -0.003864795 0.0216381 -0.02381927 -0.006014795 0.01435868 -0.02381927 0.007498805 -0.0285172 -0.004420055 -0.009014795 -0.0285172 0.004781505 -0.009014795 -0.0282838 -0.004422915 -0.01017192 -0.0282831 0.004778205 -0.01017671 -0.0281012 -0.004422875 -0.01053858 -0.0281017 0.004777085 -0.01053801 -0.0276438 -0.004421395 -0.01112882 -0.0276385 0.004774985 -0.01113612 -0.0270372 -0.004418115 -0.01159456 -0.0266652 0.004771725 -0.01178644 0.003664963 0.02232883 -0.01178644 -0.004030897 0.02330203 -0.01113612 0.005288553 0.02395233 -0.01016285 0.004638233 0.02330203 -0.01113612 -0.006406697 0.02381983 -0.009014795 0.0266828 -0.02294057 -0.01113612 0.0266828 -0.02341737 -0.0105148 0.0266828 -0.02231927 -0.01161288 0.0333402 -0.01598237 -0.006014795 0.0347668 -0.01644587 -0.006416695 0.0358111 -0.01678527 -0.007514795 0.0361934 -0.01690947 -0.009014795 0.0362809 -0.01381927 -0.0105148 0.0358111 -0.01678527 -0.0105148 0.0358041 -0.01381927 -0.01113612 0.0323459 -0.01793377 -0.006014795 0.0335594 -0.01881547 -0.006416695 0.0344478 -0.01946087 -0.007514795 0.034773 -0.01969717 -0.009014795 0.0344478 -0.01946087 -0.0105148 0.0307973 -0.01948237 -0.006014795 0.031679 -0.02069587 -0.006416695 0.0323244 -0.02158427 -0.007514795 0.0325607 -0.02190947 -0.009014795 0.0323244 -0.02158427 -0.0105148 0.0288459 -0.02047667 -0.006014795 0.0293094 -0.02190327 -0.006416695 0.0296488 -0.02294757 -0.007514795 0.029773 -0.02332987 -0.009014795 0.0296488 -0.02294757 -0.0105148 0.0351828 -0.01381927 -0.01161288 0.0347668 -0.01644587 -0.01161288 0.0335594 -0.01881547 -0.01161288 0.031679 -0.02069587 -0.01161288 0.0293094 -0.02190327 -0.01161288 0.0351828 0.01418073 -0.01161288 0.0358041 0.01418073 -0.01113612 0.0362809 0.01418073 -0.0105148 0.0266828 0.02268073 -0.01161288 0.0293094 0.02226473 -0.01161288 0.0347668 0.01680733 -0.006416695 0.0333402 0.01634383 -0.006014795 0.0288459 0.02083813 -0.006014795 0.0293094 0.02226473 -0.006416695 0.0296488 0.02330903 -0.007514795 0.029773 0.02369133 -0.009014795 0.0266828 0.02377883 -0.0105148 0.0296488 0.02330903 -0.0105148 0.0307973 0.01984383 -0.006014795 0.031679 0.02105733 -0.006416695 0.0323244 0.02194573 -0.007514795 0.0325607 0.02227093 -0.009014795 0.0323244 0.02194573 -0.0105148 0.0323459 0.01829523 -0.006014795 0.0335594 0.01917693 -0.006416695 0.0344478 0.01982233 -0.007514795 0.034773 0.02005863 -0.009014795 0.0344478 0.01982233 -0.0105148 0.0358111 0.01714673 -0.007514795 0.0361934 0.01727093 -0.009014795 0.0358111 0.01714673 -0.0105148 0.031679 0.02105733 -0.01161288 0.0335594 0.01917693 -0.01161288 0.0347668 0.01680733 -0.01161288 0.0178405 -0.01581927 -0.0006147952 0.0178405 -0.01701927 -0.0006147952 0.018797 -0.01581927 -0.0007611952 0.018797 -0.01701927 -0.0007611952 -0.004517897 0.02416593 -0.005293695 -0.007660297 0.02331043 -0.004845395 -0.007912397 0.02317623 -0.004003795 -0.007788997 0.02324433 -0.003160395 -0.007078997 0.02357803 -0.005492795 -0.006815197 0.02368073 -0.005651895 -0.006259397 0.02386313 -0.005835295 -0.005296897 0.02407933 -0.005766195 -0.004517897 0.02416593 -0.002435895 -0.004888797 0.02413393 -0.002149495 -0.005716197 0.02400103 -0.001874895 -0.006406697 0.02381983 0.0107753 -0.006570397 0.02376773 -0.001974495 -0.007317497 0.02347453 -0.002436795 -0.008317197 -0.01701927 -0.0006147952 0.0178405 -0.01701927 -0.0006147952 -0.008317197 -0.01581927 -0.0006147952 0.0178405 -0.01581927 -0.0006147952 0.01105601 -0.01701927 0.0140614 0.01037983 -0.01701927 0.0133852 0.01105601 -0.01581927 0.0140614 0.01037983 -0.01581927 0.0133852 0.001893883 0.01618073 0.0155852 0.001893883 0.01808073 0.0155852 0.002627033 0.01618073 0.0163184 0.002627033 0.01808073 0.0163184 -0.003317197 0.01618073 0.0155852 -0.003317197 0.01808073 0.0155852 0.001893883 0.01618073 0.0155852 0.001893883 0.01808073 0.0155852 0.001395743 -0.01581927 0.0197013 0.0004296333 -0.01581927 0.0187352 0.001395743 0.01618073 0.0197013 0.0004296333 0.01618073 0.0187352 0.009761943 0.01808073 -0.003284595 0.002627033 0.01808073 0.0163184 0.001893883 0.01808073 0.0155852 -0.003317197 0.01808073 0.0155852 -0.003317197 0.01808073 -0.002814795 0.009090933 0.01808073 -0.002814795 -0.005217497 0.01838073 0.0173497 -0.005217497 0.01618073 0.0173497 -0.005924197 0.01838073 0.0176352 -0.005924197 0.01618073 0.0176352 -0.006626797 0.01838073 0.0173398 -0.006626797 0.01618073 0.0173398 -0.006917197 0.01838073 0.0166352 -0.006917197 0.01618073 0.0166352 -0.006626797 0.01838073 0.0159306 -0.006626797 0.01618073 0.0159306 -0.005924197 0.01838073 0.0156352 -0.005924197 0.01618073 0.0156352 -0.005217497 0.01838073 0.0159207 -0.005217497 0.01618073 0.0159207 -0.004487897 0.01618073 0.0166352 -0.004487897 0.01838073 0.0166352 -0.004487897 0.01618073 0.0166352 -0.004487897 0.01838073 0.0166352 -0.005217497 0.01838073 -0.003150295 -0.005217497 0.01618073 -0.003150295 -0.005924197 0.01838073 -0.002864795 -0.005924197 0.01618073 -0.002864795 -0.006626797 0.01838073 -0.003160195 -0.006626797 0.01618073 -0.003160195 -0.006917197 0.01838073 -0.003864795 -0.006917197 0.01618073 -0.003864795 -0.006626797 0.01838073 -0.004569395 -0.006626797 0.01618073 -0.004569395 -0.005924197 0.01838073 -0.004864795 -0.005924197 0.01618073 -0.004864795 -0.005217497 0.01838073 -0.004579295 -0.005217497 0.01618073 -0.004579295 -0.004487897 0.01618073 -0.003864795 -0.004487897 0.01838073 -0.003864795 -0.004487897 0.01618073 -0.003864795 -0.004487897 0.01838073 -0.003864795 -0.0285172 -0.004224555 0.007930305 -0.0285172 -0.004420055 0.007085005 -0.0285172 -0.004420055 0.0200355 -0.0285172 0.004781505 0.009017905 -0.0285172 0.003469655 0.0104303 -0.0285172 0.004781505 0.0200355 -0.0285172 0.0005307255 0.0113852 -0.0285172 -0.002408205 0.0104303 -0.0178974 0.004913535 0.0207853 -0.01833 0.01291123 0.0207337 -0.016424 0.01315433 0.0209032 0.01373154 -0.002625605 -0.0140148 0.01373154 -0.002625605 -0.008014795 0.0116116 -0.001769095 -0.0140148 0.0116116 -0.001769095 -0.008014795 0.009503843 -0.002655115 -0.0140148 0.009503843 -0.002655115 -0.008014795 0.008632553 -0.004769025 -0.0140148 0.008632553 -0.004769025 -0.008014795 0.009503843 -0.006882925 -0.0140148 0.009503843 -0.006882925 -0.008014795 0.0116116 -0.007768945 -0.0140148 0.0116116 -0.007768945 -0.008014795 0.01373154 -0.006912445 -0.0140148 0.01373154 -0.006912445 -0.008014795 0.003832043 -0.002625605 -0.0140148 0.003832043 -0.002625605 -0.008014795 0.001712113 -0.001769095 -0.0140148 0.001712113 -0.001769095 -0.008014795 -0.0003956567 -0.002655115 -0.0140148 -0.0003956567 -0.002655115 -0.008014795 -0.001266947 -0.004769025 -0.0140148 -0.001266947 -0.004769025 -0.008014795 -0.0003956567 -0.006882925 -0.0140148 -0.0003956567 -0.006882925 -0.008014795 0.001712113 -0.007768945 -0.0140148 0.001712113 -0.007768945 -0.008014795 0.003832043 -0.006912445 -0.0140148 0.003832043 -0.006912445 -0.008014795 0.003832043 0.007273895 -0.0140148 0.003832043 0.007273895 -0.008014795 0.001712113 0.008130395 -0.0140148 0.001712113 0.008130395 -0.008014795 -0.0003956567 0.007244375 -0.0140148 -0.0003956567 0.007244375 -0.008014795 -0.001266947 0.005130475 -0.0140148 -0.001266947 0.005130475 -0.008014795 -0.0003956567 0.003016565 -0.0140148 -0.0003956567 0.003016565 -0.008014795 0.001712113 0.002130545 -0.0140148 0.001712113 0.002130545 -0.008014795 0.003832043 0.002987055 -0.0140148 0.003832043 0.002987055 -0.008014795 0.01373154 0.007273895 -0.0140148 0.01373154 0.007273895 -0.008014795 0.0116116 0.008130395 -0.0140148 0.0116116 0.008130395 -0.008014795 0.009503843 0.007244375 -0.0140148 0.009503843 0.007244375 -0.008014795 0.008632553 0.005130475 -0.0140148 0.008632553 0.005130475 -0.008014795 0.009503843 0.003016565 -0.0140148 0.009503843 0.003016565 -0.008014795 0.0116116 0.002130545 -0.0140148 0.0116116 0.002130545 -0.008014795 0.01373154 0.002987055 -0.0140148 0.01373154 0.002987055 -0.008014795 0.006020832 0.005130475 -0.0140148 0.006020832 0.005130475 -0.008014795 0.006020832 0.005130475 -0.0140148 0.006020832 0.005130475 -0.008014795 0.006020832 -0.004769025 -0.0140148 0.006020832 -0.004769025 -0.008014795 0.006020832 -0.004769025 -0.0140148 0.006020832 -0.004769025 -0.008014795 0.01592032 -0.004769025 -0.0140148 0.01592032 -0.004769025 -0.008014795 0.01592032 -0.004769025 -0.0140148 0.01592032 -0.004769025 -0.008014795 0.01592032 0.005130475 -0.0140148 0.01592032 0.005130475 -0.008014795 0.01592032 0.005130475 -0.0140148 0.01592032 0.005130475 -0.008014795 0.008571893 -0.001748355 -0.008014795 0.008571893 -0.001748355 -0.0153148 0.007396141 -0.002423335 -0.008014795 0.006663954 -0.002519205 -0.0153148 0.006663954 -0.002519205 -0.008014795 0.004766963 -0.001721785 -0.008014795 0.004766963 -0.001721785 -0.0153148 0.003982803 0.0001807255 -0.008014795 0.003982803 0.0001807255 -0.0153148 0.004766963 0.002083235 -0.008014795 0.004766963 0.002083235 -0.0153148 0.006663954 0.002880655 -0.008014795 0.006663954 0.002880655 -0.0153148 0.007396141 0.002784785 -0.008014795 0.008571893 0.002109805 -0.0153148 0.008571893 0.002109805 -0.008014795 0.0105418 0.0001807255 -0.008014795 0.0105418 0.0001807255 -0.0153148 0.0105418 0.0001807255 -0.008014795 0.0105418 0.0001807255 -0.0153148 0.006198943 0.01016902 -0.0170148 0.00704627 0.01017412 -0.0170148 0.00702621 0.004868165 -0.0170148 0.01391936 -0.004769025 -0.0170148 0.01275201 -0.003625865 -0.0170148 0.0168828 0.0001807255 -0.0170148 0.0113828 0.0001807255 -0.0170148 0.01162138 -0.003169065 -0.0170148 0.01048518 -0.002581865 -0.0170148 0.01049723 -0.003641605 -0.0170148 0.008135183 -0.004289245 -0.0170148 0.01003255 -0.004769025 -0.0170148 0.00702621 -0.004506715 -0.0170148 0.00704627 -0.009812665 -0.0170148 0.01049723 -0.005896435 -0.0170148 0.01012488 -0.009208205 -0.0170148 0.01162138 -0.006368985 -0.0170148 0.01350793 -0.007128005 -0.0170148 0.01275201 -0.005912175 -0.0170148 0.01379774 -0.007128005 -0.0170148 0.01606082 -0.003830855 -0.0170148 0.01391936 0.005130475 -0.0170148 0.01606082 0.004192305 -0.0170148 0.01275201 0.003987315 -0.0170148 0.01162138 0.003530515 -0.0170148 0.01049723 0.004003055 -0.0170148 0.01048518 0.002943315 -0.0170148 0.01003255 0.005130475 -0.0170148 0.008135183 0.004650695 -0.0170148 0.01049723 0.006257885 -0.0170148 0.01162138 0.006730435 -0.0170148 0.01012488 0.009569655 -0.0170148 0.01275201 0.006273625 -0.0170148 0.01350793 0.007489455 -0.0170148 0.01379774 0.007489455 -0.0170148 0.004019873 0.005130475 -0.0170148 0.002413893 0.009223755 -0.0170148 0.002852513 0.006273625 -0.0170148 0.001721883 0.006730435 -0.0170148 0.002413893 0.01139573 -0.0170148 0.0005977433 0.006257885 -0.0170148 -0.004440297 0.004683565 -0.0170148 0.0001330533 0.005130475 -0.0170148 -0.004440297 0.0001807255 -0.0170148 0.005230423 0.004650695 -0.0170148 0.002852513 0.003987315 -0.0170148 0.002880423 0.002943315 -0.0170148 0.001721883 0.003530515 -0.0170148 0.001982803 0.0001807255 -0.0170148 0.0005977433 0.004003055 -0.0170148 -0.004440297 -0.004322115 -0.0170148 0.0001330533 -0.004769025 -0.0170148 0.0005977433 -0.005896435 -0.0170148 0.002413893 -0.01103427 -0.0170148 0.002413893 -0.008862305 -0.0170148 0.001721883 -0.006368985 -0.0170148 0.006198943 -0.009807565 -0.0170148 0.0005977433 -0.003641605 -0.0170148 0.001721883 -0.003169065 -0.0170148 0.002852513 -0.005912175 -0.0170148 0.004019873 -0.004769025 -0.0170148 0.002880423 -0.002581865 -0.0170148 0.005230423 -0.004289245 -0.0170148 0.002852513 -0.003625865 -0.0170148 -0.0285172 0.003469655 0.002340105 -0.0285172 0.004781505 0.003752505 -0.0285172 -0.004420055 0.005685405 -0.0285172 -0.004224555 0.004840105 -0.0285172 -0.002408205 0.002340105 -0.0285172 0.0005307255 0.001385205 -0.001417537 -0.01801927 0.0159207 -0.001417537 -0.01581927 0.0159207 -0.002124177 -0.01801927 0.0156352 -0.002124177 -0.01581927 0.0156352 -0.002826767 -0.01801927 0.0159306 -0.002826767 -0.01581927 0.0159306 -0.003117197 -0.01801927 0.0166352 -0.003117197 -0.01581927 0.0166352 -0.002826767 -0.01801927 0.0173398 -0.002826767 -0.01581927 0.0173398 -0.002124177 -0.01801927 0.0176352 -0.002124177 -0.01581927 0.0176352 -0.001417537 -0.01801927 0.0173497 -0.001417537 -0.01581927 0.0173497 -0.0006879367 -0.01581927 0.0166352 -0.0006879367 -0.01801927 0.0166352 -0.0006879367 -0.01581927 0.0166352 -0.0006879367 -0.01801927 0.0166352 -0.001417537 -0.01801927 -0.004579295 -0.001417537 -0.01581927 -0.004579295 -0.002124177 -0.01801927 -0.004864795 -0.002124177 -0.01581927 -0.004864795 -0.002826767 -0.01801927 -0.004569395 -0.002826767 -0.01581927 -0.004569395 -0.003117197 -0.01801927 -0.003864795 -0.003117197 -0.01581927 -0.003864795 -0.002826767 -0.01801927 -0.003160195 -0.002826767 -0.01581927 -0.003160195 -0.002124177 -0.01801927 -0.002864795 -0.002124177 -0.01581927 -0.002864795 -0.001417537 -0.01801927 -0.003150295 -0.001417537 -0.01581927 -0.003150295 -0.0006879367 -0.01581927 -0.003864795 -0.0006879367 -0.01801927 -0.003864795 -0.0006879367 -0.01581927 -0.003864795 -0.0006879367 -0.01801927 -0.003864795 -0.008317197 0.003469655 0.002340105 -0.008317197 0.0005307255 0.001385205 -0.008317197 0.01618073 -0.006014795 -0.008317197 -0.002408205 0.002340105 -0.008317197 -0.01581927 0.0133852 -0.008317197 -0.01581927 -0.0006147952 -0.008317197 -0.01701927 0.0133852 -0.008317197 -0.01701927 -0.0006147952 -0.008317197 -0.01581927 -0.006014795 -0.008317197 0.0005307255 0.0113852 -0.008317197 0.01618073 0.0187352 -0.008317197 -0.01581927 0.0187352 -0.008317197 -0.004224555 0.004840105 -0.008317197 -0.004224555 0.007930305 -0.008317197 -0.002408205 0.0104303 -0.008317197 0.003469655 0.0104303 -0.008317197 0.005286005 0.007930305 -0.008317197 0.005286005 0.004840105 -0.003317197 0.01808073 -0.002814795 -0.003317197 0.01618073 -0.002814795 0.009090933 0.01808073 -0.002814795 0.009090933 0.01618073 -0.002814795 0.002413893 -0.01103427 -0.0120148 0.002413893 -0.01103427 -0.0170148 0.00696109 -0.01181607 -0.0120148 0.003605643 -0.01141807 -0.0180148 0.002413893 0.01139573 -0.0170148 0.002413893 0.01139573 -0.0120148 0.003605643 0.01177953 -0.0180148 0.00696109 0.01217753 -0.0120148 0.00696109 0.01217753 -0.0180148 0.01146714 0.01118573 -0.0120148 0.01146714 0.01118573 -0.0180148 0.01526591 0.008567035 -0.0120148 0.01526591 0.008567035 -0.0180148 0.0177958 0.004708565 -0.0120148 0.0177958 0.004708565 -0.0180148 0.0186828 0.0001807255 -0.0120148 0.0186828 0.0001807255 -0.0180148 0.0177958 -0.004347115 -0.0120148 0.0177958 -0.004347115 -0.0180148 0.01526591 -0.008205585 -0.0120148 0.01526591 -0.008205585 -0.0180148 0.01146714 -0.01082427 -0.0120148 0.01146714 -0.01082427 -0.0180148 0.00696109 -0.01181607 -0.0180148 0.01275201 0.003987315 -0.0140148 0.01275201 0.003987315 -0.0170148 0.01162138 0.003530515 -0.0140148 0.01162138 0.003530515 -0.0170148 0.01049723 0.004003055 -0.0140148 0.01049723 0.004003055 -0.0170148 0.01003255 0.005130475 -0.0140148 0.01003255 0.005130475 -0.0170148 0.01049723 0.006257885 -0.0140148 0.01049723 0.006257885 -0.0170148 0.01162138 0.006730435 -0.0140148 0.01162138 0.006730435 -0.0170148 0.01275201 0.006273625 -0.0140148 0.01275201 0.006273625 -0.0170148 0.01275201 -0.005912175 -0.0140148 0.01275201 -0.005912175 -0.0170148 0.01162138 -0.006368985 -0.0140148 0.01162138 -0.006368985 -0.0170148 0.01049723 -0.005896435 -0.0140148 0.01049723 -0.005896435 -0.0170148 0.01003255 -0.004769025 -0.0140148 0.01003255 -0.004769025 -0.0170148 0.01049723 -0.003641605 -0.0140148 0.01049723 -0.003641605 -0.0170148 0.01162138 -0.003169065 -0.0140148 0.01162138 -0.003169065 -0.0170148 0.01275201 -0.003625865 -0.0140148 0.01275201 -0.003625865 -0.0170148 0.002852513 -0.005912175 -0.0140148 0.002852513 -0.005912175 -0.0170148 0.001721883 -0.006368985 -0.0140148 0.001721883 -0.006368985 -0.0170148 0.0005977433 -0.005896435 -0.0140148 0.0005977433 -0.005896435 -0.0170148 0.0001330533 -0.004769025 -0.0140148 0.0001330533 -0.004769025 -0.0170148 0.0005977433 -0.003641605 -0.0140148 0.0005977433 -0.003641605 -0.0170148 0.001721883 -0.003169065 -0.0140148 0.001721883 -0.003169065 -0.0170148 0.002852513 -0.003625865 -0.0140148 0.002852513 -0.003625865 -0.0170148 0.002852513 0.003987315 -0.0140148 0.002852513 0.003987315 -0.0170148 0.001721883 0.003530515 -0.0140148 0.001721883 0.003530515 -0.0170148 0.0005977433 0.004003055 -0.0140148 0.0005977433 0.004003055 -0.0170148 0.0001330533 0.005130475 -0.0140148 0.0001330533 0.005130475 -0.0170148 0.0005977433 0.006257885 -0.0140148 0.0005977433 0.006257885 -0.0170148 0.001721883 0.006730435 -0.0140148 0.001721883 0.006730435 -0.0170148 0.002852513 0.006273625 -0.0140148 0.002852513 0.006273625 -0.0170148 0.01275201 0.006273625 -0.0140148 0.01373154 0.007273895 -0.0140148 0.01162138 0.006730435 -0.0140148 0.0116116 0.008130395 -0.0140148 0.01049723 0.006257885 -0.0140148 0.009503843 0.007244375 -0.0140148 0.01003255 0.005130475 -0.0140148 0.008632553 0.005130475 -0.0140148 0.01049723 0.004003055 -0.0140148 0.009503843 0.003016565 -0.0140148 0.01162138 0.003530515 -0.0140148 0.0116116 0.002130545 -0.0140148 0.01275201 0.003987315 -0.0140148 0.01373154 0.002987055 -0.0140148 0.01391936 0.005130475 -0.0140148 0.01592032 0.005130475 -0.0140148 0.01275201 -0.003625865 -0.0140148 0.01373154 -0.002625605 -0.0140148 0.01162138 -0.003169065 -0.0140148 0.0116116 -0.001769095 -0.0140148 0.01049723 -0.003641605 -0.0140148 0.009503843 -0.002655115 -0.0140148 0.01003255 -0.004769025 -0.0140148 0.008632553 -0.004769025 -0.0140148 0.01049723 -0.005896435 -0.0140148 0.009503843 -0.006882925 -0.0140148 0.01162138 -0.006368985 -0.0140148 0.0116116 -0.007768945 -0.0140148 0.01275201 -0.005912175 -0.0140148 0.01373154 -0.006912445 -0.0140148 0.01391936 -0.004769025 -0.0140148 0.01592032 -0.004769025 -0.0140148 0.0001330533 -0.004769025 -0.0140148 -0.001266947 -0.004769025 -0.0140148 0.0005977433 -0.005896435 -0.0140148 -0.0003956567 -0.006882925 -0.0140148 0.001721883 -0.006368985 -0.0140148 0.001712113 -0.007768945 -0.0140148 0.002852513 -0.005912175 -0.0140148 0.003832043 -0.006912445 -0.0140148 0.004019873 -0.004769025 -0.0140148 0.006020832 -0.004769025 -0.0140148 0.002852513 -0.003625865 -0.0140148 0.003832043 -0.002625605 -0.0140148 0.001721883 -0.003169065 -0.0140148 0.001712113 -0.001769095 -0.0140148 0.0005977433 -0.003641605 -0.0140148 -0.0003956567 -0.002655115 -0.0140148 0.0001330533 0.005130475 -0.0140148 -0.001266947 0.005130475 -0.0140148 0.0005977433 0.004003055 -0.0140148 -0.0003956567 0.003016565 -0.0140148 0.001721883 0.003530515 -0.0140148 0.001712113 0.002130545 -0.0140148 0.002852513 0.003987315 -0.0140148 0.003832043 0.002987055 -0.0140148 0.004019873 0.005130475 -0.0140148 0.006020832 0.005130475 -0.0140148 0.002852513 0.006273625 -0.0140148 0.003832043 0.007273895 -0.0140148 0.001721883 0.006730435 -0.0140148 0.001712113 0.008130395 -0.0140148 0.0005977433 0.006257885 -0.0140148 -0.0003956567 0.007244375 -0.0140148 0.004019873 0.005130475 -0.0170148 0.004019873 0.005130475 -0.0140148 0.004019873 0.005130475 -0.0170148 0.004019873 0.005130475 -0.0140148 0.004019873 -0.004769025 -0.0170148 0.004019873 -0.004769025 -0.0140148 0.004019873 -0.004769025 -0.0170148 0.004019873 -0.004769025 -0.0140148 0.01391936 -0.004769025 -0.0170148 0.01391936 -0.004769025 -0.0140148 0.01391936 -0.004769025 -0.0170148 0.01391936 -0.004769025 -0.0140148 0.01391936 0.005130475 -0.0170148 0.01391936 0.005130475 -0.0140148 0.01391936 0.005130475 -0.0170148 0.01391936 0.005130475 -0.0140148 -0.004440297 0.004683565 -0.0170148 -0.004440297 0.004683565 -0.0120148 0.002413893 0.01139573 -0.0170148 0.002413893 0.01139573 -0.0120148 0.002413893 -0.01103427 -0.0170148 0.002413893 -0.01103427 -0.0120148 -0.004440297 -0.004322115 -0.0170148 -0.004440297 -0.004322115 -0.0120148 -0.004440297 -0.004322115 -0.0170148 -0.009993397 -0.004322115 -0.0120148 -0.004440297 0.0001807255 -0.0170148 -0.009993397 0.004683565 -0.0120148 -0.004440297 0.004683565 -0.0170148 -0.004440297 0.004683565 -0.0120148 -0.004440297 0.004683565 -0.0170148 -0.009993397 0.004683565 -0.0120148 -0.009993397 -0.004322115 -0.0120148 -0.004440297 -0.004322115 -0.0170148 -0.004440297 -0.004322115 -0.0120148 -0.003317197 0.01808073 0.0155852 -0.003317197 0.01618073 0.0155852 -0.003317197 0.01808073 -0.002814795 -0.003317197 0.01618073 -0.002814795 -0.0285168 -0.004457925 0.006722005 -0.008317197 -0.004224555 0.007930305 -0.0285166 -0.004469275 0.006385205 -0.008317197 -0.004224555 0.004840105 -0.0285172 -0.004420055 0.005685405 -0.008317197 0.005286005 0.007930305 -0.0284916 0.005381035 0.007599505 -0.008317197 0.005286005 0.004840105 -0.0284798 0.005523165 0.006110305 -0.0284985 0.005286005 0.004840105 -0.008317197 0.003469655 0.0104303 -0.0285172 0.004781505 0.009017905 -0.0284987 0.005286015 0.007930305 -0.0285172 -0.004420055 0.007085005 -0.0285172 -0.004224555 0.007930305 -0.008317197 -0.002408205 0.0104303 -0.0285172 -0.002408205 0.0104303 -0.008317197 0.0005307255 0.0113852 -0.0285172 0.0005307255 0.0113852 -0.0285172 0.003469655 0.0104303 -0.028503 0.005210795 0.004625405 -0.0285172 0.004781505 0.003752505 -0.008317197 0.003469655 0.002340105 -0.0285172 0.003469655 0.002340105 -0.008317197 0.0005307255 0.001385205 -0.0285172 0.0005307255 0.001385205 -0.008317197 -0.002408205 0.002340105 -0.0285172 -0.002408205 0.002340105 -0.0285172 -0.004224555 0.004840105 0.0007413233 -0.02381927 -0.003864795 0.0007413233 -0.01801927 -0.003864795 0.0007413233 -0.02381927 -0.003864795 0.0007413233 -0.01801927 -0.003864795 -0.002826767 -0.01801927 0.0159306 -0.003536297 -0.01801927 0.0152259 -0.002124177 -0.01801927 0.0156352 -0.002131157 -0.01801927 0.0146352 -0.001417537 -0.01801927 0.0159207 -0.0007178667 -0.01801927 0.0152063 -0.0006879367 -0.01801927 0.0166352 0.0007413233 -0.01801927 0.0166352 -0.001417537 -0.01801927 0.0173497 -0.0007178667 -0.01801927 0.0180641 -0.002124177 -0.01801927 0.0176352 -0.002131157 -0.01801927 0.0186352 -0.002826767 -0.01801927 0.0173398 -0.003536297 -0.01801927 0.0180445 -0.003117197 -0.01801927 0.0166352 -0.004117197 -0.01801927 0.0166352 -0.0007178667 -0.02277137 0.0152063 -0.0007178667 -0.01801927 0.0152063 -0.001367987 -0.02288537 0.0147808 -0.002131157 -0.01801927 0.0146352 -0.002892227 -0.02189447 0.0184789 -0.003536297 -0.02201087 0.0180445 -0.003536297 -0.01801927 0.0180445 -0.004117197 -0.02238847 0.0166352 -0.004117197 -0.01801927 0.0166352 -0.003536297 -0.02276617 0.0152259 -0.003536297 -0.01801927 0.0152259 -0.002892227 -0.02288257 0.0147915 -0.002131157 -0.02292437 0.0146352 -0.002131157 -0.02185267 0.0186352 -0.002131157 -0.01801927 0.0186352 -0.001367987 -0.02189167 0.0184896 -0.0007178667 -0.01801927 0.0180641 -0.0007178667 -0.02200567 0.0180641 0.0007413233 -0.02238847 0.0166352 0.0007413233 -0.01801927 0.0166352 0.0007413233 -0.02238847 0.0166352 0.0007413233 -0.01801927 0.0166352 0.003605643 0.009695505 -0.0180148 0.003605643 0.01177953 -0.0180148 0.006198943 0.01016902 -0.0180148 0.00696109 0.01217753 -0.0180148 0.01012488 0.009569655 -0.0180148 0.01146714 0.01118573 -0.0180148 0.01350793 0.007489455 -0.0180148 0.01526591 0.008567035 -0.0180148 0.003605643 -0.01141807 -0.0180148 0.003605643 -0.009334055 -0.0180148 0.00696109 -0.01181607 -0.0180148 0.006198943 -0.009807565 -0.0180148 0.01146714 -0.01082427 -0.0180148 0.01012488 -0.009208205 -0.0180148 0.01350793 -0.007128005 -0.0180148 0.01526591 -0.008205585 -0.0180148 0.0151694 -0.007128005 -0.0180148 0.0177958 -0.004347115 -0.0180148 0.0169802 -0.004224145 -0.0180148 0.0186828 0.0001807255 -0.0180148 0.0178828 0.0001807255 -0.0180148 0.0177958 0.004708565 -0.0180148 0.0169802 0.004585595 -0.0180148 0.0151694 0.007489455 -0.0180148 0.01446727 -0.007128005 -0.0174926 0.01379774 -0.007128005 -0.0170148 0.01606082 -0.003830855 -0.0170148 0.01446727 0.007489455 -0.0174926 0.0151694 0.007489455 -0.0180148 0.0169802 0.004585595 -0.0180148 0.0151694 -0.007128005 -0.0180148 0.01379774 0.007489455 -0.0170148 0.01606082 0.004192305 -0.0170148 0.0168828 0.0001807255 -0.0170148 0.0178828 0.0001807255 -0.0180148 0.0169802 -0.004224145 -0.0180148 0.01379774 0.007489455 -0.0170148 0.01350793 0.007489455 -0.0170148 0.01446727 0.007489455 -0.0174926 0.01350793 0.007489455 -0.0180148 0.0151694 0.007489455 -0.0180148 0.006198943 0.01016902 -0.0180148 0.006198943 0.01016902 -0.0170148 0.003605643 0.009695505 -0.0180148 0.002413893 0.009223755 -0.0170148 0.01350793 0.007489455 -0.0180148 0.01350793 0.007489455 -0.0170148 0.01012488 0.009569655 -0.0180148 0.01012488 0.009569655 -0.0170148 0.00704627 0.01017412 -0.0170148 0.006198943 -0.009807565 -0.0180148 0.003605643 -0.009334055 -0.0180148 0.002413893 -0.008862305 -0.0170148 0.01350793 -0.007128005 -0.0170148 0.01350793 -0.007128005 -0.0180148 0.01012488 -0.009208205 -0.0170148 0.01012488 -0.009208205 -0.0180148 0.00704627 -0.009812665 -0.0170148 0.006198943 -0.009807565 -0.0170148 0.01350793 -0.007128005 -0.0170148 0.01379774 -0.007128005 -0.0170148 0.01350793 -0.007128005 -0.0180148 0.01446727 -0.007128005 -0.0174926 0.0151694 -0.007128005 -0.0180148 0.002413893 -0.008862305 -0.0170148 0.003605643 -0.009334055 -0.0180148 0.002413893 -0.01103427 -0.0170148 0.003605643 -0.01141807 -0.0180148 0.002413893 0.01139573 -0.0170148 0.003605643 0.01177953 -0.0180148 0.002413893 0.009223755 -0.0170148 0.003605643 0.009695505 -0.0180148 0.01592032 0.005130475 -0.008014795 0.0170696 0.004483095 -0.008014795 0.01463255 0.008130475 -0.008014795 0.001712113 0.002130545 -0.008014795 0.003982803 0.0001807255 -0.008014795 0.003832043 0.002987055 -0.008014795 0.004766963 0.002083235 -0.008014795 0.006020832 0.005130475 -0.008014795 0.006663954 0.002880655 -0.008014795 0.007396141 0.002784785 -0.008014795 0.007348247 0.01140363 -0.008014795 0.003832043 0.007273895 -0.008014795 0.006682803 0.01142333 -0.008014795 0.001712113 0.008130395 -0.008014795 0.002380433 0.01056753 -0.008014795 -0.0003956567 0.007244375 -0.008014795 -0.001266947 0.008130475 -0.008014795 -0.001266947 0.005130475 -0.008014795 -0.003703997 0.004483095 -0.008014795 -0.0003956567 0.003016565 -0.008014795 -0.004559797 0.0001807255 -0.008014795 0.0179254 0.0001807255 -0.008014795 0.01373154 0.002987055 -0.008014795 0.0105418 0.0001807255 -0.008014795 0.0116116 0.002130545 -0.008014795 0.008571893 0.002109805 -0.008014795 0.009503843 0.003016565 -0.008014795 0.008632553 0.005130475 -0.008014795 0.009503843 0.007244375 -0.008014795 0.01098517 0.01056753 -0.008014795 0.0116116 0.008130395 -0.008014795 0.01373154 0.007273895 -0.008014795 -0.0003956567 -0.002655115 -0.008014795 0.001712113 -0.001769095 -0.008014795 0.004766963 -0.001721785 -0.008014795 0.003832043 -0.002625605 -0.008014795 0.006663954 -0.002519205 -0.008014795 0.006020832 -0.004769025 -0.008014795 0.007396141 -0.002423335 -0.008014795 -0.001266947 -0.004769025 -0.008014795 -0.003703997 -0.004121645 -0.008014795 -0.0003956567 -0.006882925 -0.008014795 -0.001266947 -0.007769025 -0.008014795 0.001712113 -0.007768945 -0.008014795 0.002380433 -0.01020607 -0.008014795 0.003832043 -0.006912445 -0.008014795 0.006682803 -0.01106187 -0.008014795 0.007348247 -0.01104217 -0.008014795 0.008632553 -0.004769025 -0.008014795 0.008571893 -0.001748355 -0.008014795 0.009503843 -0.002655115 -0.008014795 0.0116116 -0.001769095 -0.008014795 0.01373154 -0.002625605 -0.008014795 0.0170696 -0.004121645 -0.008014795 0.01592032 -0.004769025 -0.008014795 0.01463255 -0.007769025 -0.008014795 0.01373154 -0.006912445 -0.008014795 0.01098517 -0.01020607 -0.008014795 0.0116116 -0.007768945 -0.008014795 0.009503843 -0.006882925 -0.008014795 0.006682803 -0.01306187 -0.006014795 0.006682803 -0.01106187 -0.008014795 0.001615063 -0.01205387 -0.006014795 0.002380433 -0.01020607 -0.008014795 -0.002681157 -0.009183235 -0.006014795 -0.001266947 -0.007769025 -0.008014795 -0.005551797 -0.004887015 -0.006014795 -0.003703997 -0.004121645 -0.008014795 -0.006559797 0.0001807255 -0.006014795 -0.004559797 0.0001807255 -0.008014795 -0.005551797 0.005248465 -0.006014795 -0.003703997 0.004483095 -0.008014795 -0.002681157 0.009544685 -0.006014795 -0.001266947 0.008130475 -0.008014795 0.001615063 0.01241533 -0.006014795 0.002380433 0.01056753 -0.008014795 0.006682803 0.01342333 -0.006014795 0.006682803 0.01142333 -0.008014795 0.007348247 0.01140363 -0.008014795 0.01175054 0.01241533 -0.006014795 0.01098517 0.01056753 -0.008014795 0.01604676 0.009544685 -0.006014795 0.01463255 0.008130475 -0.008014795 0.0189174 0.005248465 -0.006014795 0.0170696 0.004483095 -0.008014795 0.0199254 0.0001807255 -0.006014795 0.0179254 0.0001807255 -0.008014795 0.0189174 -0.004887015 -0.006014795 0.0170696 -0.004121645 -0.008014795 0.01604676 -0.009183235 -0.006014795 0.01463255 -0.007769025 -0.008014795 0.01175054 -0.01205387 -0.006014795 0.01098517 -0.01020607 -0.008014795 0.007348247 -0.01104217 -0.008014795 -0.002131157 -0.02292437 0.0146352 -0.001367987 -0.02288537 0.0147808 0.01240605 -0.02381927 0.0112955 -0.002892227 -0.02288257 0.0147915 -0.003536297 -0.02276617 0.0152259 -0.004117197 -0.02238847 0.0166352 -0.003536297 -0.02201087 0.0180445 -0.002892227 -0.02189447 0.0184789 -0.002131157 -0.02185267 0.0186352 0.008909983 -0.02181877 0.0187617 -0.001367987 -0.02189167 0.0184896 -0.0007178667 -0.02200567 0.0180641 0.01061264 -0.02282637 0.0150011 0.0007413233 -0.02238847 0.0166352 -0.0007178667 -0.02277137 0.0152063 -0.0151544 -0.01329977 0.0209352 -0.024576 -0.01136807 0.0196405 -0.0246956 -0.01129987 0.0196372 -0.0223927 -0.01288567 0.0195288 -0.0119547 -0.02007347 0.0189557 -0.010417 -0.02093197 0.0190281 -0.0178893 -0.01258327 0.0207862 -0.0205229 -0.01245327 0.0203441 -0.0211289 -0.01241767 0.020204 -0.0230753 -0.01202137 0.0198011 -0.0161207 -0.01287217 0.0209167 0.007969843 -0.01946637 0.0209352 0.008146723 -0.02052347 0.0205215 0.008484083 -0.02135547 0.0197384 0.001218383 0.02131833 0.0201886 0.0009466433 0.01982783 0.0209352 -0.0277974 -0.007769425 0.0200355 -0.0271107 -0.008989195 0.0200355 -0.0271106 0.009350465 0.0200355 -0.0272869 0.009083535 0.0200355 -0.0284087 0.006081845 0.0200355 -0.0285172 0.004781505 0.0200355 -0.0285172 -0.004420055 0.0200355 -0.0161207 -0.01287217 0.0209167 -0.0178893 -0.01258327 0.0207862 -0.0178974 -0.004552085 0.0207853 -0.0151544 0.004913535 0.0209352 -0.0178974 0.004913535 0.0207853 -0.0202607 0.004913535 0.0209352 -0.0205229 0.004913535 0.0203441 -0.0210534 0.004913535 0.0202215 -0.0210534 -0.004552085 0.0202214 -0.0205229 -0.004552085 0.0203441 -0.0202607 -0.004552085 0.0209352 -0.0178974 -0.004552085 0.0207853 -0.0151544 -0.004552085 0.0209352 0.0009466433 0.005129265 0.0248352 0.0009466433 -0.004767815 0.0248352 0.0009466433 0.003862075 0.0209352 0.0009466433 -0.003500625 0.0209352 -5.335674e-05 -0.004552085 0.0209352 -5.335674e-05 -0.005819275 0.0248352 -0.0151544 -0.004552085 0.0209352 -0.0159293 -0.005819275 0.0248352 -0.0202607 -0.004552085 0.0209352 -0.0159293 0.006180725 0.0248352 -0.0159293 -0.005819275 0.0248352 -5.335674e-05 0.006180725 0.0248352 -5.335674e-05 -0.005819275 0.0248352 0.0006537433 0.005872755 0.0248352 0.0003293233 0.006100685 0.0248352 0.0009466433 0.005129265 0.0248352 0.0009466433 -0.004767815 0.0248352 0.0006537433 -0.005511305 0.0248352 0.0003293233 -0.005739235 0.0248352 -0.0202607 0.004913535 0.0209352 -0.0159293 0.006180725 0.0248352 -0.0151544 0.004913535 0.0209352 -5.335674e-05 0.006180725 0.0248352 -5.335674e-05 0.004913535 0.0209352 -0.0181996 0.0004103355 0.022791 -0.0181604 0.0001807255 0.0228263 -0.0159293 0.006180725 0.0248352 -0.0159293 -0.005819275 0.0248352 -0.0181996 -4.88845e-05 0.022791 -0.0183112 -0.0002435385 0.0226905 -0.0202607 -0.004552085 0.0209352 -0.0186753 -0.0004192745 0.0223627 -0.0210534 -0.004552085 0.0202214 -0.0190393 -0.0002435385 0.0220349 -0.0210534 0.004913535 0.0202215 -0.0190393 0.0006049895 0.0220349 -0.0202607 0.004913535 0.0209352 -0.0186753 0.0007807255 0.0223627 -0.0183112 0.0006049895 0.0226905 -0.0191509 -4.88845e-05 0.0219344 -0.0191901 0.0001807255 0.0218991 -0.0191509 0.0004103355 0.0219344 -0.0247773 -0.01124357 0.0196359 -0.0246956 -0.01129987 0.0196372 -0.0223927 -0.01288567 0.0195288 -0.008525097 0.02190203 0.0190691 -0.006835897 0.02226333 0.0184117 -0.0100624 0.02143853 0.0190791 -0.007781997 0.02263263 0.0159123 -0.007454297 0.02281093 0.0153556 -0.006406697 0.02381983 0.0107753 -0.007504797 0.02232633 0.0178515 -0.007872597 0.02241413 0.0170552 -0.007879497 0.02255133 0.0162489 -0.006641097 0.02309583 0.0147708 -0.005819497 0.02324113 0.0146376 -0.004030897 0.02418073 0.0112602 -0.0102985 0.02134513 0.0190454 -0.0118137 0.02053283 0.0189461 -0.006813997 0.01838073 0.0148475 -0.007782897 0.01838073 0.0159146 -0.006917197 0.01838073 0.0166352 -0.007782897 0.01838073 0.0173558 -0.006626797 0.01838073 0.0173398 -0.006813997 0.01838073 0.0184229 -0.005924197 0.01838073 0.0176352 -0.005379397 0.01838073 0.0185615 -0.005217497 0.01838073 0.0173497 -0.004517897 0.01838073 0.0180641 -0.004487897 0.01838073 0.0166352 -0.003058677 0.01838073 0.0166352 -0.005217497 0.01838073 0.0159207 -0.004517897 0.01838073 0.0152063 -0.005924197 0.01838073 0.0156352 -0.005379397 0.01838073 0.0147089 -0.006626797 0.01838073 0.0159306 -0.004517897 0.02313283 0.0152063 -0.005017697 0.02322863 0.0148489 -0.004517897 0.01838073 0.0152063 -0.005379397 0.01838073 0.0147089 -0.004517897 0.02236713 0.0180641 -0.004517897 0.01838073 0.0180641 -0.005379397 0.02223383 0.0185615 -0.005379397 0.01838073 0.0185615 -0.006461597 0.02223433 0.0185597 -0.006813997 0.01838073 0.0184229 -0.007782897 0.01838073 0.0173558 -0.007504797 0.02232633 0.0178515 -0.006835897 0.02226333 0.0184117 -0.007782897 0.01838073 0.0159146 -0.007879497 0.02255133 0.0162489 -0.007872597 0.02241413 0.0170552 -0.005819497 0.02324113 0.0146376 -0.006641097 0.02309583 0.0147708 -0.006813997 0.01838073 0.0148475 -0.007454297 0.02281093 0.0153556 -0.007781997 0.02263263 0.0159123 -0.003058677 0.01838073 0.0166352 -0.003058677 0.02274993 0.0166352 -0.003058677 0.02274993 0.0166352 -0.003058677 0.01838073 0.0166352 -0.006813997 0.01838073 -0.005652495 -0.007782897 0.01838073 -0.004585395 -0.006917197 0.01838073 -0.003864795 -0.007782897 0.01838073 -0.003144195 -0.006626797 0.01838073 -0.003160195 -0.006813997 0.01838073 -0.002077095 -0.005924197 0.01838073 -0.002864795 -0.005379397 0.01838073 -0.001938495 -0.005217497 0.01838073 -0.003150295 -0.004517897 0.01838073 -0.002435895 -0.004487897 0.01838073 -0.003864795 -0.003058677 0.01838073 -0.003864795 -0.005217497 0.01838073 -0.004579295 -0.004517897 0.01838073 -0.005293695 -0.005924197 0.01838073 -0.004864795 -0.005379397 0.01838073 -0.005791095 -0.006626797 0.01838073 -0.004569395 -0.005379397 0.01838073 -0.005791095 -0.004517897 0.01838073 -0.005293695 -0.004517897 0.02416593 -0.005293695 -0.004517897 0.02416593 -0.002435895 -0.004517897 0.01838073 -0.002435895 -0.004888797 0.02413393 -0.002149495 -0.005379397 0.01838073 -0.001938495 -0.005716197 0.02400103 -0.001874895 -0.006813997 0.01838073 -0.002077095 -0.006570397 0.02376773 -0.001974495 -0.007782897 0.01838073 -0.004585395 -0.007912397 0.02317623 -0.004003795 -0.007782897 0.01838073 -0.003144195 -0.007788997 0.02324433 -0.003160395 -0.007317497 0.02347453 -0.002436795 -0.006813997 0.01838073 -0.005652495 -0.007078997 0.02357803 -0.005492795 -0.007660297 0.02331043 -0.004845395 -0.005296897 0.02407933 -0.005766195 -0.006259397 0.02386313 -0.005835295 -0.006815197 0.02368073 -0.005651895 -0.004030897 0.02418073 -0.004816795 -0.003058677 0.01838073 -0.003864795 -0.003058677 0.02418073 -0.003864795 -0.003058677 0.02418073 -0.003864795 -0.003058677 0.01838073 -0.003864795 -0.004030897 0.02418073 -0.002912795 -0.0112522 0.0001807255 0.01932 -0.0191901 0.0001807255 0.0218991 -0.0191509 -4.88845e-05 0.0219344 -0.0111979 -0.0002435385 0.0194871 -0.0191509 0.0004103355 0.0219344 -0.0111979 0.0006049895 0.0194871 -0.0190393 0.0006049895 0.0220349 -0.0110668 0.0007807255 0.0198906 -0.0186753 0.0007807255 0.0223627 -0.0109357 0.0006049895 0.0202941 -0.0183112 0.0006049895 0.0226905 -0.0190393 -0.0002435385 0.0220349 -0.0186753 -0.0004192745 0.0223627 -0.0110668 -0.0004192745 0.0198906 -0.0183112 -0.0002435385 0.0226905 -0.0109357 -0.0002435385 0.0202941 -0.0181996 -4.88845e-05 0.022791 -0.0108814 0.0001807255 0.0204612 -0.0181604 0.0001807255 0.0228263 -0.0181996 0.0004103355 0.022791 -0.0108814 0.0001807255 0.0204612 -0.0109357 0.0006049895 0.0202941 -0.0110668 0.0001807255 0.0198906 -0.0109357 -0.0002435385 0.0202941 -0.0112522 0.0001807255 0.01932 -0.0111979 -0.0002435385 0.0194871 -0.0110668 -0.0004192745 0.0198906 -0.0110668 0.0007807255 0.0198906 -0.0111979 0.0006049895 0.0194871 0.0006537433 0.004605575 0.0209352 0.0006537433 0.005872755 0.0248352 0.0003293233 0.004833505 0.0209352 0.0003293233 0.006100685 0.0248352 0.0006537433 -0.005511305 0.0248352 0.0003293233 -0.005739235 0.0248352 0.0003293233 -0.004472055 0.0209352 0.0006537433 -0.004244125 0.0209352 0.0145434 0.02418073 -0.01201452 0.0186492 0.02418073 -0.01201452 0.01104385 0.02418073 -0.0120148 0.0145434 0.02418073 -0.01201352 0.0110182 0.02418073 -0.006014795 0.01451775 0.02418073 -0.006014795 0.0117182 0.02818073 -0.006014695 0.0117182 0.02684803 -0.006014695 0.01174386 0.02818073 -0.0120148 0.01174386 0.02684803 -0.0120148 0.01044466 0.02553843 -0.006014795 0.01047032 0.02553843 -0.0120148 0.01168313 0.02681203 -0.006014795 0.01174386 0.02684803 -0.0120148 0.0117182 0.02684803 -0.006014695 0.009516913 0.02818073 -0.0120148 0.009516913 0.02818073 -0.006014795 0.01174386 0.02818073 -0.0120148 0.01168279 0.02818073 -0.006014795 0.0117182 0.02818073 -0.006014695 0.01021823 0.02497333 -0.006014795 0.01024388 0.02497333 -0.0120148 0.01045515 0.02441243 -0.006014795 0.0104808 0.02441243 -0.0120148 0.01168313 0.02681203 -0.006014795 0.0117182 0.02684803 -0.006014695 0.01168279 0.02818073 -0.006014795 0.0117182 0.02818073 -0.006014695 0.01475023 0.02420793 -0.01201352 0.0150808 0.02441243 -0.006014795 0.01510645 0.02441243 -0.01201352 0.01519368 0.02451473 -0.01201352 0.01531772 0.02497333 -0.006014795 0.01534142 0.02503703 -0.01201352 0.01509128 0.02553843 -0.006014795 0.01511693 0.02553843 -0.01201352 0.0181492 0.02818073 -0.01201352 0.0181235 0.02818073 -0.006014795 0.0185235 0.02807353 -0.006014795 0.0186724 0.02798593 -0.01201352 0.0188163 0.02778073 -0.006014795 0.0188233 0.02781153 -0.01201352 0.0189235 0.02738073 -0.006014795 0.0189492 0.02738073 -0.01201352 0.01381774 0.02818073 -0.006014795 0.01384339 0.02818073 -0.01201352 0.01384339 0.02818073 -0.01201452 0.0181492 0.02818073 -0.01201452 0.0189476 0.02261223 -0.01165125 0.0189492 0.02126843 -0.01201352 0.0189235 0.02118073 -0.006014795 0.0189245 0.02232883 -0.006243195 0.0189273 0.02330203 -0.006893495 0.0189364 0.02418073 -0.009014795 0.0189425 0.02381723 -0.01044628 0.01384339 0.02818073 -0.01201352 0.01384339 0.02684803 -0.01201352 0.01381774 0.02818073 -0.006014795 0.01381774 0.02684803 -0.006014795 0.01384339 0.02684803 -0.01201352 0.01381774 0.02684803 -0.006014795 0.0216381 -0.01581927 -0.006014795 0.01075564 0.01618073 -0.006014795 0.0188163 0.02778073 -0.006014795 0.01509128 0.02553843 -0.006014795 0.0189235 0.02738073 -0.006014795 0.01531772 0.02497333 -0.006014795 0.0150808 0.02441243 -0.006014795 0.01604676 0.009544685 -0.006014795 0.01381774 0.02818073 -0.006014795 0.01381774 0.02684803 -0.006014795 0.0181235 0.02818073 -0.006014795 0.0185235 0.02807353 -0.006014795 0.01451775 0.02418073 -0.006014795 0.0110182 0.02418073 -0.006014795 0.01075564 0.02418073 -0.006014795 0.01045515 0.02441243 -0.006014795 0.005516913 0.02418073 -0.006014795 0.01021823 0.02497333 -0.006014795 0.009516913 0.02818073 -0.006014795 0.01044466 0.02553843 -0.006014795 0.0189174 0.005248465 -0.006014795 0.0199254 0.0001807255 -0.006014795 0.0189174 -0.004887015 -0.006014795 0.01604676 -0.009183235 -0.006014795 0.01175054 -0.01205387 -0.006014795 0.006682803 -0.01306187 -0.006014795 -0.008317197 -0.01581927 -0.006014795 0.001615063 -0.01205387 -0.006014795 -0.002681157 -0.009183235 -0.006014795 0.006682803 0.01342333 -0.006014795 0.001615063 0.01241533 -0.006014795 -0.008317197 0.01618073 -0.006014795 -0.002681157 0.009544685 -0.006014795 0.01175054 0.01241533 -0.006014795 -0.005551797 -0.004887015 -0.006014795 -0.006559797 0.0001807255 -0.006014795 -0.005551797 0.005248465 -0.006014795 0.0189492 0.02738073 -0.01201452 0.0189492 0.02122193 -0.01201452 0.0145434 0.02418073 -0.01201452 0.01475023 0.02420793 -0.01201452 0.01519368 0.02451473 -0.01201452 0.01534142 0.02503703 -0.01201452 0.01511693 0.02553843 -0.01201452 0.0188233 0.02781153 -0.01201452 0.0186724 0.02798593 -0.01201452 0.01384339 0.02684803 -0.01201452 0.01384339 0.02818073 -0.01201452 0.0181492 0.02818073 -0.01201452 0.01475023 0.02420793 -0.01201452 0.01519368 0.02451473 -0.01201452 0.01534142 0.02503703 -0.01201452 0.01511693 0.02553843 -0.01201452 0.01384339 0.02684803 -0.01201452 0.01384339 0.02818073 -0.01201452 0.01384339 0.02684803 -0.01201452 0.0186724 0.02798593 -0.01201452 0.0188233 0.02781153 -0.01201452 0.0189492 0.02738073 -0.01201452 0.0189492 0.02122193 -0.01201452 0.0186492 0.02122193 -0.01201452 0.0189492 0.02122193 -0.01201452 0.0189425 0.02381723 -0.01044628 0.0189492 0.02126843 -0.01201352 0.0189476 0.02261223 -0.01165125 0.006663954 -0.002519205 -0.0153148 0.005230423 -0.004289245 -0.0153148 0.004766963 -0.001721785 -0.0153148 0.002880423 -0.002581865 -0.0153148 0.003982803 0.0001807255 -0.0153148 0.001982803 0.0001807255 -0.0153148 0.004766963 0.002083235 -0.0153148 0.002880423 0.002943315 -0.0153148 0.006663954 0.002880655 -0.0153148 0.005230423 0.004650695 -0.0153148 0.008135183 0.004650695 -0.0153148 0.008571893 0.002109805 -0.0153148 0.01048518 0.002943315 -0.0153148 0.0105418 0.0001807255 -0.0153148 0.0113828 0.0001807255 -0.0153148 0.008571893 -0.001748355 -0.0153148 0.01048518 -0.002581865 -0.0153148 0.008135183 -0.004289245 -0.0153148 0.008135183 0.004650695 -0.0153148 0.008135183 0.004650695 -0.0170148 0.01048518 0.002943315 -0.0153148 0.01048518 0.002943315 -0.0170148 0.0113828 0.0001807255 -0.0153148 0.0113828 0.0001807255 -0.0170148 0.01048518 -0.002581865 -0.0153148 0.01048518 -0.002581865 -0.0170148 0.008135183 -0.004289245 -0.0153148 0.008135183 -0.004289245 -0.0170148 0.00702621 -0.004506715 -0.0170148 0.005230423 -0.004289245 -0.0153148 0.005230423 -0.004289245 -0.0170148 0.002880423 -0.002581865 -0.0153148 0.002880423 -0.002581865 -0.0170148 0.001982803 0.0001807255 -0.0153148 0.001982803 0.0001807255 -0.0170148 0.002880423 0.002943315 -0.0153148 0.002880423 0.002943315 -0.0170148 0.005230423 0.004650695 -0.0153148 0.005230423 0.004650695 -0.0170148 0.00702621 0.004868165 -0.0170148</float_array>
          <technique_common>
            <accessor count="1711" source="#verts-array-array" stride="3">
              <param type="float" name="X"/>
              <param type="float" name="Y"/>
              <param type="float" name="Z"/>
            </accessor>
          </technique_common>
        </source>
        <source id="normals-array">
          <float_array count="5133" id="normals-array-array">-0.7147033 0.01520015 -0.6992626 -0.7059741 0.05657868 -0.7059741 -0.6957899 0.2499154 -0.6733637 -0.7495568 0.05749619 -0.6594382 -0.7095905 0.4298543 -0.5583069 -0.7819784 0.04606576 -0.621601 -0.5023076 0.8556952 -0.1243895 -0.4755441 0.8123977 -0.337443 -0.5303802 0.768331 -0.3582797 -0.6021789 0.7922802 -0.09834952 -0.3936755 0.5727032 -0.7190485 -0.4364592 0.5583886 -0.7054825 -0.4653264 0.6763473 -0.5709866 -0.5144035 0.6741745 -0.529979 -0.5351858 0.7809572 -0.3219971 -0.0716275 0.1040164 -0.991993 -0.06219212 0.08101134 -0.994771 -0.2462163 0.3590942 -0.9002382 -0.2059232 0.2584555 -0.9438201 -0.3231403 0.4251578 -0.845471 -0.916686 -0.3773483 -0.1315103 -0.964953 -0.2339202 -0.1189413 -0.8379372 -0.2247651 -0.4973349 -0.6826325 -0.7175134 -0.1385185 -0.834608 -0.5348259 -0.1318743 -0.7558312 -0.4299399 -0.4938328 -0.4950016 -0.1462242 -0.8564998 -0.5332201 -0.06622906 -0.8433801 -0.3267677 -0.02874996 -0.9446673 -0.705418 -0.1018627 -0.7014338 -0.8443069 -0.1046481 -0.5255422 -0.9396165 -0.1266405 -0.3179355 -0.9876658 -0.1224111 -0.09763139 -0.1277592 -0.06991461 -0.9893379 -0.1055506 -0.0947704 -0.9898877 -0.3795362 -0.3562811 -0.8538244 -0.5897659 -0.7969143 -0.1307818 -0.6510224 -0.5918694 -0.4752477 -0.5652671 -0.6725455 -0.4776564 -0.3008552 -0.3965492 -0.8673148 -0.07742722 -0.101655 -0.991802 -0.4539284 -0.248353 -0.8557276 -0.1306689 -0.0424897 -0.9905151 -0.1034385 -0.006735719 -0.994613 -0.06829612 -0.1187028 -0.9905783 -0.4383495 -0.7508969 -0.4939671 -0.4994747 -0.8566679 -0.129016 -0.2565264 -0.4412755 -0.8599245 -0.4932184 -0.7161991 -0.4937554 -0.8181381 0.558467 -0.1369841 -0.7177102 0.684913 -0.1256434 -0.6437319 0.5815866 -0.4973593 -0.9712195 0.2058252 -0.1198691 -0.9015091 0.4122877 -0.1315302 -0.7680753 0.4062009 -0.4950365 -0.3919823 0.3357493 -0.8565175 -0.6187557 0.7180475 -0.3186677 -0.3286906 0.05933256 -0.9425721 -0.5340851 0.03458725 -0.8447229 -0.4951025 0.1475654 -0.8562114 -0.7061763 0.1032747 -0.7004637 -0.844418 0.245573 -0.47608 -0.8433454 0.1046485 -0.5270836 -0.9369705 0.1173758 -0.3291038 -0.1018132 0.006546944 -0.994782 -0.1301718 0.04283017 -0.9905659 -0.1276938 0.07002829 -0.9893383 -0.1063117 0.08644167 -0.9905683 -0.4539193 0.2487053 -0.8556302 -0.9916818 0.08274565 -0.09859199 -0.229896 0.5229074 0.8208019 -0.1232124 0.2489737 0.9606408 -0.16842 0.3824472 0.9084981 -0.09262962 0.1672011 0.9815618 -0.1210718 0.2337037 0.9647405 -0.3184801 0.5224131 0.7909836 -0.3167265 0.5008681 0.8054908 -0.3248254 0.5309462 0.7826779 -0.3250332 0.531226 0.7824016 -0.3331068 0.5355783 0.7760127 -0.3348366 0.550777 0.7645451 -0.3346562 0.5532892 0.7628082 -0.2916682 0.4876975 0.8228492 -0.2417315 0.420015 0.8747304 -0.1667873 0.3030279 0.9382729 0.2924985 -1.594896e-06 0.956266 0.2596031 0.001502044 0.9657142 0.1515224 -0.001191359 0.9884531 0.1182193 0.0003344927 0.9929875 0.0268159 -0.0004389854 0.9996403 0.0176643 1.153486e-06 0.999844 -0.01037743 -2.032487e-06 0.9999462 -0.01256597 -4.234606e-05 0.999921 -0.02206413 1.913474e-05 0.9997566 -0.07122972 0.02403043 0.9971704 -0.02388045 -1.98406e-05 0.9997148 -0.09326456 -0.01198656 0.9955692 -0.2145184 -0.0008696451 0.9767196 -0.1944817 0 0.9809061 -0.1937692 0.002258576 0.9810445 -0.1615911 -0.0125984 0.9867774 -0.1852307 0.001325766 0.9826942 -0.184576 7.320038e-05 0.9828182 -0.1058965 0.03138406 0.9938818 -0.179025 0.007259179 0.9838177 -0.1946896 -0.001148317 0.9808642 -0.1929837 -0.001311837 0.9812011 -0.977678 -0.2101089 0 -0.9871742 -0.1590549 0.01373185 -0.9352298 -0.3540407 0.0005907793 -0.9825236 -0.1860128 0.006823601 -0.978415 -0.2066478 0.0009122799 -0.9962225 -0.08669903 -0.004904514 -0.8184707 -0.5745483 3.947712e-05 -0.6922319 -0.7216749 -0.0004694512 -0.5935694 -0.8047828 0 -0.7172057 0.6968612 -0.0005906246 -0.6072921 0.7944786 7.449867e-06 -0.9990557 0.04325635 -0.00408462 -0.9980044 0.06307979 -0.002871377 -0.9964478 0.08419753 -0.001622043 -0.9993284 0.03664461 0 -0.9966372 0.08191891 0.001891015 -0.9970837 0.07629421 0.001798718 -0.9758633 0.2183698 0.002330842 -0.9955478 0.09424916 0.001325197 -0.9924736 0.1224591 -4.724335e-05 -0.890841 0.4543129 0.00144645 -0.8066664 0.5910067 -0.0005350076 -0.04982898 0.670927 0.7398473 -0.06217242 0.4417446 0.894984 -0.2923631 0.5866994 0.7551871 -0.2247058 0.7954066 0.5628816 -0.1259882 0.8203209 0.5578535 -0.1417506 0.6770986 0.722111 -0.05453409 0.8914592 0.4498072 -0.01165374 0.6762324 0.7365962 -0.005879273 0.9186589 0.3950078 -0.03105458 0.9418232 0.3346709 -0.08004202 0.2750935 0.9580798 -0.008166599 0.4316926 0.9019838 0.9961348 -0.01187777 0.08703047 0.9319198 -0.004668947 0.3626344 0.9819836 -0.009563174 -0.1887243 0.9319459 -0.004014954 -0.362575 -0.6045993 0 -0.7965297 -0.6045993 0 -0.7965297 -0.2120294 0 -0.9772633 -0.2120294 0 -0.9772633 0.4483736 0 -0.8938462 0.4483736 0 -0.8938462 0.8597149 0 -0.5107742 0.9586282 -0.001070554 0.284659 0.8597149 0 0.5107742 0.4483736 0 0.8938462 0.4483736 0 0.8938462 -0.2120294 0 0.9772633 -0.2120294 0 0.9772633 -0.6045993 0 0.7965297 -0.6045993 0 0.7965297 0 0 1 0 0 1 0 0 1 0 0 1 0 0 1 0 0 1 -0.009058505 0 0.999959 -0.02586344 -0.002044993 0.9996634 0 0 1 0 0 1 0.8796119 -2.41465e-05 0.475692 0.8798208 0.000378886 0.4753053 0.8796053 9.470215e-05 0.4757043 0.8795975 6.178902e-05 0.4757186 0.8747659 -0.1050832 0.4730139 0.8741634 -0.1113993 0.4726824 0.8796143 0 0.4756876 0.8796143 0 0.4756876 0.8796242 3.256192e-05 0.4756693 0.8800591 0.0005088058 0.4748638 0.8796098 -7.823044e-06 0.4756959 0.8850248 0.0002876543 0.4655438 0.8864293 -0.001770623 0.4628606 0.8941262 -0.001337272 0.4478131 0.9054713 -0.001865322 0.4244033 0.9053695 -0.0004122611 0.4246245 0.9118339 -0.00143723 0.4105568 0.9122708 0 0.4095875 0.913006 -0.003748323 0.4079288 0.9139796 -0.008143331 0.4056785 0.9142804 -0.01049487 0.404946 0.9131726 -0.009266596 0.4074678 -0.1002972 -0.974694 0.1997801 -0.2866817 -0.9476558 0.1405776 -0.006205414 -0.9426644 0.3336846 -0.09003087 -0.9693773 0.2284776 -0.008979257 -0.9667564 0.2555416 -0.2503061 -0.9552789 0.1574453 -0.3700648 -0.9243708 0.09268554 -0.4929956 -0.8698752 0.01650862 -0.4476981 -0.8924583 0.0555387 -0.5392718 -0.8419842 0.01576648 -0.007854091 -0.9191801 0.3937592 -0.006386579 -0.6819985 0.7313257 0.01260973 -0.898317 0.439167 -0.2353453 -0.4780054 0.8462407 -0.30715 -0.5249018 0.7938117 -0.1921976 -0.7244233 0.6620204 -0.1786498 -0.7947663 0.5800266 -0.05867069 -0.8767241 0.4774019 -0.1088334 -0.7187171 0.6867321 -0.1640987 -0.5354952 0.8284422 -0.06813131 -0.4534068 0.8886959 -0.08002888 -0.2476273 0.9655445 -0.1412892 -0.2886925 0.9469393 0.008755616 -0.4364233 0.8996989 -0.02452139 -0.3503052 0.9363146 0 0 1 0 0 1 0 0 1 0 0 1 0 0 1 -0.02721321 0.0004440529 0.9996296 -0.006743765 0 0.9999773 0 0 1 0 0 1 0 0 1 0 0 1 0 0 1 0 0.0489352 0.998802 0.01358555 0.135347 0.9907051 -0.00261894 0.3805566 0.9247539 0.03828683 0.451068 0.891668 -0.01597418 0.7685953 0.6395358 0.07803122 0.9969508 0.0004027407 -0.01205629 0.9978431 0.06452737 0.06892121 0.8965652 0.4375166 0.05900244 0.7088023 0.7029353 -0.5673669 0.8234651 0.0001421594 -0.5668371 0.8237867 0.008430301 -0.5671501 0.8236144 1.628162e-06 -0.5646308 0.8253423 0.001444683 -0.4988436 0.8665351 0.01648972 0.9396933 0 0.3420182 0.9396933 0 0.3420182 0.9396933 0 0.3420182 0.939692 -8.002872e-07 0.3420218 0.9396915 -7.042916e-07 0.3420233 0.9396923 1.086129e-06 0.342021 0.939692 1.347943e-07 0.3420219 0.9396933 0 0.3420182 0.9396925 -8.778189e-07 0.3420205 0.9396916 -8.775085e-07 0.342023 0.9396939 0 0.3420166 0.9396939 0 0.3420166 0.9396933 7.735777e-07 0.3420182 0.9396929 1.765273e-06 0.3420193 0.9396926 4.142271e-06 0.3420203 0.5735385 0 0.8191786 0.5735385 0 0.8191786 0.5735385 0 0.8191786 0.5735385 0 0.8191786 -0.7071068 0.7071068 -0.0001548228 -0.7071049 0.7071086 -0.0001249062 -0.7071048 0.7071088 1.540726e-05 -0.7070997 0.7071139 2.998379e-05 -0.7071078 0.7071058 3.668392e-07 -0.7071068 0.7071068 0 -0.7071068 0.7071068 0 -0.70711 0.7071036 -8.51937e-06 -0.7071104 0.7071032 -1.222903e-06 0 1 0 0 1 0 0 1 0 -0.007697752 0.9999704 0 -0.06674624 0.9977666 0.002583647 0 1 0 0 1 0 -0.007697752 0.9999704 0 -0.003067711 0.9956225 -0.09341504 -0.07261899 0.9896444 -0.1238159 0 1 0 0 1 0 0 1 0 0 1 0 0 1 0 0 1 0 0 1 0 0 1 0 0 1 0 0 1 0 0 1 0 0 1 0 0 1 0 0 0 -1 -2.279972e-08 -1.139986e-05 -1 1.489351e-06 -3.495515e-07 -1 6.100708e-06 2.573637e-06 -1 4.041462e-06 8.301323e-06 -1 0 0 -1 0 0 -1 0 0 -1 0 0 -1 0 0 -1 -0.7071068 0 -0.7071068 -0.7071068 0 -0.7071068 0 -1 0 0 -1 0 0 -1 0 0 -1 0 -0.4523431 0.7802347 -0.4319948 -0.5240186 0.7372131 -0.4265223 -0.5226891 0.7189767 -0.4581141 -0.5126701 0.7338975 -0.445605 -0.5303341 0.7337301 -0.4247186 1 0 0 1 0 0 1 0 0 1 0 0 1 0 0 1 0 0 -0.2678137 0.8605944 -0.4331895 -0.2797645 0.8994238 -0.3358103 -0.1364939 0.8927791 -0.4293191 -0.06990299 0.9218496 -0.3811914 -0.03926407 0.963071 0.2663693 -2.848831e-05 0.9659405 0.2587641 -0.008982384 0.9667572 0.2555382 -0.02258528 0.9675087 0.251827 -2.001964e-06 0.9659274 0.2588131 1.067936e-05 0.9659158 0.2588563 -3.665618e-06 0.9308582 0.3653807 -2.852755e-05 0.9659198 0.2588414 -2.285911e-06 0.9659331 0.2587918 0 0 -1 0 0 -1 0 0 -1 0 0 -1 0 0 -1 0 0 -1 0 0 -1 0 0 -1 0 0 -1 0 0 -1 0 0 -1 0 0.07329692 -0.9973102 0 0 -1 0 0 -1 0 0 -1 0 0 -1 0 0 -1 0 0 -1 0 0 -1 0 0 -1 0.0005098849 0.002991616 -0.9999954 0 0 -1 0.11594 -0.0842354 -0.9896779 0 0 -1 0.1362948 -0.04428581 -0.989678 0 0 -1 0.1369043 -0.01133632 -0.9905194 0.0842355 -0.1159397 -0.9896779 0.04428534 -0.1362949 -0.989678 0 0 -1 0.01133654 -0.1369045 -0.9905194 0 0 -1 -0.0108347 -0.1366487 -0.9905603 -0.04240633 -0.1363495 -0.9897528 7.432078e-06 9.036793e-06 -1 9.204047e-06 0 -1 0.001114014 0.002800392 -0.9999955 0.01203121 0.1364648 -0.9905719 0.1369045 0.01133654 -0.9905194 0.0842354 0.11594 -0.9896779 0.1159397 0.0842355 -0.9896779 0.1362949 0.04428534 -0.989678 -0.01367244 0.18585 -0.982483 0.04428581 0.1362948 -0.989678 -0.07189148 -0.988779 -0.1309494 -0.2947743 -0.9468668 -0.1286524 -0.06483473 -0.8974141 -0.4363994 -0.2679121 -0.8333617 -0.4834578 -0.05900314 -0.7084892 -0.7032508 -0.162813 -0.4853126 -0.8590481 -0.03450699 -0.4494056 -0.8926611 0 -1 0 0 -1 0 0 -1 0 0 -1 0 0 -1 0 0 -1 0 0 -1 0 0 -1 0 0 -1 0 0 -1 0 0 -1 0 0 -1 0 0 -1 0 0 -1 0 0 -1 0 0 -1 0 0 -1 0 -0.1348152 -0.9908707 -0.0001068446 -0.06278727 -0.9980269 0 -0.266082 -0.9639504 -1.203355e-05 -0.1587858 -0.9873095 0.002650799 -0.1015259 -0.9946765 -0.01764055 0 -1 0 0 -1 0 0 -1 0 0 -1 0 0 -1 0 0 -1 0 0 -1 0 0 -1 0 0 -1 0 0 -1 0 0 -1 0 0 -1 0 0 -1 0 0 -1 0 0 -1 0 0 -1 0 0 -1 0 0 -1 0 0 -1 0 0 -1 0 0 -1 0 0 -1 0 0 -1 0 0 -1 0 0 -1 0 0 -1 0 0 -1 0 0 0 -1 0 0 -1 0 0 -1 0 0 -1 0 1 0 0 1 0 0 1 0 0 1 0 0 1 0 0 1 0 0 1 0 0 1 0 0 1 0 0 1 0 0 1 0 0 1 0 0 1 0 0 1 0 0 1 0 0 1 0 0 0 -1 0 0 -1 0 0 -1 0 0 -1 0 1 0 0 1 0 0 1 0 0 1 0 0 1 0 0 1 0 0 1 0 -0.7019129 0.5404389 -0.4639441 -0.6830705 0.5926147 -0.4268754 -0.6587673 0.6291176 -0.4125975 -0.7198416 0.413208 -0.5577519 -0.7788168 0.102914 -0.6187512 -0.7853264 0.03250807 -0.6182278 -0.7853675 0.03161576 -0.6182219 -0.7851996 0.03372582 -0.6183237 -0.004905121 -0.9817009 -0.1903662 0.07843034 -0.9969194 -0.0006145728 0.01116766 -0.987682 0.1560753 0.07413233 -0.8680463 0.4909175 0.0004567952 -0.8956208 0.444818 -0.007568008 -0.6607031 0.7506092 0.04950296 -0.5080538 0.8599016 -0.0026874 -0.3435451 0.9391323 0.01495955 -0.1342856 0.9908297 0 -0.09076048 0.9958728 0.9969951 -0.07746441 3.099604e-06 0.9969951 0.07746441 -3.099604e-06 0.8964692 -0.07017179 0.4375145 0.896468 0.07016747 0.4375176 0.7088023 -0.05900244 0.7029353 0.7088023 0.05900244 0.7029353 0.4496973 -0.03601741 0.8924545 0.4496975 0.03601728 0.8924545 0.136898 -0.01133601 0.9905203 0.1368979 0.01133578 0.9905203 0 -1 0 0 -1 0 0 -1 0 0 -1 0 0 -1 0 0 -1 0 0 -1 0 0 -1 0 0 -1 0 0 -1 0 0 -1 0 0 -1 0 0 -1 0 0 -1 0 -0.9950445 0 -0.09943089 -0.9950709 -1.302525e-05 -0.09916563 -0.9458506 -8.389664e-05 -0.3246022 -0.9454502 -2.677672e-05 -0.3257666 -0.8469108 -8.293809e-05 -0.531735 -0.8462098 -2.503088e-05 -0.5328499 -0.7057638 -0.0001433131 -0.7084472 -0.7070958 -0.0003149449 -0.7071177 -0.5298663 -0.0004615616 -0.8480811 -0.3239391 -0.0003622361 -0.9460779 -0.002913321 0.4688275 -0.883285 -0.01110246 0.6248658 -0.7806532 -0.004533684 0.9427449 -0.333484 0 0.7617886 -0.6478257 -0.2931951 0.9478172 -0.125217 0.03155637 -0.7266556 -0.6862768 0.01525791 -0.8870956 -0.4613336 0.03601631 -0.4496839 -0.8924613 0.1362885 -0.04428326 0.989679 0.4861242 -0.1675047 0.8576861 0.8299006 -0.2766597 0.4844837 0.9510574 -0.3090142 3.891408e-06 0.8964713 -0.07016774 -0.4375108 0.8298962 -0.2766627 -0.4844895 0.7087941 -0.05900244 -0.7029435 0.1159343 -0.08423153 0.9896789 0.419795 -0.305003 0.8548364 0.7056209 -0.5126623 0.4891591 0.809016 -0.5877866 7.227628e-07 0.7056182 -0.5126623 -0.489163 0.08423143 -0.1159346 0.9896789 0.3050032 -0.4197941 0.8548368 0.5126635 -0.7056198 0.4891593 0.5877866 -0.809016 -7.227628e-07 0.5126611 -0.7056192 -0.4891628 0.04428372 -0.1362883 0.989679 0.1603474 -0.4935048 0.8548343 0.2695295 -0.8295075 0.4891535 0.3090142 -0.9510574 -3.891408e-06 0.2766605 -0.8298987 -0.4844864 0.449684 -0.03601618 -0.8924613 0.4861229 -0.1675057 -0.8576866 0.4197946 -0.3050036 -0.8548364 0.3050034 -0.4197955 -0.854836 0.1675064 -0.4861233 -0.8576863 0.4496839 0.03601631 -0.8924613 0.7087941 0.05900244 -0.7029435 0.8964725 0.07017206 -0.4375077 0.04070914 0.5097381 -0.859366 0.1603476 0.4935054 -0.8548339 0.4861239 0.167504 0.8576864 0.1362883 0.04428372 0.989679 0.04428326 0.1362885 0.989679 0.1675047 0.4861242 0.8576861 0.2766597 0.8299006 0.4844837 0.3090142 0.9510574 3.891408e-06 0.06775271 0.8666659 -0.4942669 0.2695289 0.8295055 -0.4891572 0.08423153 0.1159343 0.9896789 0.305003 0.419795 0.8548364 0.5126623 0.7056209 0.4891591 0.5877866 0.809016 7.227628e-07 0.5126623 0.7056182 -0.489163 0.1159346 0.08423143 0.9896789 0.4197941 0.3050032 0.8548368 0.7056198 0.5126635 0.4891593 0.809016 0.5877866 -7.227628e-07 0.7056192 0.5126611 -0.4891628 0.8298981 0.2766618 0.4844867 0.9510574 0.3090142 -3.891408e-06 0.8298987 0.2766605 -0.4844864 0.3050036 0.4197946 -0.8548364 0.4197955 0.3050034 -0.854836 0.4861233 0.1675064 -0.8576863 0.1512961 0 0.9884885 0.1512961 0 0.9884885 0.1512961 0 0.9884885 0.1512961 0 0.9884885 -0.05590838 0.9984303 -0.003345949 -0.4737101 0.8806111 -0.01108085 -0.5199285 0.8542094 -0.0007955403 -0.4848421 0.8745973 0.002792785 -0.4155944 0.9089542 -0.03291794 -0.3717469 0.9280043 -0.02474294 -0.2535047 0.9672002 -0.01609591 -0.1621896 0.9862268 -0.03242278 -0.04616342 0.9989337 0.0005620117 -0.1118047 0.9937234 0.003684723 -0.2052323 0.9787078 0.003288431 -0.2795752 0.960115 0.004100899 -0.3326883 0.9430042 0.007844117 -0.4225021 0.9063201 0.008713857 0 0 1 0 0 1 0 0 1 0 0 1 0.7071172 0 -0.7070963 0.7071172 0 -0.7070963 0.7071172 0 -0.7070963 0.7071172 0 -0.7070963 0.7071309 0 -0.7070827 0.7071309 0 -0.7070827 0.7071309 0 -0.7070827 0.7071309 0 -0.7070827 0 0 -1 0 0 -1 0 0 -1 0 0 -1 0.7071031 0 -0.7071104 0.7071031 0 -0.7071104 0.7071031 0 -0.7071104 0.7071031 0 -0.7071104 0 -1 0 0 -1 0 0 -1 0 0 -1 0 0 -1 0 0 -1 0 -0.547557 0 -0.8367684 -0.547557 0 -0.8367684 0.007029419 0 -0.9999753 0.007029419 0 -0.9999753 0.7096003 0 -0.7046044 0.7096003 0 -0.7046044 1 0 0 1 0 -1.911167e-17 0.7096003 0 0.7046044 0.7096003 0 0.7046044 0.007029419 0 0.9999753 0.007029419 0 0.9999753 -0.547557 0 0.8367684 -0.547557 0 0.8367684 -0.6996748 0 -0.7144615 -0.6996748 0 -0.7144615 -0.6996748 0 0.7144615 -0.6996748 0 0.7144615 -0.547557 0 -0.8367684 -0.547557 0 -0.8367684 0.007029419 0 -0.9999753 0.007029419 0 -0.9999753 0.7096003 0 -0.7046044 0.7096003 0 -0.7046044 1 0 -4.5868e-16 1 0 -4.395683e-16 0.7096003 0 0.7046044 0.7096003 0 0.7046044 0.007029419 0 0.9999753 0.007029419 0 0.9999753 -0.547557 0 0.8367684 -0.547557 0 0.8367684 -0.6996748 0 -0.7144615 -0.6996748 0 -0.7144615 -0.6996748 0 0.7144615 -0.6996748 0 0.7144615 -1 0 0 -1 0 0 -1 0 0 -1 0 0 -1 0 0 -1 0 0 -1 0 0 -1 0 0 -0.1116952 -0.002159479 0.9937402 -0.1310997 -0.0006950891 0.9913689 -0.05180824 0.0001654883 0.998657 -0.5475638 -0.8367639 0 -0.5475638 -0.8367639 0 0.006981391 -0.9999756 0 0.006981391 -0.9999756 0 0.7095708 -0.7046342 0 0.7095708 -0.7046342 0 1 8.333332e-07 0 1 8.333332e-07 0 0.7095702 0.7046348 0 0.7095702 0.7046348 0 0.006983418 0.9999756 0 0.006983418 0.9999756 0 -0.5475621 0.836765 0 -0.5475621 0.836765 0 -0.5475636 -0.8367641 0 -0.5475636 -0.8367641 0 0.006979724 -0.9999756 0 0.006979724 -0.9999756 0 0.7095702 -0.7046348 0 0.7095702 -0.7046348 0 1 8.333332e-07 0 1 8.333332e-07 0 0.7095696 0.7046354 0 0.7095696 0.7046354 0 0.006981751 0.9999756 0 0.006981751 0.9999756 0 -0.5475619 0.8367652 0 -0.5475619 0.8367652 0 -0.5475619 -0.8367652 0 -0.5475619 -0.8367652 0 0.006981751 -0.9999756 0 0.006981751 -0.9999756 0 0.7095696 -0.7046354 0 0.7095696 -0.7046354 0 1 -8.333332e-07 0 1 -8.333332e-07 0 0.7095702 0.7046348 0 0.7095702 0.7046348 0 0.006979724 0.9999756 0 0.006979724 0.9999756 0 -0.5475636 0.8367641 0 -0.5475636 0.8367641 0 -0.5475621 -0.836765 0 -0.5475621 -0.836765 0 0.006983418 -0.9999756 0 0.006983418 -0.9999756 0 0.7095702 -0.7046348 0 0.7095702 -0.7046348 0 1 -8.333332e-07 0 1 -8.333332e-07 0 0.7095708 0.7046342 0 0.7095708 0.7046342 0 0.006981391 0.9999756 0 0.006981391 0.9999756 0 -0.5475638 0.8367639 0 -0.5475638 0.8367639 0 -0.6996632 -0.7144728 0 -0.6996632 -0.7144728 0 -0.6996632 0.7144728 0 -0.6996632 0.7144728 0 -0.6996632 -0.7144728 0 -0.6996632 -0.7144728 0 -0.6996632 0.7144728 0 -0.6996632 0.7144728 0 -0.6996647 -0.7144713 0 -0.6996647 -0.7144713 0 -0.6996647 0.7144713 0 -0.6996647 0.7144713 0 -0.6996647 -0.7144713 0 -0.6996647 -0.7144713 0 -0.6996647 0.7144713 0 -0.6996647 0.7144713 0 -0.6036217 0.7972709 0 -0.554209 0.8322992 0.01142438 -0.3200025 0.9474139 0.002302247 0.01507235 0.999804 0.0128348 0.1334699 0.9910529 0 0.7095702 0.7046347 0 0.7095702 0.7046347 0 1 1.911182e-16 0 1 1.146709e-16 0 0.7095702 -0.7046347 0 0.7095702 -0.7046347 0 0.1334699 -0.9910529 0 0.01507235 -0.999804 0.0128348 -0.3200025 -0.9474139 0.002302247 -0.554209 -0.8322992 0.01142438 -0.6036217 -0.7972709 -8.167862e-18 -0.6996636 0.7144724 4.837588e-18 -0.6996636 0.7144724 2.104198e-17 -0.6996636 -0.7144724 -2.104198e-17 -0.6996636 -0.7144724 -4.837588e-18 1.659551e-16 2.79502e-16 -1 0 0 -1 4.90213e-16 -2.624381e-16 -1 5.685196e-16 -5.084887e-16 -1 -6.197844e-16 6.725703e-16 -1 6.842215e-17 1.188462e-16 -1 0 0 -1 0 0 -1 0 0 -1 0 0 -1 0 0 -1 0 0 -1 5.368852e-16 3.345328e-16 -1 2.090222e-16 -2.396007e-16 -1 0 0 -1 0 0 -1 0 0 -1 0 0 -1 -7.468658e-16 -6.423759e-16 -1 2.081381e-17 -8.892431e-16 -1 1.888837e-15 -6.133445e-16 -1 8.357919e-16 -4.647201e-16 -1 5.04808e-16 -2.383357e-16 -1 4.051645e-17 -6.539891e-16 -1 0 0 -1 0 0 -1 0 0 -1 0 0 -1 0 0 -1 0 0 -1 0 0 -1 0 0 -1 -9.358024e-16 5.81818e-16 -1 -3.646352e-16 7.835258e-16 -1 5.865907e-16 1.500983e-15 -1 5.056555e-16 -1.993737e-15 -1 -2.148599e-16 2.008925e-16 -1 -2.455171e-15 -3.650305e-16 -1 0 0 -1 0 0 -1 0 0 -1 0 0 -1 0 0 -1 0 0 -1 6.966056e-16 -4.767763e-15 -1 1.685413e-16 -6.041425e-16 -1 0 0 -1 0 0 -1 0 0 -1 0 0 -1 0 0 -1 0 0 -1 0 0 -1 0 0 -1 0 0 -1 0 0 -1 -1.705169e-16 -6.161301e-16 -1 0 0 -1 0 0 -1 -7.475352e-16 -6.421884e-16 -1 3.653935e-16 8.764161e-16 -1 -1.621583e-16 3.233356e-16 -1 9.969407e-16 4.715912e-15 -1 -1.901269e-15 5.082799e-17 -1 -1 0 0 -1 0 0 -1 0 0 -1 0 0 -1 0 0 -1 0 0 -0.5475694 0 0.8367603 -0.5475694 0 0.8367603 0.007017217 0 0.9999754 0.007017217 0 0.9999754 0.7095893 0 0.7046156 0.7095893 0 0.7046156 1 0 0 1 0 0 0.7095893 0 -0.7046156 0.7095893 0 -0.7046156 0.007017217 0 -0.9999754 0.007017217 0 -0.9999754 -0.5475694 0 -0.8367603 -0.5475694 0 -0.8367603 -0.6996748 0 0.7144615 -0.6996748 0 0.7144615 -0.6996748 0 -0.7144615 -0.6996748 0 -0.7144615 -0.5475694 0 0.8367603 -0.5475694 0 0.8367603 0.007017217 0 0.9999754 0.007017217 0 0.9999754 0.7095893 0 0.7046156 0.7095893 0 0.7046156 1 0 -4.586868e-16 1 0 -4.586868e-16 0.7095893 0 -0.7046156 0.7095893 0 -0.7046156 0.007017217 0 -0.9999754 0.007017217 0 -0.9999754 -0.5475694 0 -0.8367603 -0.5475694 0 -0.8367603 -0.6996748 0 0.7144615 -0.6996748 0 0.7144615 -0.6996748 0 -0.7144615 -0.6996748 0 -0.7144615 1 0 0 1 0 0 1 0 0 1 0 0 1 0 0 1 0 0 1 0 0 1 0 0 1 0 0 1 0 0 1 0 0 1 0 0 1 0 0 1 0 0 1 0 0 1 0 0 1 0 0 1 0 0 0 0 1 0 0 1 0 0 1 0 0 1 -0.169444 -0.9855398 0 -0.2224691 -0.9736526 0.05008186 0.02567211 -0.9996543 0.005681591 -0.1927245 -0.9803212 0.04275152 -0.306543 0.9518568 0 -0.1875335 0.9819255 0.02556166 -0.1863127 0.9824532 0.008558263 0.03171478 0.9994462 0.01007007 0.04927401 0.9987853 0 0.398698 0.9170823 0 0.398698 0.9170823 0 0.7152586 0.6988599 0 0.7152586 0.6988599 0 0.9260829 0.37732 0 0.9260829 0.37732 0 1 5.221626e-16 0 1 5.131598e-16 0 0.9260829 -0.37732 0 0.9260829 -0.37732 0 0.7152586 -0.6988599 0 0.7152586 -0.6988599 0 0.398698 -0.9170823 0 0.398698 -0.9170823 0 0.04927401 -0.9987853 0 -0.5475631 0.8367644 0 -0.5475631 0.8367644 0 0.006979389 0.9999756 0 0.006979389 0.9999756 0 0.7095707 0.7046342 0 0.7095707 0.7046342 0 1 -1.562483e-06 0 1 -1.562483e-06 0 0.7095723 -0.7046327 0 0.7095723 -0.7046327 0 0.006979367 -0.9999756 0 0.006979367 -0.9999756 0 -0.5475644 -0.8367635 0 -0.5475644 -0.8367635 0 -0.5475644 0.8367635 0 -0.5475644 0.8367635 0 0.006979367 0.9999756 0 0.006979367 0.9999756 0 0.7095723 0.7046327 0 0.7095723 0.7046327 0 1 1.562483e-06 0 1 1.562483e-06 0 0.7095707 -0.7046342 0 0.7095707 -0.7046342 0 0.006979389 -0.9999756 0 0.006979389 -0.9999756 0 -0.5475631 -0.8367644 0 -0.5475631 -0.8367644 0 -0.5475626 0.8367647 0 -0.5475626 0.8367647 0 0.006980956 0.9999756 0 0.006980956 0.9999756 0 0.7095707 0.7046342 0 0.7095707 0.7046342 0 1 1.562507e-06 0 1 1.562507e-06 0 0.7095692 -0.7046358 0 0.7095692 -0.7046358 0 0.006980977 -0.9999756 0 0.006980977 -0.9999756 0 -0.5475613 -0.8367656 0 -0.5475613 -0.8367656 0 -0.5475613 0.8367656 0 -0.5475613 0.8367656 0 0.006980977 0.9999756 0 0.006980977 0.9999756 0 0.7095692 0.7046358 0 0.7095692 0.7046358 0 1 -1.562507e-06 0 1 -1.562507e-06 0 0.7095707 -0.7046342 0 0.7095707 -0.7046342 0 0.006980956 -0.9999756 0 0.006980956 -0.9999756 0 -0.5475626 -0.8367647 0 -0.5475626 -0.8367647 0 0 0 1 0 0 1 0 0 1 0 0 1 0 0 1 0 0 1 0 0 1 0 0 1 0 0 1 0 0 1 0 0 1 0 0 1 0 0 1 0 0 1 0 0 1 0 0 1 0 0 1 0 0 1 0 0 1 0 0 1 0 0 1 0 0 1 0 0 1 0 0 1 0 0 1 0 0 1 0 0 1 0 0 1 0 0 1 0 0 1 0 0 1 0 0 1 0 0 1 0 0 1 0 0 1 0 0 1 0 0 1 0 0 1 0 0 1 0 0 1 0 0 1 0 0 1 0 0 1 0 0 1 0 0 1 0 0 1 0 0 1 0 0 1 0 0 1 0 0 1 0 0 1 0 0 1 0 0 1 0 0 1 0 0 1 0 0 1 0 0 1 0 0 1 0 0 1 0 0 1 0 0 1 0 0 1 0 0 1 0 0 1 -0.6996623 0.7144737 0 -0.6996623 0.7144737 0 -0.6996592 -0.7144768 0 -0.6996592 -0.7144768 0 -0.6996592 0.7144768 0 -0.6996592 0.7144768 0 -0.6996623 -0.7144737 0 -0.6996623 -0.7144737 0 -0.6996622 0.7144738 0 -0.6996622 0.7144738 0 -0.6996653 -0.7144707 0 -0.6996653 -0.7144707 0 -0.6996653 0.7144707 0 -0.6996653 0.7144707 0 -0.6996622 -0.7144738 0 -0.6996622 -0.7144738 0 -0.6996655 0.7144705 0 -0.6996655 0.7144705 0 -0.6996655 0.7144705 0 -0.6996655 0.7144705 0 -0.6996655 -0.7144705 0 -0.6996655 -0.7144705 0 -0.6996655 -0.7144705 0 -0.6996655 -0.7144705 0 -0.6691281 0 -0.7431471 -0.6691281 0 -0.7431471 -0.6691281 0 -0.7431471 -0.6691281 0 -0.7431471 -0.6691281 0 -0.7431471 0 1 0 0 1 0 0 1 0 0 -1 0 0 -1 0 0 -1 0 1 0 0 1 0 0 1 0 0 1 0 0 -0.007492476 0.9976952 -0.06743947 -0.006136565 0.9498394 -0.3126778 -0.008329229 0.9998143 0.01737589 -0.006129543 0.9498396 0.3126774 -0.003460013 0.989262 0.146112 -0.008228989 -0.9516847 -0.3069666 -0.008280737 -0.9833129 -0.1817336 -0.008496343 -0.9516769 0.3069834 -0.00927396 -0.9991826 0.03934734 0 -0.9659785 0.2586223 -0.005646624 -0.5848286 -0.8111372 -0.0005657411 -0.8297106 -0.5581935 -4.641033e-07 -0.9366301 -0.35032 -0.002717988 0.9865851 -0.1632249 0 0.9098808 -0.4148698 0 0.5877839 -0.809018 0 0.5877839 -0.809018 0 0 -1 0 0 -1 0 -0.5381347 -0.8428589 -0.0006888312 -0.9217975 0.3876712 -0.001217996 -0.8236061 0.5671609 -0.005646624 -0.5848286 0.8111372 0 -0.5381347 0.8428589 0 1.857904e-17 1 0 -1.857904e-17 1 0 0.5877839 0.809018 0 0.5877839 0.809018 0 0.9098808 0.4148698 -0.6996522 0 -0.7144836 -0.6996522 0 -0.7144836 -0.6996522 0 0.7144836 -0.6996522 0 0.7144836 0 -1 0 0 -1 0 0 -1 0 0 -1 0 0 -1 0 0 -1 0 0 -1 0 0 -1 0 0 -1 0 0 -1 0 0 -1 0 0 -1 0 0 -1 0 0 -1 0 0 -1 0 0 -1 0 -0.6184445 0 0.7858285 -0.5557103 -0.01421314 0.8312545 -0.3628168 -0.003222385 0.9318549 0.006959361 -0.02997496 0.9995264 0.3793592 -0.04056771 -0.9243597 0.7974893 0 -0.6033331 0.7101947 -0.004882643 -0.7039884 0.9979756 0 0.06359795 1 0 1.337836e-16 0.7498413 0 0.6616178 0.7163891 -0.01504865 0.6975387 0.375382 -0.003223579 0.9268646 0.006783045 0 0.999977 0.03135642 -0.0298394 -0.9990628 0.01927443 -0.01836799 -0.9996455 -0.3857308 -0.004763733 -0.9225991 -0.5577307 -0.01735683 -0.8298405 -0.6345416 0 -0.7728887 -0.6996522 0 -0.7144836 -0.6996522 0 -0.7144836 -0.6996522 0 0.7144836 -0.6996522 0 0.7144836 0 0 -1 0 0 -1 0 0 -1 0 0 -1 0 0 -1 0 0 -1 0 0 -1 0 0 -1 0 0 -1 0 0 -1 0 0 -1 0 0 -1 0 0 -1 0 0 -1 0 0 -1 0 0 -1 0 0 -1 0 0 -1 0 0 -1 0 0 -1 0 0 -1 0 0 -1 0 0 -1 0 0 -1 -0.5452176 0.3723496 -0.7510616 -0.539584 0.3703567 -0.7560985 -0.6500618 0.2616177 -0.7134254 -0.5523277 -0.3664701 -0.7487548 -0.5593022 -0.3487718 -0.7520234 -0.6506475 -0.2675973 -0.7106684 -0.563554 0.3755228 -0.7357918 -0.539584 -0.3703567 -0.7560985 -0.6508144 -0.2678803 -0.7104089 -0.7071079 -2.41502e-06 -0.7071057 -0.707108 -1.850142e-06 -0.7071056 -0.6563433 0.263358 -0.707005 0 -1 0 0 -1 0 0 -1 0 0 -1 0 0 -1 0 0.04135257 -0.9985713 0.03384141 0.1005128 -0.9947428 -0.01959616 0.2306431 -0.9625711 -0.1423396 0.2389085 -0.9566473 -0.1665792 -0.5237911 -0.8518467 0 -0.5237911 -0.8518467 0 -0.3442089 -0.9388931 0 -0.3473067 -0.9376548 0.0134735 -0.1364754 -0.9832686 0.120654 0.07667055 0.9969103 0.01707551 0.1742565 0.9543607 -0.2425495 0.2008999 0.9674232 -0.1540502 -0.5237911 0.8518467 0 -0.5237911 0.8518467 0 -0.3640247 0.9313893 0 -0.36012 0.9328115 0.01327942 -0.1112096 0.9903578 0.08260683 0.1250459 0.992151 0 0 1 0 0 1 0 0 1 0 0 1 0 0 1 0 -0.6427887 0 -0.7660435 -0.6427887 0 -0.7660435 -0.6427887 0 -0.7660435 -0.6427887 0 -0.7660435 -0.6427887 0 -0.7660435 -0.6427887 0 -0.7660435 -0.6427887 0 -0.7660435 -0.6427887 0 -0.7660435 0 0 1 0 0 1 0 0 1 0 0 1 0 0 1 0 0 1 0 0 1 0 0 1 0 0 1 0 0 1 0 0 1 0 0 1 0 0 1 0 0 1 0 0 1 0 0 1 0 0 1 0 0 1 0 0 1 0 0 1 0 0 1 0 0 1 0 0 1 0 0 1 0 0 1 0 0 1 0 0 1 0 0 1 0 0 1 0 0 1 0 0 1 0 0 1 0 0 1 0 0 1 0 0 1 0 0 1 0 0 1 0 0 1 0 0 1 0 0 1 0 0 1 0 0 1 0 0 1 0 0 1 0 0 1 0 0 1 0 0 1 0 0 1 0 0 1 0 0 1 0 0 1 0 0 1 0 0 1 0 0 1 0 0 1 0 0 1 0 0 1 0 0 1 0 0 1 0 0 1 0.003208862 0.7127838 0.7013765 0.06222544 0.7057353 0.7057377 0.2705948 0.6532766 0.7071125 0.2705957 0.6532765 0.7071123 0.4999983 0.500001 0.7071073 0.4999978 0.5000015 0.7071072 0.6532781 0.2705917 0.7071123 0.6532781 0.2705911 0.7071125 0.7071056 1.601281e-06 0.707108 0.7071056 2.233615e-06 0.7071079 0.6532766 -0.2705948 0.7071125 0.6532765 -0.2705957 0.7071123 0.500001 -0.4999983 0.7071073 0.5000015 -0.4999978 0.7071072 0.2705917 -0.6532781 0.7071123 0.2705911 -0.6532781 0.7071125 0.007851931 -0.7156272 0.6984383 0.06222775 -0.7057364 0.7057364 -0.0971711 -0.7113442 0.6960943 -0.2772563 -0.6550092 0.7029167 -0.2811448 -0.6488569 0.707066 -0.4999983 -0.500001 0.7071073 -0.4999978 -0.5000015 0.7071072 -0.6532781 -0.2705917 0.7071123 -0.6532781 -0.2705911 0.7071125 -0.7071056 -1.601281e-06 0.707108 -0.7071056 -2.233615e-06 0.7071079 -0.6532766 0.2705948 0.7071125 -0.6532765 0.2705957 0.7071123 -0.500001 0.4999983 0.7071073 -0.5000015 0.4999978 0.7071072 -0.2705917 0.6532781 0.7071123 -0.275315 0.6559444 0.7028077 -0.1077103 0.7172323 0.6884594 2.428438e-05 -0.9659264 0.258817 -6.126185e-06 -0.9659253 0.2588209 -2.948197e-06 -0.9659262 0.2588177 3.527748e-05 -0.9659312 0.2587991 -6.124928e-09 -0.9659262 0.2588177 8.993678e-05 -0.9659111 0.2588739 4.506441e-05 -0.9659366 0.2587789 -9.193696e-06 -0.9660031 0.2585304 -1.661981e-06 -0.9659269 0.2588149 -7.050927e-07 -0.9460895 0.3239054 1.076317e-06 -0.965944 0.2587514 -2.524775e-06 -0.9659339 0.2587889 -4.457287e-06 -0.9659283 0.2588099 -6.722468e-06 -0.9659331 0.258792 -2.715632e-06 -0.9659278 0.2588115 -0.1264335 -0.2344031 0.9638826 -0.310658 -0.5061468 0.8045539 -0.3112731 -0.5069757 0.8037939 -0.2794863 -0.4749518 0.8344508 -0.3179378 -0.5209935 0.7921372 -0.3231118 -0.4997555 0.8036437 -0.1603328 -0.2785016 0.9469584 -0.219361 -0.3604818 0.9066056 -0.2712832 -0.4463209 0.852762 -0.294954 -0.4911662 0.8196084 -0.1091241 -0.2203308 0.969302 -0.01109299 -0.3725968 0.927927 -0.003028934 -0.5524371 0.8335491 0.001330892 -0.8310416 0.5562087 0 0.7080422 0.7061701 0 0.4478613 0.894103 0 0 1 0 0 1 0 0 1 0 0 1 0 0 1 0 0 1 0 0 1 -0.0431457 0.002789511 0.9990649 -0.1143617 0.002682407 0.9934356 -0.1103522 8.099874e-08 0.9938925 0 1 0 0 1 0 0 1 0 0 1 0 0 1 0 0 -1 0 0 -1 0 0 -1 0 0 -1 0 0 -1 0 0.9725214 0.2214188 -0.071943 0.9725213 -0.2214191 -0.0719436 0.9874986 0.1499127 -0.0487097 0.9874986 -0.1499129 -0.04870945 0.09994502 -0.9462947 -0.3074694 0.09600456 -0.9466633 -0.3075903 0 -0.9510563 -0.3090177 0 -0.9510563 -0.3090177 0 -0.9510563 -0.3090177 0 0 1 0 0 1 0 0 1 0 0 1 0 0 1 0 0 1 0 0 1 0 0 1 0 0 1 0 0 1 0 0.9510563 -0.3090177 0 0.9510563 -0.3090177 0 0.9510563 -0.3090177 0.09600456 0.9466633 -0.3075903 0.09994502 0.9462947 -0.3074694 -0.6691514 1.315498e-05 0.7431261 -0.6691373 2.526547e-18 0.7431388 -0.6691298 -7.25176e-07 0.7431455 -0.6691312 2.387567e-06 0.7431443 -0.6691514 -1.315498e-05 0.7431261 -0.6691384 -1.679127e-05 0.7431378 -0.6691446 1.208775e-05 0.7431322 -0.6691157 -7.64175e-06 0.7431582 -0.6691446 1.152567e-05 0.7431322 -0.6691695 3.354483e-05 0.7431098 -0.6691094 -1.070608e-06 0.7431639 -0.6691615 -3.316704e-05 0.743117 -0.6691169 1.410691e-06 0.7431571 -0.6691376 -2.328521e-05 0.7431385 -0.6691323 -2.337313e-06 0.7431433 -0.6691469 1.555483e-05 0.7431301 -0.6691217 -5.677806e-06 0.7431528 -0.6691336 -2.186586e-05 0.7431421 -0.5670874 -0.8236576 1.448043e-06 -0.5672886 -0.823519 1.712752e-06 -0.5671509 -0.8236139 -3.10322e-07 -0.2744888 0.9431802 -0.1872621 -0.1064043 0.9436779 0.3132893 -0.3329215 0.936203 0.1126372 -0.3004183 0.9437696 0.1380139 -0.2560749 0.9546767 0.151717 -0.3025864 0.9451964 0.1226586 -0.1991824 0.9429074 0.2669308 -0.2565973 0.9495887 0.1801087 -0.2923229 0.9450887 0.1461321 -0.1931536 0.9673721 0.16396 -0.1157568 0.9733938 0.1977494 -0.08707944 0.971501 0.2204608 -0.4369281 0.8969365 0.06781424 -0.5288244 0.848475 0.02085483 0 1 0 0 1 0 0 1 0 0 1 0 0 1 0 0 1 0 0 1 0 0 1 0 0 1 0 0 1 0 0 1 0 0 1 0 0 1 0 0 1 0 0 1 0 0 1 0 0 1 0 -0.6360752 0 0.7716271 -0.4185911 -0.003688597 0.9081673 -0.6076818 0.005698764 0.7941601 -0.2122241 0.01278607 0.9771374 -0.6145779 0 -0.7888561 -0.6045933 0 -0.7965344 -0.2685323 0 -0.9632707 -0.2200756 0.01148299 -0.9754152 0.1917879 0.002783609 -0.9814325 0.4466881 0.0281049 -0.8942482 0.9335301 0.02648282 -0.3575195 0.7987512 -0.001164271 -0.6016603 0.5183766 0.0004571012 -0.8551523 0.9332707 0.02618397 0.3582181 0.988775 0.01035151 0.1490533 0.9818136 0.007697581 -0.1896915 -0.04961615 0.0101581 0.9987167 0.3365646 0.01209434 0.9415827 0.44347 0.02007964 0.8960643 0.7163532 -0.001321147 0.6977365 0.9103456 3.117228e-05 0.4138489 -0.6996449 0 0.7144907 -0.6996449 0 0.7144907 -0.6996449 0 -0.7144907 -0.6996449 0 -0.7144907 0 1 0 0 1 0 0 1 0 0 1 0 0 1 0 0 1 0 0 1 0 0 1 0 0 1 0 0 1 0 0 1 0 0 1 0 0 1 0 0 1 0 0 1 0 0 1 0 0 1 0 -0.2192439 0.01105479 0.9756075 -0.6045938 -1.091454e-06 0.7965339 -0.6158008 0.001618211 0.7879002 -0.6578332 0 -0.7531637 -0.6073353 0.005196761 -0.7944287 -0.4822783 -0.002925272 -0.8760132 -0.2139345 0.01353152 -0.9767543 -0.1260129 0.002133798 -0.9920263 0.4532646 0.01021773 -0.8913175 0.2807163 0.00558574 -0.9597745 0.9314851 0.02153253 0.3631416 0.9972597 -0.001474696 0.07396566 0.9294992 0.01214014 -0.3686244 0.919851 0.02072583 -0.3917201 0.678332 0.0151763 -0.7345987 0.4500885 0.02046894 0.8927494 0.6169695 0.007247527 0.7869537 0.8513342 0.006494954 0.5245836 -0.3295994 0.0006463595 0.9441207 0.09113315 0.0002142567 0.9958387 0.3970178 -1.40123e-05 0.9178109 -0.6996484 -2.605715e-07 0.7144873 -0.6996438 -1.996692e-06 0.7144918 -0.6996378 0 0.7144977 -0.6996378 0 -0.7144977 -0.6996438 -1.996692e-06 -0.7144918 -0.6996484 -2.605715e-07 -0.7144873 0.3034631 1.527776e-16 0.9528432 0.3090083 -1.358121e-16 0.9510593 0.2886439 0.3561909 0.8887141 0.2153546 0.708315 0.6722442 0.2886439 -0.3561909 0.8887141 0.2153551 -0.7083153 0.6722437 0.214893 -0.7186073 0.6613808 1.128555e-06 -1 1.401812e-06 0.03960545 -0.9917524 0.1218958 -0.2186307 -0.7070849 -0.6724816 -0.1780955 -0.8172108 -0.5481318 0.2148935 0.7186072 0.6613808 0.03960607 0.9917525 0.1218948 3.114376e-07 1 1.33123e-06 -0.1780954 0.8172107 -0.548132 -0.2210983 0.7084164 -0.6702699 -0.2825265 0.4058318 -0.8691831 -0.3120144 -0.001893264 -0.9500755 -0.3144521 -0.00409925 -0.9492645 -0.287798 -0.4031868 -0.8686844 -0.9510561 -6.496353e-18 0.3090182 -0.9510581 -6.364143e-06 0.3090122 -0.9510581 -1.624454e-18 0.3090122 -0.9510581 6.364143e-06 0.3090122 -0.9510561 -4.313647e-21 0.3090182 -0.9510581 -6.364143e-06 0.3090122 -0.95106 0 0.3090061 -0.95106 0 0.3090061 -0.9510581 6.364143e-06 0.3090122 0.8000456 0.5705763 -0.185391 0.7423091 0.6372629 -0.2070582 0.396286 0.8731912 -0.2837155 0.367954 0.8843343 -0.2873373 0.7423093 -0.6372627 -0.2070584 0.367954 -0.8843343 -0.2873373 0.396286 -0.8731912 -0.2837155 0.8000458 -0.5705761 -0.1853904 -0.03264888 0.9994669 0 0 1 0 0.193451 0.9811096 0.0008270032 -0.06542128 0.9978577 -0.0001400563 0.1944648 0.9809092 0.0008313369 -0.1906557 0.9816429 -0.005253594 0.9999909 0 0.004276556 0.9999909 0 0.004276556 0.9999909 0 0.004276556 0.9999909 0 0.004276556 0.8386588 -0.5446454 0.003586664 0.8383359 -0.5451423 0.003587599 0.7166069 -0.6974706 0.003065354 0.7169013 -0.6971679 0.003073229 0.7162908 -0.6977952 0.003063286 0 1 0 0 1 0 0 1 0 0 1 0 0 1 0 0.9999479 0.009269139 0.00427556 0.9999478 0.009281217 0.004274777 0.7043398 0.7098566 0.003011052 0.7032945 0.7108922 0.003006584 -0.0007008289 -1.740935e-07 0.9999998 -0.002850403 -7.002057e-07 0.9999959 -0.001412026 -5.931789e-09 0.999999 -0.00282405 0 0.999996 -0.3204484 0.9472656 -0.000832409 -0.7037416 0.7103674 -0.01121791 -0.4797079 0.579654 0.6586969 -0.8817539 0.4717081 -0.001217544 -0.9999195 0.008294041 -0.009597537 -0.9973265 -0.0730613 -0.001348055 -0.8376956 -0.5461115 -0.005330129 -0.8275485 -0.5613914 -0.001769069 0.1764833 0.9843029 -0.001211244 0.1301996 0.9914876 0.0005578075 0.4983262 0.8669801 0.004067466 0.5715905 0.820539 -0.000125527 0.8667616 0.498698 0.004967134 0.8781425 0.4783945 0.002118634 0.9913592 0.1311302 0.003443169 0.9899132 0.1416596 0.00211844 0 1 0 0 1 0 0 1 0 0.1772695 0.9841623 0 0.9999904 -3.056015e-06 0.004376327 0.9999999 0 0.0003437367 0.9999904 0 0.004378242 0.9999905 5.515363e-07 0.004366043 0.9999907 4.48923e-06 0.004303692 0.9999908 6.549538e-06 0.004280828 0.999991 -9.423193e-06 0.004253567 -0.9999977 0 -0.002137941 -0.9999977 0 -0.002137941 -0.9999909 0 -0.004275873 -0.9999909 0 -0.004275873 -0.7169071 -0.697167 -0.001534165 -0.7169046 -0.6971645 -0.003065421 0 0 1 0 0 1 0 0 1 0 0 1 0 0 1 0 0 1 0 0 1 0 0 1 0 0 1 0 0 1 0 0 1 0 0 1 0 0 1 0 0 1 0 0 1 0 0 1 0 0 1 0 0 1 0 0 1 0 0 1 0 0 1 0 0 1 0 0 1 0 0 1 0 0 1 0 0 1 0 0 1 0 0 1 0 0 1 0 0 1 0 0 1 0 0 1 0 0 1 0 0 1 0 0 1 0 0 1 0 0 1 0 0 -1 0 0 -1 0 0 -1 0 0 -1 0 0 -1 0 0 -1 0 0 -1 0 0 -1 0 0 -1 0 0 -1 0 0 -1 0 0 -1 -0.3201529 0.9469732 0.02727458 -0.8785086 0.4702355 0.08426831 -0.9973622 -0.07258552 0 -0.827475 -0.5615025 0 -0.716908 -0.6971678 0 -1 0 0 -1 0 0 0.5703799 0.821381 0 0.8781545 0.478377 0 0.9899116 0.141686 0 1 0 0 0 0.00679596 -0.9999769 2.620387e-05 0.01171435 -0.9999314 -0.001251885 0.8700266 -0.4930032 0.001318324 0.1427372 -0.9897597 -0.0001262592 0.4995149 -0.8663053 0 0 -1 0 0 -1 0 0 -1 0 0 -1 0 0 -1 0 0 -1 0 0 -1 0 0 -1 0 0 -1 0 0 -1 0 0 -1 0 0 -1 0 0 -1 0 0 -1 0 0 -1 0 0 -1 0 0 -1 0 0 -1 -0.3263806 -0.9447037 -0.03179132 -0.3995093 -0.9167291 0 -0.8090174 -0.5877847 0 -0.8090174 -0.5877847 -3.754589e-17 -1 9.289536e-17 3.75459e-17 -1 -2.508175e-16 -3.75459e-17 -0.8090174 0.5877847 3.754589e-17 -0.8090174 0.5877847 0 -0.3429927 0.9384052 -0.04185455 -0.3995093 0.9167291 0 -0.03190584 0.9978791 -0.05673829 0.3385609 0.9403985 -0.03205052 0.3657296 0.9307211 0 0.8090174 0.5877847 0 0.8090174 0.5877847 0 1 1.300535e-16 0 1 1.114744e-16 0 0.8090174 -0.5877847 0 0.8090174 -0.5877847 0 0.3090177 -0.9510563 0 0.3281975 -0.9439135 -0.03624583 0.01988254 -0.9900062 -0.1396152</float_array>
          <technique_common>
            <accessor count="1711" source="#normals-array-array" stride="3">
              <param type="float" name="X"/>
              <param type="float" name="Y"/>
              <param type="float" name="Z"/>
            </accessor>
          </technique_common>
        </source>
        <vertices id="verts-array-vertices">
          <input semantic="POSITION" source="#verts-array"/>
        </vertices>
        <triangles count="1786" material="material0">
          <input offset="0" semantic="VERTEX" source="#verts-array-vertices"/>
          <input offset="1" semantic="NORMAL" source="#normals-array"/>
          <p>0 0 1 1 2 2 0 0 2 2 3 3 4 4 3 3 2 2 3 3 4 4 5 5 6 6 7 7 8 8 6 6 8 8 9 9 10 10 11 11 12 12 13 13 12 12 11 11 12 12 13 13 8 8 14 14 8 8 13 13 8 8 14 14 9 9 15 15 16 16 17 17 18 18 17 17 16 16 17 17 18 18 10 10 19 19 10 10 18 18 10 10 19 19 11 11 20 20 21 21 22 22 23 23 24 24 25 25 26 26 27 27 28 28 27 27 26 26 29 29 22 22 29 29 26 26 29 29 22 22 30 30 30 30 22 22 31 31 21 21 31 31 22 22 31 31 21 21 32 32 33 33 34 34 35 35 36 36 37 37 38 38 35 35 38 38 37 37 38 38 35 35 39 39 34 34 39 39 35 35 39 39 34 34 40 40 36 36 23 23 37 37 25 25 37 37 23 23 37 37 25 25 35 35 41 41 35 35 25 25 35 35 41 41 33 33 42 42 33 33 41 41 24 24 20 20 25 25 22 22 25 25 20 20 25 25 22 22 41 41 26 26 41 41 22 22 41 41 26 26 42 42 28 28 42 42 26 26 42 42 28 28 43 43 39 39 40 40 44 44 45 45 46 46 36 36 44 44 47 47 39 39 45 45 39 39 47 47 39 39 45 45 48 48 36 36 48 48 45 45 49 49 50 50 51 51 52 52 53 53 54 54 55 55 19 19 18 18 19 19 55 55 11 11 51 51 11 11 55 55 11 11 51 51 13 13 13 13 51 51 56 56 50 50 56 56 51 51 56 56 50 50 9 9 57 57 58 58 59 59 60 60 59 59 58 58 59 59 60 60 61 61 62 62 61 61 60 60 61 61 62 62 63 63 64 64 57 57 65 65 59 59 65 65 57 57 65 65 59 59 66 66 67 67 66 66 68 68 59 59 68 68 66 66 68 68 59 59 54 54 61 61 54 54 59 59 54 54 61 61 52 52 63 63 52 52 61 61 52 52 63 63 69 69 53 53 49 49 54 54 51 51 54 54 49 49 54 54 51 51 68 68 55 55 68 68 51 51 68 68 55 55 67 67 18 18 67 67 55 55 67 67 18 18 16 16 70 70 71 71 72 72 73 73 72 72 71 71 72 72 73 73 74 74 75 75 76 76 77 77 78 78 77 77 76 76 79 79 80 80 70 70 81 81 70 70 80 80 70 70 81 81 76 76 75 75 82 82 76 76 83 83 76 76 82 82 76 76 83 83 70 70 84 84 70 70 83 83 70 70 84 84 71 71 85 85 86 86 87 87 88 88 87 87 86 86 87 87 88 88 89 89 90 90 89 89 88 88 89 89 90 90 91 91 92 92 91 91 90 90 91 91 92 92 93 93 93 93 92 92 94 94 95 95 94 94 92 92 94 94 95 95 96 96 97 97 98 98 99 99 97 97 99 99 100 100 101 101 100 100 99 99 100 100 101 101 96 96 96 96 101 101 94 94 102 102 94 94 101 101 94 94 102 102 103 103 103 103 102 102 104 104 105 105 104 104 102 102 104 104 105 105 106 106 107 107 108 108 109 109 110 110 109 109 108 108 109 109 110 110 111 111 112 112 32 32 21 21 112 112 21 21 111 111 20 20 111 111 21 21 111 111 20 20 109 109 24 24 109 109 20 20 109 109 24 24 113 113 23 23 113 113 24 24 113 113 23 23 114 114 36 36 114 114 23 23 114 114 36 36 115 115 49 49 116 116 50 50 117 117 50 50 116 116 50 50 117 117 9 9 69 69 118 118 52 52 119 119 52 52 118 118 52 52 119 119 120 120 121 121 122 122 123 123 124 124 123 123 122 122 123 123 124 124 125 125 126 126 125 125 124 124 120 120 126 126 52 52 124 124 52 52 126 126 52 52 124 124 53 53 127 127 53 53 124 124 53 53 127 127 49 49 128 128 49 49 127 127 49 49 128 128 116 116 129 129 72 72 130 130 74 74 130 130 72 72 131 131 79 79 70 70 131 131 132 132 133 133 134 134 133 133 132 132 133 133 134 134 135 135 136 136 137 137 138 138 131 131 70 70 132 132 72 72 132 132 70 70 132 132 72 72 134 134 129 129 134 134 72 72 134 134 129 129 135 135 74 74 139 139 130 130 140 140 130 130 139 139 130 130 140 140 129 129 136 136 129 129 140 140 129 129 136 136 135 135 138 138 135 135 136 136 135 135 138 138 133 133 141 141 142 142 143 143 144 144 143 143 142 142 145 145 146 146 147 147 148 148 147 147 146 146 147 147 148 148 149 149 150 150 149 149 148 148 149 149 150 150 144 144 151 151 144 144 150 150 144 144 151 151 143 143 141 141 152 152 142 142 153 153 142 142 152 152 142 142 153 153 154 154 155 155 154 154 153 153 154 154 155 155 156 156 157 157 156 156 155 155 156 156 157 157 158 158 159 159 158 158 157 157 160 160 161 161 162 162 163 163 164 164 162 162 165 165 162 162 164 164 162 162 165 165 160 160 166 166 167 167 168 168 164 164 168 168 167 167 168 168 164 164 169 169 163 163 169 169 164 164 170 170 171 171 172 172 173 173 172 172 171 171 172 172 173 173 174 174 175 175 174 174 173 173 176 176 177 177 178 178 179 179 178 178 177 177 178 178 179 179 180 180 170 170 180 180 171 171 179 179 171 171 180 180 171 171 179 179 181 181 182 182 181 181 179 179 181 181 182 182 183 183 184 184 183 183 182 182 183 183 184 184 185 185 186 186 187 187 188 188 188 188 189 189 186 186 190 190 186 186 189 189 186 186 190 190 184 184 191 191 184 184 190 190 184 184 191 191 185 185 192 192 193 193 194 194 195 195 194 194 193 193 194 194 195 195 196 196 192 192 197 197 193 193 198 198 193 193 197 197 193 193 198 198 199 199 200 200 199 199 198 198 199 199 200 200 201 201 194 194 202 202 203 203 194 194 203 203 204 204 205 205 206 206 207 207 208 208 207 207 206 206 208 208 209 209 207 207 210 210 207 207 209 209 207 207 210 210 205 205 211 211 205 205 210 210 212 212 213 213 214 214 203 203 215 215 212 212 216 216 212 212 215 215 212 212 216 216 213 213 208 208 204 204 209 209 203 203 209 209 204 204 209 209 203 203 210 210 212 212 210 210 203 203 210 210 212 212 211 211 214 214 211 211 212 212 211 211 214 214 205 205 217 217 218 218 219 219 220 220 219 219 218 218 219 219 220 220 221 221 221 221 222 222 223 223 224 224 225 225 226 226 219 219 226 226 225 225 226 226 219 219 227 227 221 221 227 227 219 219 227 227 221 221 228 228 223 223 228 228 221 221 229 229 230 230 231 231 232 232 231 231 230 230 231 231 232 232 233 233 234 234 235 235 236 236 233 233 236 236 235 235 236 236 233 233 237 237 232 232 237 237 233 233 238 238 239 239 240 240 241 241 242 242 240 240 6 6 240 240 242 242 240 240 6 6 238 238 9 9 238 238 6 6 238 238 9 9 117 117 243 243 244 244 245 245 246 246 247 247 248 248 249 249 248 248 247 247 243 243 245 245 250 250 251 251 250 250 245 245 250 250 251 251 249 249 252 252 249 249 251 251 249 249 252 252 248 248 253 253 254 254 255 255 256 256 255 255 254 254 255 255 256 256 248 248 257 257 248 248 256 256 248 248 257 257 246 246 258 258 259 259 260 260 261 261 260 260 259 259 262 262 263 263 264 264 265 265 264 264 263 263 264 264 265 265 266 266 267 267 268 268 269 269 266 266 269 269 268 268 269 269 266 266 270 270 265 265 270 270 266 266 271 271 272 272 273 273 274 274 275 275 276 276 271 271 276 276 275 275 271 271 273 273 276 276 277 277 276 276 273 273 276 276 277 277 278 278 279 279 278 278 277 277 278 278 279 279 280 280 281 281 282 282 283 283 284 284 283 283 282 282 283 283 284 284 285 285 286 286 287 287 282 282 281 281 288 288 282 282 289 289 282 282 288 288 282 282 289 289 286 286 290 290 286 286 289 289 286 286 290 290 291 291 292 292 291 291 290 290 291 291 292 292 284 284 293 293 284 284 292 292 284 284 293 293 285 285 294 294 295 295 296 296 297 297 296 296 295 295 297 297 298 298 296 296 299 299 296 296 298 298 296 296 299 299 300 300 300 300 301 301 296 296 302 302 296 296 301 301 296 296 302 302 303 303 304 304 1 1 305 305 0 0 305 305 1 1 306 306 307 307 308 308 309 309 308 308 307 307 7 7 310 310 311 311 312 312 8 8 313 313 7 7 313 313 8 8 313 313 7 7 314 314 311 311 314 314 7 7 315 315 316 316 317 317 318 318 317 317 316 316 317 317 318 318 319 319 320 320 319 319 318 318 310 310 7 7 321 321 322 322 321 321 7 7 321 321 322 322 323 323 324 324 323 323 322 322 325 325 138 138 326 326 137 137 326 326 138 138 327 327 328 328 329 329 330 330 329 329 328 328 329 329 330 330 331 331 332 332 331 331 330 330 331 331 332 332 137 137 333 333 137 137 332 332 137 137 333 333 326 326 334 334 335 335 336 336 336 336 337 337 334 334 16 16 334 334 337 337 334 334 16 16 15 15 338 338 40 40 34 34 338 338 43 43 337 337 64 64 337 337 43 43 337 337 64 64 65 65 65 65 66 66 337 337 67 67 337 337 66 66 337 337 67 67 16 16 34 34 33 33 338 338 42 42 338 338 33 33 338 338 42 42 43 43 339 339 340 340 341 341 342 342 341 341 340 340 341 341 342 342 343 343 344 344 343 343 342 342 343 343 344 344 345 345 346 346 345 345 344 344 335 335 334 334 347 347 348 348 347 347 334 334 347 347 348 348 349 349 350 350 351 351 338 338 44 44 338 338 351 351 338 338 44 44 40 40 352 352 353 353 354 354 355 355 354 354 353 353 354 354 355 355 349 349 356 356 357 357 358 358 359 359 358 358 357 357 358 358 359 359 360 360 352 352 360 360 359 359 356 356 361 361 357 357 362 362 357 357 361 361 357 357 362 362 363 363 364 364 363 363 362 362 363 363 364 364 365 365 366 366 365 365 364 364 365 365 366 366 351 351 367 367 351 351 366 366 351 351 367 367 44 44 368 368 369 369 370 370 352 352 354 354 360 360 371 371 360 360 354 354 360 360 371 371 372 372 373 373 374 374 375 375 370 370 354 354 368 368 349 349 368 368 354 354 368 368 349 349 346 346 348 348 346 346 349 349 346 346 348 348 345 345 376 376 345 345 348 348 372 372 371 371 375 375 377 377 375 375 371 371 375 375 377 377 373 373 378 378 379 379 380 380 381 381 380 380 379 379 380 380 381 381 382 382 383 383 382 382 381 381 367 367 366 366 383 383 384 384 383 383 366 366 383 383 384 384 382 382 379 379 46 46 381 381 45 45 381 381 46 46 381 381 45 45 383 383 47 47 383 383 45 45 383 383 47 47 367 367 44 44 367 367 47 47 385 385 386 386 387 387 388 388 387 387 386 386 387 387 388 388 389 389 390 390 389 389 388 388 389 389 390 390 391 391 392 392 391 391 390 390 391 391 392 392 393 393 394 394 393 393 392 392 393 393 394 394 395 395 396 396 395 395 394 394 395 395 396 396 397 397 398 398 397 397 396 396 397 397 398 398 399 399 400 400 399 399 398 398 399 399 400 400 401 401 385 385 401 401 400 400 401 401 385 385 387 387 402 402 403 403 404 404 405 405 379 379 406 406 378 378 406 406 379 379 405 405 402 402 379 379 404 404 379 379 402 402 379 379 404 404 46 46 199 199 46 46 404 404 407 407 408 408 409 409 409 409 410 410 411 411 412 412 413 413 414 414 415 415 414 414 413 413 414 414 415 415 416 416 417 417 416 416 415 415 418 418 419 419 420 420 412 412 414 414 420 420 421 421 420 420 414 414 420 420 421 421 418 418 418 418 422 422 419 419 423 423 419 419 422 422 419 419 423 423 424 424 425 425 424 424 423 423 424 424 425 425 426 426 427 427 426 426 425 425 427 427 425 425 428 428 417 417 428 428 425 425 428 428 417 417 429 429 415 415 429 429 417 417 429 429 415 415 430 430 415 415 407 407 430 430 409 409 430 430 407 407 430 430 409 409 431 431 411 411 431 431 409 409 431 431 411 411 432 432 424 424 432 432 411 411 432 432 424 424 433 433 426 426 433 433 424 424 434 434 435 435 436 436 437 437 436 436 435 435 438 438 439 439 440 440 441 441 442 442 443 443 444 444 443 443 442 442 443 443 444 444 445 445 440 440 446 446 438 438 447 447 438 438 446 446 438 438 447 447 448 448 449 449 448 448 447 447 448 448 449 449 444 444 450 450 444 444 449 449 444 444 450 450 445 445 450 450 451 451 445 445 452 452 445 445 451 451 445 445 452 452 439 439 453 453 439 439 452 452 439 439 453 453 440 440 454 454 455 455 456 456 457 457 456 456 455 455 458 458 459 459 460 460 461 461 458 458 462 462 460 460 462 462 458 458 462 462 460 460 463 463 464 464 463 463 460 460 465 465 466 466 467 467 466 466 465 465 4 4 468 468 4 4 465 465 4 4 468 468 469 469 470 470 471 471 469 469 472 472 469 469 471 471 469 469 472 472 4 4 473 473 474 474 475 475 476 476 475 475 474 474 475 475 476 476 477 477 477 477 476 476 478 478 479 479 478 478 476 476 478 478 479 479 480 480 481 481 480 480 479 479 480 480 481 481 482 482 483 483 484 484 485 485 486 486 485 485 484 484 485 485 486 486 487 487 488 488 487 487 486 486 487 487 488 488 489 489 490 490 489 489 488 488 489 489 490 490 491 491 492 492 491 491 490 490 493 493 494 494 378 378 494 494 495 495 378 378 496 496 378 378 495 495 378 378 496 496 406 406 402 402 497 497 403 403 498 498 403 403 497 497 403 403 498 498 499 499 500 500 499 499 498 498 499 499 500 500 501 501 502 502 501 501 500 500 378 378 473 473 493 493 503 503 493 493 473 473 493 493 503 503 504 504 505 505 504 504 503 503 504 504 505 505 502 502 506 506 502 502 505 505 502 502 506 506 501 501 507 507 508 508 509 509 510 510 509 509 508 508 509 509 510 510 511 511 512 512 511 511 510 510 511 511 512 512 513 513 514 514 513 513 512 512 513 513 514 514 515 515 58 58 515 515 514 514 515 515 58 58 28 28 516 516 28 28 58 58 28 28 516 516 43 43 64 64 43 43 516 516 345 345 376 376 517 517 518 518 517 517 376 376 280 280 279 279 324 324 519 519 324 324 279 279 324 324 519 519 518 518 520 520 518 518 519 519 518 518 520 520 517 517 280 280 324 324 322 322 280 280 322 322 521 521 7 7 521 521 322 322 521 521 7 7 6 6 378 378 522 522 473 473 523 523 473 473 522 522 473 473 523 523 474 474 366 366 364 364 384 384 524 524 384 384 364 364 384 384 524 524 382 382 522 522 382 382 524 524 382 382 522 522 380 380 378 378 380 380 522 522 491 491 525 525 489 489 526 526 489 489 525 525 489 489 526 526 487 487 527 527 487 487 526 526 487 487 527 527 485 485 485 485 527 527 483 483 528 528 483 483 527 527 483 483 528 528 529 529 530 530 529 529 528 528 529 529 530 530 531 531 525 525 532 532 526 526 533 533 526 526 532 532 526 526 533 533 527 527 534 534 527 527 533 533 527 527 534 534 528 528 535 535 528 528 534 534 528 528 535 535 530 530 536 536 530 530 535 535 532 532 537 537 533 533 538 538 533 533 537 537 533 533 538 538 534 534 539 539 534 534 538 538 534 534 539 539 535 535 540 540 535 535 539 539 535 535 540 540 536 536 541 541 536 536 540 540 537 537 542 542 538 538 543 543 538 538 542 542 538 538 543 543 539 539 544 544 539 539 543 543 539 539 544 544 540 540 545 545 540 540 544 544 540 540 545 545 541 541 546 546 541 541 545 545 360 360 547 547 548 548 531 531 548 548 547 547 542 542 481 481 543 543 479 479 543 543 481 481 543 543 479 479 544 544 476 476 544 544 479 479 544 544 476 476 545 545 474 474 545 545 476 476 545 545 474 474 546 546 523 523 546 546 474 474 546 546 523 523 522 522 531 531 530 530 548 548 536 536 548 548 530 530 548 548 536 536 549 549 541 541 549 549 536 536 549 549 541 541 550 550 546 546 550 550 541 541 550 550 546 546 551 551 522 522 551 551 546 546 551 551 522 522 524 524 360 360 548 548 358 358 549 549 358 358 548 548 358 358 549 549 356 356 550 550 356 356 549 549 356 356 550 550 361 361 551 551 361 361 550 550 361 361 551 551 362 362 524 524 362 362 551 551 362 362 524 524 364 364 360 360 372 372 547 547 552 552 547 547 372 372 547 547 552 552 531 531 553 553 531 531 552 552 531 531 553 553 529 529 554 554 529 529 553 553 529 529 554 554 483 483 484 484 483 483 554 554 371 371 555 555 556 556 557 557 558 558 492 492 230 230 559 559 232 232 560 560 232 232 559 559 232 232 560 560 237 237 561 561 237 237 560 560 237 237 561 561 236 236 236 236 561 561 234 234 562 562 234 234 561 561 234 234 562 562 563 563 564 564 563 563 562 562 563 563 564 564 555 555 559 559 565 565 560 560 566 566 560 560 565 565 560 560 566 566 561 561 567 567 561 561 566 566 561 561 567 567 562 562 568 568 562 562 567 567 562 562 568 568 564 564 569 569 564 564 568 568 565 565 570 570 566 566 571 571 566 566 570 570 566 566 571 571 567 567 572 572 567 567 571 571 567 567 572 572 568 568 573 573 568 568 572 572 568 568 573 573 569 569 574 574 569 569 573 573 570 570 558 558 571 571 557 557 571 571 558 558 571 571 557 557 572 572 575 575 572 572 557 557 572 572 575 575 573 573 576 576 573 573 575 575 573 573 576 576 574 574 577 577 574 574 576 576 492 492 490 490 557 557 488 488 557 557 490 490 557 557 488 488 575 575 486 486 575 575 488 488 575 575 486 486 576 576 484 484 576 576 486 486 576 576 484 484 577 577 554 554 577 577 484 484 577 577 554 554 553 553 555 555 564 564 556 556 569 569 556 556 564 564 556 556 569 569 578 578 574 574 578 578 569 569 578 578 574 574 579 579 577 577 579 579 574 574 579 579 577 577 580 580 553 553 580 580 577 577 580 580 553 553 552 552 371 371 556 556 377 377 578 578 377 377 556 556 377 377 578 578 373 373 579 579 373 373 578 578 373 373 579 579 374 374 580 580 374 374 579 579 374 374 580 580 375 375 552 552 375 375 580 580 375 375 552 552 372 372 581 581 582 582 583 583 584 584 583 583 582 582 585 585 278 278 280 280 586 586 6 6 587 587 242 242 587 587 6 6 587 587 242 242 588 588 586 586 589 589 6 6 590 590 6 6 589 589 6 6 590 590 521 521 591 591 521 521 590 590 521 521 591 591 280 280 592 592 280 280 591 591 280 280 592 592 585 585 275 275 274 274 593 593 593 593 594 594 275 275 595 595 275 275 594 594 275 275 595 595 596 596 597 597 596 596 595 595 596 596 597 597 242 242 598 598 242 242 597 597 242 242 598 598 588 588 599 599 600 600 601 601 602 602 601 601 600 600 603 603 604 604 605 605 606 606 605 605 604 604 607 607 608 608 609 609 610 610 609 609 608 608 611 611 612 612 613 613 614 614 613 613 612 612 615 615 616 616 617 617 618 618 617 617 616 616 619 619 620 620 621 621 622 622 623 623 621 621 624 624 621 621 623 623 621 621 624 624 619 619 625 625 626 626 627 627 628 628 627 627 626 626 627 627 628 628 629 629 630 630 629 629 628 628 629 629 630 630 631 631 632 632 631 631 630 630 631 631 632 632 633 633 634 634 633 633 632 632 633 633 634 634 635 635 636 636 635 635 634 634 635 635 636 636 637 637 638 638 637 637 636 636 639 639 626 626 640 640 625 625 640 640 626 626 638 638 641 641 637 637 642 642 637 637 641 641 643 643 644 644 645 645 646 646 645 645 644 644 645 645 646 646 647 647 648 648 647 647 646 646 647 647 648 648 649 649 650 650 649 649 648 648 649 649 650 650 651 651 652 652 651 651 650 650 651 651 652 652 653 653 654 654 653 653 652 652 653 653 654 654 655 655 656 656 655 655 654 654 657 657 644 644 658 658 643 643 658 658 644 644 656 656 659 659 655 655 660 660 655 655 659 659 661 661 662 662 663 663 664 664 665 665 666 666 667 667 666 666 665 665 666 666 667 667 663 663 668 668 663 663 667 667 663 663 668 668 661 661 105 105 669 669 106 106 670 670 106 106 669 669 670 670 669 669 671 671 167 167 671 671 669 669 671 671 167 167 166 166 672 672 673 673 674 674 675 675 674 674 673 673 674 674 675 675 676 676 677 677 676 676 675 675 676 676 677 677 678 678 679 679 678 678 677 677 678 678 679 679 680 680 681 681 680 680 679 679 680 680 681 681 682 682 683 683 682 682 681 681 682 682 683 683 684 684 685 685 684 684 683 683 686 686 687 687 688 688 689 689 688 688 687 687 688 688 689 689 690 690 691 691 690 690 689 689 690 690 691 691 692 692 693 693 692 692 691 691 692 692 693 693 694 694 695 695 694 694 693 693 694 694 695 695 696 696 697 697 696 696 695 695 696 696 697 697 698 698 699 699 698 698 697 697 700 700 701 701 702 702 703 703 702 702 701 701 702 702 703 703 704 704 705 705 704 704 703 703 704 704 705 705 706 706 707 707 706 706 705 705 706 706 707 707 708 708 709 709 708 708 707 707 708 708 709 709 710 710 711 711 710 710 709 709 710 710 711 711 712 712 713 713 712 712 711 711 714 714 715 715 716 716 717 717 716 716 715 715 716 716 717 717 718 718 719 719 718 718 717 717 718 718 719 719 720 720 721 721 720 720 719 719 720 720 721 721 722 722 723 723 722 722 721 721 722 722 723 723 724 724 725 725 724 724 723 723 724 724 725 725 726 726 727 727 726 726 725 725 700 700 728 728 701 701 729 729 701 701 728 728 730 730 712 712 731 731 713 713 731 731 712 712 686 686 732 732 687 687 733 733 687 687 732 732 734 734 698 698 735 735 699 699 735 735 698 698 672 672 736 736 673 673 737 737 673 673 736 736 738 738 684 684 739 739 685 685 739 739 684 684 714 714 740 740 715 715 741 741 715 715 740 740 742 742 726 726 743 743 727 727 743 743 726 726 744 744 745 745 746 746 747 747 746 746 745 745 746 746 747 747 748 748 748 748 747 747 749 749 750 750 749 749 747 747 749 749 750 750 751 751 752 752 751 751 750 750 751 751 752 752 753 753 754 754 753 753 752 752 753 753 754 754 755 755 756 756 755 755 754 754 755 755 756 756 757 757 758 758 757 757 756 756 757 757 758 758 759 759 744 744 760 760 745 745 761 761 745 745 760 760 762 762 759 759 763 763 758 758 763 763 759 759 764 764 765 765 766 766 767 767 768 768 769 769 769 769 768 768 770 770 771 771 770 770 768 768 770 770 771 771 772 772 773 773 772 772 771 771 772 772 773 773 774 774 775 775 774 774 773 773 774 774 775 775 776 776 777 777 778 778 779 779 780 780 779 779 778 778 779 779 780 780 781 781 782 782 781 781 780 780 781 781 782 782 783 783 767 767 783 783 782 782 783 783 767 767 784 784 769 769 784 784 767 767 785 785 786 786 787 787 769 769 787 787 786 786 787 787 769 769 788 788 770 770 788 788 769 769 788 788 770 770 789 789 790 790 789 789 770 770 789 789 790 790 791 791 790 790 792 792 791 791 766 766 791 791 792 792 791 791 766 766 793 793 765 765 793 793 766 766 793 793 765 765 794 794 795 795 794 794 765 765 794 794 795 795 796 796 797 797 796 796 795 795 796 796 797 797 785 785 798 798 785 785 797 797 785 785 798 798 786 786 799 799 800 800 764 764 799 799 801 801 800 800 802 802 800 800 801 801 800 800 802 802 803 803 804 804 803 803 802 802 803 803 804 804 805 805 806 806 805 805 804 804 805 805 806 806 807 807 764 764 766 766 799 799 808 808 799 799 766 766 799 799 808 808 809 809 810 810 809 809 808 808 809 809 810 810 811 811 812 812 811 811 810 810 811 811 812 812 813 813 814 814 815 815 816 816 814 814 816 816 817 817 817 817 816 816 818 818 819 819 818 818 816 816 818 818 819 819 820 820 815 815 814 814 821 821 807 807 821 821 814 814 821 821 807 807 822 822 819 819 823 823 820 820 824 824 820 820 823 823 820 820 824 824 777 777 825 825 826 826 824 824 776 776 824 824 826 826 824 824 776 776 777 777 775 775 777 777 776 776 777 777 775 775 778 778 806 806 813 813 807 807 812 812 807 807 813 813 807 807 812 812 822 822 825 825 822 822 812 812 822 822 825 825 827 827 824 824 827 827 825 825 828 828 829 829 508 508 830 830 831 831 507 507 832 832 507 507 831 831 507 507 832 832 508 508 833 833 508 508 832 832 508 508 833 833 828 828 834 834 835 835 836 836 837 837 836 836 835 835 836 836 837 837 838 838 839 839 838 838 837 837 838 838 839 839 840 840 841 841 840 840 839 839 840 840 841 841 842 842 843 843 842 842 841 841 842 842 843 843 844 844 845 845 844 844 843 843 844 844 845 845 846 846 847 847 846 846 845 845 848 848 835 835 849 849 834 834 849 849 835 835 847 847 850 850 846 846 851 851 846 846 850 850 852 852 853 853 854 854 855 855 854 854 853 853 854 854 855 855 856 856 857 857 856 856 855 855 856 856 857 857 858 858 859 859 858 858 857 857 858 858 859 859 860 860 861 861 860 860 859 859 860 860 861 861 862 862 863 863 862 862 861 861 862 862 863 863 864 864 865 865 864 864 863 863 866 866 853 853 867 867 852 852 867 867 853 853 865 865 868 868 864 864 869 869 864 864 868 868 870 870 871 871 872 872 873 873 874 874 875 875 876 876 875 875 874 874 875 875 876 876 877 877 873 873 875 875 871 871 878 878 871 871 875 875 871 871 878 878 872 872 879 879 880 880 881 881 873 873 882 882 874 874 883 883 874 874 882 882 874 874 883 883 881 881 884 884 881 881 883 883 881 881 884 884 879 879 879 879 885 885 880 880 886 886 880 880 885 885 880 880 886 886 872 872 887 887 872 872 886 886 872 872 887 887 870 870 888 888 889 889 890 890 891 891 890 890 889 889 892 892 893 893 894 894 895 895 894 894 893 893 896 896 897 897 898 898 899 899 898 898 897 897 898 898 899 899 900 900 901 901 900 900 899 899 900 900 901 901 902 902 903 903 902 902 901 901 902 902 903 903 904 904 905 905 904 904 903 903 904 904 905 905 906 906 907 907 906 906 905 905 906 906 907 907 908 908 909 909 908 908 907 907 908 908 909 909 910 910 911 911 910 910 909 909 910 910 911 911 912 912 913 913 912 912 911 911 912 912 913 913 914 914 894 894 914 914 913 913 914 914 894 894 915 915 895 895 915 915 894 894 916 916 917 917 918 918 919 919 918 918 917 917 918 918 919 919 920 920 921 921 920 920 919 919 920 920 921 921 922 922 923 923 922 922 921 921 922 922 923 923 924 924 925 925 924 924 923 923 924 924 925 925 926 926 927 927 926 926 925 925 926 926 927 927 928 928 929 929 928 928 927 927 930 930 931 931 932 932 933 933 932 932 931 931 932 932 933 933 934 934 935 935 934 934 933 933 934 934 935 935 936 936 937 937 936 936 935 935 936 936 937 937 938 938 939 939 938 938 937 937 938 938 939 939 940 940 941 941 940 940 939 939 940 940 941 941 942 942 943 943 942 942 941 941 944 944 945 945 946 946 947 947 946 946 945 945 946 946 947 947 948 948 949 949 948 948 947 947 948 948 949 949 950 950 951 951 950 950 949 949 950 950 951 951 952 952 953 953 952 952 951 951 952 952 953 953 954 954 955 955 954 954 953 953 954 954 955 955 956 956 957 957 956 956 955 955 958 958 959 959 960 960 961 961 960 960 959 959 960 960 961 961 962 962 963 963 962 962 961 961 962 962 963 963 964 964 965 965 964 964 963 963 964 964 965 965 966 966 967 967 966 966 965 965 966 966 967 967 968 968 969 969 968 968 967 967 968 968 969 969 970 970 971 971 970 970 969 969 972 972 973 973 974 974 975 975 974 974 973 973 974 974 975 975 976 976 977 977 976 976 975 975 976 976 977 977 978 978 979 979 978 978 977 977 978 978 979 979 980 980 981 981 980 980 979 979 980 980 981 981 982 982 983 983 982 982 981 981 982 982 983 983 984 984 985 985 984 984 983 983 984 984 985 985 986 986 987 987 986 986 985 985 986 986 987 987 972 972 973 973 972 972 987 987 988 988 989 989 990 990 991 991 990 990 989 989 990 990 991 991 992 992 993 993 992 992 991 991 992 992 993 993 994 994 995 995 994 994 993 993 994 994 995 995 996 996 997 997 996 996 995 995 996 996 997 997 998 998 999 999 998 998 997 997 998 998 999 999 1000 1000 1001 1001 1000 1000 999 999 1000 1000 1001 1001 1002 1002 1003 1003 1002 1002 1001 1001 1002 1002 1003 1003 988 988 989 989 988 988 1003 1003 1004 1004 1005 1005 1006 1006 1007 1007 1006 1006 1005 1005 1006 1006 1007 1007 1008 1008 1009 1009 1008 1008 1007 1007 1008 1008 1009 1009 1010 1010 1011 1011 1010 1010 1009 1009 1010 1010 1011 1011 1012 1012 1013 1013 1012 1012 1011 1011 1012 1012 1013 1013 1014 1014 1015 1015 1014 1014 1013 1013 1014 1014 1015 1015 1016 1016 1017 1017 1016 1016 1015 1015 1016 1016 1017 1017 1018 1018 1019 1019 1018 1018 1017 1017 1018 1018 1019 1019 1004 1004 1005 1005 1004 1004 1019 1019 1020 1020 1021 1021 1022 1022 1023 1023 1022 1022 1021 1021 1022 1022 1023 1023 1024 1024 1025 1025 1024 1024 1023 1023 1024 1024 1025 1025 1026 1026 1027 1027 1026 1026 1025 1025 1026 1026 1027 1027 1028 1028 1029 1029 1028 1028 1027 1027 1028 1028 1029 1029 1030 1030 1031 1031 1030 1030 1029 1029 1030 1030 1031 1031 1032 1032 1033 1033 1032 1032 1031 1031 1032 1032 1033 1033 1034 1034 1035 1035 1034 1034 1033 1033 1034 1034 1035 1035 1020 1020 1021 1021 1020 1020 1035 1035 959 959 958 958 1036 1036 1037 1037 1036 1036 958 958 1038 1038 1039 1039 971 971 970 970 971 971 1039 1039 945 945 944 944 1040 1040 1041 1041 1040 1040 944 944 1042 1042 1043 1043 957 957 956 956 957 957 1043 1043 931 931 930 930 1044 1044 1045 1045 1044 1044 930 930 1046 1046 1047 1047 943 943 942 942 943 943 1047 1047 917 917 916 916 1048 1048 1049 1049 1048 1048 916 916 1050 1050 1051 1051 929 929 928 928 929 929 1051 1051 1052 1052 1053 1053 1054 1054 1055 1055 1054 1054 1053 1053 1056 1056 1057 1057 1058 1058 1059 1059 1058 1058 1057 1057 1060 1060 1061 1061 1062 1062 1063 1063 1062 1062 1061 1061 1062 1062 1063 1063 1064 1064 1065 1065 1066 1066 1067 1067 1068 1068 1069 1069 1070 1070 1071 1071 1072 1072 1073 1073 1074 1074 1073 1073 1072 1072 1075 1075 1076 1076 1077 1077 1078 1078 1077 1077 1076 1076 1077 1077 1078 1078 1079 1079 1080 1080 1081 1081 1082 1082 1083 1083 1082 1082 1081 1081 1082 1082 1083 1083 1084 1084 1085 1085 1086 1086 1080 1080 1087 1087 1080 1080 1086 1086 1080 1080 1087 1087 1081 1081 1075 1075 1088 1088 1076 1076 1089 1089 1076 1076 1088 1088 1076 1076 1089 1089 1090 1090 1091 1091 1090 1090 1089 1089 1090 1090 1091 1091 1092 1092 1093 1093 1092 1092 1091 1091 1092 1092 1093 1093 1085 1085 1094 1094 1085 1085 1093 1093 1085 1085 1094 1094 1086 1086 1084 1084 1095 1095 1082 1082 1096 1096 1082 1082 1095 1095 1082 1082 1096 1096 1097 1097 1098 1098 1097 1097 1096 1096 1097 1097 1098 1098 1099 1099 1100 1100 1099 1099 1098 1098 1099 1099 1100 1100 1101 1101 1102 1102 1101 1101 1100 1100 1101 1101 1102 1102 1078 1078 1103 1103 1078 1078 1102 1102 1078 1078 1103 1103 1079 1079 1104 1104 146 146 1105 1105 145 145 1105 1105 146 146 159 159 1106 1106 158 158 1107 1107 158 158 1106 1106 1108 1108 1109 1109 1110 1110 1111 1111 1110 1110 1109 1109 1110 1110 1111 1111 1112 1112 1113 1113 1112 1112 1111 1111 1112 1112 1113 1113 1114 1114 1115 1115 1114 1114 1113 1113 1114 1114 1115 1115 1116 1116 1117 1117 1116 1116 1115 1115 1116 1116 1117 1117 1118 1118 1119 1119 1118 1118 1117 1117 1118 1118 1119 1119 1120 1120 1121 1121 1120 1120 1119 1119 1120 1120 1121 1121 1122 1122 1123 1123 1122 1122 1121 1121 1122 1122 1123 1123 1108 1108 1109 1109 1108 1108 1123 1123 1124 1124 1125 1125 1126 1126 1127 1127 1126 1126 1125 1125 1128 1128 1129 1129 1130 1130 1131 1131 1130 1130 1129 1129 1130 1130 1131 1131 1132 1132 1133 1133 1132 1132 1131 1131 1132 1132 1133 1133 1134 1134 1135 1135 1134 1134 1133 1133 1134 1134 1135 1135 1127 1127 1136 1136 1127 1127 1135 1135 1127 1127 1136 1136 1126 1126 1128 1128 1130 1130 1137 1137 1138 1138 1137 1137 1130 1130 1137 1137 1138 1138 1139 1139 1140 1140 1139 1139 1138 1138 1139 1139 1140 1140 1141 1141 1141 1141 1140 1140 1142 1142 1143 1143 1142 1142 1140 1140 1144 1144 1145 1145 1124 1124 1125 1125 1124 1124 1145 1145 1146 1146 1147 1147 1148 1148 1149 1149 1148 1148 1147 1147 1148 1148 1149 1149 1150 1150 1151 1151 1150 1150 1149 1149 1150 1150 1151 1151 1152 1152 1153 1153 1152 1152 1151 1151 1154 1154 1155 1155 1156 1156 1157 1157 1156 1156 1155 1155 1156 1156 1157 1157 1158 1158 1157 1157 1159 1159 1158 1158 1160 1160 1158 1158 1159 1159 1158 1158 1160 1160 1161 1161 1162 1162 1161 1161 1160 1160 1161 1161 1162 1162 1163 1163 1164 1164 1163 1163 1162 1162 1163 1163 1164 1164 1165 1165 1166 1166 1165 1165 1164 1164 1165 1165 1166 1166 1167 1167 1168 1168 1167 1167 1166 1166 1167 1167 1168 1168 1153 1153 1169 1169 1153 1153 1168 1168 1153 1153 1169 1169 1152 1152 1170 1170 1171 1171 1172 1172 1173 1173 1174 1174 1175 1175 1170 1170 1172 1172 1176 1176 1177 1177 1173 1173 1178 1178 1175 1175 1178 1178 1173 1173 1178 1178 1175 1175 1179 1179 1180 1180 1179 1179 1175 1175 1179 1179 1180 1180 1172 1172 1181 1181 1172 1172 1180 1180 1172 1172 1181 1181 1176 1176 1182 1182 1183 1183 1184 1184 1185 1185 1184 1184 1183 1183 1184 1184 1185 1185 1186 1186 1187 1187 1188 1188 1189 1189 1190 1190 1189 1189 1188 1188 1191 1191 1192 1192 1193 1193 1194 1194 1193 1193 1192 1192 1193 1193 1194 1194 1187 1187 1195 1195 1187 1187 1194 1194 1187 1187 1195 1195 1188 1188 1196 1196 1197 1197 1198 1198 1199 1199 1200 1200 1201 1201 1202 1202 1201 1201 1200 1200 1201 1201 1202 1202 1203 1203 1196 1196 1203 1203 1202 1202 1203 1203 1196 1196 1204 1204 1198 1198 1204 1204 1196 1196 1205 1205 1206 1206 1207 1207 1208 1208 1207 1207 1206 1206 1207 1207 1208 1208 1209 1209 1210 1210 1211 1211 1212 1212 1213 1213 1212 1212 1211 1211 1214 1214 1215 1215 1216 1216 1217 1217 1216 1216 1215 1215 1218 1218 1219 1219 1220 1220 1221 1221 1222 1222 1223 1223 1224 1224 1223 1223 1222 1222 1223 1223 1224 1224 1225 1225 1226 1226 1225 1225 1224 1224 1226 1226 1227 1227 1225 1225 1228 1228 1225 1225 1227 1227 1225 1225 1228 1228 1229 1229 1230 1230 1229 1229 1228 1228 1229 1229 1230 1230 1231 1231 1232 1232 1231 1231 1230 1230 1231 1231 1232 1232 1233 1233 1234 1234 1233 1233 1232 1232 1233 1233 1234 1234 1235 1235 1236 1236 1235 1235 1234 1234 1235 1235 1236 1236 1237 1237 1238 1238 1237 1237 1236 1236 1237 1237 1238 1238 1221 1221 1219 1219 1218 1218 1239 1239 1240 1240 1239 1239 1218 1218 1239 1239 1240 1240 1241 1241 1242 1242 1241 1241 1240 1240 1241 1241 1242 1242 1243 1243 1244 1244 1243 1243 1242 1242 1243 1243 1244 1244 1227 1227 1245 1245 1227 1227 1244 1244 1227 1227 1245 1245 1228 1228 1246 1246 1228 1228 1245 1245 1228 1228 1246 1246 1247 1247 1248 1248 1247 1247 1246 1246 1247 1247 1248 1248 1220 1220 1249 1249 1220 1220 1248 1248 1220 1220 1249 1249 1218 1218 1238 1238 1250 1250 1251 1251 1221 1221 1238 1238 1222 1222 1251 1251 1222 1222 1238 1238 1222 1222 1251 1251 1252 1252 1253 1253 1252 1252 1251 1251 1252 1252 1253 1253 1254 1254 1255 1255 1254 1254 1253 1253 1254 1254 1255 1255 1256 1256 1250 1250 1238 1238 1257 1257 1258 1258 1257 1257 1238 1238 1257 1257 1258 1258 1259 1259 1260 1260 1259 1259 1258 1258 1259 1259 1260 1260 1261 1261 1262 1262 1261 1261 1260 1260 1261 1261 1262 1262 1263 1263 1264 1264 1263 1263 1262 1262 1263 1263 1264 1264 1255 1255 1265 1265 1255 1255 1264 1264 1255 1255 1265 1265 1256 1256 1266 1266 1256 1256 1265 1265 1256 1256 1266 1266 1267 1267 1268 1268 1267 1267 1266 1266 1267 1267 1268 1268 1241 1241 1269 1269 1241 1241 1268 1268 1241 1241 1269 1269 1239 1239 1270 1270 1239 1239 1269 1269 1239 1239 1270 1270 1271 1271 1272 1272 1271 1271 1270 1270 1271 1271 1272 1272 1273 1273 1274 1274 1273 1273 1272 1272 1273 1273 1274 1274 1275 1275 1276 1276 1275 1275 1274 1274 1275 1275 1276 1276 1265 1265 1277 1277 1265 1265 1276 1276 1265 1265 1277 1277 1266 1266 1278 1278 1279 1279 1280 1280 1281 1281 1280 1280 1279 1279 1280 1280 1281 1281 1282 1282 1283 1283 1282 1282 1281 1281 1282 1282 1283 1283 1284 1284 1285 1285 1284 1284 1283 1283 1284 1284 1285 1285 1286 1286 1287 1287 1286 1286 1285 1285 1286 1286 1287 1287 1288 1288 1289 1289 1288 1288 1287 1287 1288 1288 1289 1289 1290 1290 1291 1291 1290 1290 1289 1289 1290 1290 1291 1291 1292 1292 1293 1293 1292 1292 1291 1291 1292 1292 1293 1293 1294 1294 1293 1293 1295 1295 1294 1294 1296 1296 1294 1294 1295 1295 1294 1294 1296 1296 1297 1297 1298 1298 1297 1297 1296 1296 1297 1297 1298 1298 1299 1299 1300 1300 1299 1299 1298 1298 1299 1299 1300 1300 1301 1301 1302 1302 1301 1301 1300 1300 1301 1301 1302 1302 1303 1303 1304 1304 1303 1303 1302 1302 1303 1303 1304 1304 1305 1305 1306 1306 1305 1305 1304 1304 1305 1305 1306 1306 1307 1307 1308 1308 1307 1307 1306 1306 1307 1307 1308 1308 1309 1309 1310 1310 1309 1309 1308 1308 1309 1309 1310 1310 1278 1278 1311 1311 1278 1278 1310 1310 1278 1278 1311 1311 1279 1279 1312 1312 196 196 1313 1313 1314 1314 1313 1313 196 196 1312 1312 1315 1315 196 196 1316 1316 196 196 1315 1315 196 196 1316 1316 194 194 1317 1317 194 194 1316 1316 194 194 1317 1317 202 202 1318 1318 202 202 1317 1317 1318 1318 1319 1319 202 202 1320 1320 202 202 1319 1319 202 202 1320 1320 1321 1321 1320 1320 1322 1322 1321 1321 1323 1323 1321 1321 1322 1322 1321 1321 1323 1323 1324 1324 1325 1325 1324 1324 1323 1323 1324 1324 1325 1325 1314 1314 1326 1326 1314 1314 1325 1325 1314 1314 1326 1326 1313 1313 214 214 213 213 1327 1327 1328 1328 1329 1329 1330 1330 1330 1330 1331 1331 205 205 1332 1332 205 205 1331 1331 205 205 1332 1332 206 206 1333 1333 1334 1334 205 205 1335 1335 205 205 1334 1334 205 205 1335 1335 1330 1330 1336 1336 1330 1330 1335 1335 1330 1330 1336 1336 1328 1328 214 214 1327 1327 205 205 1337 1337 205 205 1327 1327 205 205 1337 1337 1333 1333 215 215 203 203 1338 1338 1339 1339 1338 1338 203 203 1339 1339 203 203 1340 1340 202 202 1340 1340 203 203 1340 1340 202 202 1321 1321 331 331 137 137 136 136 331 331 136 136 1341 1341 140 140 1341 1341 136 136 1341 1341 140 140 1342 1342 1343 1343 1344 1344 1345 1345 1346 1346 1347 1347 1348 1348 1346 1346 1348 1348 1345 1345 1349 1349 1345 1345 1348 1348 1345 1345 1349 1349 1343 1343 1350 1350 223 223 222 222 1350 1350 222 222 1351 1351 222 222 1352 1352 1351 1351 99 99 1351 1351 1352 1352 1351 1351 99 99 98 98 1353 1353 1354 1354 1355 1355 1356 1356 1355 1355 1354 1354 1355 1355 1356 1356 1357 1357 1358 1358 1359 1359 1360 1360 1361 1361 1360 1360 1359 1359 1360 1360 1361 1361 1362 1362 1363 1363 1364 1364 1365 1365 1366 1366 1365 1365 1364 1364 1367 1367 1368 1368 1369 1369 1370 1370 1369 1369 1368 1368 1369 1369 1370 1370 1371 1371 1372 1372 1373 1373 1374 1374 1375 1375 1374 1374 1373 1373 1376 1376 1377 1377 1378 1378 1374 1374 1378 1378 1377 1377 1378 1378 1374 1374 1379 1379 1375 1375 1379 1379 1374 1374 1379 1379 1375 1375 1380 1380 1381 1381 1380 1380 1375 1375 1382 1382 1383 1383 1384 1384 1385 1385 1384 1384 1383 1383 1384 1384 1385 1385 1386 1386 1387 1387 1388 1388 1389 1389 1389 1389 1388 1388 1390 1390 1388 1388 1391 1391 1390 1390 1392 1392 1390 1390 1391 1391 1390 1390 1392 1392 1393 1393 1394 1394 1393 1393 1392 1392 1393 1393 1394 1394 1395 1395 1396 1396 1395 1395 1394 1394 1397 1397 1398 1398 1399 1399 1400 1400 1399 1399 1398 1398 1399 1399 1400 1400 1389 1389 1401 1401 1389 1389 1400 1400 1389 1389 1401 1401 1387 1387 1396 1396 1402 1402 1395 1395 1403 1403 1395 1395 1402 1402 1395 1395 1403 1403 1397 1397 1404 1404 1397 1397 1403 1403 1397 1397 1404 1404 1398 1398 1405 1405 115 115 36 36 1405 1405 36 36 1406 1406 36 36 46 46 199 199 1406 1406 36 36 1407 1407 199 199 1407 1407 36 36 1407 1407 199 199 201 201 138 138 325 325 1408 1408 1409 1409 1408 1408 325 325 1408 1408 1409 1409 1410 1410 1411 1411 1412 1412 1413 1413 1409 1409 1414 1414 1410 1410 1415 1415 1410 1410 1414 1414 1410 1410 1415 1415 1416 1416 1412 1412 1417 1417 1413 1413 1418 1418 1413 1413 1417 1417 1413 1413 1418 1418 1419 1419 328 328 1419 1419 1418 1418 1419 1419 328 328 327 327 1416 1416 1411 1411 1410 1410 1413 1413 1410 1410 1411 1411 1410 1410 1413 1413 1420 1420 242 242 1420 1420 1413 1413 1420 1420 242 242 1421 1421 241 241 1421 1421 242 242 1422 1422 1423 1423 1424 1424 1425 1425 1424 1424 1423 1423 1424 1424 1425 1425 1426 1426 1427 1427 1426 1426 1425 1425 1426 1426 1427 1427 1428 1428 1429 1429 1428 1428 1427 1427 1428 1428 1429 1429 1430 1430 1431 1431 1430 1430 1429 1429 1430 1430 1431 1431 1432 1432 1433 1433 1432 1432 1431 1431 1432 1432 1433 1433 1434 1434 1435 1435 1434 1434 1433 1433 1434 1434 1435 1435 1436 1436 1437 1437 1436 1436 1435 1435 1436 1436 1437 1437 1438 1438 1422 1422 1438 1438 1437 1437 1438 1438 1422 1422 1424 1424 1439 1439 1440 1440 1441 1441 1442 1442 1441 1441 1440 1440 1443 1443 1444 1444 1445 1445 1446 1446 1445 1445 1444 1444 1445 1445 1446 1446 1447 1447 1448 1448 1447 1447 1446 1446 1449 1449 1450 1450 1448 1448 1451 1451 1448 1448 1450 1450 1448 1448 1451 1451 1447 1447 1452 1452 1453 1453 1449 1449 1454 1454 1449 1449 1453 1453 1449 1449 1454 1454 1450 1450 1440 1440 1455 1455 1442 1442 1456 1456 1442 1442 1455 1455 1442 1442 1456 1456 1457 1457 1458 1458 1457 1457 1456 1456 1457 1457 1458 1458 1452 1452 1459 1459 1452 1452 1458 1458 1452 1452 1459 1459 1453 1453 1441 1441 1460 1460 1439 1439 1461 1461 1439 1439 1460 1460 1443 1443 1462 1462 1444 1444 1463 1463 1444 1444 1462 1462 1464 1464 1465 1465 1466 1466 1467 1467 1466 1466 1465 1465 1466 1466 1467 1467 1468 1468 1469 1469 1468 1468 1467 1467 1468 1468 1469 1469 1470 1470 1471 1471 1470 1470 1469 1469 1470 1470 1471 1471 1472 1472 1473 1473 1472 1472 1471 1471 1472 1472 1473 1473 1474 1474 1475 1475 1474 1474 1473 1473 1474 1474 1475 1475 1476 1476 1477 1477 1476 1476 1475 1475 1476 1476 1477 1477 1478 1478 1479 1479 1478 1478 1477 1477 1478 1478 1479 1479 1480 1480 1464 1464 1480 1480 1479 1479 1480 1480 1464 1464 1466 1466 1481 1481 1482 1482 1483 1483 1484 1484 1485 1485 1486 1486 1487 1487 1486 1486 1485 1485 1486 1486 1487 1487 1488 1488 1489 1489 1488 1488 1487 1487 1488 1488 1489 1489 1490 1490 1491 1491 1492 1492 1493 1493 1494 1494 1493 1493 1492 1492 1493 1493 1494 1494 1489 1489 1495 1495 1489 1489 1494 1494 1489 1489 1495 1495 1490 1490 1496 1496 1497 1497 1491 1491 1498 1498 1491 1491 1497 1497 1491 1491 1498 1498 1492 1492 1483 1483 1499 1499 1481 1481 1500 1500 1481 1481 1499 1499 1481 1481 1500 1500 1496 1496 1501 1501 1496 1496 1500 1500 1496 1496 1501 1501 1497 1497 1483 1483 1482 1482 1502 1502 1503 1503 1502 1502 1482 1482 1502 1502 1503 1503 1504 1504 1505 1505 1506 1506 1507 1507 1485 1485 1507 1507 1506 1506 1507 1507 1485 1485 1484 1484 1508 1508 1509 1509 1510 1510 1508 1508 1510 1510 1511 1511 1509 1509 1508 1508 1512 1512 1513 1513 1512 1512 1508 1508 1512 1512 1513 1513 1514 1514 1515 1515 1514 1514 1513 1513 1514 1514 1515 1515 1516 1516 1517 1517 1516 1516 1515 1515 1516 1516 1517 1517 1518 1518 1510 1510 1519 1519 1511 1511 1520 1520 1511 1511 1519 1519 1511 1511 1520 1520 1521 1521 1522 1522 1521 1521 1520 1520 1521 1521 1522 1522 1523 1523 1524 1524 1523 1523 1522 1522 1523 1523 1524 1524 1525 1525 1526 1526 1525 1525 1524 1524 1525 1525 1526 1526 1517 1517 1527 1527 1517 1517 1526 1526 1517 1517 1527 1527 1518 1518 1528 1528 1529 1529 1530 1530 1528 1528 1530 1530 1531 1531 1532 1532 1533 1533 1530 1530 1534 1534 1530 1530 1533 1533 1530 1530 1534 1534 1531 1531 1529 1529 1535 1535 1530 1530 1536 1536 1530 1530 1535 1535 1530 1530 1536 1536 1532 1532 1363 1363 1365 1365 1537 1537 1363 1363 1537 1537 1538 1538 1539 1539 1538 1538 1537 1537 1538 1538 1539 1539 1540 1540 1386 1386 1540 1540 1539 1539 1540 1540 1386 1386 1385 1385 1366 1366 1364 1364 1541 1541 1368 1368 1367 1367 1542 1542 1543 1543 1542 1542 1367 1367 1542 1542 1543 1543 1541 1541 1544 1544 1541 1541 1543 1543 1541 1541 1544 1544 1366 1366 1545 1545 1546 1546 1547 1547 1545 1545 1547 1547 1548 1548 1549 1549 1548 1548 1547 1547 1548 1548 1549 1549 1550 1550 1551 1551 1552 1552 1553 1553 1554 1554 1553 1553 1552 1552 1555 1555 1556 1556 1557 1557 1558 1558 1557 1557 1556 1556 1557 1557 1558 1558 1559 1559 1560 1560 1561 1561 1562 1562 1563 1563 1562 1562 1561 1561 1562 1562 1563 1563 1564 1564 1556 1556 1555 1555 1565 1565 1556 1556 1565 1565 1566 1566 1567 1567 1566 1566 1565 1565 1566 1566 1567 1567 1568 1568 1549 1549 1568 1568 1567 1567 1568 1568 1549 1549 1547 1547 1569 1569 1570 1570 1571 1571 1572 1572 1571 1571 1570 1570 1548 1548 1550 1550 1573 1573 1574 1574 1573 1573 1550 1550 1573 1573 1574 1574 1575 1575 1575 1575 1574 1574 1576 1576 1577 1577 1576 1576 1574 1574 1576 1576 1577 1577 1578 1578 1579 1579 1578 1578 1577 1577 1578 1578 1579 1579 1580 1580 1581 1581 1582 1582 1583 1583 1581 1581 1583 1583 1584 1584 1585 1585 1584 1584 1583 1583 1584 1584 1585 1585 1586 1586 1587 1587 1586 1586 1585 1585 1586 1586 1587 1587 1588 1588 1589 1589 1582 1582 1590 1590 1581 1581 1590 1590 1582 1582 1590 1590 1581 1581 1591 1591 1592 1592 1591 1591 1581 1581 1593 1593 1594 1594 1588 1588 1587 1587 1595 1595 1596 1596 1596 1596 1597 1597 1587 1587 1598 1598 1587 1587 1597 1597 1587 1587 1598 1598 1588 1588 1599 1599 1588 1588 1598 1598 1588 1588 1599 1599 1593 1593 1600 1600 1601 1601 1602 1602 1603 1603 1602 1602 1601 1601 1604 1604 1580 1580 1605 1605 1579 1579 1605 1605 1580 1580 491 491 492 492 1606 1606 491 491 1606 1606 525 525 230 230 229 229 1607 1607 1608 1608 1609 1609 1610 1610 1611 1611 1610 1610 1609 1609 1610 1610 1611 1611 229 229 1612 1612 229 229 1611 1611 229 229 1612 1612 1607 1607 492 492 558 558 1613 1613 558 558 570 570 1613 1613 565 565 1613 1613 570 570 1613 1613 565 565 559 559 1614 1614 1615 1615 1616 1616 1609 1609 1616 1616 1615 1615 1616 1616 1609 1609 1617 1617 1608 1608 1617 1617 1609 1609 1612 1612 1618 1618 1607 1607 1619 1619 1607 1607 1618 1618 1607 1607 1619 1619 1620 1620 1621 1621 1620 1620 1619 1619 1620 1620 1621 1621 1622 1622 1623 1623 1622 1622 1621 1621 1622 1622 1623 1623 1624 1624 1625 1625 1624 1624 1623 1623 1624 1624 1625 1625 1571 1571 1569 1569 1571 1571 1625 1625 1613 1613 1626 1626 492 492 1627 1627 492 492 1626 1626 492 492 1627 1627 1606 1606 1628 1628 1606 1606 1627 1627 1606 1606 1628 1628 1629 1629 482 482 481 481 1606 1606 542 542 1606 1606 481 481 1629 1629 1630 1630 1606 1606 1631 1631 1606 1606 1630 1630 1606 1606 1631 1631 1632 1632 1633 1633 1632 1632 1631 1631 1632 1632 1633 1633 1634 1634 1635 1635 1607 1607 1636 1636 1637 1637 1636 1636 1607 1607 1636 1636 1637 1637 1638 1638 559 559 230 230 1613 1613 1607 1607 1613 1613 230 230 1613 1613 1607 1607 1639 1639 1635 1635 1639 1639 1607 1607 542 542 537 537 1606 1606 532 532 1606 1606 537 537 1606 1606 532 532 525 525 1634 1634 1640 1640 1632 1632 1641 1641 1632 1632 1640 1640 1632 1632 1641 1641 1637 1637 1642 1642 1637 1637 1641 1641 1637 1637 1642 1642 1638 1638 1643 1643 1644 1644 369 369 370 370 369 369 1644 1644 369 369 1645 1645 1646 1646 1646 1646 1647 1647 369 369 1648 1648 369 369 1647 1647 369 369 1648 1648 1643 1643 1649 1649 1643 1643 1648 1648 1643 1643 1649 1649 1650 1650 1651 1651 1650 1650 1649 1649 1652 1652 1653 1653 1649 1649 1654 1654 1649 1649 1653 1653 1649 1649 1654 1654 1651 1651 1545 1545 1548 1548 1573 1573 1545 1545 1573 1573 1655 1655 1575 1575 1655 1655 1573 1573 1655 1655 1575 1575 1656 1656 1575 1575 1576 1576 1656 1656 1578 1578 1656 1656 1576 1576 1656 1656 1578 1578 1657 1657 1580 1580 1657 1657 1578 1578 1657 1657 1580 1580 1658 1658 1659 1659 1658 1658 1604 1604 1580 1580 1604 1604 1658 1658 1660 1660 1661 1661 1600 1600 1601 1601 1600 1600 1661 1661 1592 1592 1581 1581 1584 1584 1592 1592 1584 1584 1662 1662 1586 1586 1662 1662 1584 1584 1662 1662 1586 1586 1663 1663 1588 1588 1663 1663 1586 1586 1663 1663 1588 1588 1664 1664 1665 1665 1664 1664 1594 1594 1588 1588 1594 1594 1664 1664 354 354 1666 1666 1667 1667 235 235 234 234 1668 1668 563 563 1668 1668 234 234 1668 1668 563 563 555 555 354 354 1667 1667 371 371 1669 1669 371 371 1667 1667 371 371 1669 1669 555 555 1670 1670 555 555 1669 1669 555 555 1670 1670 1668 1668 1671 1671 1672 1672 1673 1673 1674 1674 1673 1673 1672 1672 1673 1673 1674 1674 1675 1675 1676 1676 1675 1675 1674 1674 1675 1675 1676 1676 1677 1677 1678 1678 1677 1677 1676 1676 1677 1677 1678 1678 1679 1679 1678 1678 1680 1680 1679 1679 1681 1681 1679 1679 1680 1680 1679 1679 1681 1681 1682 1682 1683 1683 1682 1682 1681 1681 1682 1682 1683 1683 1684 1684 1685 1685 1684 1684 1683 1683 1684 1684 1685 1685 1686 1686 1687 1687 1686 1686 1685 1685 1686 1686 1687 1687 1671 1671 1688 1688 1671 1671 1687 1687 1671 1671 1688 1688 1672 1672 1689 1689 1690 1690 1691 1691 1692 1692 1691 1691 1690 1690 1691 1691 1692 1692 1693 1693 1694 1694 1693 1693 1692 1692 1693 1693 1694 1694 1695 1695 1696 1696 1695 1695 1694 1694 1695 1695 1696 1696 1697 1697 1696 1696 1698 1698 1697 1697 1699 1699 1697 1697 1698 1698 1697 1697 1699 1699 1700 1700 1701 1701 1700 1700 1699 1699 1700 1700 1701 1701 1702 1702 1703 1703 1702 1702 1701 1701 1702 1702 1703 1703 1704 1704 1705 1705 1704 1704 1703 1703 1704 1704 1705 1705 1706 1706 1707 1707 1706 1706 1705 1705 1706 1706 1707 1707 1708 1708 1709 1709 1708 1708 1707 1707 1708 1708 1709 1709 1689 1689 1710 1710 1689 1689 1709 1709 1689 1689 1710 1710 1690 1690</p>
        </triangles>
      </mesh>
    </geometry>
  </library_geometries>
  <library_materials>
    <material id="1b7e6270d5884ef998c45b3df704d938" name="defaultmaterial">
      <instance_effect url="#0e384bff51ac4682b4727430bbfed13e"/>
    </material>
  </library_materials>
  <library_visual_scenes>
    <visual_scene id="scene">
      <node id="node0" name="node0">
        <instance_geometry url="#eaa6418ec2584d56bf2c3f7535bbd176">
          <bind_material>
            <technique_common>
              <instance_material symbol="material0" target="#1b7e6270d5884ef998c45b3df704d938"/>
            </technique_common>
          </bind_material>
        </instance_geometry>
      </node>
    </visual_scene>
  </library_visual_scenes>
  <scene>
    <instance_visual_scene url="#scene"/>
  </scene>
</COLLADA>
